,round,tube,sp,pop_0,final_pop,st_div_H,auc,fc
0,0.0,0.0,4.0,10.0,578.0,0.37168212220032315,36933.0,57.7999422000578
1,0.0,1.0,4.0,10.0,567.0,0.516301007404633,39208.0,56.6999433000567
2,0.0,2.0,4.0,10.0,570.0,0.6337841994699666,36967.0,56.999943000057
