,round,tube,nut,amount
0,0.0,0.0,0.0,2000.0
1,0.0,0.0,1.0,0.4691489300594831
2,0.0,0.0,2.0,0.45829130782075245
3,0.0,0.0,3.0,2000.0
4,0.0,1.0,0.0,2000.0
5,0.0,1.0,1.0,0.5017678083430459
6,0.0,1.0,2.0,0.44822815387368925
7,0.0,1.0,3.0,2000.0
8,0.0,2.0,0.0,2000.0
9,0.0,2.0,1.0,0.538429212694389
10,0.0,2.0,2.0,0.15720872976793165
11,0.0,2.0,3.0,2000.0
