,round,tube,sp,pop_0,final_pop,st_div_H,auc,fc
0,0.0,0.0,14.0,5.0,621.0,-0.0,28435.0,124.19975160049681
1,0.0,1.0,14.0,5.0,637.0,-0.0,14250.0,127.39974520050961
2,0.0,2.0,14.0,5.0,633.0,-0.0,21518.0,126.59974680050641
