,round,tube,sp,pop_0,final_pop,st_div_H,auc,fc
0,0.0,0.0,12.0,5.0,5.0,-0.0,321.0,0.9999980000040001
1,0.0,1.0,12.0,5.0,2.0,-0.0,247.0,0.39999920000160005
2,0.0,2.0,12.0,5.0,2.0,-0.0,314.0,0.39999920000160005
