,round,tube,sp_div_H,tot_pop_0,tot_final_pop,tot_auc,mean_fc,deg_score,nut_score
0,0.0,0.0,-0.0,16.0,338.0,37952.0,21.124986796883253,0.09195071641979513,0.2928931984479901
1,0.0,1.0,-0.0,16.0,367.0,38187.0,22.93748566407146,0.09251374101205401,0.29289320101560923
2,0.0,2.0,-0.0,16.0,327.0,35372.0,20.437487226570482,0.09199691794551546,0.29289317985717356
