,round,tube,sp,pop_0,final_pop,st_div_H,auc,fc
0,0.0,0.0,4.0,5.0,363.0,0.06063447362636132,10522.0,72.5998548002904
1,0.0,1.0,4.0,5.0,371.0,0.07142850576897006,10751.0,74.19985160029681
2,0.0,2.0,4.0,5.0,228.0,-0.0,4402.0,45.599908800182405
