,round,tube,sp,st,final_pop
0,0,0,3,"(0.07659961358336051, 0.0, 0.0, 0.0, 0.0, 0.1610216772562336, 0.12449256460342181, 0.0, 0.13412899392730623, 0.011342770631760854)",337
1,0,1,3,"(0.07659961358336051, 0.0, 0.0, 0.0, 0.0, 0.1610216772562336, 0.12449256460342181, 0.0, 0.13412899392730623, 0.011342770631760854)",337
2,0,2,3,"(0.07659961358336051, 0.0, 0.0, 0.0, 0.0, 0.1610216772562336, 0.12449256460342181, 0.0, 0.13412899392730623, 0.011342770631760854)",300
