,round,tube,nut,amount
0,0.0,0.0,0.0,0.24617972570843705
1,0.0,0.0,1.0,132.3987002717677
2,0.0,0.0,2.0,2000.0
3,0.0,0.0,3.0,1.8997476040127208
4,0.0,1.0,0.0,1998.2883781827013
5,0.0,1.0,1.0,1998.4886740040743
6,0.0,1.0,2.0,2000.0
7,0.0,1.0,3.0,1998.3830698477495
8,0.0,2.0,0.0,0.1341891243742513
9,0.0,2.0,1.0,210.33094061114107
10,0.0,2.0,2.0,2000.0
11,0.0,2.0,3.0,85.27751625010458
