,round,tube,sp,pop_0,final_pop,st_div_H,auc,fc
0,0.0,0.0,10.0,5.0,100.0,-0.0,17696.0,19.99996000008
1,0.0,1.0,10.0,5.0,123.0,-0.0,18174.0,24.5999508000984
2,0.0,2.0,10.0,5.0,91.0,-0.0,17621.0,18.199963600072802
