,round,tube,sp,pop_0,final_pop,st_div_H,auc,fc
0,0.0,0.0,13.0,7.0,81.0,-0.0,11035.0,11.571412040839942
1,0.0,1.0,13.0,7.0,80.0,-0.0,10860.0,11.428555102064141
2,0.0,2.0,13.0,7.0,85.0,-0.0,11368.0,12.14283979594315
