,round,tube,sp,st,final_pop
0,0,0,13,"(0.05539516110147199, 0.19278140380792452, 0.0, 0.0, 0.0, 0.0, 0.0, 0.06643522100476705, 0.0, 0.1768289906428992)",73
1,0,1,13,"(0.05539516110147199, 0.19278140380792452, 0.0, 0.0, 0.0, 0.0, 0.0, 0.06643522100476705, 0.0, 0.1768289906428992)",69
2,0,2,13,"(0.05539516110147199, 0.19278140380792452, 0.0, 0.0, 0.0, 0.0, 0.0, 0.06643522100476705, 0.0, 0.1768289906428992)",72
