,round,tube,sp_div_H,tot_pop_0,tot_final_pop,tot_auc,mean_fc,deg_score,nut_score
0,0.0,0.0,-0.0,19.0,530.0,39304.0,27.894722160672547,0.16333997346592444,0.29271013367323007
1,0.0,1.0,-0.0,19.0,549.0,38824.0,28.894721634357037,0.16333997346592444,0.2927881017202244
2,0.0,2.0,-0.0,19.0,602.0,41650.0,31.68419385042429,0.16333997346592444,0.2928422578426798
