,round,tube,sp,pop_0,final_pop,st_div_H,auc,fc
0,0.0,0.0,1.0,19.0,530.0,0.2331524923982084,39304.0,27.894722160672547
1,0.0,1.0,1.0,19.0,549.0,0.18515939195410053,38824.0,28.894721634357037
2,0.0,2.0,1.0,19.0,602.0,0.9037241872080548,41650.0,31.68419385042429
