,round,tube,sp,st,final_pop
0,0,0,9,"(0.0, 0.0, 0.19710523703396335, 0.0, 0.05513765495185503, 0.0, 0.17543471630791765, 0.09465314939746632, 0.0, 0.11254423548901983)",13
1,0,0,9,"(0.0, 0.0, 0.19710523703396335, 0.0, 0.05513765495185503, 0.0, 0.17543471630791765, 0.08456995271217914, 0.0, 0.11254423548901983)",234
2,0,1,9,"(0.0, 0.0, 0.19710523703396335, 0.0, 0.05513765495185503, 0.0, 0.17543471630791765, 0.09465314939746632, 0.0, 0.11254423548901983)",9
3,0,1,9,"(0.0, 0.0, 0.19710523703396335, 0.0, 0.05513765495185503, 0.0, 0.17543471630791765, 0.08456995271217914, 0.0, 0.11254423548901983)",260
4,0,2,9,"(0.0, 0.0, 0.19710523703396335, 0.0, 0.05513765495185503, 0.0, 0.17543471630791765, 0.09465314939746632, 0.0, 0.11254423548901983)",7
5,0,2,9,"(0.0, 0.0, 0.19710523703396335, 0.0, 0.05513765495185503, 0.0, 0.17543471630791765, 0.08456995271217914, 0.0, 0.11254423548901983)",247
