,round,tube,sp,st,final_pop
0,0,0,0,"(0.03946461433977326, 0.07837351219623068, 0.019902636370402346, 0.0, 0.0, 0.02913486473025094, 0.03311936332273749, 0.07446698017577955, 0.0, 0.0)",19
1,0,0,0,"(0.03946461433977326, 0.07837351219623068, 0.021488235496997084, 0.0, 0.0, 0.02913486473025094, 0.03311936332273749, 0.07446698017577955, 0.0, 0.0)",21
2,0,0,0,"(0.022514396914060344, 0.07837351219623068, 0.019902636370402346, 0.0, 0.0, 0.02913486473025094, 0.03311936332273749, 0.07446698017577955, 0.0, 0.0)",4
3,0,1,0,"(0.03946461433977326, 0.07837351219623068, 0.021488235496997084, 0.0, 0.0, 0.02913486473025094, 0.03311936332273749, 0.07446698017577955, 0.0, 0.0)",40
4,0,1,0,"(0.03946461433977326, 0.07837351219623068, 0.019902636370402346, 0.0, 0.0, 0.02913486473025094, 0.03311936332273749, 0.07446698017577955, 0.0, 0.0)",1
5,0,1,0,"(0.022514396914060344, 0.07837351219623068, 0.019902636370402346, 0.0, 0.0, 0.02913486473025094, 0.03311936332273749, 0.07446698017577955, 0.0, 0.0)",12
6,0,2,0,"(0.03946461433977326, 0.07837351219623068, 0.019902636370402346, 0.0, 0.0, 0.02913486473025094, 0.03311936332273749, 0.07446698017577955, 0.0, 0.0)",20
7,0,2,0,"(0.03946461433977326, 0.07837351219623068, 0.021488235496997084, 0.0, 0.0, 0.02913486473025094, 0.03311936332273749, 0.07446698017577955, 0.0, 0.0)",53
