,round,tube,nut,amount
0,0.0,0.0,0.0,1797.9045901877273
1,0.0,0.0,1.0,1919.4489100859303
2,0.0,0.0,2.0,2000.0
3,0.0,0.0,3.0,2000.0
4,0.0,1.0,0.0,1647.7466275247577
5,0.0,1.0,1.0,1859.599022535238
6,0.0,1.0,2.0,2000.0
7,0.0,1.0,3.0,2000.0
8,0.0,2.0,0.0,1593.796982222939
9,0.0,2.0,1.0,1838.0957992132642
10,0.0,2.0,2.0,2000.0
11,0.0,2.0,3.0,2000.0
