,round,tube,sp_div_H,tot_pop_0,tot_final_pop,tot_auc,mean_fc,deg_score,nut_score
0,0.0,0.0,-0.0,9.0,95.0,6476.0,10.555543827173526,0.15950996128457384,0.1339745958366072
1,0.0,1.0,-0.0,9.0,93.0,6038.0,10.333321851864609,0.1606104198887841,0.1339745755321915
2,0.0,2.0,-0.0,9.0,80.0,5477.0,8.888879012356654,0.1634436996914609,0.13397458481468882
