,round,tube,sp,st,final_pop
0,0,0,13,"(0.04174770801828098, 0.14871917220065, 0.0, 0.0, 0.0, 0.0, 0.0, 0.14071781860133695, 0.0, 0.11312854864597478)",4
1,0,0,13,"(0.054862894786789025, 0.14871917220065, 0.0, 0.0, 0.0, 0.0, 0.0, 0.14071781860133695, 0.0, 0.11312854864597478)",91
2,0,1,13,"(0.054862894786789025, 0.14871917220065, 0.0, 0.0, 0.0, 0.0, 0.0, 0.14071781860133695, 0.0, 0.11312854864597478)",93
3,0,2,13,"(0.054862894786789025, 0.14871917220065, 0.0, 0.0, 0.0, 0.0, 0.0, 0.14071781860133695, 0.0, 0.11312854864597478)",80
