,round,tube,sp,pop_0,final_pop,st_div_H,auc,fc
0,0.0,0.0,8.0,21.0,195.0,0.6925027291568362,14839.0,9.285709863947684
1,0.0,1.0,8.0,21.0,207.0,0.6460905050608089,14917.0,9.85713816326754
2,0.0,2.0,8.0,21.0,211.0,0.5583963253279574,13168.0,10.047614263040828
