,round,tube,nut,amount
0,0.0,0.0,0.0,2000.0
1,0.0,0.0,1.0,0.20432113033087695
2,0.0,0.0,2.0,0.09600032757197896
3,0.0,0.0,3.0,2000.0
4,0.0,1.0,0.0,2000.0
5,0.0,1.0,1.0,0.10109469742151722
6,0.0,1.0,2.0,0.2611057528027407
7,0.0,1.0,3.0,2000.0
8,0.0,2.0,0.0,2000.0
9,0.0,2.0,1.0,0.25735232876167435
10,0.0,2.0,2.0,0.1645913635849625
11,0.0,2.0,3.0,2000.0
