,round,tube,nut,amount
0,0.0,0.0,0.0,0.3597683067839341
1,0.0,0.0,1.0,2000.0
2,0.0,0.0,2.0,0.43924847096153474
3,0.0,0.0,3.0,811.7393033802032
4,0.0,1.0,0.0,0.5244231853642098
5,0.0,1.0,1.0,2000.0
6,0.0,1.0,2.0,0.38709037651841527
7,0.0,1.0,3.0,811.8371474411629
8,0.0,2.0,0.0,0.21409540233640856
9,0.0,2.0,1.0,2000.0
10,0.0,2.0,2.0,0.21410305623294335
11,0.0,2.0,3.0,0.996280005142566
