,round,tube,sp_div_H,tot_pop_0,tot_final_pop,tot_auc,mean_fc,deg_score,nut_score
0,0.0,0.0,-0.0,15.0,1.0,466.0,0.06666662222225185,0.06139621285944019,0.054119379914921995
1,0.0,1.0,-0.0,15.0,2.0,415.0,0.1333332444445037,0.05465066411409225,0.04862686071081379
2,0.0,2.0,-0.0,15.0,4.0,762.0,0.2666664888890074,0.09877679166325593,0.08531805864924924
