,round,tube,sp_div_H,tot_pop_0,tot_final_pop,tot_auc,mean_fc,deg_score,nut_score
0,0.0,0.0,-0.0,34.0,401.0,46996.0,11.794114178201712,0.26666112766013805,0.3986993555833719
1,0.0,1.0,-0.0,34.0,478.0,51209.0,14.058819394464882,0.26915044171550895,0.3986976017754894
2,0.0,2.0,-0.0,34.0,431.0,50045.0,12.676466859862687,0.26863444471391884,0.39870213368498697
