,round,tube,nut,amount
0,0.0,0.0,0.0,2000.0
1,0.0,0.0,1.0,760.2934590854444
2,0.0,0.0,2.0,0.5667446317583354
3,0.0,0.0,3.0,2000.0
4,0.0,1.0,0.0,2000.0
5,0.0,1.0,1.0,910.3346397071466
6,0.0,1.0,2.0,7.880595964423447
7,0.0,1.0,3.0,2000.0
8,0.0,2.0,0.0,2000.0
9,0.0,2.0,1.0,909.8367894405891
10,0.0,2.0,2.0,6.970429217407721
11,0.0,2.0,3.0,2000.0
