,round,tube,sp,pop_0,final_pop,st_div_H,auc,fc
0,0.0,0.0,11.0,35.0,594.0,2.227034908807927,56329.0,16.971423722450364
1,0.0,1.0,11.0,35.0,552.0,1.7935206391212182,52211.0,15.771424065307409
2,0.0,2.0,11.0,35.0,607.0,2.14116244144994,57010.0,17.342852187756517
