,round,tube,sp,st,final_pop
0,0,0,13,"(0.00827740315918904, 0.0, 0.0, 0.015729601905918704, 0.014918279475658146, 1.6233223136820214e-05, 0.007207709811237389, 0.0, 0.0036202292047445217, 0.010664875671908143)",158
1,0,0,13,"(0.008454230104447302, 0.0, 0.0, 0.015729601905918704, 0.014918279475658146, 3.170207648739196e-05, 0.007207709811237389, 0.0, 0.0036202292047445217, 0.013558837205131282)",138
2,0,0,13,"(0.008454230104447302, 0.0, 0.0, 0.015729601905918704, 0.014918279475658146, 1.6233223136820214e-05, 0.007207709811237389, 0.0, 0.0036202292047445217, 0.010664875671908143)",100
3,0,1,13,"(0.008454230104447302, 0.0, 0.0, 0.015729601905918704, 0.014918279475658146, 3.170207648739196e-05, 0.007207709811237389, 0.0, 0.0036202292047445217, 0.013558837205131282)",328
4,0,1,13,"(0.00827740315918904, 0.0, 0.0, 0.015729601905918704, 0.014918279475658146, 1.6233223136820214e-05, 0.007207709811237389, 0.0, 0.0036202292047445217, 0.010664875671908143)",35
5,0,1,13,"(0.008454230104447302, 0.0, 0.0, 0.015729601905918704, 0.014918279475658146, 1.6233223136820214e-05, 0.007207709811237389, 0.0, 0.0036202292047445217, 0.010664875671908143)",47
6,0,2,13,"(0.00827740315918904, 0.0, 0.0, 0.015729601905918704, 0.014918279475658146, 1.6233223136820214e-05, 0.007207709811237389, 0.0, 0.0036202292047445217, 0.010664875671908143)",128
7,0,2,13,"(0.008454230104447302, 0.0, 0.0, 0.015729601905918704, 0.014918279475658146, 1.6233223136820214e-05, 0.007207709811237389, 0.0, 0.0036202292047445217, 0.010664875671908143)",28
8,0,2,13,"(0.008454230104447302, 0.0, 0.0, 0.015729601905918704, 0.014918279475658146, 3.170207648739196e-05, 0.007207709811237389, 0.0, 0.0036202292047445217, 0.013558837205131282)",265
