,round,tube,sp,pop_0,final_pop,st_div_H,auc,fc
0,0.0,0.0,1.0,10.0,1179.0,1.0124080223603231,50945.0,117.8998821001179
1,0.0,1.0,1.0,10.0,1245.0,0.9251033161898919,49273.0,124.4998755001245
2,0.0,2.0,1.0,10.0,1207.0,0.8676184812139075,53533.0,120.6998793001207
