,round,tube,sp,pop_0,final_pop,st_div_H,auc,fc
0,0.0,0.0,0.0,8.0,93.0,-0.0,7711.0,11.624985468768164
1,0.0,1.0,0.0,8.0,89.0,0.32754477456431397,7686.0,11.124986093767383
2,0.0,2.0,0.0,8.0,88.0,0.27765780797985723,7749.0,10.999986250017187
