,round,tube,nut,amount
0,0.0,0.0,0.0,0.7438890058487841
1,0.0,0.0,1.0,2000.0
2,0.0,0.0,2.0,0.27064968804992073
3,0.0,0.0,3.0,2000.0
4,0.0,1.0,0.0,0.902859560345834
5,0.0,1.0,1.0,2000.0
6,0.0,1.0,2.0,0.4266784180284864
7,0.0,1.0,3.0,2000.0
8,0.0,2.0,0.0,0.08140835786251499
9,0.0,2.0,1.0,2000.0
10,0.0,2.0,2.0,0.015593945860071123
11,0.0,2.0,3.0,2000.0
