,round,tube,nut,amount
0,0.0,0.0,0.0,1928.2901226518902
1,0.0,0.0,1.0,922.2034247467843
2,0.0,0.0,2.0,1016.2953479546643
3,0.0,0.0,3.0,2000.0
4,0.0,1.0,0.0,1909.1682126705912
5,0.0,1.0,1.0,634.8018860425252
6,0.0,1.0,2.0,753.9840388266472
7,0.0,1.0,3.0,2000.0
8,0.0,2.0,0.0,1905.699858657221
9,0.0,2.0,1.0,582.6726645793094
10,0.0,2.0,2.0,706.4057120456279
11,0.0,2.0,3.0,2000.0
