,round,tube,nut,amount
0,0.0,0.0,0.0,0.9353748479697579
1,0.0,0.0,1.0,0.35669949345948115
2,0.0,0.0,2.0,2000.0
3,0.0,0.0,3.0,0.06130335225923478
4,0.0,1.0,0.0,891.5777367073517
5,0.0,1.0,1.0,0.06082497697115219
6,0.0,1.0,2.0,2000.0
7,0.0,1.0,3.0,0.599275478349885
8,0.0,2.0,0.0,0.5105951076291149
9,0.0,2.0,1.0,0.23515111321545668
10,0.0,2.0,2.0,2000.0
11,0.0,2.0,3.0,0.19471103653053667
