,round,tube,sp_div_H,tot_pop_0,tot_final_pop,tot_auc,mean_fc,deg_score,nut_score
0,0.0,0.0,-0.0,9.0,78.0,9348.0,8.666657037047736,0.1780080648709118,0.13397456253548035
1,0.0,1.0,-0.0,9.0,67.0,8859.0,7.444436172848697,0.1777709625401993,0.13397458776474158
2,0.0,2.0,-0.0,9.0,84.0,8577.0,9.333322962974487,0.17781840466861043,0.13397456162543175
