,round,tube,nut,amount
0,0.0,0.0,0.0,840.8179436394609
1,0.0,0.0,1.0,2000.0
2,0.0,0.0,2.0,547.1463081917825
3,0.0,0.0,3.0,879.2539948655536
4,0.0,1.0,0.0,682.6690707133645
5,0.0,1.0,1.0,2000.0
6,0.0,1.0,2.0,348.9313922299327
7,0.0,1.0,3.0,726.3490076153852
8,0.0,2.0,0.0,1305.180072339383
9,0.0,2.0,1.0,2000.0
10,0.0,2.0,2.0,1129.151722540398
11,0.0,2.0,3.0,1328.2188471253912
