,round,tube,sp,st,final_pop
0,0,0,9,"(0.0, 0.07729969519914591, 0.15595526318820407, 0.0, 0.011606672883087865, 0.12323288550615832, 0.0, 0.16612060425239478, 0.09445801429255654, 0.0)",33
1,0,0,9,"(0.0, 0.07729969519914591, 0.15595526318820407, 0.0, 0.011606672883087865, 0.12323288550615832, 0.0, 0.15698253177577456, 0.11533979003359636, 0.0)",150
2,0,1,9,"(0.0, 0.07729969519914591, 0.15595526318820407, 0.0, 0.011606672883087865, 0.12323288550615832, 0.0, 0.16612060425239478, 0.09445801429255654, 0.0)",8
3,0,1,9,"(0.0, 0.07729969519914591, 0.15595526318820407, 0.0, 0.011606672883087865, 0.12323288550615832, 0.0, 0.15698253177577456, 0.11533979003359636, 0.0)",160
4,0,2,9,"(0.0, 0.07729969519914591, 0.15595526318820407, 0.0, 0.011606672883087865, 0.12323288550615832, 0.0, 0.15698253177577456, 0.11533979003359636, 0.0)",73
