,round,tube,sp,pop_0,final_pop,st_div_H,auc,fc
0,0.0,0.0,0.0,7.0,0.0,,89.0,0.0
1,0.0,1.0,0.0,7.0,1.0,-0.0,322.0,0.14285693877580175
2,0.0,2.0,0.0,7.0,2.0,-0.0,366.0,0.2857138775516035
