,round,tube,sp,pop_0,final_pop,st_div_H,auc,fc
0,0.0,0.0,9.0,8.0,147.0,-0.0,5215.0,18.37497703127871
1,0.0,1.0,9.0,8.0,152.0,-0.0,5900.0,18.99997625002969
2,0.0,2.0,9.0,8.0,122.0,-0.0,3661.0,15.249980937523828
