,round,tube,sp_div_H,tot_pop_0,tot_final_pop,tot_auc,mean_fc,deg_score,nut_score
0,0.0,0.0,-0.0,18.0,233.0,17272.0,12.944437253090415,0.24174214276793238,0.4986311536781354
1,0.0,1.0,-0.0,18.0,194.0,16482.0,10.777771790126783,0.24011189467867555,0.4999999614301949
2,0.0,2.0,-0.0,18.0,221.0,16553.0,12.277770956793914,0.2392739713145592,0.4986289386354372
