,round,tube,nut,amount
0,0.0,0.0,0.0,2000.0
1,0.0,0.0,1.0,2000.0
2,0.0,0.0,2.0,0.8788645962015864
3,0.0,0.0,3.0,76.90753318451172
4,0.0,1.0,0.0,2000.0
5,0.0,1.0,1.0,2000.0
6,0.0,1.0,2.0,0.9058372343881915
7,0.0,1.0,3.0,754.121142772485
8,0.0,2.0,0.0,2000.0
9,0.0,2.0,1.0,2000.0
10,0.0,2.0,2.0,0.4258514182094624
11,0.0,2.0,3.0,423.9099178925877
