,round,tube,nut,amount
0,0.0,0.0,0.0,0.6077459035756685
1,0.0,0.0,1.0,0.0660917061337889
2,0.0,0.0,2.0,2000.0
3,0.0,0.0,3.0,2000.0
4,0.0,1.0,0.0,0.7834649349536753
5,0.0,1.0,1.0,0.4271709537844104
6,0.0,1.0,2.0,2000.0
7,0.0,1.0,3.0,2000.0
8,0.0,2.0,0.0,0.9189920825586892
9,0.0,2.0,1.0,0.5112920324879457
10,0.0,2.0,2.0,2000.0
11,0.0,2.0,3.0,2000.0
