,round,tube,sp,pop_0,final_pop,st_div_H,auc,fc
0,0.0,0.0,3.0,12.0,2.0,-0.0,452.0,0.16666652777789354
1,0.0,1.0,3.0,12.0,0.0,,276.0,0.0
2,0.0,2.0,3.0,12.0,4.0,-0.0,543.0,0.33333305555578707
