,round,tube,sp_div_H,tot_pop_0,tot_final_pop,tot_auc,mean_fc,deg_score,nut_score
0,0.0,0.0,-0.0,5.0,2.0,317.0,0.39999920000160005,0.04193843453323198,0.03721643309698219
1,0.0,1.0,-0.0,5.0,1.0,186.0,0.19999960000080003,0.024957316808956853,0.02205002537402001
2,0.0,2.0,0.0,5.0,0.0,143.0,0.0,0.019371040370894654,0.017064841567696165
