,round,tube,sp_div_H,tot_pop_0,tot_final_pop,tot_auc,mean_fc,deg_score,nut_score
0,0.0,0.0,-0.0,4.0,224.0,16578.0,55.999860000350004,0.247025953567382,0.2928931782021895
1,0.0,1.0,-0.0,4.0,238.0,15025.0,59.49985125037188,0.2472173261651126,0.2928932091952531
2,0.0,2.0,-0.0,4.0,228.0,16060.0,56.999857500356256,0.2477045411328198,0.29289318068222114
