,round,tube,sp,pop_0,final_pop,st_div_H,auc,fc
0,0.0,0.0,12.0,10.0,188.0,1.169170233089479,30471.0,18.799981200018802
1,0.0,1.0,12.0,10.0,171.0,0.8763591421313064,30826.0,17.0999829000171
2,0.0,2.0,12.0,10.0,157.0,0.7978123132194386,30213.0,15.6999843000157
