,round,tube,sp,st,final_pop
0,0,0,11,"(0.04794282887833923, 0.0, 0.0, 0.0, 0.0, 0.0, 0.0, 0.0, 0.036428197598392734, 0.0)",17
1,0,0,11,"(0.11080621742429601, 0.0, 0.0, 0.0, 0.0, 0.0, 0.0, 0.0, 0.036428197598392734, 0.0)",12
2,0,1,11,"(0.04794282887833923, 0.0, 0.0, 0.0, 0.0, 0.0, 0.0, 0.0, 0.036428197598392734, 0.0)",8
3,0,1,11,"(0.11080621742429601, 0.0, 0.0, 0.0, 0.0, 0.0, 0.0, 0.0, 0.036428197598392734, 0.0)",22
4,0,2,11,"(0.04794282887833923, 0.0, 0.0, 0.0, 0.0, 0.0, 0.0, 0.0, 0.036428197598392734, 0.0)",11
5,0,2,11,"(0.11080621742429601, 0.0, 0.0, 0.0, 0.0, 0.0, 0.0, 0.0, 0.036428197598392734, 0.0)",18
