,round,tube,nut,amount
0,0.0,0.0,0.0,2000.0
1,0.0,0.0,1.0,0.5730443141289272
2,0.0,0.0,2.0,2000.0
3,0.0,0.0,3.0,0.32544924732114566
4,0.0,1.0,0.0,2000.0
5,0.0,1.0,1.0,0.4875445323220844
6,0.0,1.0,2.0,2000.0
7,0.0,1.0,3.0,0.727367545048061
8,0.0,2.0,0.0,2000.0
9,0.0,2.0,1.0,0.7011785255845249
10,0.0,2.0,2.0,2000.0
11,0.0,2.0,3.0,0.7219617191816297
