,round,tube,sp,pop_0,final_pop,st_div_H,auc,fc
0,0.0,0.0,2.0,13.0,3.0,-0.0,708.0,0.23076905325457442
1,0.0,1.0,2.0,13.0,8.0,-0.0,703.0,0.6153841420121985
2,0.0,2.0,2.0,13.0,9.0,-0.0,977.0,0.6923071597637233
