,round,tube,sp,pop_0,final_pop,st_div_H,auc,fc
0,0.0,0.0,13.0,16.0,293.0,0.6027416608231029,47761.0,18.312488554694653
1,0.0,1.0,13.0,16.0,367.0,0.69269793034813,51759.0,22.93748566407146
2,0.0,2.0,13.0,16.0,231.0,0.72891505631147,38760.0,14.43749097656814
