,round,tube,sp_div_H,tot_pop_0,tot_final_pop,tot_auc,mean_fc,deg_score,nut_score
0,0.0,0.0,-0.0,20.0,856.0,100221.0,42.799978600010704,0.10683449611647922,0.29289317732510933
1,0.0,1.0,-0.0,20.0,895.0,103580.0,44.74997762501119,0.10563866678268807,0.29289319067664366
2,0.0,2.0,-0.0,20.0,829.0,95779.0,41.449979275010364,0.10699786325090366,0.2928931966113866
