,round,tube,sp,st,final_pop
0,0,0,0,"(0.02326009342685454, 0.0, 0.0, 0.0, 0.0, 0.018289211666883014, 0.03989731430775279, 0.05398064290880817, 0.0, 0.0)",287
1,0,0,0,"(0.03466381959087842, 0.0, 0.0, 0.0, 0.0, 0.018289211666883014, 0.010576958868655052, 0.0691048466035698, 0.0, 0.0)",47
2,0,1,0,"(0.02326009342685454, 0.0, 0.0, 0.0, 0.0, 0.018289211666883014, 0.03989731430775279, 0.05398064290880817, 0.0, 0.0)",247
3,0,1,0,"(0.03466381959087842, 0.0, 0.0, 0.0, 0.0, 0.018289211666883014, 0.016067642675528026, 0.0691048466035698, 0.0, 0.0)",27
4,0,1,0,"(0.03466381959087842, 0.0, 0.0, 0.0, 0.0, 0.018289211666883014, 0.010576958868655052, 0.0691048466035698, 0.0, 0.0)",44
5,0,2,0,"(0.03466381959087842, 0.0, 0.0, 0.0, 0.0, 0.018289211666883014, 0.016067642675528026, 0.0691048466035698, 0.0, 0.0)",11
6,0,2,0,"(0.02326009342685454, 0.0, 0.0, 0.0, 0.0, 0.018289211666883014, 0.03989731430775279, 0.05398064290880817, 0.0, 0.0)",321
7,0,2,0,"(0.03466381959087842, 0.0, 0.0, 0.0, 0.0, 0.018289211666883014, 0.010576958868655052, 0.0691048466035698, 0.0, 0.0)",13
