,round,tube,sp,pop_0,final_pop,st_div_H,auc,fc
0,0.0,0.0,12.0,12.0,184.0,0.6883545475650463,31339.0,15.333320555566203
1,0.0,1.0,12.0,12.0,156.0,0.6745403622115924,31200.0,12.999989166675695
2,0.0,2.0,12.0,12.0,190.0,0.44486948536018955,31567.0,15.833320138899884
