,round,tube,sp,st,final_pop
0,0,0,12,"(0.08395350898307596, 0.15057745842772827, 0.0, 0.027386891035283644, 0.046704754273107475, 0.0, 0.013681456804258765, 0.04377134538079039, 0.0, 0.0)",83
1,0,0,12,"(0.08395350898307596, 0.15057745842772827, 0.0, 0.027386891035283644, 0.02301054529830541, 0.0, 0.013681456804258765, 0.04377134538079039, 0.0, 0.0)",101
2,0,1,12,"(0.08395350898307596, 0.15057745842772827, 0.0, 0.027386891035283644, 0.02301054529830541, 0.0, 0.013681456804258765, 0.04377134538079039, 0.0, 0.0)",63
3,0,1,12,"(0.08395350898307596, 0.15057745842772827, 0.0, 0.027386891035283644, 0.046704754273107475, 0.0, 0.013681456804258765, 0.04377134538079039, 0.0, 0.0)",93
4,0,2,12,"(0.08395350898307596, 0.15057745842772827, 0.0, 0.027386891035283644, 0.02301054529830541, 0.0, 0.013681456804258765, 0.04377134538079039, 0.0, 0.0)",31
5,0,2,12,"(0.08395350898307596, 0.15057745842772827, 0.0, 0.027386891035283644, 0.046704754273107475, 0.0, 0.013681456804258765, 0.04377134538079039, 0.0, 0.0)",159
