,round,tube,sp,pop_0,final_pop,st_div_H,auc,fc
0,0.0,0.0,10.0,8.0,123.0,-0.0,15941.0,15.374980781274024
1,0.0,1.0,10.0,8.0,163.0,-0.0,17785.0,20.374974531281836
2,0.0,2.0,10.0,8.0,128.0,-0.0,18469.0,15.999980000025001
