,round,tube,sp_div_H,tot_pop_0,tot_final_pop,tot_auc,mean_fc,deg_score,nut_score
0,0.0,0.0,-0.0,14.0,271.0,9208.0,19.357129030622122,0.27726656590841725,0.44193456270852827
1,0.0,1.0,-0.0,14.0,206.0,11462.0,14.714275204089141,0.27638431837157373,0.4419335009116423
2,0.0,2.0,-0.0,14.0,236.0,7831.0,16.857130816335133,0.2740679653441427,0.4418978298778339
