,round,tube,nut,amount
0,0.0,0.0,0.0,670.6775054665577
1,0.0,0.0,1.0,0.3727866224135343
2,0.0,0.0,2.0,2000.0
3,0.0,0.0,3.0,2000.0
4,0.0,1.0,0.0,710.3946045097396
5,0.0,1.0,1.0,60.11704913940848
6,0.0,1.0,2.0,2000.0
7,0.0,1.0,3.0,2000.0
8,0.0,2.0,0.0,547.4725582621907
9,0.0,2.0,1.0,0.5665954748562152
10,0.0,2.0,2.0,2000.0
11,0.0,2.0,3.0,2000.0
