,round,tube,sp_div_H,tot_pop_0,tot_final_pop,tot_auc,mean_fc,deg_score,nut_score
0,0.0,0.0,-0.0,5.0,155.0,4484.0,30.999938000124,0.19774109102443382,0.2969917541791449
1,0.0,1.0,-0.0,5.0,278.0,8357.0,55.5998888002224,0.22830639348996706,0.4587174608649134
2,0.0,2.0,-0.0,5.0,282.0,10932.0,56.399887200225606,0.23922364526614803,0.4981193262484104
