,round,tube,sp,pop_0,final_pop,st_div_H,auc,fc
0,0.0,0.0,8.0,4.0,315.0,0.679982734852995,9826.0,78.74980312549219
1,0.0,1.0,8.0,4.0,295.0,-0.0,10294.0,73.74981562546094
2,0.0,2.0,8.0,4.0,294.0,0.4337572051365933,7962.0,73.49981625045938
