,round,tube,sp,st,final_pop
0,0,0,11,"(0.0, 0.21975490460780725, 0.11049608813717317, 0.04040033156174563, 0.0, 0.10583650871308653, 0.0, 0.0, 0.08088098606247936, 0.0)",56
1,0,0,11,"(0.0, 0.21975490460780725, 0.109647933804538, 0.04040033156174563, 0.0, 0.06019662454911808, 0.0, 0.0, 0.08088098606247936, 0.0)",159
2,0,1,11,"(0.0, 0.21975490460780725, 0.11049608813717317, 0.04040033156174563, 0.0, 0.10583650871308653, 0.0, 0.0, 0.08088098606247936, 0.0)",58
3,0,1,11,"(0.0, 0.21975490460780725, 0.109647933804538, 0.04040033156174563, 0.0, 0.06019662454911808, 0.0, 0.0, 0.08088098606247936, 0.0)",148
4,0,2,11,"(0.0, 0.21975490460780725, 0.11049608813717317, 0.04040033156174563, 0.0, 0.10583650871308653, 0.0, 0.0, 0.08088098606247936, 0.0)",160
5,0,2,11,"(0.0, 0.21975490460780725, 0.109647933804538, 0.04040033156174563, 0.0, 0.06019662454911808, 0.0, 0.0, 0.08088098606247936, 0.0)",46
