,round,tube,nut,amount
0,0.0,0.0,0.0,0.311851374043588
1,0.0,0.0,1.0,2000.0
2,0.0,0.0,2.0,4.165555503528392
3,0.0,0.0,3.0,2000.0
4,0.0,1.0,0.0,0.8462113364126755
5,0.0,1.0,1.0,2000.0
6,0.0,1.0,2.0,8.799510292951346
7,0.0,1.0,3.0,2000.0
8,0.0,2.0,0.0,0.43585393060091615
9,0.0,2.0,1.0,2000.0
10,0.0,2.0,2.0,2.620789044607462
11,0.0,2.0,3.0,2000.0
