,round,tube,sp_div_H,tot_pop_0,tot_final_pop,tot_auc,mean_fc,deg_score,nut_score
0,0.0,0.0,-0.0,12.0,203.0,10140.0,16.916652569456193,0.3375282364944676,0.2928931891789234
1,0.0,1.0,-0.0,12.0,203.0,9311.0,16.916652569456193,0.3389926009960619,0.29289320201853086
2,0.0,2.0,-0.0,12.0,217.0,9255.0,18.083318263901447,0.33875603684183253,0.2928931963646789
