,round,tube,sp_div_H,tot_pop_0,tot_final_pop,tot_auc,mean_fc,deg_score,nut_score
0,0.0,0.0,-0.0,7.0,264.0,20536.0,37.71423183681166,0.2084958480360496,0.49862820104246
1,0.0,1.0,-0.0,7.0,293.0,21404.0,41.857083061309915,0.20537066965304984,0.4986327352884631
2,0.0,2.0,-0.0,7.0,291.0,20465.0,41.571369183758314,0.208162621519543,0.4999999843738412
