,round,tube,sp,pop_0,final_pop,st_div_H,auc,fc
0,0.0,0.0,7.0,7.0,485.0,-0.0,46195.0,69.28561530626385
1,0.0,1.0,7.0,7.0,480.0,-0.0,46211.0,68.57133061238484
2,0.0,2.0,7.0,7.0,473.0,-0.0,47641.0,67.57133204095423
