,round,tube,sp,pop_0,final_pop,st_div_H,auc,fc
0,0.0,0.0,8.0,5.0,334.0,0.5173482332980014,47540.0,66.7998664002672
1,0.0,1.0,8.0,5.0,362.0,-0.0,48118.0,72.39985520028961
2,0.0,2.0,8.0,5.0,388.0,0.21779210766764717,48895.0,77.59984480031041
