,round,tube,nut,amount
0,0.0,0.0,0.0,0.20835842461608933
1,0.0,0.0,1.0,2000.0
2,0.0,0.0,2.0,0.3844697402531715
3,0.0,0.0,3.0,350.6595082745367
4,0.0,1.0,0.0,0.2098253978291687
5,0.0,1.0,1.0,2000.0
6,0.0,1.0,2.0,0.517185450260745
7,0.0,1.0,3.0,350.76897601524917
8,0.0,2.0,0.0,0.42466828993032807
9,0.0,2.0,1.0,2000.0
10,0.0,2.0,2.0,0.547012821403212
11,0.0,2.0,3.0,350.79357849019704
