,round,tube,sp_div_H,tot_pop_0,tot_final_pop,tot_auc,mean_fc,deg_score,nut_score
0,0.0,0.0,-0.0,9.0,263.0,11282.0,29.222189753122496,0.32833788008088727,0.2928931321863244
1,0.0,1.0,-0.0,9.0,234.0,9419.0,25.99997111114321,0.32824256638061833,0.29288518467827773
2,0.0,2.0,-0.0,9.0,235.0,11579.0,26.11108209879767,0.3261894793390312,0.29289320673758545
