,round,tube,sp_div_H,tot_pop_0,tot_final_pop,tot_auc,mean_fc,deg_score,nut_score
0,0.0,0.0,-0.0,55.0,1158.0,122562.0,21.054541626446976,0.25916075667456473,0.49732498784606605
1,0.0,1.0,-0.0,55.0,1103.0,115995.0,20.054541808265125,0.25812333163060985,0.4973251142762436
2,0.0,2.0,-0.0,55.0,1160.0,118542.0,21.090905256199044,0.2632101293616316,0.4999999559060452
