,round,tube,sp,pop_0,final_pop,st_div_H,auc,fc
0,0.0,0.0,6.0,14.0,108.0,-0.0,15219.0,7.7142802040855685
1,0.0,1.0,6.0,14.0,135.0,-0.0,18761.0,9.64285025510696
2,0.0,2.0,6.0,14.0,129.0,-0.0,16787.0,9.214279132657763
