,round,tube,sp,pop_0,final_pop,st_div_H,auc,fc
0,0.0,0.0,6.0,7.0,5.0,-0.0,486.0,0.7142846938790088
1,0.0,1.0,6.0,7.0,5.0,-0.0,434.0,0.7142846938790088
2,0.0,2.0,6.0,7.0,5.0,-0.0,487.0,0.7142846938790088
