,round,tube,sp_div_H,tot_pop_0,tot_final_pop,tot_auc,mean_fc,deg_score,nut_score
0,0.0,0.0,-0.0,6.0,144.0,5313.0,23.999960000066668,0.21967154633219188,0.2591866965564379
1,0.0,1.0,-0.0,6.0,132.0,3308.0,21.999963333394447,0.20507992883731818,0.20077708829915086
2,0.0,2.0,-0.0,6.0,130.0,3670.0,21.666630555615743,0.21387152748643412,0.20643385167318817
