,round,tube,nut,amount
0,0.0,0.0,0.0,1752.4917904918136
1,0.0,0.0,1.0,2000.0
2,0.0,0.0,2.0,395.7915376241121
3,0.0,0.0,3.0,0.5930832761099121
4,0.0,1.0,0.0,1759.3975380916472
5,0.0,1.0,1.0,2000.0
6,0.0,1.0,2.0,440.5506943434116
7,0.0,1.0,3.0,0.5280963551743055
8,0.0,2.0,0.0,1775.7568103111303
9,0.0,2.0,1.0,2000.0
10,0.0,2.0,2.0,546.5822598617575
11,0.0,2.0,3.0,0.392633406746977
