,round,tube,nut,amount
0,0.0,0.0,0.0,0.27233150639887715
1,0.0,0.0,1.0,0.933437142510516
2,0.0,0.0,2.0,2000.0
3,0.0,0.0,3.0,2000.0
4,0.0,1.0,0.0,0.23171902185823146
5,0.0,1.0,1.0,0.7872466532980704
6,0.0,1.0,2.0,2000.0
7,0.0,1.0,3.0,2000.0
8,0.0,2.0,0.0,0.4697614564911987
9,0.0,2.0,1.0,0.8532256490530775
10,0.0,2.0,2.0,2000.0
11,0.0,2.0,3.0,2000.0
