,round,tube,nut,amount
0,0.0,0.0,0.0,2000.0
1,0.0,0.0,1.0,0.12439823306504305
2,0.0,0.0,2.0,2000.0
3,0.0,0.0,3.0,0.3086055864686976
4,0.0,1.0,0.0,2000.0
5,0.0,1.0,1.0,0.36219584365104773
6,0.0,1.0,2.0,2000.0
7,0.0,1.0,3.0,0.7572246749455669
8,0.0,2.0,0.0,2000.0
9,0.0,2.0,1.0,0.41218845446974073
10,0.0,2.0,2.0,2000.0
11,0.0,2.0,3.0,0.24313307231211478
