,round,tube,sp,st,final_pop
0,0,0,13,"(0.05539516110147199, 0.2324089457760683, 0.0, 0.0, 0.0, 0.0, 0.0, 0.10615007620645343, 0.0, 0.1750621008401039)",50
1,0,1,13,"(0.05539516110147199, 0.2324089457760683, 0.0, 0.0, 0.0, 0.0, 0.0, 0.10615007620645343, 0.0, 0.1750621008401039)",60
2,0,2,13,"(0.05539516110147199, 0.2324089457760683, 0.0, 0.0, 0.0, 0.0, 0.0, 0.10615007620645343, 0.0, 0.1750621008401039)",65
