,round,tube,nut,amount
0,0.0,0.0,0.0,0.17535355026013688
1,0.0,0.0,1.0,2000.0
2,0.0,0.0,2.0,0.8376183049233976
3,0.0,0.0,3.0,2000.0
4,0.0,1.0,0.0,0.09134643828291145
5,0.0,1.0,1.0,2000.0
6,0.0,1.0,2.0,0.9644542953839104
7,0.0,1.0,3.0,2000.0
8,0.0,2.0,0.0,0.055140475606542116
9,0.0,2.0,1.0,2000.0
10,0.0,2.0,2.0,0.26877421226708353
11,0.0,2.0,3.0,2000.0
