,round,tube,sp,st,final_pop
0,0,0,10,"(0.07734904686468291, 0.06927916245295945, 0.09682940930282144, 0.0017773360538905325, 0.0, 0.0467249378027572, 0.0, 0.13850896477860833, 0.0, 0.0)",163
1,0,0,10,"(0.07734904686468291, 0.06927916245295945, 0.09682940930282144, 0.0006017195440138779, 0.0, 0.0467249378027572, 0.0, 0.13850896477860833, 0.0, 0.0)",44
2,0,1,10,"(0.07734904686468291, 0.06927916245295945, 0.09682940930282144, 0.0017773360538905325, 0.0, 0.0467249378027572, 0.0, 0.13850896477860833, 0.0, 0.0)",179
3,0,1,10,"(0.07734904686468291, 0.06927916245295945, 0.09682940930282144, 0.0006017195440138779, 0.0, 0.0467249378027572, 0.0, 0.13850896477860833, 0.0, 0.0)",54
4,0,2,10,"(0.07734904686468291, 0.06927916245295945, 0.09682940930282144, 0.0006017195440138779, 0.0, 0.0467249378027572, 0.0, 0.13850896477860833, 0.0, 0.0)",12
5,0,2,10,"(0.07734904686468291, 0.06927916245295945, 0.09682940930282144, 0.0017773360538905325, 0.0, 0.0467249378027572, 0.0, 0.13850896477860833, 0.0, 0.0)",199
