,round,tube,sp_div_H,tot_pop_0,tot_final_pop,tot_auc,mean_fc,deg_score,nut_score
0,0.0,0.0,0.0,10.0,0.0,180.0,0.0,0.02316769989275047,0.020881575177222778
1,0.0,1.0,0.0,10.0,0.0,229.0,0.0,0.029391509014198403,0.02651661384014714
2,0.0,2.0,0.0,10.0,0.0,102.0,0.0,0.013186209651834035,0.011751394642093738
