,round,tube,sp_div_H,tot_pop_0,tot_final_pop,tot_auc,mean_fc,deg_score,nut_score
0,0.0,0.0,-0.0,7.0,41.0,16850.0,5.857134489807872,0.07936467037336592,0.1339745603710678
1,0.0,1.0,-0.0,7.0,28.0,16940.0,3.9999942857224493,0.07883540848443249,0.13397456228277216
2,0.0,2.0,-0.0,7.0,32.0,17059.0,4.571422040825656,0.0832527014189397,0.13397456317134482
