,round,tube,nut,amount
0,0.0,0.0,0.0,2000.0
1,0.0,0.0,1.0,0.23218209833851144
2,0.0,0.0,2.0,0.7574436500369905
3,0.0,0.0,3.0,2000.0
4,0.0,1.0,0.0,2000.0
5,0.0,1.0,1.0,0.1381314278858028
6,0.0,1.0,2.0,0.8724658174486919
7,0.0,1.0,3.0,2000.0
8,0.0,2.0,0.0,2000.0
9,0.0,2.0,1.0,0.15802511913016337
10,0.0,2.0,2.0,0.0926054518938848
11,0.0,2.0,3.0,2000.0
