,round,tube,sp,pop_0,final_pop,st_div_H,auc,fc
0,0.0,0.0,11.0,9.0,258.0,0.6514304300545714,19906.0,28.666634814850205
1,0.0,1.0,11.0,9.0,266.0,0.6115000227494962,16870.0,29.55552271608587
2,0.0,2.0,11.0,9.0,244.0,0.6931135870636403,18800.0,27.111080987687792
