,round,tube,sp,pop_0,final_pop,st_div_H,auc,fc
0,0.0,0.0,9.0,13.0,213.0,0.6912835172901592,8385.0,16.384602781074783
1,0.0,1.0,9.0,13.0,256.0,0.5203039612465151,11581.0,19.69229254439035
2,0.0,2.0,9.0,13.0,254.0,0.5998086691329184,10434.0,19.5384465088873
