,round,tube,sp_div_H,tot_pop_0,tot_final_pop,tot_auc,mean_fc,deg_score,nut_score
0,0.0,0.0,-0.0,11.0,155.0,15586.0,14.090896281003381,0.08222783026825164,0.13397457629430487
1,0.0,1.0,-0.0,11.0,156.0,14696.0,14.181805289267919,0.08294775203172533,0.133974571998682
2,0.0,2.0,-0.0,11.0,150.0,15283.0,13.636351239680693,0.08235314079368505,0.13397459616524832
