,round,tube,sp,st,final_pop
0,0,0,12,"(0.12325324866005315, 0.04560017080262911, 0.0, 0.0, 0.0, 0.0, 0.13959933017074122, 0.03871442216190478, 0.0, 0.03653419122008009)",13
1,0,0,12,"(0.12325324866005315, 0.07098421666459682, 0.0, 0.0, 0.0, 0.0, 0.13959933017074122, 0.03871442216190478, 0.0, 0.03653419122008009)",105
2,0,0,12,"(0.1431438549521808, 0.07098421666459682, 0.0, 0.0, 0.0, 0.0, 0.20188557309394728, 0.05107774537518032, 0.0, 0.057272911791666214)",4
3,0,1,12,"(0.12325324866005315, 0.07098421666459682, 0.0, 0.0, 0.0, 0.0, 0.13959933017074122, 0.03871442216190478, 0.0, 0.03653419122008009)",91
4,0,1,12,"(0.1431438549521808, 0.07098421666459682, 0.0, 0.0, 0.0, 0.0, 0.20188557309394728, 0.05107774537518032, 0.0, 0.057272911791666214)",11
5,0,2,12,"(0.12325324866005315, 0.07098421666459682, 0.0, 0.0, 0.0, 0.0, 0.13959933017074122, 0.03871442216190478, 0.0, 0.03653419122008009)",38
6,0,2,12,"(0.12325324866005315, 0.04560017080262911, 0.0, 0.0, 0.0, 0.0, 0.13959933017074122, 0.03871442216190478, 0.0, 0.03653419122008009)",39
7,0,2,12,"(0.1431438549521808, 0.07098421666459682, 0.0, 0.0, 0.0, 0.0, 0.20188557309394728, 0.05107774537518032, 0.0, 0.057272911791666214)",26
