,round,tube,sp_div_H,tot_pop_0,tot_final_pop,tot_auc,mean_fc,deg_score,nut_score
0,0.0,0.0,-0.0,7.0,17.0,823.0,2.42856795918863,0.08439809530401488,0.08217891406735722
1,0.0,1.0,-0.0,7.0,32.0,1400.0,4.571422040825656,0.13806025304921565,0.1341036290098211
2,0.0,2.0,-0.0,7.0,20.0,994.0,2.8571387755160353,0.10093410251794399,0.09849306906702648
