,round,tube,sp_div_H,tot_pop_0,tot_final_pop,tot_auc,mean_fc,deg_score,nut_score
0,0.0,0.0,-0.0,28.0,593.0,59013.0,21.17856386479862,0.2168464307535457,0.29289321815436786
1,0.0,1.0,-0.0,28.0,568.0,61782.0,20.285707040818913,0.21436646470095266,0.29289318690203636
2,0.0,2.0,-0.0,28.0,601.0,59760.0,21.464278048472124,0.2169756839096768,0.2928932134176587
