,round,tube,sp_div_H,tot_pop_0,tot_final_pop,tot_auc,mean_fc,deg_score,nut_score
0,0.0,0.0,-0.0,20.0,509.0,51194.0,25.449987275006364,0.1620031351345057,0.2928932008746241
1,0.0,1.0,-0.0,20.0,516.0,50351.0,25.79998710000645,0.16115614762224395,0.29289317209247545
2,0.0,2.0,-0.0,20.0,528.0,52511.0,26.3999868000066,0.1613228248469053,0.2928931915361428
