,round,tube,nut,amount
0,0.0,0.0,0.0,0.1518849688368834
1,0.0,0.0,1.0,0.27747282817889285
2,0.0,0.0,2.0,812.8679420515043
3,0.0,0.0,3.0,0.5261609869811522
4,0.0,1.0,0.0,0.2379043029504898
5,0.0,1.0,1.0,0.20986633641565
6,0.0,1.0,2.0,812.6684146222892
7,0.0,1.0,3.0,0.19009907016796407
8,0.0,2.0,0.0,0.22678468543197539
9,0.0,2.0,1.0,0.38438979031309367
10,0.0,2.0,2.0,812.6831682846331
11,0.0,2.0,3.0,0.2149485060024231
