,round,tube,sp_div_H,tot_pop_0,tot_final_pop,tot_auc,mean_fc,deg_score,nut_score
0,0.0,0.0,-0.0,6.0,74.0,12867.0,12.333312777812038,0.15141165518883826,0.13397457157821246
1,0.0,1.0,-0.0,6.0,91.0,13403.0,15.16664138893102,0.1482265916986274,0.13397457125301382
2,0.0,2.0,-0.0,6.0,60.0,13362.0,9.999983333361111,0.1466624971074435,0.1339745659633943
