,round,tube,sp_div_H,tot_pop_0,tot_final_pop,tot_auc,mean_fc,deg_score,nut_score
0,0.0,0.0,-0.0,32.0,428.0,46312.0,13.374995820313805,0.04598607940305499,0.13397458898131598
1,0.0,1.0,-0.0,32.0,432.0,47461.0,13.499995781251316,0.049634700874251925,0.13397458040764065
2,0.0,2.0,-0.0,32.0,400.0,45144.0,12.49999609375122,0.04650611524679349,0.13397456237149186
