,round,tube,nut,amount
0,0.0,0.0,0.0,0.772834152497371
1,0.0,0.0,1.0,2000.0
2,0.0,0.0,2.0,0.4026863829096321
3,0.0,0.0,3.0,2000.0
4,0.0,1.0,0.0,0.3531052222323119
5,0.0,1.0,1.0,2000.0
6,0.0,1.0,2.0,0.03406992868888281
7,0.0,1.0,3.0,2000.0
8,0.0,2.0,0.0,0.3306574510275281
9,0.0,2.0,1.0,2000.0
10,0.0,2.0,2.0,0.012812892060233949
11,0.0,2.0,3.0,2000.0
