,round,tube,sp_div_H,tot_pop_0,tot_final_pop,tot_auc,mean_fc,deg_score,nut_score
0,0.0,0.0,-0.0,24.0,499.0,62591.0,20.79165800347583,0.1816400663047223,0.2928931856527035
1,0.0,1.0,-0.0,24.0,516.0,65166.0,21.4999910416704,0.1826695580120815,0.2928932066654185
2,0.0,2.0,-0.0,24.0,546.0,63614.0,22.749990520837283,0.1836395066072194,0.29289317509011703
