,round,tube,sp_div_H,tot_pop_0,tot_final_pop,tot_auc,mean_fc,deg_score,nut_score
0,0.0,0.0,-0.0,25.0,681.0,97338.0,27.23998910400436,0.12494147893755914,0.999842459943797
1,0.0,1.0,-0.0,25.0,669.0,96410.0,26.75998929600428,0.12727127656481185,0.9998399602495696
2,0.0,2.0,-0.0,25.0,654.0,95997.0,26.159989536004186,0.12394015384092139,0.7968034798001233
