,round,tube,sp,st,final_pop
0,0,0,13,"(0.0, 0.0, 0.08014607266067042, 0.0, 0.09121516464587792, 0.012272649458557041, 0.009780631277895531, 0.0, 0.07929425345773215, 0.022854187839533902)",317
1,0,0,13,"(0.0, 0.0, 0.04198794063234867, 0.0, 0.09121516464587792, 0.012272649458557041, 0.009780631277895531, 0.0, 0.07929425345773215, 0.022854187839533902)",413
2,0,0,13,"(0.0, 0.0, 0.0464851075581008, 0.0, 0.09121516464587792, 0.012272649458557041, 0.009780631277895531, 0.0, 0.07929425345773215, 0.022854187839533902)",573
3,0,1,13,"(0.0, 0.0, 0.0464851075581008, 0.0, 0.09121516464587792, 0.012272649458557041, 0.009780631277895531, 0.0, 0.07929425345773215, 0.022854187839533902)",190
4,0,1,13,"(0.0, 0.0, 0.04198794063234867, 0.0, 0.09121516464587792, 0.012272649458557041, 0.009780631277895531, 0.0, 0.07929425345773215, 0.022854187839533902)",819
5,0,1,13,"(0.0, 0.0, 0.08014607266067042, 0.0, 0.09121516464587792, 0.012272649458557041, 0.009780631277895531, 0.0, 0.07929425345773215, 0.022854187839533902)",201
6,0,2,13,"(0.0, 0.0, 0.08014607266067042, 0.0, 0.09121516464587792, 0.012272649458557041, 0.009780631277895531, 0.0, 0.07929425345773215, 0.022854187839533902)",181
7,0,2,13,"(0.0, 0.0, 0.0464851075581008, 0.0, 0.09121516464587792, 0.012272649458557041, 0.009780631277895531, 0.0, 0.07929425345773215, 0.022854187839533902)",125
8,0,2,13,"(0.0, 0.0, 0.04198794063234867, 0.0, 0.09121516464587792, 0.012272649458557041, 0.009780631277895531, 0.0, 0.07929425345773215, 0.022854187839533902)",912
