,round,tube,nut,amount
0,0.0,0.0,0.0,0.3572648882395111
1,0.0,0.0,1.0,2000.0
2,0.0,0.0,2.0,0.14149424308358244
3,0.0,0.0,3.0,811.7378157556686
4,0.0,1.0,0.0,0.15615916590869006
5,0.0,1.0,1.0,2000.0
6,0.0,1.0,2.0,0.051076907100387814
7,0.0,1.0,3.0,0.3508250274876197
8,0.0,2.0,0.0,0.5357786107892508
9,0.0,2.0,1.0,2000.0
10,0.0,2.0,2.0,0.13490636003018608
11,0.0,2.0,3.0,811.8438952578475
