,round,tube,sp_div_H,tot_pop_0,tot_final_pop,tot_auc,mean_fc,deg_score,nut_score
0,0.0,0.0,-0.0,11.0,42.0,1932.0,3.8181783471105937,0.029519275572890358,0.09922669835015707
1,0.0,1.0,-0.0,11.0,23.0,1305.0,2.0909071900843728,0.02027867551760243,0.08007983995475287
2,0.0,2.0,-0.0,11.0,61.0,2863.0,5.545449504136815,0.04290538803181809,0.11990719886403023
