,round,tube,sp,pop_0,final_pop,st_div_H,auc,fc
0,0.0,0.0,9.0,13.0,94.0,0.6845272027568671,7990.0,7.230763668643332
1,0.0,1.0,9.0,13.0,83.0,0.2892369342405937,7884.0,6.384610473376559
2,0.0,2.0,9.0,13.0,93.0,0.37953492558109464,8827.0,7.153840650891807
