,round,tube,sp_div_H,tot_pop_0,tot_final_pop,tot_auc,mean_fc,deg_score,nut_score
0,0.0,0.0,-0.0,36.0,609.0,60595.0,16.916661967593896,0.22073553429203996,0.2928931989285125
1,0.0,1.0,-0.0,36.0,602.0,60399.0,16.722217577161782,0.2201565694615526,0.29289321397860413
2,0.0,2.0,-0.0,36.0,546.0,57007.0,15.166662453704873,0.21626998129258201,0.29289321821303516
