,round,tube,sp,st,final_pop
0,0,0,10,"(0.0805705179736716, 0.0045160176596855004, 0.06832740139210945, 0.0, 0.10772597225744233, 0.0, 0.0, 0.0022730731527826477, 0.0, 0.0)",1
1,0,0,10,"(0.06183229356803319, 0.0045160176596855004, 0.06832740139210945, 0.0, 0.10772597225744233, 0.0, 0.0, 0.0022730731527826477, 0.0, 0.0)",49
2,0,0,10,"(0.05330024911230232, 0.0045160176596855004, 0.06832740139210945, 0.0, 0.09778622869167854, 0.0, 0.0, 0.0022730731527826477, 0.0, 0.0)",60
3,0,1,10,"(0.0805705179736716, 0.0045160176596855004, 0.06832740139210945, 0.0, 0.10772597225744233, 0.0, 0.0, 0.0022730731527826477, 0.0, 0.0)",6
4,0,1,10,"(0.05330024911230232, 0.0045160176596855004, 0.06832740139210945, 0.0, 0.09778622869167854, 0.0, 0.0, 0.0022730731527826477, 0.0, 0.0)",36
5,0,1,10,"(0.06183229356803319, 0.0045160176596855004, 0.06832740139210945, 0.0, 0.10772597225744233, 0.0, 0.0, 0.0022730731527826477, 0.0, 0.0)",65
6,0,2,10,"(0.06183229356803319, 0.0045160176596855004, 0.06832740139210945, 0.0, 0.10772597225744233, 0.0, 0.0, 0.0022730731527826477, 0.0, 0.0)",41
7,0,2,10,"(0.05330024911230232, 0.0045160176596855004, 0.06832740139210945, 0.0, 0.09778622869167854, 0.0, 0.0, 0.0022730731527826477, 0.0, 0.0)",40
8,0,2,10,"(0.0805705179736716, 0.0045160176596855004, 0.06832740139210945, 0.0, 0.10772597225744233, 0.0, 0.0, 0.0022730731527826477, 0.0, 0.0)",14
