,round,tube,sp_div_H,tot_pop_0,tot_final_pop,tot_auc,mean_fc,deg_score,nut_score
0,0.0,0.0,-0.0,8.0,4.0,424.0,0.4999993750007813,0.055299098834042826,0.04938341351821196
1,0.0,1.0,-0.0,8.0,2.0,270.0,0.24999968750039064,0.035854064724294754,0.03152354913474509
2,0.0,2.0,-0.0,8.0,1.0,330.0,0.12499984375019532,0.043738533421024295,0.03870382664133043
