,round,tube,sp_div_H,tot_pop_0,tot_final_pop,tot_auc,mean_fc,deg_score,nut_score
0,0.0,0.0,-0.0,12.0,66.0,3108.0,5.499995416670486,0.033915507425611224,0.12144453577929681
1,0.0,1.0,-0.0,12.0,63.0,2542.0,5.249995625003646,0.027894720685970653,0.10847386314282292
2,0.0,2.0,-0.0,12.0,63.0,2412.0,5.249995625003646,0.026487513402716267,0.10530043895916741
