,round,tube,sp,st,final_pop
0,0,0,10,"(0.015017823619722696, 0.10737727367446145, 0.0, 0.0, 0.0, 0.0, 0.0, 0.0, 0.0, 0.0)",112
1,0,1,10,"(0.015017823619722696, 0.10737727367446145, 0.0, 0.0, 0.0, 0.0, 0.0, 0.0, 0.0, 0.0)",100
2,0,2,10,"(0.015017823619722696, 0.10737727367446145, 0.0, 0.0, 0.0, 0.0, 0.0, 0.0, 0.0, 0.0)",83
