,round,tube,sp,st,final_pop
0,0,0,0,"(0.020994571781913038, 0.035035878134189034, 0.0221622232172199, 0.0, 0.0, 0.02913486473025094, 0.037973903473278, 0.010752283737814977, 0.0, 0.0)",53
1,0,0,0,"(0.020994571781913038, 0.035035878134189034, 0.0221622232172199, 0.0, 0.0, 0.02913486473025094, 0.03457225314170351, 0.010752283737814977, 0.0, 0.0)",3
2,0,1,0,"(0.020994571781913038, 0.035035878134189034, 0.0221622232172199, 0.0, 0.0, 0.02913486473025094, 0.037973903473278, 0.010752283737814977, 0.0, 0.0)",44
3,0,2,0,"(0.020994571781913038, 0.035035878134189034, 0.0221622232172199, 0.0, 0.0, 0.02913486473025094, 0.037973903473278, 0.010752283737814977, 0.0, 0.0)",77
4,0,2,0,"(0.020994571781913038, 0.035035878134189034, 0.0221622232172199, 0.0, 0.0, 0.02913486473025094, 0.03457225314170351, 0.010752283737814977, 0.0, 0.0)",3
