,round,tube,sp,pop_0,final_pop,st_div_H,auc,fc
0,0.0,0.0,13.0,1.0,112.0,-0.0,3371.0,111.99888001119989
1,0.0,1.0,13.0,1.0,39.0,-0.0,650.0,38.99961000389996
2,0.0,2.0,13.0,1.0,113.0,-0.0,2748.0,112.99887001129989
