,round,tube,sp,pop_0,final_pop,st_div_H,auc,fc
0,0.0,0.0,8.0,27.0,438.0,1.872505109967104,41921.0,16.222216213993995
1,0.0,1.0,8.0,27.0,495.0,1.8061503455988626,43144.0,18.33332654321239
2,0.0,2.0,8.0,27.0,455.0,1.920655592758968,43031.0,16.851845610427553
