,round,tube,sp,pop_0,final_pop,st_div_H,auc,fc
0,0.0,0.0,1.0,25.0,414.0,0.9510680817948125,34186.0,16.559993376002648
1,0.0,1.0,1.0,25.0,412.0,0.7890162709091151,35194.0,16.47999340800264
2,0.0,2.0,1.0,25.0,405.0,0.5533461500226242,31488.0,16.199993520002593
