,round,tube,sp,pop_0,final_pop,st_div_H,auc,fc
0,0.0,0.0,13.0,6.0,79.0,0.7361678357412983,7985.0,13.166644722258797
1,0.0,1.0,13.0,6.0,92.0,0.5262697276338882,8105.0,15.333307777820371
2,0.0,2.0,13.0,6.0,70.0,0.8516134061796927,7747.0,11.66664722225463
