,round,tube,nut,amount
0,0.0,0.0,0.0,0.356099850570451
1,0.0,0.0,1.0,0.35058294671202395
2,0.0,0.0,2.0,2000.0
3,0.0,0.0,3.0,2000.0
4,0.0,1.0,0.0,0.9852429702351325
5,0.0,1.0,1.0,0.3353715839534202
6,0.0,1.0,2.0,2000.0
7,0.0,1.0,3.0,2000.0
8,0.0,2.0,0.0,0.4496861354674524
9,0.0,2.0,1.0,0.5780904830891753
10,0.0,2.0,2.0,2000.0
11,0.0,2.0,3.0,2000.0
