,round,tube,sp_div_H,tot_pop_0,tot_final_pop,tot_auc,mean_fc,deg_score,nut_score
0,0.0,0.0,-0.0,7.0,33.0,1183.0,4.714278979601458,0.11210829154195578,0.09697633412695161
1,0.0,1.0,-0.0,7.0,11.0,576.0,1.5714263265338193,0.05686861214555572,0.05627382370502798
2,0.0,2.0,-0.0,7.0,46.0,1944.0,6.5714191836868805,0.1761728053628947,0.12866261310338134
