,round,tube,sp_div_H,tot_pop_0,tot_final_pop,tot_auc,mean_fc,deg_score,nut_score
0,0.0,0.0,-0.0,5.0,426.0,17866.0,85.1998296003408,0.014599838896021455,0.26359943293322274
1,0.0,1.0,-0.0,5.0,448.0,16625.0,89.5998208003584,0.014395857798984335,0.2541958591494349
2,0.0,2.0,-0.0,5.0,354.0,19265.0,70.7998584002832,0.016867922660203094,0.27008780050480796
