,round,tube,nut,amount
0,0.0,0.0,0.0,2000.0
1,0.0,0.0,1.0,2000.0
2,0.0,0.0,2.0,0.7099378665419904
3,0.0,0.0,3.0,0.29123784875123704
4,0.0,1.0,0.0,2000.0
5,0.0,1.0,1.0,2000.0
6,0.0,1.0,2.0,0.12305451461525585
7,0.0,1.0,3.0,0.13164982108342826
8,0.0,2.0,0.0,2000.0
9,0.0,2.0,1.0,2000.0
10,0.0,2.0,2.0,0.6423194730741763
11,0.0,2.0,3.0,0.29021363311078474
