,round,tube,sp_div_H,tot_pop_0,tot_final_pop,tot_auc,mean_fc,deg_score,nut_score
0,0.0,0.0,-0.0,10.0,90.0,15761.0,8.999991000009,0.08890967760358659,0.13397458852178545
1,0.0,1.0,-0.0,10.0,103.0,16189.0,10.2999897000103,0.08332807174972912,0.1339745743578159
2,0.0,2.0,-0.0,10.0,103.0,14883.0,10.2999897000103,0.08799135397542823,0.13397459012345614
