,round,tube,sp,pop_0,final_pop,st_div_H,auc,fc
0,0.0,0.0,7.0,1.0,238.0,-0.0,4771.0,237.99762002379975
1,0.0,1.0,7.0,1.0,0.0,,23.0,0.0
2,0.0,2.0,7.0,1.0,64.0,-0.0,1132.0,63.99936000639993
