,round,tube,sp,pop_0,final_pop,st_div_H,auc,fc
0,0.0,0.0,13.0,15.0,314.0,0.27783499709870585,54696.0,20.933319377787083
1,0.0,1.0,13.0,15.0,205.0,0.38031451946009753,40658.0,13.66665755556163
2,0.0,2.0,13.0,15.0,282.0,0.3680539259527764,52018.0,18.799987466675024
