,round,tube,sp_div_H,tot_pop_0,tot_final_pop,tot_auc,mean_fc,deg_score,nut_score
0,0.0,0.0,-0.0,10.0,651.0,23672.0,65.09993490006511,0.35450594936235025,0.8434957322544179
1,0.0,1.0,-0.0,10.0,603.0,29269.0,60.2999397000603,0.3495770325464841,0.7936758804862097
2,0.0,2.0,-0.0,10.0,719.0,31352.0,71.8999281000719,0.3631294528126956,0.8672191959525422
