,round,tube,sp_div_H,tot_pop_0,tot_final_pop,tot_auc,mean_fc,deg_score,nut_score
0,0.0,0.0,-0.0,11.0,91.0,8252.0,8.272719752072954,0.20167206516469616,0.13397458588935163
1,0.0,1.0,-0.0,11.0,109.0,8990.0,9.909081900834636,0.20451095479795112,0.1339745795082411
2,0.0,2.0,-0.0,11.0,100.0,8838.0,9.090900826453794,0.20755373172500535,0.1339745913298499
