,round,tube,sp_div_H,tot_pop_0,tot_final_pop,tot_auc,mean_fc,deg_score,nut_score
0,0.0,0.0,-0.0,10.0,167.0,21428.0,16.6999833000167,0.11810705690283652,0.29289317151584615
1,0.0,1.0,-0.0,10.0,158.0,19011.0,15.7999842000158,0.11597988050098285,0.2928925259491779
2,0.0,2.0,-0.0,10.0,158.0,19683.0,15.7999842000158,0.11743999811498707,0.2928931425218062
