,round,tube,sp_div_H,tot_pop_0,tot_final_pop,tot_auc,mean_fc,deg_score,nut_score
0,0.0,0.0,-0.0,8.0,80.0,7844.0,9.999987500015626,0.17852299689797557,0.13397458871705792
1,0.0,1.0,-0.0,8.0,88.0,10000.0,10.999986250017187,0.17827174902022702,0.1339745931808266
2,0.0,2.0,-0.0,8.0,87.0,9740.0,10.874986406266993,0.17623873515943156,0.13397459077627283
