,round,tube,nut,amount
0,0.0,0.0,0.0,1767.0558169577366
1,0.0,0.0,1.0,0.740564920107165
2,0.0,0.0,2.0,1568.94523376121
3,0.0,0.0,3.0,2000.0
4,0.0,1.0,0.0,1476.8331748663873
5,0.0,1.0,1.0,0.7054211390662204
6,0.0,1.0,2.0,1031.8987554587566
7,0.0,1.0,3.0,2000.0
8,0.0,2.0,0.0,1813.4008609442535
9,0.0,2.0,1.0,2.5644915692596157
10,0.0,2.0,2.0,1654.705057599825
11,0.0,2.0,3.0,2000.0
