,round,tube,sp_div_H,tot_pop_0,tot_final_pop,tot_auc,mean_fc,deg_score,nut_score
0,0.0,0.0,-0.0,21.0,450.0,56546.0,21.428561224494654,0.15087057081264188,0.4445576231652426
1,0.0,1.0,-0.0,21.0,769.0,78875.0,36.6190301814142,0.16267101834723097,0.7967932070425123
2,0.0,2.0,-0.0,21.0,912.0,89876.0,43.42855074830917,0.16242055589679272,0.7967994029870169
