,round,tube,sp_div_H,tot_pop_0,tot_final_pop,tot_auc,mean_fc,deg_score,nut_score
0,0.0,0.0,-0.0,2.0,79.0,1338.0,39.49980250098749,0.07023486374018983,0.12783732142091875
1,0.0,1.0,-0.0,2.0,265.0,4920.0,132.4993375033125,0.20907472222557288,0.37427249146111163
2,0.0,2.0,0.0,2.0,0.0,17.0,0.0,0.0010001692480524627,0.0018303165797468601
