,round,tube,sp,pop_0,final_pop,st_div_H,auc,fc
0,0.0,0.0,8.0,3.0,257.0,-0.0,6086.0,85.66638111206296
1,0.0,1.0,8.0,3.0,294.0,0.6774229582729625,13264.0,97.99967333442221
2,0.0,2.0,8.0,3.0,203.0,0.34310303996298236,3673.0,67.66644111186297
