,round,tube,nut,amount
0,0.0,0.0,0.0,0.23571989821235806
1,0.0,0.0,1.0,0.9362952952074718
2,0.0,0.0,2.0,2000.0
3,0.0,0.0,3.0,0.19128044795244492
4,0.0,1.0,0.0,0.2117042130502801
5,0.0,1.0,1.0,0.49019682818342547
6,0.0,1.0,2.0,2000.0
7,0.0,1.0,3.0,0.2806398022461476
8,0.0,2.0,0.0,0.12584294358071257
9,0.0,2.0,1.0,0.36949203511951667
10,0.0,2.0,2.0,2000.0
11,0.0,2.0,3.0,0.23867445754851602
