,round,tube,sp_div_H,tot_pop_0,tot_final_pop,tot_auc,mean_fc,deg_score,nut_score
0,0.0,0.0,-0.0,7.0,138.0,15046.0,19.714257551060644,0.08458749636975893,0.13397457408000202
1,0.0,1.0,-0.0,7.0,154.0,14762.0,21.99996857147347,0.08266793110676929,0.1339745789188581
2,0.0,2.0,-0.0,7.0,173.0,14563.0,24.714250408213704,0.0881564571574237,0.1339745831301541
