,round,tube,sp_div_H,tot_pop_0,tot_final_pop,tot_auc,mean_fc,deg_score,nut_score
0,0.0,0.0,-0.0,37.0,675.0,74444.0,18.243238312638294,0.18061511689497534,0.4923706107102459
1,0.0,1.0,-0.0,37.0,735.0,77342.0,19.864859495983918,0.18107226518747066,0.49237435123447915
2,0.0,2.0,-0.0,37.0,737.0,79561.0,19.91891353542877,0.18156445562371892,0.49999993949134036
