,round,tube,sp,pop_0,final_pop,st_div_H,auc,fc
0,0.0,0.0,13.0,15.0,52.0,0.6564535237245771,8603.0,3.4666643555570964
1,0.0,1.0,13.0,15.0,75.0,0.5510799280869728,9427.0,4.999996666668889
2,0.0,2.0,13.0,15.0,77.0,0.6740507779895553,8662.0,5.1333299111133925
