,round,tube,nut,amount
0,0.0,0.0,0.0,0.5200271769742613
1,0.0,0.0,1.0,0.867738094383089
2,0.0,0.0,2.0,2000.0
3,0.0,0.0,3.0,2000.0
4,0.0,1.0,0.0,0.296820931248435
5,0.0,1.0,1.0,0.6164581477034916
6,0.0,1.0,2.0,2000.0
7,0.0,1.0,3.0,2000.0
8,0.0,2.0,0.0,0.15356910597075452
9,0.0,2.0,1.0,0.7819062692072751
10,0.0,2.0,2.0,2000.0
11,0.0,2.0,3.0,2000.0
