,round,tube,nut,amount
0,0.0,0.0,0.0,2000.0
1,0.0,0.0,1.0,2000.0
2,0.0,0.0,2.0,0.0555716059030944
3,0.0,0.0,3.0,0.604788636613061
4,0.0,1.0,0.0,2000.0
5,0.0,1.0,1.0,2000.0
6,0.0,1.0,2.0,0.732560622367421
7,0.0,1.0,3.0,0.521855156335943
8,0.0,2.0,0.0,2000.0
9,0.0,2.0,1.0,2000.0
10,0.0,2.0,2.0,0.2908731106373086
11,0.0,2.0,3.0,0.22075855791503507
