,round,tube,nut,amount
0,0.0,0.0,0.0,2000.0
1,0.0,0.0,1.0,0.5570885119203499
2,0.0,0.0,2.0,2000.0
3,0.0,0.0,3.0,0.5366392449316297
4,0.0,1.0,0.0,2000.0
5,0.0,1.0,1.0,0.1882697552332503
6,0.0,1.0,2.0,2000.0
7,0.0,1.0,3.0,0.45754456529980203
8,0.0,2.0,0.0,2000.0
9,0.0,2.0,1.0,0.8746521260141542
10,0.0,2.0,2.0,2000.0
11,0.0,2.0,3.0,0.7296536567149787
