,round,tube,sp,pop_0,final_pop,st_div_H,auc,fc
0,0.0,0.0,12.0,13.0,148.0,1.4591733841659014,31593.0,11.384606627225672
1,0.0,1.0,12.0,13.0,168.0,1.7377697993773662,32703.0,12.923066982256168
2,0.0,2.0,12.0,13.0,157.0,1.2083681269550597,34192.0,12.076913786989396
