,round,tube,nut,amount
0,0.0,0.0,0.0,0.2704165689079845
1,0.0,0.0,1.0,187.76639117800107
2,0.0,0.0,2.0,2000.0
3,0.0,0.0,3.0,61.136265157531064
4,0.0,1.0,0.0,0.21650583295274428
5,0.0,1.0,1.0,153.43770687121054
6,0.0,1.0,2.0,2000.0
7,0.0,1.0,3.0,24.408858302652394
8,0.0,2.0,0.0,0.32432730485604155
9,0.0,2.0,1.0,50.95072709298766
10,0.0,2.0,2.0,2000.0
11,0.0,2.0,3.0,0.24734358084146824
