,round,tube,sp_div_H,tot_pop_0,tot_final_pop,tot_auc,mean_fc,deg_score,nut_score
0,0.0,0.0,-0.0,11.0,171.0,27382.0,15.545440413235989,0.19159464396614734,0.29289318511875007
1,0.0,1.0,-0.0,11.0,176.0,28672.0,15.999985454558677,0.19287902367092358,0.29289317448763397
2,0.0,2.0,-0.0,11.0,176.0,27164.0,15.999985454558677,0.19066748008137246,0.29289321166515603
