,round,tube,sp,pop_0,final_pop,st_div_H,auc,fc
0,0.0,0.0,5.0,6.0,489.0,-0.0,56706.0,81.49986416689306
1,0.0,1.0,5.0,6.0,462.0,0.4253282933732617,54217.0,76.99987166688057
2,0.0,2.0,5.0,6.0,455.0,0.39812267315443317,53773.0,75.8332069446551
