,round,tube,nut,amount
0,0.0,0.0,0.0,2000.0
1,0.0,0.0,1.0,2000.0
2,0.0,0.0,2.0,0.8373953656852555
3,0.0,0.0,3.0,0.2074289833007974
4,0.0,1.0,0.0,2000.0
5,0.0,1.0,1.0,2000.0
6,0.0,1.0,2.0,0.012268592459669048
7,0.0,1.0,3.0,0.6904283499807455
8,0.0,2.0,0.0,2000.0
9,0.0,2.0,1.0,2000.0
10,0.0,2.0,2.0,0.7431055484098466
11,0.0,2.0,3.0,0.15828889977036464
