,round,tube,nut,amount
0,0.0,0.0,0.0,0.7254671858912296
1,0.0,0.0,1.0,0.6036170547398887
2,0.0,0.0,2.0,2000.0
3,0.0,0.0,3.0,2000.0
4,0.0,1.0,0.0,0.5035262098205129
5,0.0,1.0,1.0,0.5868326288250929
6,0.0,1.0,2.0,2000.0
7,0.0,1.0,3.0,2000.0
8,0.0,2.0,0.0,0.034316215245425274
9,0.0,2.0,1.0,0.5167848191130244
10,0.0,2.0,2.0,2000.0
11,0.0,2.0,3.0,2000.0
