,round,tube,sp_div_H,tot_pop_0,tot_final_pop,tot_auc,mean_fc,deg_score,nut_score
0,0.0,0.0,-0.0,15.0,47.0,2139.0,3.133331244445837,0.16908944571668472,0.201807496916653
1,0.0,1.0,-0.0,15.0,195.0,7258.0,12.99999133333911,0.30516817286427633,0.43903952390598433
2,0.0,2.0,-0.0,15.0,88.0,3353.0,5.866662755558163,0.23657537967733389,0.3001623309758138
