,round,tube,sp_div_H,tot_pop_0,tot_final_pop,tot_auc,mean_fc,deg_score,nut_score
0,0.0,0.0,-0.0,3.0,216.0,4610.0,71.9997600008,0.2566722176500179,0.36163567478698866
1,0.0,1.0,-0.0,3.0,258.0,6418.0,85.99971333428888,0.29114346200562,0.4305431210900943
2,0.0,2.0,-0.0,3.0,132.0,3220.0,43.99985333382222,0.20411621448236217,0.26889301729834636
