,round,tube,sp,st,final_pop
0,0,0,5,"(0.07810713760760998, 0.09172156012098728, 0.0540857427446786, 0.11301043472907715, 0.0, 0.0, 0.0, 0.04244104014198772, 0.0, 0.0)",498
1,0,0,5,"(0.07810713760760998, 0.09172156012098728, 0.1622943094553623, 0.11301043472907715, 0.0, 0.0, 0.0, 0.04244104014198772, 0.0, 0.0)",1
2,0,0,5,"(0.07810713760760998, 0.14106821760745464, 0.0331259928868603, 0.11301043472907715, 0.0, 0.0, 0.0, 0.04244104014198772, 0.0, 0.0)",57
3,0,1,5,"(0.07810713760760998, 0.09172156012098728, 0.0540857427446786, 0.11301043472907715, 0.0, 0.0, 0.0, 0.04244104014198772, 0.0, 0.0)",410
4,0,1,5,"(0.07810713760760998, 0.14106821760745464, 0.0331259928868603, 0.11301043472907715, 0.0, 0.0, 0.0, 0.04244104014198772, 0.0, 0.0)",109
5,0,1,5,"(0.07810713760760998, 0.09172156012098728, 0.1622943094553623, 0.11301043472907715, 0.0, 0.0, 0.0, 0.04244104014198772, 0.0, 0.0)",22
6,0,2,5,"(0.07810713760760998, 0.09172156012098728, 0.0540857427446786, 0.11301043472907715, 0.0, 0.0, 0.0, 0.04244104014198772, 0.0, 0.0)",447
7,0,2,5,"(0.07810713760760998, 0.14106821760745464, 0.0331259928868603, 0.11301043472907715, 0.0, 0.0, 0.0, 0.04244104014198772, 0.0, 0.0)",9
8,0,2,5,"(0.07810713760760998, 0.09172156012098728, 0.1622943094553623, 0.11301043472907715, 0.0, 0.0, 0.0, 0.04244104014198772, 0.0, 0.0)",5
