,round,tube,sp,pop_0,final_pop,st_div_H,auc,fc
0,0.0,0.0,3.0,12.0,426.0,0.4467632732018165,20889.0,35.49997041669132
1,0.0,1.0,3.0,12.0,455.0,0.5480207790147398,21140.0,37.91663506947078
2,0.0,2.0,3.0,12.0,443.0,0.4169892316988139,19283.0,36.916635902803414
