,round,tube,nut,amount
0,0.0,0.0,0.0,991.44265098812
1,0.0,0.0,1.0,0.2635548964917515
2,0.0,0.0,2.0,0.5083550941932506
3,0.0,0.0,3.0,2000.0
4,0.0,1.0,0.0,991.4811656053224
5,0.0,1.0,1.0,0.340219819423785
6,0.0,1.0,2.0,0.5847113424318693
7,0.0,1.0,3.0,2000.0
8,0.0,2.0,0.0,991.4561874699782
9,0.0,2.0,1.0,0.21875827473287957
10,0.0,2.0,2.0,0.5351915278483795
11,0.0,2.0,3.0,2000.0
