,round,tube,sp_div_H,tot_pop_0,tot_final_pop,tot_auc,mean_fc,deg_score,nut_score
0,0.0,0.0,-0.0,14.0,479.0,21875.0,34.21426127552766,0.2831802024527129,0.3403831226135223
1,0.0,1.0,-0.0,14.0,478.0,19640.0,34.142832755119464,0.28601635470160935,0.33948834389237403
2,0.0,2.0,-0.0,14.0,467.0,22574.0,33.35711903062926,0.2857112918029332,0.34061984104480403
