,round,tube,sp_div_H,tot_pop_0,tot_final_pop,tot_auc,mean_fc,deg_score,nut_score
0,0.0,0.0,-0.0,4.0,4.0,201.0,0.9999975000062501,0.013140282917537549,0.016184922104468757
1,0.0,1.0,0.0,4.0,0.0,85.0,0.0,0.005719743874173511,0.006097896165769168
2,0.0,2.0,-0.0,4.0,9.0,467.0,2.2499943750140625,0.02990476981799073,0.03365160098310638
