,round,tube,sp,pop_0,final_pop,st_div_H,auc,fc
0,0.0,0.0,13.0,5.0,339.0,1.0916552179912569,31234.0,67.7998644002712
1,0.0,1.0,13.0,5.0,291.0,0.8125834333185775,34548.0,58.1998836002328
2,0.0,2.0,13.0,5.0,556.0,-0.0,44082.0,111.1997776004448
