,round,tube,sp_div_H,tot_pop_0,tot_final_pop,tot_auc,mean_fc,deg_score,nut_score
0,0.0,0.0,-0.0,16.0,741.0,70124.0,46.31247105470559,0.19211105253633665,0.2928932061078364
1,0.0,1.0,-0.0,16.0,720.0,72078.0,44.99997187501758,0.19424723720363035,0.2928931944461106
2,0.0,2.0,-0.0,16.0,701.0,71195.0,43.81247261720461,0.19201348191998113,0.2928932174481762
