,round,tube,sp,pop_0,final_pop,st_div_H,auc,fc
0,0.0,0.0,10.0,10.0,3.0,-0.0,465.0,0.2999997000003
1,0.0,1.0,10.0,10.0,1.0,-0.0,312.0,0.0999999000001
2,0.0,2.0,10.0,10.0,2.0,-0.0,461.0,0.1999998000002
