,round,tube,sp,pop_0,final_pop,st_div_H,auc,fc
0,0.0,0.0,8.0,2.0,308.0,0.6809538397553379,8606.0,153.99923000385
1,0.0,1.0,8.0,2.0,411.0,-0.0,12148.0,205.49897250513746
2,0.0,2.0,8.0,2.0,225.0,-0.0,3638.0,112.49943750281248
