,round,tube,sp,pop_0,final_pop,st_div_H,auc,fc
0,0.0,0.0,4.0,8.0,18.0,-0.0,852.0,2.249997187503516
1,0.0,1.0,4.0,8.0,29.0,-0.0,1248.0,3.6249954687556643
2,0.0,2.0,4.0,8.0,25.0,-0.0,1015.0,3.124996093754883
