,round,tube,sp,st,final_pop
0,0,0,0,"(0.07302978493998001, 0.0, 0.0, 0.0, 0.0, 0.022313903767931843, 0.08380840797570269, 0.04045659678129064, 0.0, 0.0)",8
1,0,0,0,"(0.066618972505361, 0.0, 0.0, 0.0, 0.0, 0.022313903767931843, 0.08380840797570269, 0.06775589721612854, 0.0, 0.0)",209
2,0,0,0,"(0.066618972505361, 0.0, 0.0, 0.0, 0.0, 0.022848798127116612, 0.08380840797570269, 0.06775589721612854, 0.0, 0.0)",13
3,0,1,0,"(0.066618972505361, 0.0, 0.0, 0.0, 0.0, 0.022313903767931843, 0.08380840797570269, 0.06775589721612854, 0.0, 0.0)",193
4,0,1,0,"(0.07302978493998001, 0.0, 0.0, 0.0, 0.0, 0.022313903767931843, 0.08380840797570269, 0.04045659678129064, 0.0, 0.0)",32
5,0,1,0,"(0.066618972505361, 0.0, 0.0, 0.0, 0.0, 0.022848798127116612, 0.08380840797570269, 0.06775589721612854, 0.0, 0.0)",20
6,0,2,0,"(0.07302978493998001, 0.0, 0.0, 0.0, 0.0, 0.022313903767931843, 0.08380840797570269, 0.04045659678129064, 0.0, 0.0)",11
7,0,2,0,"(0.066618972505361, 0.0, 0.0, 0.0, 0.0, 0.022313903767931843, 0.08380840797570269, 0.06775589721612854, 0.0, 0.0)",218
8,0,2,0,"(0.066618972505361, 0.0, 0.0, 0.0, 0.0, 0.022848798127116612, 0.08380840797570269, 0.06775589721612854, 0.0, 0.0)",7
