,round,tube,sp_div_H,tot_pop_0,tot_final_pop,tot_auc,mean_fc,deg_score,nut_score
0,0.0,0.0,-0.0,15.0,229.0,15220.0,15.266656488895675,0.2993105169859531,0.3046205173478136
1,0.0,1.0,-0.0,15.0,263.0,17606.0,17.533321644452236,0.29801576775510985,0.30462004020514144
2,0.0,2.0,-0.0,15.0,239.0,15567.0,15.933322711118192,0.29950334356597264,0.3046198826758333
