,round,tube,sp_div_H,tot_pop_0,tot_final_pop,tot_auc,mean_fc,deg_score,nut_score
0,0.0,0.0,-0.0,8.0,443.0,35301.0,55.37493078133652,0.24632127322094155,0.29289318856847646
1,0.0,1.0,-0.0,8.0,456.0,35714.0,56.99992875008906,0.24772483833317904,0.2928931963635466
2,0.0,2.0,-0.0,8.0,478.0,35338.0,59.74992531259336,0.24593879657075657,0.2928931970886437
