,round,tube,sp_div_H,tot_pop_0,tot_final_pop,tot_auc,mean_fc,deg_score,nut_score
0,0.0,0.0,-0.0,8.0,240.0,13539.0,29.999962500046877,0.26425869079141173,0.2928932094564938
1,0.0,1.0,-0.0,8.0,243.0,14204.0,30.37496203129746,0.2622784475014015,0.2928932010763585
2,0.0,2.0,-0.0,8.0,223.0,15808.0,27.874965156293555,0.25907255323811773,0.2928931935407577
