,round,tube,nut,amount
0,0.0,0.0,0.0,0.41234864522239295
1,0.0,0.0,1.0,2000.0
2,0.0,0.0,2.0,0.6203259615867293
3,0.0,0.0,3.0,2000.0
4,0.0,1.0,0.0,0.5131402158133327
5,0.0,1.0,1.0,2000.0
6,0.0,1.0,2.0,0.3094936773499569
7,0.0,1.0,3.0,2000.0
8,0.0,2.0,0.0,0.21806427350952562
9,0.0,2.0,1.0,2000.0
10,0.0,2.0,2.0,0.9138340802981466
11,0.0,2.0,3.0,2000.0
