,round,tube,sp,st,final_pop
0,0,0,13,"(0.0, 0.02461978404713738, 0.023035932332134326, 0.0, 0.009014269786729522, 0.014808329544411952, 0.0, 0.0, 0.01089208668844536, 0.00476393156717078)",380
1,0,1,13,"(0.0, 0.02461978404713738, 0.023035932332134326, 0.0, 0.009014269786729522, 0.014808329544411952, 0.0, 0.0, 0.01089208668844536, 0.00476393156717078)",353
2,0,2,13,"(0.0, 0.02461978404713738, 0.023035932332134326, 0.0, 0.009014269786729522, 0.014808329544411952, 0.0, 0.0, 0.01089208668844536, 0.00476393156717078)",333
