,round,tube,sp,pop_0,final_pop,st_div_H,auc,fc
0,0.0,0.0,11.0,21.0,557.0,1.9403044097036712,67992.0,26.523796893430053
1,0.0,1.0,11.0,21.0,539.0,1.7952687530386422,66065.0,25.666654444450266
2,0.0,2.0,11.0,21.0,564.0,1.6407132117691223,66908.0,26.857130068033303
