,round,tube,nut,amount
0,0.0,0.0,0.0,2000.0
1,0.0,0.0,1.0,2000.0
2,0.0,0.0,2.0,0.920450212072205
3,0.0,0.0,3.0,0.41230696845972403
4,0.0,1.0,0.0,2000.0
5,0.0,1.0,1.0,2000.0
6,0.0,1.0,2.0,0.34168529731133335
7,0.0,1.0,3.0,0.665599224773147
8,0.0,2.0,0.0,2000.0
9,0.0,2.0,1.0,2000.0
10,0.0,2.0,2.0,0.3396937773730735
11,0.0,2.0,3.0,0.033618438945573814
