,round,tube,nut,amount
0,0.0,0.0,0.0,0.5877690686500969
1,0.0,0.0,1.0,912.2208946975018
2,0.0,0.0,2.0,0.1630633533382806
3,0.0,0.0,3.0,0.032427944937268194
4,0.0,1.0,0.0,0.22234780814125132
5,0.0,1.0,1.0,912.0220874652194
6,0.0,1.0,2.0,0.19082057374841188
7,0.0,1.0,3.0,0.3130139464708126
8,0.0,2.0,0.0,0.6198579311117712
9,0.0,2.0,1.0,912.2383526251658
10,0.0,2.0,2.0,0.25947397210054035
11,0.0,2.0,3.0,0.20672737024706223
