,round,tube,sp,pop_0,final_pop,st_div_H,auc,fc
0,0.0,0.0,13.0,11.0,84.0,-0.0,5163.0,7.636356694221187
1,0.0,1.0,13.0,11.0,67.0,-0.0,3065.0,6.090903553724043
2,0.0,2.0,13.0,11.0,55.0,-0.0,4806.0,4.999995454549587
