,round,tube,nut,amount
0,0.0,0.0,0.0,0.06889276437156244
1,0.0,0.0,1.0,2000.0
2,0.0,0.0,2.0,0.12250515148975794
3,0.0,0.0,3.0,0.06838381527494164
4,0.0,1.0,0.0,0.18664712331579958
5,0.0,1.0,1.0,2000.0
6,0.0,1.0,2.0,0.19626297223052802
7,0.0,1.0,3.0,0.5358480051124936
8,0.0,2.0,0.0,0.5166161026715559
9,0.0,2.0,1.0,2000.0
10,0.0,2.0,2.0,0.3930095253544015
11,0.0,2.0,3.0,811.8325081818846
