,round,tube,sp_div_H,tot_pop_0,tot_final_pop,tot_auc,mean_fc,deg_score,nut_score
0,0.0,0.0,-0.0,6.0,317.0,46980.0,52.83324527792454,0.05331442432444866,0.39911620613218424
1,0.0,1.0,-0.0,6.0,346.0,44463.0,57.666570555715744,0.05761162192703928,0.39911409223659466
2,0.0,2.0,-0.0,6.0,285.0,47252.0,47.49992083346528,0.054902455531787964,0.39912546125176773
