,round,tube,sp,pop_0,final_pop,st_div_H,auc,fc
0,0.0,0.0,6.0,7.0,175.0,0.4202230620696172,20063.0,24.99996428576531
1,0.0,1.0,6.0,7.0,172.0,0.5423489422439274,17612.0,24.5713934694379
2,0.0,2.0,6.0,7.0,170.0,0.620505367699674,19886.0,24.2856795918863
