,round,tube,sp_div_H,tot_pop_0,tot_final_pop,tot_auc,mean_fc,deg_score,nut_score
0,0.0,0.0,-0.0,34.0,781.0,89348.0,22.97058147924074,0.1683456072453976,0.49236824547356717
1,0.0,1.0,-0.0,34.0,796.0,84137.0,23.411757820071227,0.1666874850033928,0.49237853135646603
2,0.0,2.0,-0.0,34.0,880.0,91336.0,25.88234532872196,0.1690854687816281,0.499999984165562
