,round,tube,sp,pop_0,final_pop,st_div_H,auc,fc
0,0.0,0.0,9.0,6.0,74.0,-0.0,1925.0,12.333312777812038
1,0.0,1.0,9.0,6.0,53.0,-0.0,1421.0,8.833318611135649
2,0.0,2.0,9.0,6.0,93.0,-0.0,2316.0,15.499974166709723
