,round,tube,sp_div_H,tot_pop_0,tot_final_pop,tot_auc,mean_fc,deg_score,nut_score
0,0.0,0.0,-0.0,9.0,568.0,39391.0,63.11104098773224,0.16333997346592444,0.2927985549191304
1,0.0,1.0,-0.0,9.0,666.0,40086.0,73.99991777786914,0.16333997346592444,0.2927952541659856
2,0.0,2.0,-0.0,9.0,576.0,36362.0,63.9999288889679,0.16333997346592444,0.29279506840584246
