,round,tube,sp_div_H,tot_pop_0,tot_final_pop,tot_auc,mean_fc,deg_score,nut_score
0,0.0,0.0,-0.0,5.0,698.0,25935.0,139.5997208005584,0.2066766657535425,0.3139323753124591
1,0.0,1.0,-0.0,5.0,623.0,25848.0,124.59975080049841,0.20688451077125625,0.313633554848616
2,0.0,2.0,-0.0,5.0,681.0,18763.0,136.1997276005448,0.20235966697522845,0.30891797171722
