,round,tube,sp_div_H,tot_pop_0,tot_final_pop,tot_auc,mean_fc,deg_score,nut_score
0,0.0,0.0,-0.0,31.0,447.0,60442.0,14.41935018730639,0.1488638542891767,0.444571508310039
1,0.0,1.0,-0.0,31.0,806.0,88702.0,25.99999161290593,0.1628000212464068,0.7967800034729019
2,0.0,2.0,-0.0,31.0,796.0,89285.0,25.67741107180288,0.16404093128187203,0.79681863871673
