,round,tube,sp_div_H,tot_pop_0,tot_final_pop,tot_auc,mean_fc,deg_score,nut_score
0,0.0,0.0,-0.0,8.0,91.0,7821.0,11.374985781267775,0.17935500133372906,0.29289317715172014
1,0.0,1.0,-0.0,8.0,102.0,8884.0,12.749984062519923,0.18277495214502737,0.29289318857418334
2,0.0,2.0,-0.0,8.0,94.0,9202.0,11.74998531251836,0.18133884008770906,0.29289318846134416
