,round,tube,sp,pop_0,final_pop,st_div_H,auc,fc
0,0.0,0.0,14.0,13.0,7.0,-0.0,926.0,0.5384611242606736
1,0.0,1.0,14.0,13.0,7.0,-0.0,704.0,0.5384611242606736
2,0.0,2.0,14.0,13.0,4.0,-0.0,626.0,0.30769207100609924
