,round,tube,sp,st,final_pop
0,0,0,5,"(0.1792078360399821, 0.13151103531888653, 0.15112437981031296, 0.10724668113492593, 0.0, 0.0, 0.0, 0.013026841387469198, 0.0, 0.0)",590
1,0,0,5,"(0.1792078360399821, 0.13151103531888653, 0.15112437981031296, 0.10400699930580362, 0.0, 0.0, 0.0, 0.013026841387469198, 0.0, 0.0)",124
2,0,1,5,"(0.1792078360399821, 0.13151103531888653, 0.15112437981031296, 0.10400699930580362, 0.0, 0.0, 0.0, 0.013026841387469198, 0.0, 0.0)",37
3,0,1,5,"(0.1792078360399821, 0.13151103531888653, 0.15112437981031296, 0.10724668113492593, 0.0, 0.0, 0.0, 0.013026841387469198, 0.0, 0.0)",658
4,0,2,5,"(0.1792078360399821, 0.13151103531888653, 0.15112437981031296, 0.10400699930580362, 0.0, 0.0, 0.0, 0.013026841387469198, 0.0, 0.0)",38
5,0,2,5,"(0.1792078360399821, 0.13151103531888653, 0.15112437981031296, 0.10724668113492593, 0.0, 0.0, 0.0, 0.013026841387469198, 0.0, 0.0)",653
