,round,tube,sp,pop_0,final_pop,st_div_H,auc,fc
0,0.0,0.0,13.0,36.0,938.0,1.5378730198243824,112524.0,26.05554831790324
1,0.0,1.0,13.0,36.0,981.0,1.453513216502528,112907.0,27.249992430557654
2,0.0,2.0,13.0,36.0,945.0,1.555234231686589,109779.0,26.249992708335355
