,round,tube,sp_div_H,tot_pop_0,tot_final_pop,tot_auc,mean_fc,deg_score,nut_score
0,0.0,0.0,-0.0,8.0,28.0,1447.0,3.499995625005469,0.1426848434092829,0.14026175770740468
1,0.0,1.0,0.0,8.0,0.0,227.0,0.0,0.024550444495441193,0.023747118755665708
2,0.0,2.0,-0.0,8.0,13.0,795.0,1.624997968752539,0.08200350637939313,0.07986751147791737
