,round,tube,sp,pop_0,final_pop,st_div_H,auc,fc
0,0.0,0.0,2.0,13.0,148.0,0.12425083738963087,16648.0,11.384606627225672
1,0.0,1.0,2.0,13.0,144.0,0.1732052067491771,13986.0,11.076914556219572
2,0.0,2.0,2.0,13.0,124.0,0.36884872544769964,13657.0,9.538454201189076
