,round,tube,sp,pop_0,final_pop,st_div_H,auc,fc
0,0.0,0.0,1.0,25.0,446.0,0.3270491215501119,41659.0,17.839992864002856
1,0.0,1.0,1.0,25.0,483.0,0.30992736114343766,45262.0,19.31999227200309
2,0.0,2.0,1.0,25.0,479.0,0.6841352601126903,43768.0,19.159992336003064
