,round,tube,sp_div_H,tot_pop_0,tot_final_pop,tot_auc,mean_fc,deg_score,nut_score
0,0.0,0.0,-0.0,3.0,303.0,9901.0,100.99966333445555,0.259831336144263,0.2928932136673237
1,0.0,1.0,-0.0,3.0,299.0,9141.0,99.66633444555184,0.2582515666874924,0.2928931946032062
2,0.0,2.0,-0.0,3.0,378.0,7806.0,125.99958000139999,0.25572199183144984,0.29275370616104945
