,round,tube,sp_div_H,tot_pop_0,tot_final_pop,tot_auc,mean_fc,deg_score,nut_score
0,0.0,0.0,-0.0,12.0,474.0,29578.0,39.499967083360765,0.1416132936814316,0.2928920915452117
1,0.0,1.0,-0.0,12.0,457.0,34017.0,38.08330159724867,0.14550166462265068,0.29289309160290766
2,0.0,2.0,-0.0,12.0,446.0,32058.0,37.16663569447026,0.14203961339010174,0.2928931345500736
