,round,tube,nut,amount
0,0.0,0.0,0.0,0.29059805618246104
1,0.0,0.0,1.0,0.19770305153391954
2,0.0,0.0,2.0,2000.0
3,0.0,0.0,3.0,2000.0
4,0.0,1.0,0.0,0.16228349295866762
5,0.0,1.0,1.0,0.22911684019869094
6,0.0,1.0,2.0,2000.0
7,0.0,1.0,3.0,2000.0
8,0.0,2.0,0.0,0.17381212400907875
9,0.0,2.0,1.0,0.2740996138714644
10,0.0,2.0,2.0,2000.0
11,0.0,2.0,3.0,2000.0
