,round,tube,sp_div_H,tot_pop_0,tot_final_pop,tot_auc,mean_fc,deg_score,nut_score
0,0.0,0.0,-0.0,10.0,36.0,19640.0,3.5999964000036,0.07089998140021347,0.13397456640517746
1,0.0,1.0,-0.0,10.0,36.0,19652.0,3.5999964000036,0.070233576356734,0.13397457778965738
2,0.0,2.0,-0.0,10.0,30.0,19727.0,2.9999970000030003,0.06875071836859925,0.1339745960757106
