,round,tube,sp,pop_0,final_pop,st_div_H,auc,fc
0,0.0,0.0,7.0,9.0,2.0,-0.0,314.0,0.22222197530891633
1,0.0,1.0,7.0,9.0,2.0,-0.0,327.0,0.22222197530891633
2,0.0,2.0,7.0,9.0,0.0,,136.0,0.0
