,round,tube,nut,amount
0,0.0,0.0,0.0,0.23141070526205354
1,0.0,0.0,1.0,2000.0
2,0.0,0.0,2.0,0.08788891944040245
3,0.0,0.0,3.0,2000.0
4,0.0,1.0,0.0,0.06928507032734998
5,0.0,1.0,1.0,2000.0
6,0.0,1.0,2.0,0.945370096553618
7,0.0,1.0,3.0,2000.0
8,0.0,2.0,0.0,0.2540059987613812
9,0.0,2.0,1.0,2000.0
10,0.0,2.0,2.0,0.8931006850803933
11,0.0,2.0,3.0,2000.0
