,round,tube,sp,pop_0,final_pop,st_div_H,auc,fc
0,0.0,0.0,9.0,10.0,88.0,-0.0,6743.0,8.799991200008801
1,0.0,1.0,9.0,10.0,79.0,-0.0,7691.0,7.8999921000079
2,0.0,2.0,9.0,10.0,82.0,-0.0,6698.0,8.1999918000082
