,round,tube,sp_div_H,tot_pop_0,tot_final_pop,tot_auc,mean_fc,deg_score,nut_score
0,0.0,0.0,-0.0,6.0,93.0,17231.0,15.499974166709723,0.09689815789668577,0.13397456606872649
1,0.0,1.0,-0.0,6.0,116.0,17334.0,19.333301111164815,0.09766752311084326,0.13397458337632462
2,0.0,2.0,-0.0,6.0,93.0,17458.0,15.499974166709723,0.09687405073104649,0.13397459028680192
