,round,tube,sp,pop_0,final_pop,st_div_H,auc,fc
0,0.0,0.0,9.0,13.0,71.0,-0.0,6999.0,5.4615342603582615
1,0.0,1.0,9.0,13.0,88.0,-0.0,7720.0,6.769225562134183
2,0.0,2.0,9.0,13.0,86.0,-0.0,8349.0,6.615379526631133
