,round,tube,sp,pop_0,final_pop,st_div_H,auc,fc
0,0.0,0.0,7.0,20.0,563.0,-0.0,66838.0,28.149985925007037
1,0.0,1.0,7.0,20.0,581.0,0.08697951822278505,69389.0,29.04998547500726
2,0.0,2.0,7.0,20.0,563.0,0.09623634297852049,68155.0,28.149985925007037
