,round,tube,sp,pop_0,final_pop,st_div_H,auc,fc
0,0.0,0.0,1.0,37.0,1275.0,-0.0,59894.0,34.459450146094554
1,0.0,1.0,1.0,37.0,1252.0,-0.0,61491.0,33.83782869247873
2,0.0,2.0,1.0,37.0,1274.0,-0.0,58417.0,34.43242312637212
