,round,tube,nut,amount
0,0.0,0.0,0.0,0.5215787051013704
1,0.0,0.0,1.0,0.20771825130573518
2,0.0,0.0,2.0,1677.476728189844
3,0.0,0.0,3.0,1456.777499908719
4,0.0,1.0,0.0,0.23271400927118108
5,0.0,1.0,1.0,0.14189181751340468
6,0.0,1.0,2.0,812.9210965724569
7,0.0,1.0,3.0,0.615688578618026
8,0.0,2.0,0.0,0.28076506823335234
9,0.0,2.0,1.0,0.2388898147771369
10,0.0,2.0,2.0,812.8863630116875
11,0.0,2.0,3.0,0.5571872134040536
