,round,tube,sp,pop_0,final_pop,st_div_H,auc,fc
0,0.0,0.0,1.0,45.0,883.0,0.6254283924233304,97965.0,19.622217861729364
1,0.0,1.0,1.0,45.0,847.0,0.6855290636525986,92792.0,18.8222180395071
2,0.0,2.0,1.0,45.0,816.0,0.5912136340479766,92992.0,18.1333293037046
