,round,tube,sp,pop_0,final_pop,st_div_H,auc,fc
0,0.0,0.0,1.0,10.0,625.0,-0.0,31142.0,62.4999375000625
1,0.0,1.0,1.0,10.0,709.0,-0.0,34413.0,70.8999291000709
2,0.0,2.0,1.0,10.0,624.0,-0.0,33585.0,62.3999376000624
