,round,tube,sp_div_H,tot_pop_0,tot_final_pop,tot_auc,mean_fc,deg_score,nut_score
0,0.0,0.0,-0.0,3.0,323.0,16889.0,107.66630777897407,0.18903414308449873,0.2928932171068792
1,0.0,1.0,-0.0,3.0,350.0,12245.0,116.66627777907406,0.19288387557015385,0.29289316097546036
2,0.0,2.0,-0.0,3.0,309.0,19622.0,102.99965666781111,0.19013688715002053,0.29289319109319967
