,round,tube,sp,st,final_pop
0,0,0,0,"(0.020994571781913038, 0.05204089954662736, 0.0221622232172199, 0.0, 0.0, 0.02913486473025094, 0.011798435583182179, 0.023482661619739813, 0.0, 0.0)",53
1,0,0,0,"(0.020994571781913038, 0.05204089954662736, 0.015380364267453466, 0.0, 0.0, 0.011428942963955226, 0.011798435583182179, 0.01753442265518833, 0.0, 0.0)",49
2,0,1,0,"(0.020994571781913038, 0.05204089954662736, 0.0221622232172199, 0.0, 0.0, 0.02913486473025094, 0.011798435583182179, 0.023482661619739813, 0.0, 0.0)",46
3,0,1,0,"(0.020994571781913038, 0.05204089954662736, 0.015380364267453466, 0.0, 0.0, 0.011428942963955226, 0.011798435583182179, 0.01753442265518833, 0.0, 0.0)",9
4,0,1,0,"(0.020994571781913038, 0.05204089954662736, 0.018640008765250744, 0.0, 0.0, 0.025680339825784597, 0.011798435583182179, 0.01753442265518833, 0.0, 0.0)",12
5,0,2,0,"(0.020994571781913038, 0.05204089954662736, 0.0221622232172199, 0.0, 0.0, 0.02913486473025094, 0.011798435583182179, 0.023482661619739813, 0.0, 0.0)",14
6,0,2,0,"(0.020994571781913038, 0.05204089954662736, 0.018640008765250744, 0.0, 0.0, 0.025680339825784597, 0.011798435583182179, 0.01753442265518833, 0.0, 0.0)",26
7,0,2,0,"(0.020994571781913038, 0.05204089954662736, 0.015380364267453466, 0.0, 0.0, 0.011428942963955226, 0.011798435583182179, 0.01753442265518833, 0.0, 0.0)",47
