,round,tube,sp,st,final_pop
0,0,0,9,"(0.09004828104187033, 0.0, 0.06091029417347717, 0.0, 0.12647368364204675, 0.11791601395337861, 0.053611899513104376, 0.17067000804556212, 0.0, 0.02195829510738229)",53
1,0,0,9,"(0.09004828104187033, 0.0, 0.06091029417347717, 0.0, 0.12647368364204675, 0.11791601395337861, 0.053611899513104376, 0.191265684694745, 0.0, 0.02195829510738229)",9
2,0,1,9,"(0.09004828104187033, 0.0, 0.06091029417347717, 0.0, 0.12647368364204675, 0.11791601395337861, 0.053611899513104376, 0.191265684694745, 0.0, 0.02195829510738229)",15
3,0,1,9,"(0.09004828104187033, 0.0, 0.06091029417347717, 0.0, 0.12647368364204675, 0.11791601395337861, 0.053611899513104376, 0.17067000804556212, 0.0, 0.02195829510738229)",66
4,0,2,9,"(0.09004828104187033, 0.0, 0.06091029417347717, 0.0, 0.12647368364204675, 0.11791601395337861, 0.053611899513104376, 0.17067000804556212, 0.0, 0.02195829510738229)",63
5,0,2,9,"(0.09004828104187033, 0.0, 0.06091029417347717, 0.0, 0.12647368364204675, 0.11791601395337861, 0.053611899513104376, 0.191265684694745, 0.0, 0.02195829510738229)",23
