,round,tube,sp,pop_0,final_pop,st_div_H,auc,fc
0,0.0,0.0,13.0,10.0,406.0,-0.0,43014.0,40.5999594000406
1,0.0,1.0,13.0,10.0,400.0,-0.0,43857.0,39.99996000004
2,0.0,2.0,13.0,10.0,504.0,-0.0,48812.0,50.399949600050405
