,round,tube,sp_div_H,tot_pop_0,tot_final_pop,tot_auc,mean_fc,deg_score,nut_score
0,0.0,0.0,-0.0,26.0,514.0,45301.0,19.7692231656834,0.27134612896218213,0.4999999886077052
1,0.0,1.0,-0.0,26.0,505.0,44252.0,19.423069452665594,0.2673002661411862,0.49892733527713307
2,0.0,2.0,-0.0,26.0,519.0,47520.0,19.96153078402662,0.26982655093436525,0.4989280458600538
