,round,tube,nut,amount
0,0.0,0.0,0.0,0.08525857014017912
1,0.0,0.0,1.0,0.07568253182667561
2,0.0,0.0,2.0,812.7909954136596
3,0.0,0.0,3.0,0.39656058717549947
4,0.0,1.0,0.0,0.21948063899527703
5,0.0,1.0,1.0,0.08187689826703526
6,0.0,1.0,2.0,812.7620964362085
7,0.0,1.0,3.0,0.3478863482781922
8,0.0,2.0,0.0,0.496863268490511
9,0.0,2.0,1.0,0.03906553843897953
10,0.0,2.0,2.0,1677.4727414984145
11,0.0,2.0,3.0,1456.770785166964
