,round,tube,sp_div_H,tot_pop_0,tot_final_pop,tot_auc,mean_fc,deg_score,nut_score
0,0.0,0.0,-0.0,61.0,1109.0,121435.0,18.18032488847133,0.2615913081250928,0.49999993739543525
1,0.0,1.0,-0.0,61.0,1034.0,114326.0,16.950816893308705,0.2589040954644788,0.49732484389365417
2,0.0,2.0,-0.0,61.0,1034.0,111011.0,16.950816893308705,0.2635470049351242,0.49732529756037946
