,round,tube,nut,amount
0,0.0,0.0,0.0,49.06199388747416
1,0.0,0.0,1.0,0.26338252085732
2,0.0,0.0,2.0,0.35064785119645875
3,0.0,0.0,3.0,2000.0
4,0.0,1.0,0.0,995.9028695977461
5,0.0,1.0,1.0,1.3035384832153936
6,0.0,1.0,2.0,9.350856567355297
7,0.0,1.0,3.0,2000.0
8,0.0,2.0,0.0,1304.1582009464423
9,0.0,2.0,1.0,614.8984003303976
10,0.0,2.0,2.0,620.4752117002008
11,0.0,2.0,3.0,2000.0
