,round,tube,sp,pop_0,final_pop,st_div_H,auc,fc
0,0.0,0.0,11.0,10.0,41.0,0.5736385996937376,22464.0,4.0999959000041
1,0.0,1.0,11.0,10.0,39.0,1.5277133098275821,21330.0,3.8999961000039
2,0.0,2.0,11.0,10.0,49.0,1.1501099271917443,22713.0,4.8999951000049
