,round,tube,sp,pop_0,final_pop,st_div_H,auc,fc
0,0.0,0.0,6.0,14.0,139.0,-0.0,17606.0,9.92856433673976
1,0.0,1.0,6.0,14.0,124.0,-0.0,16722.0,8.857136530616764
2,0.0,2.0,6.0,14.0,145.0,-0.0,18395.0,10.357135459188958
