,round,tube,sp,pop_0,final_pop,st_div_H,auc,fc
0,0.0,0.0,11.0,27.0,597.0,1.1900236464085818,70717.0,22.111102921813732
1,0.0,1.0,11.0,27.0,589.0,1.1743805331159112,71848.0,21.814806735256767
2,0.0,2.0,11.0,27.0,561.0,1.347699407067505,68966.0,20.777770082307377
