,round,tube,nut,amount
0,0.0,0.0,0.0,1694.3264671362315
1,0.0,0.0,1.0,2000.0
2,0.0,0.0,2.0,18.79675377732798
3,0.0,0.0,3.0,0.5380115774897583
4,0.0,1.0,0.0,1692.096645105545
5,0.0,1.0,1.0,2000.0
6,0.0,1.0,2.0,4.344306408703005
7,0.0,1.0,3.0,0.4588014609829798
8,0.0,2.0,0.0,1699.7364829621872
9,0.0,2.0,1.0,2000.0
10,0.0,2.0,2.0,53.8614216799925
11,0.0,2.0,3.0,0.24236545220476358
