,round,tube,sp_div_H,tot_pop_0,tot_final_pop,tot_auc,mean_fc,deg_score,nut_score
0,0.0,0.0,-0.0,12.0,24.0,18614.0,1.9999983333347222,0.07863732654519451,0.1339745641169704
1,0.0,1.0,-0.0,12.0,30.0,18284.0,2.499997916668403,0.07793829909026684,0.13397456413647035
2,0.0,2.0,-0.0,12.0,39.0,19118.0,3.2499972916689237,0.07594925430151189,0.13397459190548866
