,round,tube,nut,amount
0,0.0,0.0,0.0,1667.1119508145352
1,0.0,0.0,1.0,1337.3727044497477
2,0.0,0.0,2.0,1340.0406296305773
3,0.0,0.0,3.0,2000.0
4,0.0,1.0,0.0,1636.4782544040365
5,0.0,1.0,1.0,1276.3950771216864
6,0.0,1.0,2.0,1279.3085155020303
7,0.0,1.0,3.0,2000.0
8,0.0,2.0,0.0,1686.574360263392
9,0.0,2.0,1.0,1376.1134275533354
10,0.0,2.0,2.0,1378.62537160965
11,0.0,2.0,3.0,2000.0
