,round,tube,sp,pop_0,final_pop,st_div_H,auc,fc
0,0.0,0.0,13.0,60.0,1133.0,0.7229736491139304,124173.0,18.883330186111635
1,0.0,1.0,13.0,60.0,1156.0,0.6123926352839189,123230.0,19.26666345555609
2,0.0,2.0,13.0,60.0,1106.0,0.8820307192862683,118894.0,18.43333026111162
