,round,tube,nut,amount
0,0.0,0.0,0.0,2000.0
1,0.0,0.0,1.0,2000.0
2,0.0,0.0,2.0,0.7962206873047668
3,0.0,0.0,3.0,0.11251643507561537
4,0.0,1.0,0.0,2000.0
5,0.0,1.0,1.0,2000.0
6,0.0,1.0,2.0,0.0594398472491009
7,0.0,1.0,3.0,0.11895881591912882
8,0.0,2.0,0.0,2000.0
9,0.0,2.0,1.0,2000.0
10,0.0,2.0,2.0,0.21076689863129983
11,0.0,2.0,3.0,0.7265357280596625
