,round,tube,sp,st,final_pop
0,0,0,9,"(0.14366431865073756, 0.1404126330556474, 0.0, 0.0, 0.0, 0.05964717490902346, 0.0, 0.0, 0.14534880549223067, 0.1449089225822706)",52
1,0,0,9,"(0.1473879045132767, 0.1404126330556474, 0.0, 0.0, 0.0, 0.05964717490902346, 0.0, 0.0, 0.14534880549223067, 0.1449089225822706)",10
2,0,1,9,"(0.1473879045132767, 0.1404126330556474, 0.0, 0.0, 0.0, 0.05964717490902346, 0.0, 0.0, 0.14534880549223067, 0.1449089225822706)",9
3,0,1,9,"(0.14366431865073756, 0.1404126330556474, 0.0, 0.0, 0.0, 0.05964717490902346, 0.0, 0.0, 0.14534880549223067, 0.1449089225822706)",55
4,0,2,9,"(0.14366431865073756, 0.1404126330556474, 0.0, 0.0, 0.0, 0.05964717490902346, 0.0, 0.0, 0.14534880549223067, 0.1449089225822706)",60
