,round,tube,sp_div_H,tot_pop_0,tot_final_pop,tot_auc,mean_fc,deg_score,nut_score
0,0.0,0.0,-0.0,23.0,288.0,27812.0,12.521733686202746,0.23371233898533728,0.3451547181946758
1,0.0,1.0,-0.0,23.0,323.0,27965.0,14.043472155012108,0.23161256019534615,0.3451509297465347
2,0.0,2.0,-0.0,23.0,324.0,29679.0,14.08695039697809,0.23145272042242693,0.3451494015564457
