,round,tube,sp,pop_0,final_pop,st_div_H,auc,fc
0,0.0,0.0,13.0,8.0,458.0,-0.0,45734.0,57.24992843758945
1,0.0,1.0,13.0,8.0,321.0,0.31748763090761634,47686.0,40.1249498438127
2,0.0,2.0,13.0,8.0,223.0,0.12381624440340101,37559.0,27.874965156293555
