,round,tube,sp_div_H,tot_pop_0,tot_final_pop,tot_auc,mean_fc,deg_score,nut_score
0,0.0,0.0,-0.0,7.0,354.0,32918.0,50.57135632663382,0.13345578967020755,0.29289318808717735
1,0.0,1.0,-0.0,7.0,347.0,28702.0,49.57135775520321,0.13465111006123076,0.29289317018874905
2,0.0,2.0,-0.0,7.0,314.0,30234.0,44.85707877560175,0.13689806875423582,0.29289316822221534
