,round,tube,nut,amount
0,0.0,0.0,0.0,1691.5174351343048
1,0.0,0.0,1.0,2000.0
2,0.0,0.0,2.0,0.5901944169570212
3,0.0,0.0,3.0,0.42250730870712483
4,0.0,1.0,0.0,1691.5320025724066
5,0.0,1.0,1.0,2000.0
6,0.0,1.0,2.0,0.6846123254554717
7,0.0,1.0,3.0,0.32203869527909856
8,0.0,2.0,0.0,1691.4942561058033
9,0.0,2.0,1.0,2000.0
10,0.0,2.0,2.0,0.4399610418790879
11,0.0,2.0,3.0,0.343781321867975
