,round,tube,sp_div_H,tot_pop_0,tot_final_pop,tot_auc,mean_fc,deg_score,nut_score
0,0.0,0.0,-0.0,15.0,239.0,16776.0,15.933322711118192,0.31592521517042027,0.3046200906423221
1,0.0,1.0,-0.0,15.0,261.0,17724.0,17.399988400007732,0.31788725348743996,0.4999015713824988
2,0.0,2.0,-0.0,15.0,271.0,19222.0,18.066654622230253,0.31570024727273205,0.499997799931303
