,round,tube,sp_div_H,tot_pop_0,tot_final_pop,tot_auc,mean_fc,deg_score,nut_score
0,0.0,0.0,-0.0,5.0,44.0,22400.0,8.799982400035201,0.04754258229591679,0.13397458029398768
1,0.0,1.0,-0.0,5.0,58.0,22469.0,11.5999768000464,0.04593383785623051,0.1339745766847935
2,0.0,2.0,-0.0,5.0,45.0,22094.0,8.999982000036,0.050087084517212443,0.13397456489909398
