,round,tube,sp,pop_0,final_pop,st_div_H,auc,fc
0,0.0,0.0,11.0,30.0,622.0,1.9592882382589853,63401.0,20.733326422224525
1,0.0,1.0,11.0,30.0,607.0,1.8366099587007385,62326.0,20.23332658889114
2,0.0,2.0,11.0,30.0,621.0,1.9271928742798037,66023.0,20.6999931000023
