,round,tube,nut,amount
0,0.0,0.0,0.0,0.6605475031101466
1,0.0,0.0,1.0,0.035000647502361204
2,0.0,0.0,2.0,2000.0
3,0.0,0.0,3.0,0.22422018950908218
4,0.0,1.0,0.0,891.583404524578
5,0.0,1.0,1.0,0.19688524251259842
6,0.0,1.0,2.0,2000.0
7,0.0,1.0,3.0,0.609499233553721
8,0.0,2.0,0.0,891.5150581075784
9,0.0,2.0,1.0,0.23696768064003138
10,0.0,2.0,2.0,2000.0
11,0.0,2.0,3.0,0.4862142002141532
