,round,tube,sp_div_H,tot_pop_0,tot_final_pop,tot_auc,mean_fc,deg_score,nut_score
0,0.0,0.0,-0.0,6.0,676.0,18572.0,112.66647888920185,0.20152679849952737,0.3070356444271195
1,0.0,1.0,-0.0,6.0,645.0,28548.0,107.49982083363194,0.20593266727073878,0.31416424071499083
2,0.0,2.0,-0.0,6.0,646.0,25069.0,107.6664872225213,0.20573571984185735,0.31267202169708275
