,round,tube,sp,pop_0,final_pop,st_div_H,auc,fc
0,0.0,0.0,13.0,14.0,318.0,1.0689548533632591,50855.0,22.714269489807506
1,0.0,1.0,13.0,14.0,246.0,0.9494579997028272,38645.0,17.57141602041713
2,0.0,2.0,13.0,14.0,313.0,0.9252596260633041,49919.0,22.35712688776651
