,round,tube,sp,pop_0,final_pop,st_div_H,auc,fc
0,0.0,0.0,0.0,4.0,122.0,-0.0,6471.0,30.49992375019063
1,0.0,1.0,0.0,4.0,114.0,-0.0,5965.0,28.499928750178128
2,0.0,2.0,0.0,4.0,117.0,-0.0,7547.0,29.249926875182815
