,round,tube,sp,pop_0,final_pop,st_div_H,auc,fc
0,0.0,0.0,9.0,9.0,47.0,0.6820148175994905,2094.0,5.222216419759534
1,0.0,1.0,9.0,9.0,21.0,0.6645284386549151,1084.0,2.3333307407436217
2,0.0,2.0,9.0,9.0,30.0,0.5004024235381879,1354.0,3.333329629633745
