,round,tube,nut,amount
0,0.0,0.0,0.0,0.14605776888639133
1,0.0,0.0,1.0,2000.0
2,0.0,0.0,2.0,0.8432310331542742
3,0.0,0.0,3.0,0.012558850528829879
4,0.0,1.0,0.0,0.24538049945673246
5,0.0,1.0,1.0,2000.0
6,0.0,1.0,2.0,0.24718625490878754
7,0.0,1.0,3.0,0.21214399461303157
8,0.0,2.0,0.0,0.16162444179274715
9,0.0,2.0,1.0,2000.0
10,0.0,2.0,2.0,0.17859329882507513
11,0.0,2.0,3.0,0.11511710346700166
