,round,tube,sp,pop_0,final_pop,st_div_H,auc,fc
0,0.0,0.0,12.0,10.0,0.0,,223.0,0.0
1,0.0,1.0,12.0,10.0,3.0,-0.0,404.0,0.2999997000003
2,0.0,2.0,12.0,10.0,5.0,-0.0,320.0,0.49999950000050003
