,round,tube,sp_div_H,tot_pop_0,tot_final_pop,tot_auc,mean_fc,deg_score,nut_score
0,0.0,0.0,-0.0,65.0,977.0,110768.0,15.03076691834355,0.2601649790606303,0.4973246247711933
1,0.0,1.0,-0.0,65.0,1052.0,116508.0,16.184612894674938,0.26447135015523404,0.4999999522683709
2,0.0,2.0,-0.0,65.0,1030.0,111907.0,15.846151408284397,0.263043011235234,0.49732496704357854
