,round,tube,sp,st,final_pop
0,0,0,1,"(0.0, 0.0, 0.10922905711608999, 0.0, 0.0, 0.07577624578880941, 0.0, 0.0, 0.0, 0.09965925051150999)",505
1,0,1,1,"(0.0, 0.0, 0.10922905711608999, 0.0, 0.0, 0.08830067724282468, 0.0, 0.0, 0.0, 0.09965925051150999)",12
2,0,1,1,"(0.0, 0.0, 0.08055169272155689, 0.0, 0.0, 0.07577624578880941, 0.0, 0.0, 0.0, 0.09965925051150999)",48
3,0,1,1,"(0.0, 0.0, 0.10922905711608999, 0.0, 0.0, 0.07577624578880941, 0.0, 0.0, 0.0, 0.09965925051150999)",454
4,0,2,1,"(0.0, 0.0, 0.10922905711608999, 0.0, 0.0, 0.07577624578880941, 0.0, 0.0, 0.0, 0.09965925051150999)",535
5,0,2,1,"(0.0, 0.0, 0.08055169272155689, 0.0, 0.0, 0.07577624578880941, 0.0, 0.0, 0.0, 0.09965925051150999)",7
