,round,tube,sp,pop_0,final_pop,st_div_H,auc,fc
0,0.0,0.0,12.0,6.0,206.0,0.5802422826398749,31280.0,34.33327611120648
1,0.0,1.0,12.0,6.0,191.0,0.4347759190813775,31824.0,31.833280277866205
2,0.0,2.0,12.0,6.0,180.0,0.33712105440876083,30154.0,29.999950000083334
