,round,tube,sp,pop_0,final_pop,st_div_H,auc,fc
0,0.0,0.0,2.0,5.0,97.0,-0.0,6216.0,19.399961200077602
1,0.0,1.0,2.0,5.0,104.0,-0.0,4585.0,20.799958400083202
2,0.0,2.0,2.0,5.0,107.0,-0.0,4632.0,21.399957200085602
