,round,tube,sp,st,final_pop
0,0,0,11,"(0.0, 0.2757473975825492, 0.1367197211091892, 0.04040033156174563, 0.0, 0.04967609323038082, 0.0, 0.0, 0.12873704939550185, 0.0)",1
1,0,0,11,"(0.0, 0.2757473975825492, 0.1367197211091892, 0.04040033156174563, 0.0, 0.08265916420214552, 0.0, 0.0, 0.12873704939550185, 0.0)",184
2,0,1,11,"(0.0, 0.2757473975825492, 0.1367197211091892, 0.04040033156174563, 0.0, 0.08265916420214552, 0.0, 0.0, 0.12873704939550185, 0.0)",214
3,0,2,11,"(0.0, 0.2757473975825492, 0.1367197211091892, 0.04040033156174563, 0.0, 0.08265916420214552, 0.0, 0.0, 0.12873704939550185, 0.0)",161
4,0,2,11,"(0.0, 0.2757473975825492, 0.1367197211091892, 0.04040033156174563, 0.0, 0.04967609323038082, 0.0, 0.0, 0.12873704939550185, 0.0)",69
