,round,tube,nut,amount
0,0.0,0.0,0.0,0.21642170920779952
1,0.0,0.0,1.0,2000.0
2,0.0,0.0,2.0,0.517212494659594
3,0.0,0.0,3.0,350.76899832221955
4,0.0,1.0,0.0,0.4875640473870446
5,0.0,1.0,1.0,2000.0
6,0.0,1.0,2.0,0.3046602090962436
7,0.0,1.0,3.0,350.59367907414247
8,0.0,2.0,0.0,0.05031282819199545
9,0.0,2.0,1.0,2000.0
10,0.0,2.0,2.0,0.3782752418736192
11,0.0,2.0,3.0,350.65439887379074
