,round,tube,sp,pop_0,final_pop,st_div_H,auc,fc
0,0.0,0.0,13.0,9.0,72.0,0.34883209584303193,5041.0,7.999991111120988
1,0.0,1.0,13.0,9.0,75.0,0.416883242392296,5217.0,8.333324074084363
2,0.0,2.0,13.0,9.0,77.0,-0.0,6675.0,8.555546049393278
