,round,tube,sp,pop_0,final_pop,st_div_H,auc,fc
0,0.0,0.0,1.0,5.0,548.0,0.8730646220732463,26929.0,109.59978080043841
1,0.0,1.0,1.0,5.0,647.0,0.6279828278581272,21579.0,129.3997412005176
2,0.0,2.0,1.0,5.0,449.0,0.7698156966374633,27603.0,89.79982040035921
