,round,tube,sp_div_H,tot_pop_0,tot_final_pop,tot_auc,mean_fc,deg_score,nut_score
0,0.0,0.0,-0.0,27.0,519.0,40081.0,19.222215102883297,0.16333997346592444,0.29281436056291377
1,0.0,1.0,-0.0,27.0,539.0,44938.0,19.962955569275714,0.16333997346592444,0.2928751522623544
2,0.0,2.0,-0.0,27.0,589.0,44888.0,21.814806735256767,0.16333997346592444,0.29280683538777574
