,round,tube,nut,amount
0,0.0,0.0,0.0,0.3431514339789924
1,0.0,0.0,1.0,2000.0
2,0.0,0.0,2.0,207.12548556248512
3,0.0,0.0,3.0,0.1373359069215918
4,0.0,1.0,0.0,0.4020791225254253
5,0.0,1.0,1.0,2000.0
6,0.0,1.0,2.0,207.17831960301893
7,0.0,1.0,3.0,0.23906425065860837
8,0.0,2.0,0.0,0.1975375624444483
9,0.0,2.0,1.0,2000.0
10,0.0,2.0,2.0,0.2274773440533716
11,0.0,2.0,3.0,0.11092702777561858
