,round,tube,sp_div_H,tot_pop_0,tot_final_pop,tot_auc,mean_fc,deg_score,nut_score
0,0.0,0.0,-0.0,10.0,356.0,15273.0,35.5999644000356,0.23930727578187516,0.44864230494113955
1,0.0,1.0,-0.0,10.0,332.0,17229.0,33.1999668000332,0.23708915896980842,0.44970086650538244
2,0.0,2.0,-0.0,10.0,324.0,14817.0,32.399967600032404,0.2414671639756817,0.4481914044838925
