,round,tube,sp_div_H,tot_pop_0,tot_final_pop,tot_auc,mean_fc,deg_score,nut_score
0,0.0,0.0,-0.0,2.0,232.0,15584.0,115.99942000289998,0.06248593598476482,0.36634660049906187
1,0.0,1.0,-0.0,2.0,409.0,9432.0,204.49897750511246,0.0623438710793387,0.36356236372742623
2,0.0,2.0,-0.0,2.0,220.0,15805.0,109.99945000274998,0.0626317408096646,0.3663445714317626
