,round,tube,sp,pop_0,final_pop,st_div_H,auc,fc
0,0.0,0.0,11.0,11.0,212.0,-0.0,11057.0,19.272709752082044
1,0.0,1.0,11.0,11.0,197.0,0.5921846050467959,11606.0,17.909074628113974
2,0.0,2.0,11.0,11.0,198.0,0.45056120886630463,11887.0,17.999983636378513
