,round,tube,nut,amount
0,0.0,0.0,0.0,0.929910085046868
1,0.0,0.0,1.0,2000.0
2,0.0,0.0,2.0,0.18346539436730147
3,0.0,0.0,3.0,2000.0
4,0.0,1.0,0.0,0.8996897632748925
5,0.0,1.0,1.0,2000.0
6,0.0,1.0,2.0,0.4100272707068551
7,0.0,1.0,3.0,2000.0
8,0.0,2.0,0.0,0.9167299333074486
9,0.0,2.0,1.0,2000.0
10,0.0,2.0,2.0,0.017014842775678996
11,0.0,2.0,3.0,2000.0
