,round,tube,sp_div_H,tot_pop_0,tot_final_pop,tot_auc,mean_fc,deg_score,nut_score
0,0.0,0.0,-0.0,11.0,99.0,14719.0,8.999991818189256,0.0988210587237005,0.13397459429846226
1,0.0,1.0,-0.0,11.0,88.0,13799.0,7.999992727279339,0.09525335830146808,0.13397456886668413
2,0.0,2.0,-0.0,11.0,70.0,15461.0,6.363630578517656,0.09374450275691337,0.13397457997670525
