,round,tube,nut,amount
0,0.0,0.0,0.0,0.5275677253345283
1,0.0,0.0,1.0,0.2848116228123964
2,0.0,0.0,2.0,2000.0
3,0.0,0.0,3.0,1335.978828225436
4,0.0,1.0,0.0,0.5045172839259215
5,0.0,1.0,1.0,0.44446300475411477
6,0.0,1.0,2.0,2000.0
7,0.0,1.0,3.0,1335.9711732156159
8,0.0,2.0,0.0,0.7134779451518949
9,0.0,2.0,1.0,0.4438395470296696
10,0.0,2.0,2.0,2000.0
11,0.0,2.0,3.0,1336.040568672576
