,round,tube,nut,amount
0,0.0,0.0,0.0,2000.0
1,0.0,0.0,1.0,0.1958512184926242
2,0.0,0.0,2.0,2000.0
3,0.0,0.0,3.0,0.5562797831973976
4,0.0,1.0,0.0,2000.0
5,0.0,1.0,1.0,0.3843939520620556
6,0.0,1.0,2.0,2000.0
7,0.0,1.0,3.0,0.8921218521148322
8,0.0,2.0,0.0,2000.0
9,0.0,2.0,1.0,0.5064254292907382
10,0.0,2.0,2.0,2000.0
11,0.0,2.0,3.0,0.9249985935948928
