,round,tube,nut,amount
0,0.0,0.0,0.0,2000.0
1,0.0,0.0,1.0,1261.213303574541
2,0.0,0.0,2.0,2000.0
3,0.0,0.0,3.0,1943.0367938942932
4,0.0,1.0,0.0,2000.0
5,0.0,1.0,1.0,330.7669057710547
6,0.0,1.0,2.0,2000.0
7,0.0,1.0,3.0,1871.2959109238257
8,0.0,2.0,0.0,2000.0
9,0.0,2.0,1.0,0.42934279005559883
10,0.0,2.0,2.0,2000.0
11,0.0,2.0,3.0,1845.8256543861953
