,round,tube,sp,pop_0,final_pop,st_div_H,auc,fc
0,0.0,0.0,5.0,7.0,717.0,-0.0,29729.0,102.42842510224986
1,0.0,1.0,5.0,7.0,725.0,-0.0,38602.0,103.57128061245628
2,0.0,2.0,5.0,7.0,810.0,-0.0,33951.0,115.71412040839942
