,round,tube,sp,pop_0,final_pop,st_div_H,auc,fc
0,0.0,0.0,1.0,8.0,647.0,-0.0,41568.0,80.87489890637637
1,0.0,1.0,1.0,8.0,519.0,0.6383370864838969,41216.0,64.87491890635137
2,0.0,2.0,1.0,8.0,554.0,0.22636698153196494,43088.0,69.2499134376082
