,round,tube,sp_div_H,tot_pop_0,tot_final_pop,tot_auc,mean_fc,deg_score,nut_score
0,0.0,0.0,-0.0,11.0,101.0,9551.0,9.181809834718333,0.17856611569629977,0.2928931686862828
1,0.0,1.0,-0.0,11.0,106.0,9946.0,9.636354876041022,0.18164615196333678,0.292893158783212
2,0.0,2.0,-0.0,11.0,109.0,11731.0,9.909081900834636,0.17288509319262113,0.29289316069290305
