,round,tube,sp_div_H,tot_pop_0,tot_final_pop,tot_auc,mean_fc,deg_score,nut_score
0,0.0,0.0,0.0,1.0,0.0,5.0,0.0,0.0004557877813783362,0.00039889926402192355
1,0.0,1.0,-0.0,1.0,785.0,24157.0,784.9921500784992,0.25245846522308524,0.3875683342798504
2,0.0,2.0,-0.0,1.0,802.0,16480.0,801.9919800801991,0.2526282240155606,0.38323144424636546
