,round,tube,nut,amount
0,0.0,0.0,0.0,0.24074535158896482
1,0.0,0.0,1.0,0.7524205900807157
2,0.0,0.0,2.0,2000.0
3,0.0,0.0,3.0,2000.0
4,0.0,1.0,0.0,0.04940584914352175
5,0.0,1.0,1.0,0.5949508151830878
6,0.0,1.0,2.0,2000.0
7,0.0,1.0,3.0,2000.0
8,0.0,2.0,0.0,0.4932867846904972
9,0.0,2.0,1.0,0.1148591762519049
10,0.0,2.0,2.0,2000.0
11,0.0,2.0,3.0,2000.0
