,round,tube,sp,pop_0,final_pop,st_div_H,auc,fc
0,0.0,0.0,8.0,2.0,977.0,-0.0,90841.0,488.49755751221244
1,0.0,1.0,8.0,2.0,958.0,-0.0,91279.0,478.99760501197494
2,0.0,2.0,8.0,2.0,970.0,-0.0,94073.0,484.9975750121249
