,round,tube,sp_div_H,tot_pop_0,tot_final_pop,tot_auc,mean_fc,deg_score,nut_score
0,0.0,0.0,-0.0,8.0,2.0,327.0,0.24999968750039064,0.027096667566288812,0.026641240383961096
1,0.0,1.0,-0.0,8.0,3.0,428.0,0.37499953125058594,0.035020614470247846,0.036111627451550166
2,0.0,2.0,-0.0,8.0,5.0,494.0,0.6249992187509766,0.03998563552550394,0.03882752457867655
