,round,tube,sp_div_H,tot_pop_0,tot_final_pop,tot_auc,mean_fc,deg_score,nut_score
0,0.0,0.0,-0.0,13.0,175.0,10820.0,13.461528106516841,0.3231354737489994,0.304619582306372
1,0.0,1.0,-0.0,13.0,196.0,11295.0,15.076911479298863,0.32164534852690596,0.30462029067345253
2,0.0,2.0,-0.0,13.0,207.0,10751.0,15.923064674565635,0.3207024863387935,0.30462141404540943
