,round,tube,sp,pop_0,final_pop,st_div_H,auc,fc
0,0.0,0.0,8.0,39.0,756.0,0.5030996361652518,101239.0,19.384610414202456
1,0.0,1.0,8.0,39.0,787.0,0.16299166948577543,103005.0,20.179482005261022
2,0.0,2.0,8.0,39.0,789.0,0.18365882357007607,104088.0,20.230764043393833
