,round,tube,sp_div_H,tot_pop_0,tot_final_pop,tot_auc,mean_fc,deg_score,nut_score
0,0.0,0.0,-0.0,48.0,946.0,107791.0,19.70832922743141,0.25291412673293956,0.4973232481861921
1,0.0,1.0,-0.0,48.0,942.0,109987.0,19.624995911459184,0.2516152786249183,0.49732311767849513
2,0.0,2.0,-0.0,48.0,950.0,109355.0,19.791662543403636,0.2541152576524196,0.4999999468271332
