,round,tube,sp_div_H,tot_pop_0,tot_final_pop,tot_auc,mean_fc,deg_score,nut_score
0,0.0,0.0,-0.0,11.0,322.0,32606.0,29.27270066118122,0.13106629527179448,0.292893182829561
1,0.0,1.0,-0.0,11.0,316.0,31583.0,28.72724661159399,0.13368729641587174,0.2928931853787242
2,0.0,2.0,-0.0,11.0,317.0,31835.0,28.81815561985853,0.13427029962640225,0.29289320780383443
