,round,tube,nut,amount
0,0.0,0.0,0.0,851.0666344335435
1,0.0,0.0,1.0,271.7222994480936
2,0.0,0.0,2.0,2000.0
3,0.0,0.0,3.0,2000.0
4,0.0,1.0,0.0,870.482987114948
5,0.0,1.0,1.0,300.92925815520914
6,0.0,1.0,2.0,2000.0
7,0.0,1.0,3.0,2000.0
8,0.0,2.0,0.0,706.4361178357484
9,0.0,2.0,1.0,54.16251387077716
10,0.0,2.0,2.0,2000.0
11,0.0,2.0,3.0,2000.0
