,round,tube,sp_div_H,tot_pop_0,tot_final_pop,tot_auc,mean_fc,deg_score,nut_score
0,0.0,0.0,-0.0,62.0,1099.0,119684.0,17.725803592612323,0.2560936137955161,0.4999999577499066
1,0.0,1.0,-0.0,62.0,1091.0,119463.0,17.596771355359458,0.25330939337036606,0.4973226897034956
2,0.0,2.0,-0.0,62.0,1113.0,123314.0,17.951610007804838,0.2560657027798693,0.497325514873293
