,round,tube,sp_div_H,tot_pop_0,tot_final_pop,tot_auc,mean_fc,deg_score,nut_score
0,0.0,0.0,-0.0,1.0,987.0,87197.0,986.990130098699,0.11745632393593564,0.29289321871102514
1,0.0,1.0,-0.0,1.0,1021.0,82454.0,1020.9897901020989,0.11481920589617922,0.29289317195654974
2,0.0,2.0,-0.0,1.0,958.0,86568.0,957.990420095799,0.11494689974371763,0.29289321676370994
