,round,tube,sp,pop_0,final_pop,st_div_H,auc,fc
0,0.0,0.0,11.0,30.0,464.0,1.2167403439344975,49143.0,15.46666151111283
1,0.0,1.0,11.0,30.0,510.0,1.158412098609022,52032.0,16.999994333335223
2,0.0,2.0,11.0,30.0,526.0,1.0777226445902204,50002.0,17.533327488890837
