,round,tube,sp,st,final_pop
0,0,0,13,"(0.0, 0.0, 0.15056624352389386, 0.05684169385579235, 0.048860742029295266, 0.07489992963210028, 0.0, 0.0, 0.14899621190854193, 0.0)",68
1,0,0,13,"(0.0, 0.0, 0.08611509024444561, 0.05684169385579235, 0.048860742029295266, 0.07473410672027003, 0.0, 0.0, 0.14899621190854193, 0.0)",23
2,0,1,13,"(0.0, 0.0, 0.15056624352389386, 0.05684169385579235, 0.048860742029295266, 0.07489992963210028, 0.0, 0.0, 0.14899621190854193, 0.0)",62
3,0,1,13,"(0.0, 0.0, 0.08611509024444561, 0.05684169385579235, 0.048860742029295266, 0.07473410672027003, 0.0, 0.0, 0.14899621190854193, 0.0)",26
4,0,2,13,"(0.0, 0.0, 0.08611509024444561, 0.05684169385579235, 0.048860742029295266, 0.07473410672027003, 0.0, 0.0, 0.14899621190854193, 0.0)",9
5,0,2,13,"(0.0, 0.0, 0.15056624352389386, 0.05684169385579235, 0.048860742029295266, 0.07489992963210028, 0.0, 0.0, 0.14899621190854193, 0.0)",79
