,round,tube,nut,amount
0,0.0,0.0,0.0,0.3304177113619686
1,0.0,0.0,1.0,2000.0
2,0.0,0.0,2.0,0.45621856356681434
3,0.0,0.0,3.0,811.7218621633212
4,0.0,1.0,0.0,0.013341977937130878
5,0.0,1.0,1.0,2000.0
6,0.0,1.0,2.0,0.1189325413487321
7,0.0,1.0,3.0,0.5349849279447225
8,0.0,2.0,0.0,0.5053091887396377
9,0.0,2.0,1.0,2000.0
10,0.0,2.0,2.0,0.18127412599953985
11,0.0,2.0,3.0,811.8257891925176
