,round,tube,sp_div_H,tot_pop_0,tot_final_pop,tot_auc,mean_fc,deg_score,nut_score
0,0.0,0.0,-0.0,30.0,1203.0,120665.0,40.09998663333779,0.26051634779111277,0.4999999578832205
1,0.0,1.0,-0.0,30.0,1191.0,116452.0,39.69998676667108,0.26315367659264743,0.49999993348012195
2,0.0,2.0,-0.0,30.0,1142.0,111680.0,38.06665397778201,0.2593298805396921,0.4973224757603677
