,round,tube,sp,st,final_pop
0,0,0,13,"(0.0, 0.0, 0.04786195405222186, 0.06920069129515957, 0.07141026827233896, 0.06951210365508877, 0.0, 0.0, 0.1275365450411557, 0.0)",89
1,0,0,13,"(0.0, 0.0, 0.10643975481336834, 0.06920069129515957, 0.020858472615329294, 0.07489992963210028, 0.0, 0.0, 0.14899621190854193, 0.0)",2
2,0,0,13,"(0.0, 0.0, 0.07347948062801586, 0.06920069129515957, 0.028659936773411908, 0.06951210365508877, 0.0, 0.0, 0.1443194747035673, 0.0)",3
3,0,1,13,"(0.0, 0.0, 0.04786195405222186, 0.06920069129515957, 0.07141026827233896, 0.06951210365508877, 0.0, 0.0, 0.1275365450411557, 0.0)",75
4,0,1,13,"(0.0, 0.0, 0.10643975481336834, 0.06920069129515957, 0.020858472615329294, 0.07489992963210028, 0.0, 0.0, 0.14899621190854193, 0.0)",8
5,0,1,13,"(0.0, 0.0, 0.07347948062801586, 0.06920069129515957, 0.028659936773411908, 0.06951210365508877, 0.0, 0.0, 0.1443194747035673, 0.0)",14
6,0,2,13,"(0.0, 0.0, 0.04786195405222186, 0.06920069129515957, 0.07141026827233896, 0.06951210365508877, 0.0, 0.0, 0.1275365450411557, 0.0)",80
7,0,2,13,"(0.0, 0.0, 0.10643975481336834, 0.06920069129515957, 0.020858472615329294, 0.07489992963210028, 0.0, 0.0, 0.14899621190854193, 0.0)",6
8,0,2,13,"(0.0, 0.0, 0.07347948062801586, 0.06920069129515957, 0.028659936773411908, 0.06951210365508877, 0.0, 0.0, 0.1443194747035673, 0.0)",3
