,round,tube,nut,amount
0,0.0,0.0,0.0,2000.0
1,0.0,0.0,1.0,2000.0
2,0.0,0.0,2.0,0.8242506411176641
3,0.0,0.0,3.0,0.20467982093510706
4,0.0,1.0,0.0,2000.0
5,0.0,1.0,1.0,2000.0
6,0.0,1.0,2.0,0.9768182108200295
7,0.0,1.0,3.0,0.15427563213603435
8,0.0,2.0,0.0,2000.0
9,0.0,2.0,1.0,2000.0
10,0.0,2.0,2.0,0.9666491731785805
11,0.0,2.0,3.0,0.5727798257414811
