,round,tube,sp,st,final_pop
0,0,0,11,"(0.11080621742429601, 0.0, 0.0, 0.0, 0.0, 0.0, 0.0, 0.0, 0.06416164919574671, 0.0)",26
1,0,0,11,"(0.11080621742429601, 0.0, 0.0, 0.0, 0.0, 0.0, 0.0, 0.0, 0.024400287358956836, 0.0)",2
2,0,1,11,"(0.11080621742429601, 0.0, 0.0, 0.0, 0.0, 0.0, 0.0, 0.0, 0.024400287358956836, 0.0)",4
3,0,1,11,"(0.11080621742429601, 0.0, 0.0, 0.0, 0.0, 0.0, 0.0, 0.0, 0.06416164919574671, 0.0)",23
4,0,2,11,"(0.11080621742429601, 0.0, 0.0, 0.0, 0.0, 0.0, 0.0, 0.0, 0.06416164919574671, 0.0)",26
5,0,2,11,"(0.11080621742429601, 0.0, 0.0, 0.0, 0.0, 0.0, 0.0, 0.0, 0.024400287358956836, 0.0)",1
