,round,tube,sp_div_H,tot_pop_0,tot_final_pop,tot_auc,mean_fc,deg_score,nut_score
0,0.0,0.0,-0.0,25.0,188.0,34756.0,7.519996992001204,0.18167596377239514,0.2928931641514998
1,0.0,1.0,-0.0,25.0,176.0,35325.0,7.039997184001127,0.18407028628966626,0.2928931795220433
2,0.0,2.0,-0.0,25.0,162.0,33324.0,6.4799974080010365,0.18271873359057766,0.2928931637444854
