,round,tube,nut,amount
0,0.0,0.0,0.0,0.8551237036227821
1,0.0,0.0,1.0,0.5746452437238583
2,0.0,0.0,2.0,2000.0
3,0.0,0.0,3.0,2000.0
4,0.0,1.0,0.0,0.7109900409458842
5,0.0,1.0,1.0,0.4346581190693954
6,0.0,1.0,2.0,2000.0
7,0.0,1.0,3.0,2000.0
8,0.0,2.0,0.0,0.2458262935524087
9,0.0,2.0,1.0,0.12816871804788388
10,0.0,2.0,2.0,2000.0
11,0.0,2.0,3.0,2000.0
