,round,tube,sp_div_H,tot_pop_0,tot_final_pop,tot_auc,mean_fc,deg_score,nut_score
0,0.0,0.0,-0.0,12.0,171.0,21236.0,14.249988125009896,0.11349595596782536,0.29289315456726395
1,0.0,1.0,-0.0,12.0,145.0,22936.0,12.083323263897281,0.1173369303609928,0.2928931755560529
2,0.0,2.0,-0.0,12.0,149.0,20324.0,12.416656319453068,0.11040216439217254,0.29289314271202016
