,round,tube,sp_div_H,tot_pop_0,tot_final_pop,tot_auc,mean_fc,deg_score,nut_score
0,0.0,0.0,-0.0,3.0,247.0,4608.0,82.3330588898037,0.19829744352149514,0.28999004188490074
1,0.0,1.0,-0.0,3.0,255.0,6542.0,84.99971666761111,0.21526797317586233,0.4143990909741101
2,0.0,2.0,-0.0,3.0,260.0,7580.0,86.66637777874074,0.22475693458646828,0.44772357462886636
