,round,tube,sp,st,final_pop
0,0,0,11,"(0.0, 0.16096039471768997, 0.052908643398223765, 0.023312788201391408, 0.0, 0.2438918289056631, 0.0, 0.0, 0.12873704939550185, 0.0)",1
1,0,0,11,"(0.0, 0.16096039471768997, 0.052908643398223765, 0.027414063150099584, 0.0, 0.2438918289056631, 0.0, 0.0, 0.08037989556587231, 0.0)",170
2,0,0,11,"(0.0, 0.16096039471768997, 0.052908643398223765, 0.027414063150099584, 0.0, 0.2438918289056631, 0.0, 0.0, 0.12873704939550185, 0.0)",25
3,0,1,11,"(0.0, 0.16096039471768997, 0.052908643398223765, 0.023312788201391408, 0.0, 0.2438918289056631, 0.0, 0.0, 0.12873704939550185, 0.0)",42
4,0,1,11,"(0.0, 0.16096039471768997, 0.052908643398223765, 0.027414063150099584, 0.0, 0.2438918289056631, 0.0, 0.0, 0.08037989556587231, 0.0)",154
5,0,1,11,"(0.0, 0.16096039471768997, 0.052908643398223765, 0.027414063150099584, 0.0, 0.2438918289056631, 0.0, 0.0, 0.12873704939550185, 0.0)",29
6,0,2,11,"(0.0, 0.16096039471768997, 0.052908643398223765, 0.027414063150099584, 0.0, 0.2438918289056631, 0.0, 0.0, 0.08037989556587231, 0.0)",169
7,0,2,11,"(0.0, 0.16096039471768997, 0.052908643398223765, 0.027414063150099584, 0.0, 0.2438918289056631, 0.0, 0.0, 0.12873704939550185, 0.0)",33
8,0,2,11,"(0.0, 0.16096039471768997, 0.052908643398223765, 0.023312788201391408, 0.0, 0.2438918289056631, 0.0, 0.0, 0.12873704939550185, 0.0)",7
