,round,tube,nut,amount
0,0.0,0.0,0.0,0.06433124184362793
1,0.0,0.0,1.0,45.45604930254558
2,0.0,0.0,2.0,0.4330073791301743
3,0.0,0.0,3.0,2000.0
4,0.0,1.0,0.0,0.43249112010360813
5,0.0,1.0,1.0,7.274355570218811
6,0.0,1.0,2.0,0.18739187987900152
7,0.0,1.0,3.0,2000.0
8,0.0,2.0,0.0,0.2887930127421843
9,0.0,2.0,1.0,3.3943335405588435
10,0.0,2.0,2.0,0.35591715635126064
11,0.0,2.0,3.0,2000.0
