,round,tube,sp,st,final_pop
0,0,0,5,"(0.07810222657677802, 0.13151103531888653, 0.10190027431471028, 0.15635869157497512, 0.0, 0.0, 0.0, 0.02505485331893928, 0.0, 0.0)",515
1,0,1,5,"(0.07810222657677802, 0.13151103531888653, 0.10190027431471028, 0.15635869157497512, 0.0, 0.0, 0.0, 0.02505485331893928, 0.0, 0.0)",793
2,0,2,5,"(0.07810222657677802, 0.13151103531888653, 0.10190027431471028, 0.15635869157497512, 0.0, 0.0, 0.0, 0.02505485331893928, 0.0, 0.0)",715
