,round,tube,sp_div_H,tot_pop_0,tot_final_pop,tot_auc,mean_fc,deg_score,nut_score
0,0.0,0.0,-0.0,52.0,1267.0,134217.0,24.365379929734626,0.22736109597493426,0.499999992216165
1,0.0,1.0,-0.0,52.0,1242.0,133080.0,23.884610791421,0.22454421373684352,0.4973262893679301
2,0.0,2.0,-0.0,52.0,1211.0,131760.0,23.2884570599121,0.22142934438071749,0.49732397209209833
