,round,tube,sp,pop_0,final_pop,st_div_H,auc,fc
0,0.0,0.0,1.0,45.0,823.0,2.025873408110845,82786.0,18.28888482469226
1,0.0,1.0,1.0,45.0,782.0,2.1305797365616157,80209.0,17.37777391605024
2,0.0,2.0,1.0,45.0,855.0,2.048355102633726,84757.0,18.999995777778715
