,round,tube,sp,pop_0,final_pop,st_div_H,auc,fc
0,0.0,0.0,13.0,6.0,88.0,0.6471544257641807,8761.0,14.666642222262963
1,0.0,1.0,13.0,6.0,84.0,0.9361262102471499,7836.0,13.999976666705557
2,0.0,2.0,13.0,6.0,92.0,0.9011281901443705,9203.0,15.333307777820371
