,round,tube,nut,amount
0,0.0,0.0,0.0,0.781541137995784
1,0.0,0.0,1.0,0.47469671298846505
2,0.0,0.0,2.0,2000.0
3,0.0,0.0,3.0,2000.0
4,0.0,1.0,0.0,0.1061515500818222
5,0.0,1.0,1.0,0.3263074404752304
6,0.0,1.0,2.0,2000.0
7,0.0,1.0,3.0,2000.0
8,0.0,2.0,0.0,0.9524786463939945
9,0.0,2.0,1.0,0.5713595162925043
10,0.0,2.0,2.0,2000.0
11,0.0,2.0,3.0,2000.0
