,round,tube,sp,st,final_pop
0,0,0,2,"(0.0, 0.07187970772408801, 0.05497067501782922, 0.1333128341068244, 0.0651274896174571, 0.07251546538329634, 0.0, 0.0, 0.10909099872922264, 0.0)",69
1,0,0,2,"(0.0, 0.07187970772408801, 0.05497067501782922, 0.1658280540527044, 0.0651274896174571, 0.07251546538329634, 0.0, 0.0, 0.10909099872922264, 0.0)",125
2,0,0,2,"(0.0, 0.10609637873065447, 0.05497067501782922, 0.1658280540527044, 0.0651274896174571, 0.07251546538329634, 0.0, 0.0, 0.1654908027082088, 0.0)",30
3,0,1,2,"(0.0, 0.07187970772408801, 0.05497067501782922, 0.1658280540527044, 0.0651274896174571, 0.07251546538329634, 0.0, 0.0, 0.10909099872922264, 0.0)",131
4,0,1,2,"(0.0, 0.10609637873065447, 0.05497067501782922, 0.1658280540527044, 0.0651274896174571, 0.07251546538329634, 0.0, 0.0, 0.1654908027082088, 0.0)",50
5,0,1,2,"(0.0, 0.07187970772408801, 0.05497067501782922, 0.1333128341068244, 0.0651274896174571, 0.07251546538329634, 0.0, 0.0, 0.10909099872922264, 0.0)",28
6,0,2,2,"(0.0, 0.07187970772408801, 0.05497067501782922, 0.1333128341068244, 0.0651274896174571, 0.07251546538329634, 0.0, 0.0, 0.10909099872922264, 0.0)",68
7,0,2,2,"(0.0, 0.10609637873065447, 0.05497067501782922, 0.1658280540527044, 0.0651274896174571, 0.07251546538329634, 0.0, 0.0, 0.1654908027082088, 0.0)",44
8,0,2,2,"(0.0, 0.07187970772408801, 0.05497067501782922, 0.1658280540527044, 0.0651274896174571, 0.07251546538329634, 0.0, 0.0, 0.10909099872922264, 0.0)",124
