,round,tube,nut,amount
0,0.0,0.0,0.0,1693.4651028298772
1,0.0,0.0,1.0,2000.0
2,0.0,0.0,2.0,2000.0
3,0.0,0.0,3.0,1864.6875741457222
4,0.0,1.0,0.0,1475.363745491649
5,0.0,1.0,1.0,2000.0
6,0.0,1.0,2.0,2000.0
7,0.0,1.0,3.0,1768.4119982945065
8,0.0,2.0,0.0,1559.2259599032964
9,0.0,2.0,1.0,2000.0
10,0.0,2.0,2.0,2000.0
11,0.0,2.0,3.0,1805.4309471134227
