,round,tube,sp,st,final_pop
0,0,0,12,"(0.0, 0.07722466692784817, 0.001986531848933542, 0.12661073399994202, 0.03257066399430199, 0.0, 0.0875933066238094, 0.10038771223626228, 0.0, 0.10322515837540021)",28
1,0,0,12,"(0.0, 0.07722466692784817, 0.0015111703434619284, 0.12661073399994202, 0.03257066399430199, 0.0, 0.0875933066238094, 0.10038771223626228, 0.0, 0.10322515837540021)",207
2,0,1,12,"(0.0, 0.07722466692784817, 0.001986531848933542, 0.12661073399994202, 0.03257066399430199, 0.0, 0.0875933066238094, 0.10038771223626228, 0.0, 0.10322515837540021)",2
3,0,1,12,"(0.0, 0.07722466692784817, 0.0015111703434619284, 0.12661073399994202, 0.03257066399430199, 0.0, 0.0875933066238094, 0.10038771223626228, 0.0, 0.10322515837540021)",250
4,0,2,12,"(0.0, 0.07722466692784817, 0.0015111703434619284, 0.12661073399994202, 0.03257066399430199, 0.0, 0.0875933066238094, 0.10038771223626228, 0.0, 0.10322515837540021)",255
