,round,tube,sp_div_H,tot_pop_0,tot_final_pop,tot_auc,mean_fc,deg_score,nut_score
0,0.0,0.0,0.0,14.0,0.0,411.0,0.0,0.052180592327881525,0.047847928514009874
1,0.0,1.0,-0.0,14.0,1.0,186.0,0.0714285204081997,0.02380444825719985,0.021066059088315492
2,0.0,2.0,-0.0,14.0,1.0,403.0,0.0714285204081997,0.051066160424317664,0.045967791005958714
