,round,tube,sp,st,final_pop
0,0,0,13,"(0.0, 0.0, 0.08014607266067042, 0.0, 0.09121516464587792, 0.012272649458557041, 0.009780631277895531, 0.0, 0.07929425345773215, 0.022854187839533902)",170
1,0,0,13,"(0.0, 0.0, 0.0464851075581008, 0.0, 0.09121516464587792, 0.012272649458557041, 0.009780631277895531, 0.0, 0.07929425345773215, 0.022854187839533902)",576
2,0,0,13,"(0.0, 0.0, 0.04198794063234867, 0.0, 0.09121516464587792, 0.012272649458557041, 0.009780631277895531, 0.0, 0.07929425345773215, 0.022854187839533902)",546
3,0,1,13,"(0.0, 0.0, 0.04198794063234867, 0.0, 0.09121516464587792, 0.012272649458557041, 0.009780631277895531, 0.0, 0.07929425345773215, 0.022854187839533902)",819
4,0,1,13,"(0.0, 0.0, 0.08014607266067042, 0.0, 0.09121516464587792, 0.012272649458557041, 0.009780631277895531, 0.0, 0.07929425345773215, 0.022854187839533902)",136
5,0,1,13,"(0.0, 0.0, 0.0464851075581008, 0.0, 0.09121516464587792, 0.012272649458557041, 0.009780631277895531, 0.0, 0.07929425345773215, 0.022854187839533902)",233
6,0,2,13,"(0.0, 0.0, 0.08014607266067042, 0.0, 0.09121516464587792, 0.012272649458557041, 0.009780631277895531, 0.0, 0.07929425345773215, 0.022854187839533902)",61
7,0,2,13,"(0.0, 0.0, 0.04198794063234867, 0.0, 0.09121516464587792, 0.012272649458557041, 0.009780631277895531, 0.0, 0.07929425345773215, 0.022854187839533902)",914
8,0,2,13,"(0.0, 0.0, 0.0464851075581008, 0.0, 0.09121516464587792, 0.012272649458557041, 0.009780631277895531, 0.0, 0.07929425345773215, 0.022854187839533902)",285
