,round,tube,sp_div_H,tot_pop_0,tot_final_pop,tot_auc,mean_fc,deg_score,nut_score
0,0.0,0.0,-0.0,18.0,409.0,45026.0,22.722209598772444,0.045307460500381036,0.1339745697124035
1,0.0,1.0,-0.0,18.0,421.0,43998.0,23.38887589506895,0.04638826995825662,0.13397458726083422
2,0.0,2.0,-0.0,18.0,369.0,42271.0,20.499988611117438,0.045956892443470676,0.13397458304495447
