,round,tube,sp,pop_0,final_pop,st_div_H,auc,fc
0,0.0,0.0,1.0,22.0,870.0,0.5202524790061904,81477.0,39.54543657025611
1,0.0,1.0,1.0,22.0,832.0,0.5448689341178792,77486.0,37.818164628106985
2,0.0,2.0,1.0,22.0,801.0,0.7540947023161695,73318.0,36.409074359511656
