,round,tube,sp_div_H,tot_pop_0,tot_final_pop,tot_auc,mean_fc,deg_score,nut_score
0,0.0,0.0,-0.0,8.0,17.0,810.0,2.1249973437533205,0.0942587857572541,0.08812140507003141
1,0.0,1.0,-0.0,8.0,16.0,884.0,1.9999975000031252,0.10226676885260766,0.09578484244731
2,0.0,2.0,-0.0,8.0,32.0,1592.0,3.9999950000062503,0.16727084822408556,0.1602660201320415
