,round,tube,nut,amount
0,0.0,0.0,0.0,1873.8813087274152
1,0.0,0.0,1.0,1460.8175987194031
2,0.0,0.0,2.0,1144.0230161963839
3,0.0,0.0,3.0,2000.0
4,0.0,1.0,0.0,1845.9391247302526
5,0.0,1.0,1.0,1341.3592241311812
6,0.0,1.0,2.0,954.3773250031117
7,0.0,1.0,3.0,2000.0
8,0.0,2.0,0.0,1920.7409070763938
9,0.0,2.0,1.0,1661.151668997985
10,0.0,2.0,2.0,1462.0626124867645
11,0.0,2.0,3.0,2000.0
