,round,tube,sp,pop_0,final_pop,st_div_H,auc,fc
0,0.0,0.0,1.0,11.0,836.0,-0.0,69637.0,75.99993090915372
1,0.0,1.0,1.0,11.0,835.0,-0.0,70628.0,75.90902190088919
2,0.0,2.0,1.0,11.0,766.0,-0.0,66674.0,69.63630033063606
