,round,tube,sp,pop_0,final_pop,st_div_H,auc,fc
0,0.0,0.0,7.0,27.0,579.0,1.2912810639892596,71380.0,21.444436502060555
1,0.0,1.0,7.0,27.0,541.0,1.5749866233177232,67970.0,20.037029615914957
2,0.0,2.0,7.0,27.0,574.0,1.601445007983686,68822.0,21.25925138546245
