,round,tube,sp,pop_0,final_pop,st_div_H,auc,fc
0,0.0,0.0,8.0,11.0,285.0,-0.0,12147.0,25.909067355393315
1,0.0,1.0,8.0,11.0,262.0,0.12314001880389891,11651.0,23.818160165308942
2,0.0,2.0,8.0,11.0,267.0,0.09304098219209274,13498.0,24.27270520663163
