,round,tube,nut,amount
0,0.0,0.0,0.0,2000.0
1,0.0,0.0,1.0,2000.0
2,0.0,0.0,2.0,0.29727852055730697
3,0.0,0.0,3.0,0.5733179595359355
4,0.0,1.0,0.0,2000.0
5,0.0,1.0,1.0,2000.0
6,0.0,1.0,2.0,0.2900381907342737
7,0.0,1.0,3.0,0.532042230505585
8,0.0,2.0,0.0,2000.0
9,0.0,2.0,1.0,2000.0
10,0.0,2.0,2.0,0.11784332183314161
11,0.0,2.0,3.0,0.6207519134665587
