,round,tube,sp_div_H,tot_pop_0,tot_final_pop,tot_auc,mean_fc,deg_score,nut_score
0,0.0,0.0,-0.0,7.0,89.0,3466.0,12.714267551046357,0.18574874351495618,0.13393124524513922
1,0.0,1.0,-0.0,7.0,47.0,1348.0,6.714276122462683,0.0889468147103828,0.08396361269241992
2,0.0,2.0,-0.0,7.0,88.0,3938.0,12.571410612270554,0.18521502736702344,0.13397457491523512
