,round,tube,nut,amount
0,0.0,0.0,0.0,28.233317209567566
1,0.0,0.0,1.0,2000.0
2,0.0,0.0,2.0,2000.0
3,0.0,0.0,3.0,0.32284064931190254
4,0.0,1.0,0.0,13.897724986443967
5,0.0,1.0,1.0,2000.0
6,0.0,1.0,2.0,2000.0
7,0.0,1.0,3.0,0.33811901012451856
8,0.0,2.0,0.0,17.99112652263212
9,0.0,2.0,1.0,2000.0
10,0.0,2.0,2.0,2000.0
11,0.0,2.0,3.0,0.1517314727486217
