,round,tube,sp,pop_0,final_pop,st_div_H,auc,fc
0,0.0,0.0,12.0,1.0,194.0,-0.0,3726.0,193.9980600193998
1,0.0,1.0,12.0,1.0,164.0,-0.0,3511.0,163.99836001639983
2,0.0,2.0,12.0,1.0,0.0,,5.0,0.0
