,round,tube,nut,amount
0,0.0,0.0,0.0,1779.4424319253983
1,0.0,0.0,1.0,1784.781725674932
2,0.0,0.0,2.0,2000.0
3,0.0,0.0,3.0,2000.0
4,0.0,1.0,0.0,1848.1916680850939
5,0.0,1.0,1.0,1851.8666690601144
6,0.0,1.0,2.0,2000.0
7,0.0,1.0,3.0,2000.0
8,0.0,2.0,0.0,1733.0579078229343
9,0.0,2.0,1.0,1739.5200857327266
10,0.0,2.0,2.0,2000.0
11,0.0,2.0,3.0,2000.0
