,round,tube,sp,pop_0,final_pop,st_div_H,auc,fc
0,0.0,0.0,0.0,3.0,354.0,-0.0,27283.0,117.99960666797777
1,0.0,1.0,0.0,3.0,431.0,-0.0,24519.0,143.66618777937407
2,0.0,2.0,0.0,3.0,311.0,-0.0,26581.0,103.66632111226296
