,round,tube,sp_div_H,tot_pop_0,tot_final_pop,tot_auc,mean_fc,deg_score,nut_score
0,0.0,0.0,-0.0,7.0,30.0,1191.0,4.285708163274053,0.12140528837782893,0.10278826298527632
1,0.0,1.0,-0.0,7.0,3.0,303.0,0.4285708163274053,0.033749980329358054,0.031164391302800132
2,0.0,2.0,-0.0,7.0,37.0,2183.0,5.285706734704665,0.20048971366858148,0.1399491375275297
