,round,tube,nut,amount
0,0.0,0.0,0.0,2000.0
1,0.0,0.0,1.0,2000.0
2,0.0,0.0,2.0,1972.6002775819752
3,0.0,0.0,3.0,994.3191446789884
4,0.0,1.0,0.0,2000.0
5,0.0,1.0,1.0,2000.0
6,0.0,1.0,2.0,1993.060075144502
7,0.0,1.0,3.0,1745.2766324396177
8,0.0,2.0,0.0,2000.0
9,0.0,2.0,1.0,2000.0
10,0.0,2.0,2.0,1950.325001622834
11,0.0,2.0,3.0,176.72624219151552
