,round,tube,sp_div_H,tot_pop_0,tot_final_pop,tot_auc,mean_fc,deg_score,nut_score
0,0.0,0.0,-0.0,11.0,102.0,9856.0,9.27271884298287,0.20355759948846774,0.1339745758845995
1,0.0,1.0,-0.0,11.0,120.0,10009.0,10.909080991744553,0.20060897412217593,0.13397459584888305
2,0.0,2.0,-0.0,11.0,103.0,10139.0,9.363627851247408,0.20209864112914877,0.1339745709868544
