,round,tube,sp_div_H,tot_pop_0,tot_final_pop,tot_auc,mean_fc,deg_score,nut_score
0,0.0,0.0,0.0,12.0,0.0,278.0,0.0,0.03381268415678884,0.030901459921022112
1,0.0,1.0,0.0,12.0,0.0,274.0,0.0,0.03333412663852964,0.030458524656196473
2,0.0,2.0,0.0,12.0,0.0,207.0,0.0,0.025282870343611097,0.022837084401337027
