,round,tube,sp,pop_0,final_pop,st_div_H,auc,fc
0,0.0,0.0,1.0,5.0,482.0,-0.0,65957.0,96.39980720038561
1,0.0,1.0,1.0,5.0,452.0,0.31921016423643156,61355.0,90.3998192003616
2,0.0,2.0,1.0,5.0,486.0,0.35730464361893033,61384.0,97.1998056003888
