,round,tube,nut,amount
0,0.0,0.0,0.0,0.012385484575674677
1,0.0,0.0,1.0,0.5885546689690861
2,0.0,0.0,2.0,2000.0
3,0.0,0.0,3.0,2000.0
4,0.0,1.0,0.0,0.40304077891745405
5,0.0,1.0,1.0,0.2489799494110555
6,0.0,1.0,2.0,2000.0
7,0.0,1.0,3.0,2000.0
8,0.0,2.0,0.0,0.3827616938865588
9,0.0,2.0,1.0,0.24226007530520988
10,0.0,2.0,2.0,2000.0
11,0.0,2.0,3.0,2000.0
