,round,tube,sp_div_H,tot_pop_0,tot_final_pop,tot_auc,mean_fc,deg_score,nut_score
0,0.0,0.0,-0.0,8.0,241.0,16260.0,30.124962343797073,0.31057424720437476,0.2928931827578778
1,0.0,1.0,-0.0,8.0,220.0,10088.0,27.49996562504297,0.3129580399156281,0.29289318254749497
2,0.0,2.0,-0.0,8.0,267.0,13224.0,33.37495828130215,0.31540330643731174,0.2928931932331109
