,round,tube,sp,pop_0,final_pop,st_div_H,auc,fc
0,0.0,0.0,6.0,14.0,145.0,0.6396535976734503,18128.0,10.357135459188958
1,0.0,1.0,6.0,14.0,152.0,0.664831809365535,21487.0,10.857135102046357
2,0.0,2.0,6.0,14.0,143.0,0.6919485990207567,20422.0,10.214278418372558
