,round,tube,sp,st,final_pop
0,0,0,1,"(0.0, 0.0, 0.10922905711608999, 0.0, 0.0, 0.07577624578880941, 0.0, 0.0, 0.0, 0.09965925051150999)",597
1,0,0,1,"(0.0, 0.0, 0.10922905711608999, 0.0, 0.0, 0.10490632121780671, 0.0, 0.0, 0.0, 0.09965925051150999)",4
2,0,1,1,"(0.0, 0.0, 0.10922905711608999, 0.0, 0.0, 0.07577624578880941, 0.0, 0.0, 0.0, 0.09965925051150999)",492
3,0,1,1,"(0.0, 0.0, 0.10050407552723942, 0.0, 0.0, 0.07577624578880941, 0.0, 0.0, 0.0, 0.09965925051150999)",16
4,0,2,1,"(0.0, 0.0, 0.10922905711608999, 0.0, 0.0, 0.10490632121780671, 0.0, 0.0, 0.0, 0.09965925051150999)",70
5,0,2,1,"(0.0, 0.0, 0.10050407552723942, 0.0, 0.0, 0.07577624578880941, 0.0, 0.0, 0.0, 0.09965925051150999)",57
6,0,2,1,"(0.0, 0.0, 0.10922905711608999, 0.0, 0.0, 0.07577624578880941, 0.0, 0.0, 0.0, 0.09965925051150999)",463
