,round,tube,nut,amount
0,0.0,0.0,0.0,0.6489612898119431
1,0.0,0.0,1.0,2000.0
2,0.0,0.0,2.0,0.9246567763571399
3,0.0,0.0,3.0,2000.0
4,0.0,1.0,0.0,0.8248804481855689
5,0.0,1.0,1.0,2000.0
6,0.0,1.0,2.0,0.8937075850789131
7,0.0,1.0,3.0,2000.0
8,0.0,2.0,0.0,0.35901845977517766
9,0.0,2.0,1.0,2000.0
10,0.0,2.0,2.0,0.8677954783187564
11,0.0,2.0,3.0,2000.0
