,round,tube,sp,pop_0,final_pop,st_div_H,auc,fc
0,0.0,0.0,2.0,16.0,45.0,0.5561490267096183,7838.0,2.8124982421885987
1,0.0,1.0,2.0,16.0,49.0,1.0775332398305242,7056.0,3.0624980859386963
2,0.0,2.0,2.0,16.0,44.0,0.8771786692265877,7409.0,2.749998281251074
