,round,tube,sp_div_H,tot_pop_0,tot_final_pop,tot_auc,mean_fc,deg_score,nut_score
0,0.0,0.0,-0.0,7.0,127.0,17426.0,18.142831224526823,0.0971139045287992,0.13397459473206208
1,0.0,1.0,-0.0,7.0,125.0,17601.0,17.85711734697522,0.09625832255332312,0.13397457965581372
2,0.0,2.0,-0.0,7.0,109.0,17652.0,15.571406326562391,0.09815270568037282,0.13397459615030594
