,round,tube,sp,pop_0,final_pop,st_div_H,auc,fc
0,0.0,0.0,8.0,16.0,449.0,0.692946275244614,37221.0,28.062482460948463
1,0.0,1.0,8.0,16.0,412.0,0.688887665252919,36504.0,25.74998390626006
2,0.0,2.0,8.0,16.0,420.0,0.691229855094104,34689.0,26.249983593760255
