,round,tube,sp_div_H,tot_pop_0,tot_final_pop,tot_auc,mean_fc,deg_score,nut_score
0,0.0,0.0,0.0,5.0,0.0,66.0,0.0,0.008549272941317132,0.007551007660844489
1,0.0,1.0,0.0,5.0,0.0,191.0,0.0,0.024568049029473293,0.022387641627993005
2,0.0,2.0,0.0,5.0,0.0,145.0,0.0,0.018699976317632427,0.016845538880655764
