,round,tube,sp_div_H,tot_pop_0,tot_final_pop,tot_auc,mean_fc,deg_score,nut_score
0,0.0,0.0,-0.0,2.0,151.0,16049.0,75.49962250188749,0.09894926459025188,0.13397456778478622
1,0.0,1.0,-0.0,2.0,115.0,16981.0,57.49971250143749,0.09676852870502517,0.13397459266263212
2,0.0,2.0,-0.0,2.0,127.0,16308.0,63.49968250158749,0.09669889676587307,0.1339745879340184
