,round,tube,sp_div_H,tot_pop_0,tot_final_pop,tot_auc,mean_fc,deg_score,nut_score
0,0.0,0.0,-0.0,31.0,617.0,52109.0,19.903219386058264,0.2814714827980329,0.49999993831521083
1,0.0,1.0,-0.0,31.0,609.0,50783.0,19.645154953175822,0.27806727953173715,0.4989283418720599
2,0.0,2.0,-0.0,31.0,566.0,48243.0,18.2580586264327,0.27651919042888595,0.4999999409332976
