,round,tube,sp,pop_0,final_pop,st_div_H,auc,fc
0,0.0,0.0,5.0,12.0,585.0,0.3362390298252087,50095.0,48.74995937503385
1,0.0,1.0,5.0,12.0,557.0,0.5356715202034765,43659.0,46.41662798614335
2,0.0,2.0,5.0,12.0,614.0,0.3236491943418931,50725.0,51.16662402781331
