,round,tube,sp,pop_0,final_pop,st_div_H,auc,fc
0,0.0,0.0,13.0,9.0,38.0,-0.0,1875.0,4.22221753086941
1,0.0,1.0,13.0,9.0,37.0,-0.0,2383.0,4.1111065432149525
2,0.0,2.0,13.0,9.0,48.0,-0.0,1897.0,5.333327407413992
