,round,tube,nut,amount
0,0.0,0.0,0.0,0.5590667237860814
1,0.0,0.0,1.0,2000.0
2,0.0,0.0,2.0,0.47094091329091015
3,0.0,0.0,3.0,811.8577339218909
4,0.0,1.0,0.0,0.23879756702358002
5,0.0,1.0,1.0,2000.0
6,0.0,1.0,2.0,0.2500639516957861
7,0.0,1.0,3.0,0.1122063411959564
8,0.0,2.0,0.0,0.0016311857287618636
9,0.0,2.0,1.0,2000.0
10,0.0,2.0,2.0,0.4871513195931527
11,0.0,2.0,3.0,0.47411084320529473
