,round,tube,nut,amount
0,0.0,0.0,0.0,1739.227384101823
1,0.0,0.0,1.0,1745.5402103188983
2,0.0,0.0,2.0,2000.0
3,0.0,0.0,3.0,2000.0
4,0.0,1.0,0.0,1863.6113468170406
5,0.0,1.0,1.0,1866.9130656825744
6,0.0,1.0,2.0,2000.0
7,0.0,1.0,3.0,2000.0
8,0.0,2.0,0.0,1843.5437799570007
9,0.0,2.0,1.0,1847.3312977694457
10,0.0,2.0,2.0,2000.0
11,0.0,2.0,3.0,2000.0
