,round,tube,sp_div_H,tot_pop_0,tot_final_pop,tot_auc,mean_fc,deg_score,nut_score
0,0.0,0.0,-0.0,13.0,152.0,20335.0,11.69229869823177,0.11605405220822129,0.2928931645622578
1,0.0,1.0,-0.0,13.0,156.0,21138.0,11.99999076923787,0.1175506924390225,0.292893166310888
2,0.0,2.0,-0.0,13.0,175.0,21084.0,13.461528106516841,0.1156766021810991,0.2928931658851577
