,round,tube,sp_div_H,tot_pop_0,tot_final_pop,tot_auc,mean_fc,deg_score,nut_score
0,0.0,0.0,-0.0,12.0,311.0,50441.0,25.916645069462444,0.05345139208723282,0.3991244122561264
1,0.0,1.0,-0.0,12.0,252.0,48763.0,20.999982500014585,0.05452157737211949,0.39911989264803427
2,0.0,2.0,-0.0,12.0,256.0,45982.0,21.333315555570373,0.052776812911876636,0.3991172053911203
