,round,tube,sp_div_H,tot_pop_0,tot_final_pop,tot_auc,mean_fc,deg_score,nut_score
0,0.0,0.0,-0.0,29.0,942.0,74062.0,32.48274741974227,0.19155824675818944,0.49236778775401857
1,0.0,1.0,-0.0,29.0,944.0,73503.0,32.551712913202444,0.1912781481226754,0.4923722111967237
2,0.0,2.0,-0.0,29.0,1015.0,70462.0,34.999987931038646,0.19242401554791833,0.4923700117178622
