,round,tube,sp_div_H,tot_pop_0,tot_final_pop,tot_auc,mean_fc,deg_score,nut_score
0,0.0,0.0,-0.0,9.0,92.0,7652.0,10.222210864210151,0.180959998881552,0.133974595994944
1,0.0,1.0,-0.0,9.0,80.0,6797.0,8.888879012356654,0.1850304228392744,0.1339745645100875
2,0.0,2.0,-0.0,9.0,91.0,8310.0,10.111099876555693,0.17887290451754356,0.13397456447512268
