,round,tube,sp_div_H,tot_pop_0,tot_final_pop,tot_auc,mean_fc,deg_score,nut_score
0,0.0,0.0,-0.0,23.0,501.0,45222.0,21.782599224956858,0.23232091632318952,0.29289321109904154
1,0.0,1.0,-0.0,23.0,514.0,48478.0,22.34781637051462,0.23558136328065982,0.29289319226318056
2,0.0,2.0,-0.0,23.0,525.0,50142.0,22.82607703214042,0.23038119127271217,0.29289317904981715
