,round,tube,sp,pop_0,final_pop,st_div_H,auc,fc
0,0.0,0.0,5.0,9.0,673.0,-0.0,29249.0,74.77769469145035
1,0.0,1.0,5.0,9.0,640.0,-0.0,28060.0,71.11103209885323
2,0.0,2.0,5.0,9.0,579.0,-0.0,31928.0,64.33326185193128
