,round,tube,nut,amount
0,0.0,0.0,0.0,2000.0
1,0.0,0.0,1.0,0.9375790945744882
2,0.0,0.0,2.0,2000.0
3,0.0,0.0,3.0,0.2106517784803188
4,0.0,1.0,0.0,2000.0
5,0.0,1.0,1.0,0.33178197958800215
6,0.0,1.0,2.0,2000.0
7,0.0,1.0,3.0,0.014994607413032712
8,0.0,2.0,0.0,2000.0
9,0.0,2.0,1.0,0.2973536868134614
10,0.0,2.0,2.0,2000.0
11,0.0,2.0,3.0,0.15228494802110148
