,round,tube,sp_div_H,tot_pop_0,tot_final_pop,tot_auc,mean_fc,deg_score,nut_score
0,0.0,0.0,-0.0,7.0,457.0,48296.0,65.2856210205414,0.1532584075742507,0.771965539536136
1,0.0,1.0,-0.0,7.0,264.0,40358.0,37.71423183681166,0.12480028405446719,0.49153918871973745
2,0.0,2.0,-0.0,7.0,458.0,45422.0,65.4284779593172,0.14575113980364363,0.7719784778646468
