,round,tube,sp,pop_0,final_pop,st_div_H,auc,fc
0,0.0,0.0,8.0,13.0,298.0,-0.0,13987.0,22.92305928995439
1,0.0,1.0,8.0,13.0,248.0,-0.0,14408.0,19.07690840237815
2,0.0,2.0,8.0,13.0,246.0,-0.0,16289.0,18.923062366875104
