,round,tube,sp_div_H,tot_pop_0,tot_final_pop,tot_auc,mean_fc,deg_score,nut_score
0,0.0,0.0,-0.0,15.0,287.0,31066.0,19.133320577786282,0.130196832834083,0.29289317247546076
1,0.0,1.0,-0.0,15.0,309.0,32762.0,20.599986266675824,0.1291473592531287,0.2928931960730956
2,0.0,2.0,-0.0,15.0,323.0,31370.0,21.53331897778735,0.12972038533111974,0.29289320819481757
