,round,tube,sp,pop_0,final_pop,st_div_H,auc,fc
0,0.0,0.0,9.0,4.0,51.0,-0.0,1219.0,12.749968125079688
1,0.0,1.0,9.0,4.0,117.0,-0.0,3030.0,29.249926875182815
2,0.0,2.0,9.0,4.0,78.0,-0.0,3966.0,19.499951250121878
