,round,tube,nut,amount
0,0.0,0.0,0.0,2000.0
1,0.0,0.0,1.0,2000.0
2,0.0,0.0,2.0,0.9829957552515126
3,0.0,0.0,3.0,0.36949553912276656
4,0.0,1.0,0.0,2000.0
5,0.0,1.0,1.0,2000.0
6,0.0,1.0,2.0,0.9708501866498579
7,0.0,1.0,3.0,0.25036783697441933
8,0.0,2.0,0.0,2000.0
9,0.0,2.0,1.0,2000.0
10,0.0,2.0,2.0,0.623878978356825
11,0.0,2.0,3.0,0.565856716001619
