,round,tube,sp,pop_0,final_pop,st_div_H,auc,fc
0,0.0,0.0,4.0,10.0,21.0,-0.0,908.0,2.0999979000021
1,0.0,1.0,4.0,10.0,19.0,-0.0,1093.0,1.8999981000019002
2,0.0,2.0,4.0,10.0,23.0,-0.0,1409.0,2.2999977000023
