,round,tube,nut,amount
0,0.0,0.0,0.0,0.6549946859764655
1,0.0,0.0,1.0,0.06829663850033979
2,0.0,0.0,2.0,1677.4982486814758
3,0.0,0.0,3.0,1456.8137466427895
4,0.0,1.0,0.0,0.1804443793043088
5,0.0,1.0,1.0,0.34093364175004826
6,0.0,1.0,2.0,0.7376507001875949
7,0.0,1.0,3.0,0.09702596717765088
8,0.0,2.0,0.0,0.6698677995205822
9,0.0,2.0,1.0,0.30208664652426753
10,0.0,2.0,2.0,1677.5006477697568
11,0.0,2.0,3.0,1456.8177874015466
