,round,tube,sp,pop_0,final_pop,st_div_H,auc,fc
0,0.0,0.0,7.0,20.0,585.0,1.0579080126947062,59934.0,29.249985375007313
1,0.0,1.0,7.0,20.0,584.0,0.9525764854213853,57634.0,29.1999854000073
2,0.0,2.0,7.0,20.0,572.0,1.1578544318960056,56558.0,28.59998570000715
