,round,tube,sp,pop_0,final_pop,st_div_H,auc,fc
0,0.0,0.0,8.0,7.0,307.0,0.23213452646890795,10470.0,43.85708020417114
1,0.0,1.0,8.0,7.0,293.0,-0.0,8470.0,41.857083061309915
2,0.0,2.0,8.0,7.0,253.0,0.443062433528535,11763.0,36.142805510277846
