,round,tube,sp,pop_0,final_pop,st_div_H,auc,fc
0,0.0,0.0,7.0,9.0,9.0,-0.0,802.0,0.9999988888901234
1,0.0,1.0,7.0,9.0,15.0,-0.0,869.0,1.6666648148168726
2,0.0,2.0,7.0,9.0,25.0,-0.0,1536.0,2.7777746913614543
