,round,tube,sp_div_H,tot_pop_0,tot_final_pop,tot_auc,mean_fc,deg_score,nut_score
0,0.0,0.0,-0.0,20.0,518.0,88977.0,25.899987050006477,0.12119113479714372,0.7967919777829692
1,0.0,1.0,-0.0,20.0,392.0,61786.0,19.5999902000049,0.1060505136677038,0.4445575993004457
2,0.0,2.0,-0.0,20.0,373.0,64636.0,18.649990675004663,0.10463423137954397,0.4445518512011285
