,round,tube,sp_div_H,tot_pop_0,tot_final_pop,tot_auc,mean_fc,deg_score,nut_score
0,0.0,0.0,-0.0,15.0,7.0,637.0,0.46666635555576297,0.06379152506029173,0.05813870771615692
1,0.0,1.0,0.0,15.0,0.0,447.0,0.0,0.046863449139945,0.042885694137787866
2,0.0,2.0,-0.0,15.0,12.0,1124.0,0.7999994666670223,0.10138525163772905,0.09271277057173
