,round,tube,sp_div_H,tot_pop_0,tot_final_pop,tot_auc,mean_fc,deg_score,nut_score
0,0.0,0.0,-0.0,15.0,198.0,40419.0,13.199991200005867,0.1210415390345927,0.49155662820161505
1,0.0,1.0,-0.0,15.0,229.0,42404.0,15.266656488895675,0.11624448378977803,0.4915525622185638
2,0.0,2.0,-0.0,15.0,383.0,50599.0,25.53331631112246,0.14102308753818027,0.7719614360496906
