,round,tube,nut,amount
0,0.0,0.0,0.0,2000.0
1,0.0,0.0,1.0,462.1639828362131
2,0.0,0.0,2.0,0.5061158297910938
3,0.0,0.0,3.0,2000.0
4,0.0,1.0,0.0,2000.0
5,0.0,1.0,1.0,715.1849733972232
6,0.0,1.0,2.0,0.6287688966713336
7,0.0,1.0,3.0,2000.0
8,0.0,2.0,0.0,2000.0
9,0.0,2.0,1.0,567.9768768743184
10,0.0,2.0,2.0,0.09467089181277899
11,0.0,2.0,3.0,2000.0
