,round,tube,nut,amount
0,0.0,0.0,0.0,2000.0
1,0.0,0.0,1.0,2000.0
2,0.0,0.0,2.0,0.49748360806970743
3,0.0,0.0,3.0,0.4992363439177602
4,0.0,1.0,0.0,2000.0
5,0.0,1.0,1.0,2000.0
6,0.0,1.0,2.0,0.6975803034301964
7,0.0,1.0,3.0,215.1937120841655
8,0.0,2.0,0.0,2000.0
9,0.0,2.0,1.0,2000.0
10,0.0,2.0,2.0,0.9045850629998567
11,0.0,2.0,3.0,63.58600102638218
