,round,tube,nut,amount
0,0.0,0.0,0.0,0.5168704587390747
1,0.0,0.0,1.0,2000.0
2,0.0,0.0,2.0,207.2812404923518
3,0.0,0.0,3.0,0.23943933957812275
4,0.0,1.0,0.0,0.19111362686529426
5,0.0,1.0,1.0,2000.0
6,0.0,1.0,2.0,0.8825252257207711
7,0.0,1.0,3.0,0.2843144207641677
8,0.0,2.0,0.0,0.35982073418174265
9,0.0,2.0,1.0,2000.0
10,0.0,2.0,2.0,207.14043110854945
11,0.0,2.0,3.0,0.3267948163417608
