,round,tube,sp_div_H,tot_pop_0,tot_final_pop,tot_auc,mean_fc,deg_score,nut_score
0,0.0,0.0,-0.0,17.0,291.0,12091.0,17.1176369896253,0.23337280845213026,0.36082838284726393
1,0.0,1.0,-0.0,17.0,299.0,13314.0,17.588224948102972,0.2370069735618482,0.38350994648390246
2,0.0,2.0,-0.0,17.0,290.0,12461.0,17.058813494815592,0.2352346552520188,0.36787926322194775
