,round,tube,sp,pop_0,final_pop,st_div_H,auc,fc
0,0.0,0.0,1.0,44.0,686.0,0.8252822461107686,74999.0,15.590905547521466
1,0.0,1.0,1.0,44.0,743.0,0.8545360748151682,79611.0,16.88635979855459
2,0.0,2.0,1.0,44.0,755.0,0.8998456136569133,80799.0,17.159087009298407
