,round,tube,sp,pop_0,final_pop,st_div_H,auc,fc
0,0.0,0.0,8.0,21.0,389.0,0.4028110488218703,34292.0,18.523800702952048
1,0.0,1.0,8.0,21.0,416.0,-0.0,36823.0,19.809514376421728
2,0.0,2.0,8.0,21.0,412.0,-0.0,34666.0,19.61903827664844
