,round,tube,sp,pop_0,final_pop,st_div_H,auc,fc
0,0.0,0.0,11.0,23.0,544.0,0.5520104504731166,56218.0,23.652163629494076
1,0.0,1.0,11.0,23.0,572.0,0.6038955842963251,61466.0,24.869554404541564
2,0.0,2.0,11.0,23.0,566.0,0.6836212078200721,58246.0,24.608684952745673
