,round,tube,nut,amount
0,0.0,0.0,0.0,0.2645919352080531
1,0.0,0.0,1.0,0.3818203736747439
2,0.0,0.0,2.0,812.8782603253168
3,0.0,0.0,3.0,0.5435399453064007
4,0.0,1.0,0.0,0.26821965070896814
5,0.0,1.0,1.0,0.28956843126033693
6,0.0,1.0,2.0,812.6851727055985
7,0.0,1.0,3.0,0.218324530828168
8,0.0,2.0,0.0,0.3136691828960339
9,0.0,2.0,1.0,0.27977355167198664
10,0.0,2.0,2.0,812.8236118743165
11,0.0,2.0,3.0,0.451496143280053
