,round,tube,sp,pop_0,final_pop,st_div_H,auc,fc
0,0.0,0.0,13.0,8.0,402.0,0.9249266839183797,48860.0,50.24993718757852
1,0.0,1.0,13.0,8.0,355.0,1.0784037580774852,48030.0,44.374944531319336
2,0.0,2.0,13.0,8.0,264.0,1.1034637573854236,37932.0,32.99995875005156
