,round,tube,nut,amount
0,0.0,0.0,0.0,2000.0
1,0.0,0.0,1.0,0.9688709359536578
2,0.0,0.0,2.0,2000.0
3,0.0,0.0,3.0,2000.0
4,0.0,1.0,0.0,2000.0
5,0.0,1.0,1.0,0.7522109678134408
6,0.0,1.0,2.0,2000.0
7,0.0,1.0,3.0,2000.0
8,0.0,2.0,0.0,2000.0
9,0.0,2.0,1.0,0.3452327362529459
10,0.0,2.0,2.0,2000.0
11,0.0,2.0,3.0,2000.0
