,round,tube,sp,st,final_pop
0,0,0,1,"(0.013807868853807227, 0.0, 0.0, 0.13444574184089794, 0.09524577088537278, 0.0, 0.0, 0.0, 0.24253084167451877, 0.0)",1034
1,0,0,1,"(0.013807868853807227, 0.0, 0.0, 0.13444574184089794, 0.08674017439742161, 0.0, 0.0, 0.0, 0.24253084167451877, 0.0)",26
2,0,1,1,"(0.013807868853807227, 0.0, 0.0, 0.13444574184089794, 0.08674017439742161, 0.0, 0.0, 0.0, 0.24253084167451877, 0.0)",114
3,0,1,1,"(0.013807868853807227, 0.0, 0.0, 0.13444574184089794, 0.09524577088537278, 0.0, 0.0, 0.0, 0.24253084167451877, 0.0)",983
4,0,2,1,"(0.013807868853807227, 0.0, 0.0, 0.13444574184089794, 0.08674017439742161, 0.0, 0.0, 0.0, 0.24253084167451877, 0.0)",38
5,0,2,1,"(0.013807868853807227, 0.0, 0.0, 0.13444574184089794, 0.09524577088537278, 0.0, 0.0, 0.0, 0.24253084167451877, 0.0)",1024
