,round,tube,sp,pop_0,final_pop,st_div_H,auc,fc
0,0.0,0.0,4.0,14.0,69.0,-0.0,4655.0,4.92856790816578
1,0.0,1.0,4.0,14.0,66.0,-0.0,4383.0,4.7142823469411805
2,0.0,2.0,4.0,14.0,84.0,-0.0,3716.0,5.999995714288776
