,round,tube,sp,st,final_pop
0,0,0,11,"(0.0377772708360565, 0.0, 0.0, 0.0, 0.0, 0.0, 0.0, 0.0, 0.06789403434807463, 0.0)",40
1,0,1,11,"(0.0377772708360565, 0.0, 0.0, 0.0, 0.0, 0.0, 0.0, 0.0, 0.06789403434807463, 0.0)",32
2,0,2,11,"(0.0377772708360565, 0.0, 0.0, 0.0, 0.0, 0.0, 0.0, 0.0, 0.06789403434807463, 0.0)",37
