,round,tube,sp,pop_0,final_pop,st_div_H,auc,fc
0,0.0,0.0,6.0,11.0,158.0,0.09407142550489367,19757.0,14.363623305796995
1,0.0,1.0,6.0,11.0,164.0,0.17637885170790846,19488.0,14.909077355384223
2,0.0,2.0,6.0,11.0,160.0,0.36442703306205126,21540.0,14.545441322326072
