,round,tube,sp_div_H,tot_pop_0,tot_final_pop,tot_auc,mean_fc,deg_score,nut_score
0,0.0,0.0,-0.0,27.0,508.0,73947.0,18.814807846367465,0.10557297608700322,0.29289320074718916
1,0.0,1.0,-0.0,27.0,504.0,74002.0,18.66665975308898,0.10477292510609171,0.29289317459912734
2,0.0,2.0,-0.0,27.0,468.0,71069.0,17.333326913582624,0.10335918518700371,0.2928931771639677
