,round,tube,sp,st,final_pop
0,0,0,10,"(0.06461191257573422, 0.0045160176596855004, 0.06832740139210945, 0.0, 0.07485523377464579, 0.0, 0.0, 0.0022730731527826477, 0.0, 0.0)",12
1,0,0,10,"(0.05330024911230232, 0.0045160176596855004, 0.06832740139210945, 0.0, 0.09778622869167854, 0.0, 0.0, 0.0022730731527826477, 0.0, 0.0)",67
2,0,0,10,"(0.06183229356803319, 0.0045160176596855004, 0.06832740139210945, 0.0, 0.10772597225744233, 0.0, 0.0, 0.0022730731527826477, 0.0, 0.0)",20
3,0,1,10,"(0.05330024911230232, 0.0045160176596855004, 0.06832740139210945, 0.0, 0.09778622869167854, 0.0, 0.0, 0.0022730731527826477, 0.0, 0.0)",74
4,0,1,10,"(0.06183229356803319, 0.0045160176596855004, 0.06832740139210945, 0.0, 0.10772597225744233, 0.0, 0.0, 0.0022730731527826477, 0.0, 0.0)",18
5,0,1,10,"(0.06461191257573422, 0.0045160176596855004, 0.06832740139210945, 0.0, 0.07485523377464579, 0.0, 0.0, 0.0022730731527826477, 0.0, 0.0)",2
6,0,2,10,"(0.06461191257573422, 0.0045160176596855004, 0.06832740139210945, 0.0, 0.07485523377464579, 0.0, 0.0, 0.0022730731527826477, 0.0, 0.0)",4
7,0,2,10,"(0.06183229356803319, 0.0045160176596855004, 0.06832740139210945, 0.0, 0.10772597225744233, 0.0, 0.0, 0.0022730731527826477, 0.0, 0.0)",28
8,0,2,10,"(0.05330024911230232, 0.0045160176596855004, 0.06832740139210945, 0.0, 0.09778622869167854, 0.0, 0.0, 0.0022730731527826477, 0.0, 0.0)",60
