,round,tube,nut,amount
0,0.0,0.0,0.0,0.1704840310665996
1,0.0,0.0,1.0,911.9938710063296
2,0.0,0.0,2.0,0.2456320413776254
3,0.0,0.0,3.0,0.3679000110859949
4,0.0,1.0,0.0,0.4937350385886501
5,0.0,1.0,1.0,912.1697355360728
6,0.0,1.0,2.0,0.30402267743424716
7,0.0,1.0,3.0,0.38700364895258943
8,0.0,2.0,0.0,0.47203026408950477
9,0.0,2.0,1.0,912.1579270656515
10,0.0,2.0,2.0,0.3408553190818475
11,0.0,2.0,3.0,0.4163568520750873
