,round,tube,sp_div_H,tot_pop_0,tot_final_pop,tot_auc,mean_fc,deg_score,nut_score
0,0.0,0.0,-0.0,5.0,83.0,2531.0,16.5999668000664,0.14887503573718386,0.1315177247335475
1,0.0,1.0,-0.0,5.0,29.0,967.0,5.7999884000232,0.06733868293866574,0.07624864556111877
2,0.0,2.0,-0.0,5.0,71.0,2281.0,14.1999716000568,0.13855275648579324,0.1266779378234597
