,round,tube,sp,pop_0,final_pop,st_div_H,auc,fc
0,0.0,0.0,4.0,12.0,98.0,0.6670017662964093,8084.0,8.166659861116782
1,0.0,1.0,4.0,12.0,102.0,1.0131361255488012,6878.0,8.49999291667257
2,0.0,2.0,4.0,12.0,112.0,0.9743147528693494,8963.0,9.333325555562038
