,round,tube,sp_div_H,tot_pop_0,tot_final_pop,tot_auc,mean_fc,deg_score,nut_score
0,0.0,0.0,-0.0,7.0,7.0,430.0,0.9999985714306123,0.023036404663612786,0.02280305443802777
1,0.0,1.0,-0.0,7.0,12.0,637.0,1.7142832653096212,0.03283975294327568,0.03290874307581482
2,0.0,2.0,-0.0,7.0,9.0,605.0,1.2857124489822158,0.031481412008351306,0.03277595570921066
