,round,tube,sp_div_H,tot_pop_0,tot_final_pop,tot_auc,mean_fc,deg_score,nut_score
0,0.0,0.0,-0.0,53.0,782.0,93728.0,14.754714197223736,0.1377225011593307,0.2928931953284376
1,0.0,1.0,-0.0,53.0,780.0,93171.0,14.716978355287102,0.13836390475383753,0.2928931983618458
2,0.0,2.0,-0.0,53.0,751.0,92807.0,14.169808647205915,0.1339717969827421,0.2928931960006732
