,round,tube,sp_div_H,tot_pop_0,tot_final_pop,tot_auc,mean_fc,deg_score,nut_score
0,0.0,0.0,-0.0,8.0,128.0,7664.0,15.999980000025001,0.17734358151254515,0.133974593460228
1,0.0,1.0,-0.0,8.0,116.0,9475.0,14.499981875022657,0.17174091644475376,0.1339745655495016
2,0.0,2.0,-0.0,8.0,95.0,8719.0,11.874985156268556,0.17482659319617566,0.13397456384355888
