,round,tube,sp_div_H,tot_pop_0,tot_final_pop,tot_auc,mean_fc,deg_score,nut_score
0,0.0,0.0,-0.0,15.0,187.0,11499.0,12.466658355561096,0.31077974940847375,0.30462066463626514
1,0.0,1.0,-0.0,15.0,191.0,10443.0,12.733324844450104,0.31221653086764767,0.30462235718162867
2,0.0,2.0,-0.0,15.0,200.0,9082.0,13.333324444450371,0.31069915437466467,0.3045949396981482
