,round,tube,nut,amount
0,0.0,0.0,0.0,0.9733946251805138
1,0.0,0.0,1.0,0.4697709573990536
2,0.0,0.0,2.0,2000.0
3,0.0,0.0,3.0,2000.0
4,0.0,1.0,0.0,0.9432990051262423
5,0.0,1.0,1.0,0.28267368340867943
6,0.0,1.0,2.0,2000.0
7,0.0,1.0,3.0,2000.0
8,0.0,2.0,0.0,0.6784334213210577
9,0.0,2.0,1.0,0.2175087638371231
10,0.0,2.0,2.0,2000.0
11,0.0,2.0,3.0,2000.0
