,round,tube,nut,amount
0,0.0,0.0,0.0,2000.0
1,0.0,0.0,1.0,788.5931723659262
2,0.0,0.0,2.0,0.39693107229362923
3,0.0,0.0,3.0,2000.0
4,0.0,1.0,0.0,2000.0
5,0.0,1.0,1.0,497.50351496476674
6,0.0,1.0,2.0,0.013286443872094544
7,0.0,1.0,3.0,2000.0
8,0.0,2.0,0.0,2000.0
9,0.0,2.0,1.0,486.6543251389489
10,0.0,2.0,2.0,0.6448197633036408
11,0.0,2.0,3.0,2000.0
