,round,tube,nut,amount
0,0.0,0.0,0.0,2000.0
1,0.0,0.0,1.0,2000.0
2,0.0,0.0,2.0,0.37181181631845117
3,0.0,0.0,3.0,0.9771493726095877
4,0.0,1.0,0.0,2000.0
5,0.0,1.0,1.0,2000.0
6,0.0,1.0,2.0,0.7414717927458057
7,0.0,1.0,3.0,13.35607476114907
8,0.0,2.0,0.0,2000.0
9,0.0,2.0,1.0,2000.0
10,0.0,2.0,2.0,0.5673140539368587
11,0.0,2.0,3.0,0.9084780307813042
