,round,tube,sp,pop_0,final_pop,st_div_H,auc,fc
0,0.0,0.0,0.0,14.0,271.0,-0.0,24124.0,19.357129030622122
1,0.0,1.0,0.0,14.0,259.0,-0.0,26116.0,18.499986785723724
2,0.0,2.0,0.0,14.0,233.0,-0.0,23466.0,16.642845255110533
