,round,tube,sp_div_H,tot_pop_0,tot_final_pop,tot_auc,mean_fc,deg_score,nut_score
0,0.0,0.0,0.0,1.0,0.0,98.0,0.0,0.012752759346118525,0.011549691192017986
1,0.0,1.0,-0.0,1.0,1.0,125.0,0.9999900000999989,0.016099865940874092,0.014422909599140499
2,0.0,2.0,0.0,1.0,0.0,6.0,0.0,0.0007868973239746335,0.0006885709556220254
