,round,tube,sp,st,final_pop
0,0,0,5,"(0.19150614539174005, 0.14788191699580178, 0.13449457273811083, 0.08398841402685757, 0.0, 0.0, 0.0, 0.034216913041712996, 0.0, 0.0)",190
1,0,0,5,"(0.19150614539174005, 0.14788191699580178, 0.13449457273811083, 0.07577815190081115, 0.0, 0.0, 0.0, 0.032764156710257404, 0.0, 0.0)",20
2,0,0,5,"(0.19150614539174005, 0.14788191699580178, 0.13449457273811083, 0.053398591857139494, 0.0, 0.0, 0.0, 0.04030074513137775, 0.0, 0.0)",223
3,0,1,5,"(0.19150614539174005, 0.14788191699580178, 0.13449457273811083, 0.053398591857139494, 0.0, 0.0, 0.0, 0.04030074513137775, 0.0, 0.0)",222
4,0,1,5,"(0.19150614539174005, 0.14788191699580178, 0.13449457273811083, 0.07577815190081115, 0.0, 0.0, 0.0, 0.032764156710257404, 0.0, 0.0)",9
5,0,1,5,"(0.19150614539174005, 0.14788191699580178, 0.13449457273811083, 0.08398841402685757, 0.0, 0.0, 0.0, 0.034216913041712996, 0.0, 0.0)",225
6,0,2,5,"(0.19150614539174005, 0.14788191699580178, 0.13449457273811083, 0.07577815190081115, 0.0, 0.0, 0.0, 0.032764156710257404, 0.0, 0.0)",118
7,0,2,5,"(0.19150614539174005, 0.14788191699580178, 0.13449457273811083, 0.053398591857139494, 0.0, 0.0, 0.0, 0.04030074513137775, 0.0, 0.0)",458
8,0,2,5,"(0.19150614539174005, 0.14788191699580178, 0.13449457273811083, 0.08398841402685757, 0.0, 0.0, 0.0, 0.034216913041712996, 0.0, 0.0)",131
