,round,tube,nut,amount
0,0.0,0.0,0.0,0.11132859830238129
1,0.0,0.0,1.0,0.43668220008482683
2,0.0,0.0,2.0,0.1282504105293114
3,0.0,0.0,3.0,0.391145094404187
4,0.0,1.0,0.0,1259.3696155713233
5,0.0,1.0,1.0,1597.06045383228
6,0.0,1.0,2.0,0.6275804104450593
7,0.0,1.0,3.0,0.08322067042905701
8,0.0,2.0,0.0,0.3980609900813934
9,0.0,2.0,1.0,912.1176841235273
10,0.0,2.0,2.0,0.3188521610558155
11,0.0,2.0,3.0,0.09693679983231362
