,round,tube,sp_div_H,tot_pop_0,tot_final_pop,tot_auc,mean_fc,deg_score,nut_score
0,0.0,0.0,-0.0,8.0,187.0,5854.0,23.374970781286525,0.29556761763561823,0.4264453927895523
1,0.0,1.0,-0.0,8.0,110.0,3612.0,13.749982812521486,0.2471147997273343,0.31567020944250523
2,0.0,2.0,-0.0,8.0,42.0,1915.0,5.249993437508204,0.15397792074034888,0.1786623691218523
