,round,tube,sp,st,final_pop
0,0,0,13,"(0.0, 0.0, 0.11679612853536596, 0.06920069129515957, 0.09172770611919409, 0.07489992963210028, 0.0, 0.0, 0.14899621190854193, 0.0)",42
1,0,0,13,"(0.0, 0.0, 0.05663487172005452, 0.06920069129515957, 0.09626709028700531, 0.0786353690037918, 0.0, 0.0, 0.17821991115519076, 0.0)",27
2,0,0,13,"(0.0, 0.0, 0.11679612853536596, 0.06920069129515957, 0.09172770611919409, 0.05405548336515636, 0.0, 0.0, 0.14899621190854193, 0.0)",8
3,0,1,13,"(0.0, 0.0, 0.11679612853536596, 0.06920069129515957, 0.09172770611919409, 0.07489992963210028, 0.0, 0.0, 0.14899621190854193, 0.0)",70
4,0,1,13,"(0.0, 0.0, 0.11679612853536596, 0.06920069129515957, 0.09172770611919409, 0.05405548336515636, 0.0, 0.0, 0.14899621190854193, 0.0)",14
5,0,1,13,"(0.0, 0.0, 0.05663487172005452, 0.06920069129515957, 0.09626709028700531, 0.0786353690037918, 0.0, 0.0, 0.17821991115519076, 0.0)",6
6,0,2,13,"(0.0, 0.0, 0.11679612853536596, 0.06920069129515957, 0.09172770611919409, 0.07489992963210028, 0.0, 0.0, 0.14899621190854193, 0.0)",37
7,0,2,13,"(0.0, 0.0, 0.05663487172005452, 0.06920069129515957, 0.09626709028700531, 0.0786353690037918, 0.0, 0.0, 0.17821991115519076, 0.0)",49
8,0,2,13,"(0.0, 0.0, 0.11679612853536596, 0.06920069129515957, 0.09172770611919409, 0.05405548336515636, 0.0, 0.0, 0.14899621190854193, 0.0)",4
