,round,tube,sp,pop_0,final_pop,st_div_H,auc,fc
0,0.0,0.0,12.0,9.0,3.0,-0.0,349.0,0.3333329629633745
1,0.0,1.0,12.0,9.0,2.0,-0.0,385.0,0.22222197530891633
2,0.0,2.0,12.0,9.0,1.0,-0.0,239.0,0.11111098765445816
