,round,tube,sp_div_H,tot_pop_0,tot_final_pop,tot_auc,mean_fc,deg_score,nut_score
0,0.0,0.0,-0.0,19.0,27.0,17540.0,1.4210518836569033,0.08373039490661283,0.13397456163421506
1,0.0,1.0,-0.0,19.0,22.0,15056.0,1.1578941274241434,0.08379173399861162,0.1339745756913957
2,0.0,2.0,-0.0,19.0,22.0,16175.0,1.1578941274241434,0.08491332372519023,0.1339745955723154
