,round,tube,nut,amount
0,0.0,0.0,0.0,2000.0
1,0.0,0.0,1.0,1915.5669064228096
2,0.0,0.0,2.0,2000.0
3,0.0,0.0,3.0,1814.584172215957
4,0.0,1.0,0.0,2000.0
5,0.0,1.0,1.0,1882.0534353879443
6,0.0,1.0,2.0,2000.0
7,0.0,1.0,3.0,1740.9882904285978
8,0.0,2.0,0.0,2000.0
9,0.0,2.0,1.0,1842.6893349375057
10,0.0,2.0,2.0,2000.0
11,0.0,2.0,3.0,1654.5443741776714
