,round,tube,nut,amount
0,0.0,0.0,0.0,2000.0
1,0.0,0.0,1.0,0.7868586261240189
2,0.0,0.0,2.0,2000.0
3,0.0,0.0,3.0,0.04940425908398016
4,0.0,1.0,0.0,2000.0
5,0.0,1.0,1.0,0.8507723087995521
6,0.0,1.0,2.0,2000.0
7,0.0,1.0,3.0,0.6910513719480207
8,0.0,2.0,0.0,2000.0
9,0.0,2.0,1.0,0.47331843419398467
10,0.0,2.0,2.0,2000.0
11,0.0,2.0,3.0,0.38056204107034297
