,round,tube,sp,st,final_pop
0,0,0,14,"(0.0, 0.023950880483166886, 0.0, 0.0, 0.0, 0.0, 0.1096916615896246, 0.03725990276525754, 0.1464277678975311, 0.0)",510
1,0,0,14,"(0.0, 0.023950880483166886, 0.0, 0.0, 0.0, 0.0, 0.09007012213262981, 0.03725990276525754, 0.1464277678975311, 0.0)",39
2,0,1,14,"(0.0, 0.023950880483166886, 0.0, 0.0, 0.0, 0.0, 0.1096916615896246, 0.03725990276525754, 0.1464277678975311, 0.0)",431
3,0,1,14,"(0.0, 0.023950880483166886, 0.0, 0.0, 0.0, 0.0, 0.09007012213262981, 0.03725990276525754, 0.1464277678975311, 0.0)",87
4,0,2,14,"(0.0, 0.023950880483166886, 0.0, 0.0, 0.0, 0.0, 0.09007012213262981, 0.03725990276525754, 0.1464277678975311, 0.0)",168
5,0,2,14,"(0.0, 0.023950880483166886, 0.0, 0.0, 0.0, 0.0, 0.1096916615896246, 0.03725990276525754, 0.1464277678975311, 0.0)",399
