,round,tube,sp_div_H,tot_pop_0,tot_final_pop,tot_auc,mean_fc,deg_score,nut_score
0,0.0,0.0,-0.0,1.0,193.0,4253.0,192.9980700192998,0.17480847912492126,0.1339745949601765
1,0.0,1.0,-0.0,1.0,122.0,7567.0,121.99878001219987,0.17890658095247358,0.13397456669253915
2,0.0,2.0,-0.0,1.0,106.0,7833.0,105.99894001059988,0.17519305811120112,0.13397458054621825
