,round,tube,sp,st,final_pop
0,0,0,6,"(0.020041813520207227, 0.0, 0.0, 0.004420563322309315, 0.0, 0.10451474945474147, 0.08508535409156573, 0.0, 0.0, 0.0)",57
1,0,0,6,"(0.020041813520207227, 0.0, 0.0, 0.004544187563910698, 0.0, 0.10451474945474147, 0.09288746137359476, 0.0, 0.0, 0.0)",26
2,0,1,6,"(0.020041813520207227, 0.0, 0.0, 0.004420563322309315, 0.0, 0.10451474945474147, 0.08508535409156573, 0.0, 0.0, 0.0)",47
3,0,1,6,"(0.020041813520207227, 0.0, 0.0, 0.004544187563910698, 0.0, 0.10451474945474147, 0.09288746137359476, 0.0, 0.0, 0.0)",41
4,0,2,6,"(0.020041813520207227, 0.0, 0.0, 0.004420563322309315, 0.0, 0.10451474945474147, 0.08508535409156573, 0.0, 0.0, 0.0)",88
5,0,2,6,"(0.020041813520207227, 0.0, 0.0, 0.004544187563910698, 0.0, 0.10451474945474147, 0.09288746137359476, 0.0, 0.0, 0.0)",8
