,round,tube,sp,pop_0,final_pop,st_div_H,auc,fc
0,0.0,0.0,9.0,10.0,239.0,0.47404115081433457,9655.0,23.899976100023903
1,0.0,1.0,9.0,10.0,244.0,0.9775570752461802,10965.0,24.3999756000244
2,0.0,2.0,9.0,10.0,241.0,0.6746281169829429,9436.0,24.099975900024102
