,round,tube,sp,pop_0,final_pop,st_div_H,auc,fc
0,0.0,0.0,0.0,12.0,0.0,,316.0,0.0
1,0.0,1.0,0.0,12.0,4.0,-0.0,662.0,0.33333305555578707
2,0.0,2.0,0.0,12.0,2.0,-0.0,380.0,0.16666652777789354
