,round,tube,sp_div_H,tot_pop_0,tot_final_pop,tot_auc,mean_fc,deg_score,nut_score
0,0.0,0.0,-0.0,5.0,630.0,36939.0,125.99974800050401,0.16333997346592444,0.2925464689378796
1,0.0,1.0,-0.0,5.0,623.0,34854.0,124.59975080049841,0.16333997346592444,0.292630263072866
2,0.0,2.0,-0.0,5.0,674.0,36897.0,134.7997304005392,0.16333997346592444,0.2926204212210757
