,round,tube,sp,pop_0,final_pop,st_div_H,auc,fc
0,0.0,0.0,8.0,28.0,776.0,0.30654247935554746,97643.0,27.714275816330066
1,0.0,1.0,8.0,28.0,821.0,0.18779564896874773,98031.0,29.321418099493535
2,0.0,2.0,8.0,28.0,826.0,0.6056586953521214,96833.0,29.499989464289477
