,round,tube,nut,amount
0,0.0,0.0,0.0,0.31248037046485083
1,0.0,0.0,1.0,0.2815099483685308
2,0.0,0.0,2.0,2000.0
3,0.0,0.0,3.0,0.9849392339311741
4,0.0,1.0,0.0,0.5462114142848442
5,0.0,1.0,1.0,0.3268126619988909
6,0.0,1.0,2.0,2000.0
7,0.0,1.0,3.0,1335.9850197607548
8,0.0,2.0,0.0,0.471771463598372
9,0.0,2.0,1.0,0.43011549561542517
10,0.0,2.0,2.0,2000.0
11,0.0,2.0,3.0,1335.9602983880197
