,round,tube,sp_div_H,tot_pop_0,tot_final_pop,tot_auc,mean_fc,deg_score,nut_score
0,0.0,0.0,-0.0,8.0,168.0,15775.0,20.999973750032815,0.24837196788504112,0.29289317440312346
1,0.0,1.0,-0.0,8.0,190.0,17243.0,23.749970312537112,0.24648117479347686,0.292893185867691
2,0.0,2.0,-0.0,8.0,184.0,16716.0,22.999971250035937,0.24826467148046139,0.292893196446005
