,round,tube,sp,st,final_pop
0,0,0,8,"(0.10677991557825994, 0.03472208761047282, 0.0, 0.0, 0.06835010794314433, 0.0, 0.025763402850960654, 0.0313701967994137, 0.0, 0.0)",224
1,0,1,8,"(0.10677991557825994, 0.03472208761047282, 0.0, 0.0, 0.06835010794314433, 0.0, 0.025763402850960654, 0.0313701967994137, 0.0, 0.0)",217
2,0,2,8,"(0.10677991557825994, 0.03472208761047282, 0.0, 0.0, 0.06835010794314433, 0.0, 0.025763402850960654, 0.0313701967994137, 0.0, 0.0)",232
