,round,tube,sp_div_H,tot_pop_0,tot_final_pop,tot_auc,mean_fc,deg_score,nut_score
0,0.0,0.0,-0.0,10.0,2.0,388.0,0.1999998000002,0.05113558594984491,0.045392417380422545
1,0.0,1.0,-0.0,10.0,2.0,436.0,0.1999998000002,0.05737869341414725,0.05012651478164887
2,0.0,2.0,-0.0,10.0,4.0,441.0,0.3999996000004,0.057767986025980544,0.05059388432932421
