,round,tube,sp,pop_0,final_pop,st_div_H,auc,fc
0,0.0,0.0,9.0,8.0,177.0,-0.0,6871.0,22.12497234378457
1,0.0,1.0,9.0,8.0,149.0,-0.0,5626.0,18.624976718779102
2,0.0,2.0,9.0,8.0,158.0,-0.0,5942.0,19.74997531253086
