,round,tube,nut,amount
0,0.0,0.0,0.0,2000.0
1,0.0,0.0,1.0,0.7019599409521977
2,0.0,0.0,2.0,2000.0
3,0.0,0.0,3.0,863.9287284573192
4,0.0,1.0,0.0,2000.0
5,0.0,1.0,1.0,0.6611352261309232
6,0.0,1.0,2.0,2000.0
7,0.0,1.0,3.0,315.012205523877
8,0.0,2.0,0.0,2000.0
9,0.0,2.0,1.0,0.3658724616812099
10,0.0,2.0,2.0,2000.0
11,0.0,2.0,3.0,652.4731717656081
