,round,tube,nut,amount
0,0.0,0.0,0.0,0.39269681858877525
1,0.0,0.0,1.0,2000.0
2,0.0,0.0,2.0,0.6291299951126716
3,0.0,0.0,3.0,2000.0
4,0.0,1.0,0.0,0.44356727137449725
5,0.0,1.0,1.0,2000.0
6,0.0,1.0,2.0,0.7866446791209498
7,0.0,1.0,3.0,2000.0
8,0.0,2.0,0.0,0.39098251654326066
9,0.0,2.0,1.0,2000.0
10,0.0,2.0,2.0,0.23644585611359248
11,0.0,2.0,3.0,2000.0
