,round,tube,nut,amount
0,0.0,0.0,0.0,0.5860883894400604
1,0.0,0.0,1.0,0.36097607739457516
2,0.0,0.0,2.0,1677.4871338407356
3,0.0,0.0,3.0,1456.7950260353139
4,0.0,1.0,0.0,0.3005966296672129
5,0.0,1.0,1.0,0.2945806471016349
6,0.0,1.0,2.0,812.7549082044884
7,0.0,1.0,3.0,0.33577928638830246
8,0.0,2.0,0.0,0.4670670569155211
9,0.0,2.0,1.0,0.2045499728050607
10,0.0,2.0,2.0,1677.4679352591597
11,0.0,2.0,3.0,1456.7626900695332
