,round,tube,sp_div_H,tot_pop_0,tot_final_pop,tot_auc,mean_fc,deg_score,nut_score
0,0.0,0.0,-0.0,11.0,322.0,30623.0,29.27270066118122,0.13611111087244032,0.29289320418854503
1,0.0,1.0,-0.0,11.0,292.0,31021.0,26.54543041324508,0.1346223737258021,0.2928931964771643
2,0.0,2.0,-0.0,11.0,326.0,31000.0,29.63633669423937,0.13211100961781752,0.2928932014892962
