,round,tube,nut,amount
0,0.0,0.0,0.0,2000.0
1,0.0,0.0,1.0,0.43959346746580774
2,0.0,0.0,2.0,0.47542365504440465
3,0.0,0.0,3.0,148.2414000337853
4,0.0,1.0,0.0,2000.0
5,0.0,1.0,1.0,0.44743367092390707
6,0.0,1.0,2.0,0.4429531314968629
7,0.0,1.0,3.0,148.21132909995828
8,0.0,2.0,0.0,2000.0
9,0.0,2.0,1.0,0.4751567318422447
10,0.0,2.0,2.0,0.12587091210868628
11,0.0,2.0,3.0,0.599416651467302
