,round,tube,sp,pop_0,final_pop,st_div_H,auc,fc
0,0.0,0.0,13.0,42.0,1012.0,1.3068214883335678,111634.0,24.095232358278007
1,0.0,1.0,13.0,42.0,967.0,1.2360377179653703,107669.0,23.02380404195142
2,0.0,2.0,13.0,42.0,1030.0,1.3273261956188152,111562.0,24.523803684808644
