,round,tube,sp_div_H,tot_pop_0,tot_final_pop,tot_auc,mean_fc,deg_score,nut_score
0,0.0,0.0,-0.0,9.0,169.0,20337.0,18.77775691360343,0.11410920221824938,0.29289320492530946
1,0.0,1.0,-0.0,9.0,155.0,20226.0,17.222203086441016,0.11665471006634265,0.2928928745326883
2,0.0,2.0,-0.0,9.0,166.0,19928.0,18.444423950640054,0.11103067736082028,0.29289305590518455
