,round,tube,nut,amount
0,0.0,0.0,0.0,0.36659604921275263
1,0.0,0.0,1.0,0.1800371587691525
2,0.0,0.0,2.0,812.8502854463786
3,0.0,0.0,3.0,0.49642215566251696
4,0.0,1.0,0.0,0.3004794375568169
5,0.0,1.0,1.0,0.11238719758051552
6,0.0,1.0,2.0,812.7398011368267
7,0.0,1.0,3.0,0.31033461376746924
8,0.0,2.0,0.0,0.49699749440116453
9,0.0,2.0,1.0,0.31346282117319735
10,0.0,2.0,2.0,1677.4727631495416
11,0.0,2.0,3.0,1456.7708216337119
