,round,tube,sp_div_H,tot_pop_0,tot_final_pop,tot_auc,mean_fc,deg_score,nut_score
0,0.0,0.0,-0.0,14.0,97.0,7536.0,6.928566479595372,0.1938305363219055,0.13397458624694436
1,0.0,1.0,-0.0,14.0,118.0,9285.0,8.428565408167566,0.19310375370938138,0.13397458356193548
2,0.0,2.0,-0.0,14.0,116.0,8440.0,8.285708367351166,0.1911167556102007,0.1339745712141015
