,round,tube,sp_div_H,tot_pop_0,tot_final_pop,tot_auc,mean_fc,deg_score,nut_score
0,0.0,0.0,0.0,4.0,0.0,70.0,0.0,0.009002040036798609,0.0079155978467349
1,0.0,1.0,-0.0,4.0,1.0,118.0,0.24999937500156252,0.014943176369128008,0.013300950834803649
2,0.0,2.0,0.0,4.0,0.0,99.0,0.0,0.012677758417679041,0.01125705264979071
