,round,tube,sp,st,final_pop
0,0,0,1,"(0.0, 0.03926162523356134, 0.044588638878710875, 0.0, 0.031488363291038005, 0.0, 0.0, 0.0, 0.0, 0.034480130811573785)",541
1,0,0,1,"(0.0, 0.03926162523356134, 0.05539901492569356, 0.0, 0.031488363291038005, 0.0, 0.0, 0.0, 0.0, 0.034480130811573785)",37
2,0,1,1,"(0.0, 0.03926162523356134, 0.044588638878710875, 0.0, 0.031488363291038005, 0.0, 0.0, 0.0, 0.0, 0.034480130811573785)",431
3,0,1,1,"(0.0, 0.03926162523356134, 0.05539901492569356, 0.0, 0.031488363291038005, 0.0, 0.0, 0.0, 0.0, 0.034480130811573785)",20
4,0,2,1,"(0.0, 0.03926162523356134, 0.05539901492569356, 0.0, 0.031488363291038005, 0.0, 0.0, 0.0, 0.0, 0.034480130811573785)",36
5,0,2,1,"(0.0, 0.03926162523356134, 0.044588638878710875, 0.0, 0.031488363291038005, 0.0, 0.0, 0.0, 0.0, 0.034480130811573785)",538
