,round,tube,nut,amount
0,0.0,0.0,0.0,0.935175958028674
1,0.0,0.0,1.0,0.0307516898029232
2,0.0,0.0,2.0,2000.0
3,0.0,0.0,3.0,2000.0
4,0.0,1.0,0.0,0.573261988156899
5,0.0,1.0,1.0,0.4238520242825725
6,0.0,1.0,2.0,2000.0
7,0.0,1.0,3.0,2000.0
8,0.0,2.0,0.0,0.7341682952976717
9,0.0,2.0,1.0,0.2959595297300055
10,0.0,2.0,2.0,2000.0
11,0.0,2.0,3.0,2000.0
