,round,tube,sp,st,final_pop
0,0,0,13,"(0.0, 0.02461978404713738, 0.023035932332134326, 0.0, 0.01810411441758469, 0.022173256981297827, 0.0, 0.0, 0.01089208668844536, 0.00476393156717078)",326
1,0,0,13,"(0.0, 0.02808753969310172, 0.023035932332134326, 0.0, 0.046047991725032315, 0.04181504255797735, 0.0, 0.0, 0.01089208668844536, 0.0023208842166796825)",29
2,0,0,13,"(0.0, 0.02808753969310172, 0.023035932332134326, 0.0, 0.046047991725032315, 0.042743431768300526, 0.0, 0.0, 0.01089208668844536, 0.004721392249856895)",9
3,0,1,13,"(0.0, 0.02808753969310172, 0.023035932332134326, 0.0, 0.046047991725032315, 0.04181504255797735, 0.0, 0.0, 0.01089208668844536, 0.0023208842166796825)",18
4,0,1,13,"(0.0, 0.02461978404713738, 0.023035932332134326, 0.0, 0.01810411441758469, 0.022173256981297827, 0.0, 0.0, 0.01089208668844536, 0.00476393156717078)",267
5,0,1,13,"(0.0, 0.02808753969310172, 0.023035932332134326, 0.0, 0.046047991725032315, 0.042743431768300526, 0.0, 0.0, 0.01089208668844536, 0.004721392249856895)",2
6,0,2,13,"(0.0, 0.02808753969310172, 0.023035932332134326, 0.0, 0.046047991725032315, 0.042743431768300526, 0.0, 0.0, 0.01089208668844536, 0.004721392249856895)",22
7,0,2,13,"(0.0, 0.02808753969310172, 0.023035932332134326, 0.0, 0.046047991725032315, 0.04181504255797735, 0.0, 0.0, 0.01089208668844536, 0.0023208842166796825)",12
8,0,2,13,"(0.0, 0.02461978404713738, 0.023035932332134326, 0.0, 0.01810411441758469, 0.022173256981297827, 0.0, 0.0, 0.01089208668844536, 0.00476393156717078)",263
