,round,tube,sp_div_H,tot_pop_0,tot_final_pop,tot_auc,mean_fc,deg_score,nut_score
0,0.0,0.0,-0.0,8.0,659.0,36025.0,82.37489703137871,0.16333997346592444,0.2928162673618019
1,0.0,1.0,-0.0,8.0,621.0,34913.0,77.6249029688713,0.16333997346592444,0.2928325047792598
2,0.0,2.0,-0.0,8.0,585.0,41928.0,73.12490859386426,0.16333997346592444,0.2928746796378453
