,round,tube,nut,amount
0,0.0,0.0,0.0,0.2211327745654617
1,0.0,0.0,1.0,0.3163508149757879
2,0.0,0.0,2.0,2000.0
3,0.0,0.0,3.0,0.10716390984577318
4,0.0,1.0,0.0,0.11128156106642817
5,0.0,1.0,1.0,0.2309270996573779
6,0.0,1.0,2.0,2000.0
7,0.0,1.0,3.0,0.26236211436310797
8,0.0,2.0,0.0,0.30118289655195457
9,0.0,2.0,1.0,0.6974799805409968
10,0.0,2.0,2.0,2000.0
11,0.0,2.0,3.0,0.20082473067171286
