,round,tube,nut,amount
0,0.0,0.0,0.0,1930.076527701065
1,0.0,0.0,1.0,1701.0632974415012
2,0.0,0.0,2.0,1525.4241674125976
3,0.0,0.0,3.0,2000.0
4,0.0,1.0,0.0,1912.4323605089062
5,0.0,1.0,1.0,1625.6309857098256
6,0.0,1.0,2.0,1405.6718859507773
7,0.0,1.0,3.0,2000.0
8,0.0,2.0,0.0,1946.2631207638412
9,0.0,2.0,1.0,1770.2641908861874
10,0.0,2.0,2.0,1635.2837843188838
11,0.0,2.0,3.0,2000.0
