,round,tube,nut,amount
0,0.0,0.0,0.0,0.0032994164021080685
1,0.0,0.0,1.0,2000.0
2,0.0,0.0,2.0,0.8492079462267543
3,0.0,0.0,3.0,2000.0
4,0.0,1.0,0.0,0.20997811186417437
5,0.0,1.0,1.0,2000.0
6,0.0,1.0,2.0,0.8076613631545726
7,0.0,1.0,3.0,2000.0
8,0.0,2.0,0.0,0.31101750170256026
9,0.0,2.0,1.0,2000.0
10,0.0,2.0,2.0,0.11641807607363708
11,0.0,2.0,3.0,2000.0
