,round,tube,sp,pop_0,final_pop,st_div_H,auc,fc
0,0.0,0.0,8.0,28.0,406.0,1.3404176360499125,55248.0,14.499994821430422
1,0.0,1.0,8.0,28.0,684.0,1.6782114974255244,85481.0,24.428562704084747
2,0.0,2.0,8.0,28.0,435.0,1.7201868238037186,55861.0,15.53570873724688
