,round,tube,nut,amount
0,0.0,0.0,0.0,0.1905778721616384
1,0.0,0.0,1.0,6.084360184860328
2,0.0,0.0,2.0,2000.0
3,0.0,0.0,3.0,0.25020545371942327
4,0.0,1.0,0.0,0.13414961351452445
5,0.0,1.0,1.0,0.35624297297270624
6,0.0,1.0,2.0,2000.0
7,0.0,1.0,3.0,0.29828555552473646
8,0.0,2.0,0.0,0.2225961981773421
9,0.0,2.0,1.0,131.04758973262304
10,0.0,2.0,2.0,2000.0
11,0.0,2.0,3.0,0.45422799033956074
