,round,tube,sp,pop_0,final_pop,st_div_H,auc,fc
0,0.0,0.0,11.0,4.0,711.0,0.14281436023290206,34248.0,177.74955562611095
1,0.0,1.0,11.0,4.0,641.0,0.5063986933392031,37249.0,160.24959937600158
2,0.0,2.0,11.0,4.0,683.0,-0.0,30031.0,170.7495731260672
