,round,tube,sp,st,final_pop
0,0,0,6,"(0.03582317191957472, 0.14310947873894084, 0.0, 0.32923108847706883, 0.0, 0.12566354094304966, 0.0, 0.0, 0.3100360890930547, 0.0)",18
1,0,1,6,"(0.03582317191957472, 0.14310947873894084, 0.0, 0.32923108847706883, 0.0, 0.12566354094304966, 0.0, 0.0, 0.3100360890930547, 0.0)",9
2,0,2,6,"(0.03582317191957472, 0.14310947873894084, 0.0, 0.32923108847706883, 0.0, 0.12566354094304966, 0.0, 0.0, 0.3100360890930547, 0.0)",9
3,0,2,6,"(0.03582317191957472, 0.14310947873894084, 0.0, 0.2934372546923848, 0.0, 0.13933512544424537, 0.0, 0.0, 0.3100360890930547, 0.0)",2
