,round,tube,nut,amount
0,0.0,0.0,0.0,1840.669952529099
1,0.0,0.0,1.0,1318.832468647823
2,0.0,0.0,2.0,918.6150594548927
3,0.0,0.0,3.0,2000.0
4,0.0,1.0,0.0,1864.1804026757495
5,0.0,1.0,1.0,1419.344302677725
6,0.0,1.0,2.0,1078.182241776016
7,0.0,1.0,3.0,2000.0
8,0.0,2.0,0.0,1845.3954300821813
9,0.0,2.0,1.0,1339.0348217531266
10,0.0,2.0,2.0,950.6872287908136
11,0.0,2.0,3.0,2000.0
