,round,tube,sp_div_H,tot_pop_0,tot_final_pop,tot_auc,mean_fc,deg_score,nut_score
0,0.0,0.0,-0.0,5.0,37.0,18793.0,7.399985200029601,0.060888270484461327,0.13397456212049197
1,0.0,1.0,-0.0,5.0,50.0,18752.0,9.99998000004,0.06663974074794654,0.13397456619677506
2,0.0,2.0,-0.0,5.0,32.0,19045.0,6.399987200025601,0.05957504412164094,0.13397459423388802
