,round,tube,sp_div_H,tot_pop_0,tot_final_pop,tot_auc,mean_fc,deg_score,nut_score
0,0.0,0.0,-0.0,11.0,1159.0,37503.0,105.36354057859948,0.1973230306716658,0.46804268725835285
1,0.0,1.0,-0.0,11.0,1084.0,31890.0,98.54536495875914,0.19407442655216267,0.45828157221160926
2,0.0,2.0,-0.0,11.0,1210.0,38146.0,109.99990000009092,0.1966364719036633,0.47246644695904993
