,round,tube,nut,amount
0,0.0,0.0,0.0,1868.4264907797628
1,0.0,0.0,1.0,1958.2701199552562
2,0.0,0.0,2.0,2000.0
3,0.0,0.0,3.0,2000.0
4,0.0,1.0,0.0,1660.0001111061154
5,0.0,1.0,1.0,1892.1655684122618
6,0.0,1.0,2.0,2000.0
7,0.0,1.0,3.0,2000.0
8,0.0,2.0,0.0,1771.1229141807455
9,0.0,2.0,1.0,1927.4092984763201
10,0.0,2.0,2.0,2000.0
11,0.0,2.0,3.0,2000.0
