,round,tube,sp,pop_0,final_pop,st_div_H,auc,fc
0,0.0,0.0,13.0,2.0,385.0,-0.0,35839.0,192.49903750481246
1,0.0,1.0,13.0,2.0,570.0,0.5369339776695771,43766.0,284.99857500712494
2,0.0,2.0,13.0,2.0,346.0,0.31480193064309475,35080.0,172.99913500432498
