,round,tube,sp,pop_0,final_pop,st_div_H,auc,fc
0,0.0,0.0,2.0,11.0,210.0,-0.0,8985.0,19.09089173555297
1,0.0,1.0,2.0,11.0,208.0,-0.0,9436.0,18.909073719023894
2,0.0,2.0,2.0,11.0,216.0,-0.0,10128.0,19.636345785140197
