,round,tube,sp_div_H,tot_pop_0,tot_final_pop,tot_auc,mean_fc,deg_score,nut_score
0,0.0,0.0,-0.0,73.0,993.0,119610.0,13.602737862638648,0.2281079927073173,0.49732326497778623
1,0.0,1.0,-0.0,73.0,1037.0,123985.0,14.20547750609897,0.2267848528815284,0.4973242561006047
2,0.0,2.0,-0.0,73.0,975.0,118521.0,13.356162553950334,0.22844344620793466,0.49732463285037465
