,round,tube,sp_div_H,tot_pop_0,tot_final_pop,tot_auc,mean_fc,deg_score,nut_score
0,0.0,0.0,-0.0,16.0,405.0,26535.0,25.31248417969739,0.23302976327385927,0.34515487025578506
1,0.0,1.0,-0.0,16.0,433.0,23777.0,27.06248308594807,0.23287581385678469,0.3451507003408997
2,0.0,2.0,-0.0,16.0,403.0,27633.0,25.18748425782234,0.23294335165125923,0.34514852679134267
