,round,tube,nut,amount
0,0.0,0.0,0.0,2000.0
1,0.0,0.0,1.0,2000.0
2,0.0,0.0,2.0,0.9752243904693654
3,0.0,0.0,3.0,0.3768449248344403
4,0.0,1.0,0.0,2000.0
5,0.0,1.0,1.0,2000.0
6,0.0,1.0,2.0,0.8361598588102828
7,0.0,1.0,3.0,0.35524453826943825
8,0.0,2.0,0.0,2000.0
9,0.0,2.0,1.0,2000.0
10,0.0,2.0,2.0,0.7476787457213714
11,0.0,2.0,3.0,0.5850197889419881
