,round,tube,nut,amount
0,0.0,0.0,0.0,41.99603808765129
1,0.0,0.0,1.0,2000.0
2,0.0,0.0,2.0,2000.0
3,0.0,0.0,3.0,0.2162290465675109
4,0.0,1.0,0.0,44.22423185280476
5,0.0,1.0,1.0,2000.0
6,0.0,1.0,2.0,2000.0
7,0.0,1.0,3.0,0.3168351886727408
8,0.0,2.0,0.0,42.96189431910065
9,0.0,2.0,1.0,2000.0
10,0.0,2.0,2.0,2000.0
11,0.0,2.0,3.0,0.3458796565245779
