,round,tube,sp,st,final_pop
0,0,0,13,"(0.008454230104447302, 0.0, 0.0, 0.015729601905918704, 0.020748758211665216, 1.431888286096251e-05, 0.0067609647458624885, 0.0, 0.006966769762528251, 0.03230628335861792)",361
1,0,0,13,"(0.008454230104447302, 0.0, 0.0, 0.015729601905918704, 0.020748758211665216, 1.431888286096251e-05, 0.0067609647458624885, 0.0, 0.006966769762528251, 0.02858607284637534)",75
2,0,1,13,"(0.008454230104447302, 0.0, 0.0, 0.015729601905918704, 0.020748758211665216, 1.431888286096251e-05, 0.0067609647458624885, 0.0, 0.006966769762528251, 0.02858607284637534)",200
3,0,1,13,"(0.008454230104447302, 0.0, 0.0, 0.015729601905918704, 0.020748758211665216, 1.431888286096251e-05, 0.0067609647458624885, 0.0, 0.006966769762528251, 0.03230628335861792)",184
4,0,2,13,"(0.008454230104447302, 0.0, 0.0, 0.015729601905918704, 0.020748758211665216, 1.431888286096251e-05, 0.0067609647458624885, 0.0, 0.006966769762528251, 0.03230628335861792)",311
5,0,2,13,"(0.008454230104447302, 0.0, 0.0, 0.015729601905918704, 0.020748758211665216, 1.431888286096251e-05, 0.0067609647458624885, 0.0, 0.006966769762528251, 0.02858607284637534)",63
