,round,tube,sp,pop_0,final_pop,st_div_H,auc,fc
0,0.0,0.0,13.0,12.0,436.0,0.45907217116235244,45484.0,36.333303055580785
1,0.0,1.0,13.0,12.0,384.0,0.6922788736563188,41063.0,31.999973333355555
2,0.0,2.0,13.0,12.0,374.0,0.4534186758893759,41467.0,31.16664069446609
