,round,tube,sp,st,final_pop
0,0,0,0,"(0.07400250769571483, 0.0, 0.0, 0.0, 0.0, 0.017098731129875016, 0.04032725800712472, 0.0691048466035698, 0.0, 0.0)",15
1,0,0,0,"(0.03440306876168869, 0.0, 0.0, 0.0, 0.0, 0.017098731129875016, 0.04032725800712472, 0.08146174193975105, 0.0, 0.0)",172
2,0,0,0,"(0.03440306876168869, 0.0, 0.0, 0.0, 0.0, 0.009540653645284081, 0.04032725800712472, 0.08146174193975105, 0.0, 0.0)",100
3,0,1,0,"(0.03440306876168869, 0.0, 0.0, 0.0, 0.0, 0.017098731129875016, 0.04032725800712472, 0.08146174193975105, 0.0, 0.0)",108
4,0,1,0,"(0.03440306876168869, 0.0, 0.0, 0.0, 0.0, 0.009540653645284081, 0.04032725800712472, 0.08146174193975105, 0.0, 0.0)",132
5,0,1,0,"(0.07400250769571483, 0.0, 0.0, 0.0, 0.0, 0.017098731129875016, 0.04032725800712472, 0.0691048466035698, 0.0, 0.0)",60
6,0,2,0,"(0.03440306876168869, 0.0, 0.0, 0.0, 0.0, 0.017098731129875016, 0.04032725800712472, 0.08146174193975105, 0.0, 0.0)",166
7,0,2,0,"(0.03440306876168869, 0.0, 0.0, 0.0, 0.0, 0.009540653645284081, 0.04032725800712472, 0.08146174193975105, 0.0, 0.0)",146
8,0,2,0,"(0.07400250769571483, 0.0, 0.0, 0.0, 0.0, 0.017098731129875016, 0.04032725800712472, 0.0691048466035698, 0.0, 0.0)",15
