,round,tube,sp,pop_0,final_pop,st_div_H,auc,fc
0,0.0,0.0,5.0,17.0,99.0,1.0235904327059604,10554.0,5.823525986161185
1,0.0,1.0,5.0,17.0,87.0,0.9864633661435194,11679.0,5.117644048444678
2,0.0,2.0,5.0,17.0,94.0,1.097823778894493,10213.0,5.52940851211264
