,round,tube,sp_div_H,tot_pop_0,tot_final_pop,tot_auc,mean_fc,deg_score,nut_score
0,0.0,0.0,-0.0,4.0,114.0,17486.0,28.499928750178128,0.09726387511655821,0.13397459613137863
1,0.0,1.0,-0.0,4.0,107.0,16383.0,26.74993312516719,0.09959625076458445,0.13397459502798348
2,0.0,2.0,-0.0,4.0,111.0,16984.0,27.74993062517344,0.10059103347768028,0.13397459555466495
