,round,tube,sp_div_H,tot_pop_0,tot_final_pop,tot_auc,mean_fc,deg_score,nut_score
0,0.0,0.0,-0.0,15.0,5.0,737.0,0.3333331111112593,0.08726869025673223,0.08089591705277355
1,0.0,1.0,-0.0,15.0,25.0,1675.0,1.6666655555562964,0.17491505543048436,0.16317234854127416
2,0.0,2.0,-0.0,15.0,14.0,1070.0,0.9333327111115259,0.12132169144569549,0.1118966753641093
