,round,tube,sp_div_H,tot_pop_0,tot_final_pop,tot_auc,mean_fc,deg_score,nut_score
0,0.0,0.0,-0.0,14.0,108.0,10001.0,7.7142802040855685,0.1750783775464626,0.13397458326262812
1,0.0,1.0,-0.0,14.0,100.0,9548.0,7.142852040819971,0.17378033916799862,0.1339745942303402
2,0.0,2.0,-0.0,14.0,101.0,8521.0,7.214280561228171,0.1767669818627492,0.13397457761307863
