,round,tube,sp,pop_0,final_pop,st_div_H,auc,fc
0,0.0,0.0,11.0,9.0,43.0,0.7426172363501524,16377.0,4.777772469141701
1,0.0,1.0,11.0,9.0,35.0,0.2925084684723972,18828.0,3.888884567906036
2,0.0,2.0,11.0,9.0,30.0,0.5004024235381879,17172.0,3.333329629633745
