,round,tube,sp_div_H,tot_pop_0,tot_final_pop,tot_auc,mean_fc,deg_score,nut_score
0,0.0,0.0,-0.0,9.0,152.0,29294.0,16.88887012347764,0.19223613794889904,0.292893193230229
1,0.0,1.0,-0.0,9.0,166.0,30462.0,18.444423950640054,0.19374578381598428,0.2928931720970639
2,0.0,2.0,-0.0,9.0,161.0,28931.0,17.888869012367763,0.1935352279232071,0.2928932085007008
