,round,tube,sp,pop_0,final_pop,st_div_H,auc,fc
0,0.0,0.0,9.0,7.0,120.0,-0.0,10146.0,17.14283265309621
1,0.0,1.0,9.0,7.0,118.0,-0.0,8706.0,16.857118775544606
2,0.0,2.0,9.0,7.0,111.0,-0.0,9742.0,15.857120204113995
