,round,tube,nut,amount
0,0.0,0.0,0.0,2000.0
1,0.0,0.0,1.0,1629.1731216189073
2,0.0,0.0,2.0,1322.0566176735524
3,0.0,0.0,3.0,2000.0
4,0.0,1.0,0.0,2000.0
5,0.0,1.0,1.0,1762.0569135765372
6,0.0,1.0,2.0,1564.993935942967
7,0.0,1.0,3.0,2000.0
8,0.0,2.0,0.0,2000.0
9,0.0,2.0,1.0,1654.3378474467563
10,0.0,2.0,2.0,1368.0626122161398
11,0.0,2.0,3.0,2000.0
