,round,tube,sp,pop_0,final_pop,st_div_H,auc,fc
0,0.0,0.0,8.0,3.0,496.0,-0.0,29211.0,165.33278222405926
1,0.0,1.0,8.0,3.0,460.0,-0.0,28969.0,153.33282222392592
2,0.0,2.0,8.0,3.0,462.0,-0.0,28509.0,153.99948666837776
