,round,tube,sp,st,final_pop
0,0,0,11,"(0.0, 0.17016660567467035, 0.1249627447719054, 0.04040033156174563, 0.0, 0.17017788851529767, 0.0, 0.0, 0.12873704939550185, 0.0)",98
1,0,0,11,"(0.0, 0.17016660567467035, 0.1249627447719054, 0.027444933042675736, 0.0, 0.17017788851529767, 0.0, 0.0, 0.12873704939550185, 0.0)",20
2,0,0,11,"(0.0, 0.27880307801693904, 0.1249627447719054, 0.04040033156174563, 0.0, 0.11570104871499352, 0.0, 0.0, 0.12873704939550185, 0.0)",17
3,0,1,11,"(0.0, 0.17016660567467035, 0.1249627447719054, 0.04040033156174563, 0.0, 0.17017788851529767, 0.0, 0.0, 0.12873704939550185, 0.0)",113
4,0,1,11,"(0.0, 0.27880307801693904, 0.1249627447719054, 0.04040033156174563, 0.0, 0.11570104871499352, 0.0, 0.0, 0.12873704939550185, 0.0)",6
5,0,1,11,"(0.0, 0.17016660567467035, 0.1249627447719054, 0.027444933042675736, 0.0, 0.17017788851529767, 0.0, 0.0, 0.12873704939550185, 0.0)",27
6,0,2,11,"(0.0, 0.17016660567467035, 0.1249627447719054, 0.027444933042675736, 0.0, 0.17017788851529767, 0.0, 0.0, 0.12873704939550185, 0.0)",48
7,0,2,11,"(0.0, 0.17016660567467035, 0.1249627447719054, 0.04040033156174563, 0.0, 0.17017788851529767, 0.0, 0.0, 0.12873704939550185, 0.0)",122
8,0,2,11,"(0.0, 0.27880307801693904, 0.1249627447719054, 0.04040033156174563, 0.0, 0.11570104871499352, 0.0, 0.0, 0.12873704939550185, 0.0)",4
