,round,tube,nut,amount
0,0.0,0.0,0.0,0.33048143738960034
1,0.0,0.0,1.0,2000.0
2,0.0,0.0,2.0,1333.0450221006781
3,0.0,0.0,3.0,0.685863311452044
4,0.0,1.0,0.0,0.3585666109162897
5,0.0,1.0,1.0,2000.0
6,0.0,1.0,2.0,1333.0543894216862
7,0.0,1.0,3.0,0.7139434936793156
8,0.0,2.0,0.0,0.34344274383315065
9,0.0,2.0,1.0,2000.0
10,0.0,2.0,2.0,1333.0493451189404
11,0.0,2.0,3.0,0.6988223144102352
