,round,tube,sp_div_H,tot_pop_0,tot_final_pop,tot_auc,mean_fc,deg_score,nut_score
0,0.0,0.0,-0.0,11.0,249.0,25135.0,22.636343057869947,0.1301719499542996,0.2928932116741425
1,0.0,1.0,-0.0,11.0,241.0,23447.0,21.909070991753644,0.13493475244650355,0.292893154625683
2,0.0,2.0,-0.0,11.0,250.0,20268.0,22.727252066134486,0.13325385606306794,0.29289319387644197
