,round,tube,sp,st,final_pop
0,0,0,1,"(0.0, 0.03926162523356134, 0.044588638878710875, 0.0, 0.031488363291038005, 0.0, 0.0, 0.0, 0.0, 0.034480130811573785)",376
1,0,0,1,"(0.0, 0.03926162523356134, 0.07034278443515221, 0.0, 0.031488363291038005, 0.0, 0.0, 0.0, 0.0, 0.034480130811573785)",79
2,0,1,1,"(0.0, 0.03926162523356134, 0.07034278443515221, 0.0, 0.031488363291038005, 0.0, 0.0, 0.0, 0.0, 0.034480130811573785)",28
3,0,1,1,"(0.0, 0.03926162523356134, 0.044588638878710875, 0.0, 0.031488363291038005, 0.0, 0.0, 0.0, 0.0, 0.034480130811573785)",481
4,0,2,1,"(0.0, 0.03926162523356134, 0.044588638878710875, 0.0, 0.031488363291038005, 0.0, 0.0, 0.0, 0.0, 0.034480130811573785)",458
5,0,2,1,"(0.0, 0.03926162523356134, 0.07034278443515221, 0.0, 0.031488363291038005, 0.0, 0.0, 0.0, 0.0, 0.034480130811573785)",53
