,round,tube,nut,amount
0,0.0,0.0,0.0,2000.0
1,0.0,0.0,1.0,2000.0
2,0.0,0.0,2.0,0.4273390647253271
3,0.0,0.0,3.0,0.16347291091050842
4,0.0,1.0,0.0,2000.0
5,0.0,1.0,1.0,2000.0
6,0.0,1.0,2.0,0.9595713836028695
7,0.0,1.0,3.0,0.33309431897140107
8,0.0,2.0,0.0,2000.0
9,0.0,2.0,1.0,2000.0
10,0.0,2.0,2.0,0.5293971384835711
11,0.0,2.0,3.0,0.4655556721002867
