,round,tube,sp_div_H,tot_pop_0,tot_final_pop,tot_auc,mean_fc,deg_score,nut_score
0,0.0,0.0,-0.0,15.0,355.0,28661.0,23.666650888899408,0.22866033406566832,0.34515632675631136
1,0.0,1.0,-0.0,15.0,370.0,29581.0,24.666650222233187,0.22654341907980657,0.34515132015458583
2,0.0,2.0,-0.0,15.0,380.0,27597.0,25.333316444455704,0.23153829263202597,0.34514758280743785
