,round,tube,nut,amount
0,0.0,0.0,0.0,0.6594959598637384
1,0.0,0.0,1.0,2000.0
2,0.0,0.0,2.0,0.3630721325023159
3,0.0,0.0,3.0,2000.0
4,0.0,1.0,0.0,0.9139741635295964
5,0.0,1.0,1.0,2000.0
6,0.0,1.0,2.0,0.5095093108931281
7,0.0,1.0,3.0,2000.0
8,0.0,2.0,0.0,0.8195352402335211
9,0.0,2.0,1.0,2000.0
10,0.0,2.0,2.0,0.06901958385895801
11,0.0,2.0,3.0,2000.0
