,round,tube,sp,pop_0,final_pop,st_div_H,auc,fc
0,0.0,0.0,5.0,12.0,77.0,-0.0,4142.0,6.416661319448901
1,0.0,1.0,5.0,12.0,71.0,-0.0,4580.0,5.91666173611522
2,0.0,2.0,5.0,12.0,56.0,-0.0,4058.0,4.666662777781019
