,round,tube,sp_div_H,tot_pop_0,tot_final_pop,tot_auc,mean_fc,deg_score,nut_score
0,0.0,0.0,-0.0,9.0,4.0,397.0,0.44444395061783265,0.04160747170132151,0.03842567512057915
1,0.0,1.0,-0.0,9.0,1.0,264.0,0.11111098765445816,0.028484556089523494,0.025734979175027983
2,0.0,2.0,-0.0,9.0,2.0,407.0,0.22222197530891633,0.04278550739880849,0.038889483514318535
