,round,tube,sp_div_H,tot_pop_0,tot_final_pop,tot_auc,mean_fc,deg_score,nut_score
0,0.0,0.0,-0.0,8.0,570.0,51086.0,71.24991093761133,0.24100370190476827,0.3987036159574453
1,0.0,1.0,-0.0,8.0,962.0,57033.0,120.2498496876879,0.2465323346640459,0.4850159797385958
2,0.0,2.0,-0.0,8.0,976.0,56499.0,121.99984750019063,0.24653937263462633,0.48378573411265113
