,round,tube,nut,amount
0,0.0,0.0,0.0,0.9013126153470664
1,0.0,0.0,1.0,0.5913501509120247
2,0.0,0.0,2.0,2000.0
3,0.0,0.0,3.0,2000.0
4,0.0,1.0,0.0,0.9714641084370037
5,0.0,1.0,1.0,0.23514802111233593
6,0.0,1.0,2.0,2000.0
7,0.0,1.0,3.0,2000.0
8,0.0,2.0,0.0,0.9352953517395816
9,0.0,2.0,1.0,0.17603381477526983
10,0.0,2.0,2.0,2000.0
11,0.0,2.0,3.0,2000.0
