,round,tube,nut,amount
0,0.0,0.0,0.0,0.7713271602462272
1,0.0,0.0,1.0,2000.0
2,0.0,0.0,2.0,0.9235240679206531
3,0.0,0.0,3.0,2000.0
4,0.0,1.0,0.0,0.3203549125367555
5,0.0,1.0,1.0,2000.0
6,0.0,1.0,2.0,0.8452046707889436
7,0.0,1.0,3.0,2000.0
8,0.0,2.0,0.0,0.49284082883918257
9,0.0,2.0,1.0,2000.0
10,0.0,2.0,2.0,0.9808069615251275
11,0.0,2.0,3.0,2000.0
