,round,tube,sp,pop_0,final_pop,st_div_H,auc,fc
0,0.0,0.0,9.0,12.0,83.0,-0.0,5581.0,6.916660902782581
1,0.0,1.0,9.0,12.0,66.0,-0.0,6201.0,5.499995416670486
2,0.0,2.0,9.0,12.0,83.0,-0.0,6331.0,6.916660902782581
