,round,tube,sp,pop_0,final_pop,st_div_H,auc,fc
0,0.0,0.0,13.0,19.0,202.0,-0.0,42797.0,10.6315733518035
1,0.0,1.0,13.0,19.0,322.0,-0.0,51738.0,16.947359501389737
2,0.0,2.0,13.0,19.0,189.0,-0.0,40278.0,9.947363185598324
