,round,tube,sp_div_H,tot_pop_0,tot_final_pop,tot_auc,mean_fc,deg_score,nut_score
0,0.0,0.0,-0.0,6.0,123.0,8644.0,20.499965833390277,0.16943187615627664,0.1339745783175712
1,0.0,1.0,-0.0,6.0,101.0,9309.0,16.83330527782454,0.17604995997820894,0.13397456394784812
2,0.0,2.0,-0.0,6.0,117.0,9256.0,19.49996750005417,0.1703516025480425,0.1339745955436532
