,round,tube,sp,st,final_pop
0,0,0,12,"(0.0, 0.07091558562221109, 0.0015111703434619284, 0.04642784640271252, 0.0561438377695617, 0.0, 0.12675493410285443, 0.10729083391617097, 0.0, 0.10322515837540021)",246
1,0,0,12,"(0.0, 0.1441018655349441, 0.0015111703434619284, 0.04642784640271252, 0.0561438377695617, 0.0, 0.12675493410285443, 0.10729083391617097, 0.0, 0.10322515837540021)",19
2,0,1,12,"(0.0, 0.1441018655349441, 0.0015111703434619284, 0.04642784640271252, 0.0561438377695617, 0.0, 0.12675493410285443, 0.10729083391617097, 0.0, 0.10322515837540021)",12
3,0,1,12,"(0.0, 0.07091558562221109, 0.0015111703434619284, 0.04642784640271252, 0.0561438377695617, 0.0, 0.12675493410285443, 0.10729083391617097, 0.0, 0.10322515837540021)",265
4,0,2,12,"(0.0, 0.07091558562221109, 0.0015111703434619284, 0.04642784640271252, 0.0561438377695617, 0.0, 0.12675493410285443, 0.10729083391617097, 0.0, 0.10322515837540021)",254
5,0,2,12,"(0.0, 0.1441018655349441, 0.0015111703434619284, 0.04642784640271252, 0.0561438377695617, 0.0, 0.12675493410285443, 0.10729083391617097, 0.0, 0.10322515837540021)",25
