,round,tube,nut,amount
0,0.0,0.0,0.0,0.6041030231156165
1,0.0,0.0,1.0,0.3467051998520211
2,0.0,0.0,2.0,2000.0
3,0.0,0.0,3.0,1336.0042454591573
4,0.0,1.0,0.0,0.714642625231984
5,0.0,1.0,1.0,0.4426452844589083
6,0.0,1.0,2.0,2000.0
7,0.0,1.0,3.0,1336.0409554607288
8,0.0,2.0,0.0,0.5031874679574592
9,0.0,2.0,1.0,0.34699352439683606
10,0.0,2.0,2.0,2000.0
11,0.0,2.0,3.0,1335.9707315861426
