,round,tube,sp_div_H,tot_pop_0,tot_final_pop,tot_auc,mean_fc,deg_score,nut_score
0,0.0,0.0,-0.0,9.0,12.0,931.0,1.333331851853498,0.04565938660583124,0.047064736949678276
1,0.0,1.0,-0.0,9.0,2.0,462.0,0.22222197530891633,0.02489137561778032,0.023250668310719425
2,0.0,2.0,-0.0,9.0,23.0,1367.0,2.5555527160525378,0.0610290677241947,0.06639483621495901
