,round,tube,nut,amount
0,0.0,0.0,0.0,2000.0
1,0.0,0.0,1.0,2000.0
2,0.0,0.0,2.0,0.7424350916700497
3,0.0,0.0,3.0,0.43724161562905817
4,0.0,1.0,0.0,2000.0
5,0.0,1.0,1.0,2000.0
6,0.0,1.0,2.0,0.8516416746597768
7,0.0,1.0,3.0,0.18739372026688983
8,0.0,2.0,0.0,2000.0
9,0.0,2.0,1.0,2000.0
10,0.0,2.0,2.0,0.5102850627340412
11,0.0,2.0,3.0,0.4261372647263504
