,round,tube,nut,amount
0,0.0,0.0,0.0,1867.9350192728843
1,0.0,0.0,1.0,15.068646016631945
2,0.0,0.0,2.0,188.3536729133382
3,0.0,0.0,3.0,2000.0
4,0.0,1.0,0.0,1871.5009124709857
5,0.0,1.0,1.0,68.66387750723364
6,0.0,1.0,2.0,237.27002666252713
7,0.0,1.0,3.0,2000.0
8,0.0,2.0,0.0,1869.455910089022
9,0.0,2.0,1.0,37.927573874094435
10,0.0,2.0,2.0,209.2170103839332
11,0.0,2.0,3.0,2000.0
