,round,tube,sp_div_H,tot_pop_0,tot_final_pop,tot_auc,mean_fc,deg_score,nut_score
0,0.0,0.0,-0.0,7.0,569.0,39988.0,81.2855981634312,0.16333997346592444,0.2927753420888014
1,0.0,1.0,-0.0,7.0,582.0,37253.0,83.14273836751663,0.16333997346592444,0.29280172770137936
2,0.0,2.0,-0.0,7.0,602.0,36371.0,85.99987714303266,0.16333997346592444,0.292790394080122
