,round,tube,sp_div_H,tot_pop_0,tot_final_pop,tot_auc,mean_fc,deg_score,nut_score
0,0.0,0.0,-0.0,8.0,102.0,4167.0,12.749984062519923,0.18585263821335662,0.13397413821866733
1,0.0,1.0,-0.0,8.0,90.0,3057.0,11.249985937517579,0.16679052562415497,0.13060710508453288
2,0.0,2.0,-0.0,8.0,107.0,5995.0,13.374983281270898,0.18635591549371855,0.13397456761621462
