,round,tube,nut,amount
0,0.0,0.0,0.0,0.21815747284313525
1,0.0,0.0,1.0,2000.0
2,0.0,0.0,2.0,0.8189700589127761
3,0.0,0.0,3.0,2000.0
4,0.0,1.0,0.0,0.10465969118297103
5,0.0,1.0,1.0,2000.0
6,0.0,1.0,2.0,0.6552745981335346
7,0.0,1.0,3.0,2000.0
8,0.0,2.0,0.0,0.5041071068750078
9,0.0,2.0,1.0,2000.0
10,0.0,2.0,2.0,0.44894782923466436
11,0.0,2.0,3.0,2000.0
