,round,tube,sp_div_H,tot_pop_0,tot_final_pop,tot_auc,mean_fc,deg_score,nut_score
0,0.0,0.0,-0.0,1.0,648.0,64373.0,647.9935200647993,0.14165876848147363,0.49999997408862207
1,0.0,1.0,-0.0,1.0,738.0,64256.0,737.9926200737992,0.13998062359778618,0.4999999574282792
2,0.0,2.0,-0.0,1.0,668.0,54623.0,667.9933200667992,0.13249430112081906,0.4603880488577946
