,round,tube,nut,amount
0,0.0,0.0,0.0,2000.0
1,0.0,0.0,1.0,2000.0
2,0.0,0.0,2.0,0.5119696921594085
3,0.0,0.0,3.0,0.3314221449124197
4,0.0,1.0,0.0,2000.0
5,0.0,1.0,1.0,2000.0
6,0.0,1.0,2.0,0.17413456212035838
7,0.0,1.0,3.0,0.04833884836282465
8,0.0,2.0,0.0,2000.0
9,0.0,2.0,1.0,2000.0
10,0.0,2.0,2.0,0.9559921294943217
11,0.0,2.0,3.0,0.3635113199471931
