,round,tube,sp,pop_0,final_pop,st_div_H,auc,fc
0,0.0,0.0,9.0,8.0,84.0,0.6700089798274271,3023.0,10.499986875016408
1,0.0,1.0,9.0,8.0,118.0,0.6345381452796401,3896.0,14.749981562523047
2,0.0,2.0,9.0,8.0,90.0,0.6571577614973405,2732.0,11.249985937517579
