,round,tube,nut,amount
0,0.0,0.0,0.0,2000.0
1,0.0,0.0,1.0,674.0309331305698
2,0.0,0.0,2.0,0.4174060839744431
3,0.0,0.0,3.0,2000.0
4,0.0,1.0,0.0,2000.0
5,0.0,1.0,1.0,524.2238945945105
6,0.0,1.0,2.0,0.23336467389071913
7,0.0,1.0,3.0,2000.0
8,0.0,2.0,0.0,2000.0
9,0.0,2.0,1.0,454.7221958141365
10,0.0,2.0,2.0,0.05428420956125812
11,0.0,2.0,3.0,2000.0
