,round,tube,nut,amount
0,0.0,0.0,0.0,0.03187408340377107
1,0.0,0.0,1.0,0.16895977645747406
2,0.0,0.0,2.0,0.33796776618113444
3,0.0,0.0,3.0,0.3495864148690584
4,0.0,1.0,0.0,0.5006811008467947
5,0.0,1.0,1.0,912.1735145373374
6,0.0,1.0,2.0,0.27687839157109206
7,0.0,1.0,3.0,0.03757516281336404
8,0.0,2.0,0.0,0.3811988250966205
9,0.0,2.0,1.0,912.1085102720763
10,0.0,2.0,2.0,0.12493725588980098
11,0.0,2.0,3.0,0.2761609924296238
