,round,tube,sp,st,final_pop
0,0,0,11,"(0.0, 0.08228264938806344, 0.05270785725951348, 0.03204202022494345, 0.0, 0.010099699604782979, 0.03162863951933607, 0.04336228625427543, 0.0, 0.024514973626314607)",280
1,0,1,11,"(0.0, 0.08228264938806344, 0.05270785725951348, 0.03204202022494345, 0.0, 0.010099699604782979, 0.03162863951933607, 0.04336228625427543, 0.0, 0.024514973626314607)",283
2,0,2,11,"(0.0, 0.08228264938806344, 0.05270785725951348, 0.03204202022494345, 0.0, 0.010099699604782979, 0.03162863951933607, 0.04336228625427543, 0.0, 0.024514973626314607)",260
