,round,tube,sp,pop_0,final_pop,st_div_H,auc,fc
0,0.0,0.0,12.0,10.0,62.0,0.6594687210865972,4839.0,6.1999938000062
1,0.0,1.0,12.0,10.0,101.0,0.6820779466777396,5192.0,10.099989900010101
2,0.0,2.0,12.0,10.0,87.0,0.47726799422044697,4257.0,8.6999913000087
