,round,tube,sp_div_H,tot_pop_0,tot_final_pop,tot_auc,mean_fc,deg_score,nut_score
0,0.0,0.0,-0.0,3.0,238.0,7164.0,79.33306888977036,0.22150510736349283,0.4203691413078894
1,0.0,1.0,-0.0,3.0,249.0,7097.0,82.99972333425555,0.2175475397792589,0.4202299825216156
2,0.0,2.0,-0.0,3.0,206.0,4840.0,68.66643777854074,0.20131044236598528,0.31966659075377246
