,round,tube,nut,amount
0,0.0,0.0,0.0,0.6258766817964172
1,0.0,0.0,1.0,0.3063653490229426
2,0.0,0.0,2.0,2000.0
3,0.0,0.0,3.0,1336.011476451741
4,0.0,1.0,0.0,0.45518415289623243
5,0.0,1.0,1.0,0.286597842672685
6,0.0,1.0,2.0,2000.0
7,0.0,1.0,3.0,1335.9547897721854
8,0.0,2.0,0.0,0.7343279301328021
9,0.0,2.0,1.0,0.34141242184798615
10,0.0,2.0,2.0,2000.0
11,0.0,2.0,3.0,1336.0474929148024
