,round,tube,nut,amount
0,0.0,0.0,0.0,0.5610301965176345
1,0.0,0.0,1.0,2000.0
2,0.0,0.0,2.0,0.997958098620006
3,0.0,0.0,3.0,2000.0
4,0.0,1.0,0.0,0.9309862466214041
5,0.0,1.0,1.0,2000.0
6,0.0,1.0,2.0,0.956631207499729
7,0.0,1.0,3.0,2000.0
8,0.0,2.0,0.0,0.5019399578963428
9,0.0,2.0,1.0,2000.0
10,0.0,2.0,2.0,0.9493076236501825
11,0.0,2.0,3.0,2000.0
