,round,tube,nut,amount
0,0.0,0.0,0.0,0.9407293682795934
1,0.0,0.0,1.0,2000.0
2,0.0,0.0,2.0,0.4557781191630399
3,0.0,0.0,3.0,2000.0
4,0.0,1.0,0.0,0.7179745046810175
5,0.0,1.0,1.0,2000.0
6,0.0,1.0,2.0,0.3808375930793708
7,0.0,1.0,3.0,2000.0
8,0.0,2.0,0.0,0.4242054567167455
9,0.0,2.0,1.0,2000.0
10,0.0,2.0,2.0,0.4362599411611976
11,0.0,2.0,3.0,2000.0
