,round,tube,sp,pop_0,final_pop,st_div_H,auc,fc
0,0.0,0.0,8.0,13.0,981.0,-0.0,83755.0,75.46148041424584
1,0.0,1.0,8.0,13.0,485.0,-0.0,55855.0,37.30766360948953
2,0.0,2.0,8.0,13.0,943.0,-0.0,80998.0,72.53840573968789
