,round,tube,sp_div_H,tot_pop_0,tot_final_pop,tot_auc,mean_fc,deg_score,nut_score
0,0.0,0.0,-0.0,11.0,100.0,18563.0,9.090900826453794,0.09710944686082112,0.13397459342669105
1,0.0,1.0,-0.0,11.0,106.0,18644.0,9.636354876041022,0.09683691189944099,0.13397458058809164
2,0.0,2.0,-0.0,11.0,94.0,16806.0,8.545446776866568,0.09593725751809601,0.1339745904000461
