,round,tube,sp,pop_0,final_pop,st_div_H,auc,fc
0,0.0,0.0,14.0,11.0,5.0,-0.0,515.0,0.45454504132268975
1,0.0,1.0,14.0,11.0,8.0,-0.0,959.0,0.7272720661163036
2,0.0,2.0,14.0,11.0,7.0,-0.0,609.0,0.6363630578517656
