,round,tube,sp,pop_0,final_pop,st_div_H,auc,fc
0,0.0,0.0,6.0,7.0,96.0,1.055046957888306,14973.0,13.71426612247697
1,0.0,1.0,6.0,7.0,124.0,0.6983210775288067,16720.0,17.71426040819942
2,0.0,2.0,6.0,7.0,92.0,1.081163713485801,15657.0,13.142838367373761
