,round,tube,nut,amount
0,0.0,0.0,0.0,0.9543042117585278
1,0.0,0.0,1.0,2000.0
2,0.0,0.0,2.0,0.9181660900695368
3,0.0,0.0,3.0,2000.0
4,0.0,1.0,0.0,0.7693296063961762
5,0.0,1.0,1.0,2000.0
6,0.0,1.0,2.0,0.8673011961393836
7,0.0,1.0,3.0,2000.0
8,0.0,2.0,0.0,0.4964827153129683
9,0.0,2.0,1.0,2000.0
10,0.0,2.0,2.0,0.9193321787956847
11,0.0,2.0,3.0,2000.0
