,round,tube,sp_div_H,tot_pop_0,tot_final_pop,tot_auc,mean_fc,deg_score,nut_score
0,0.0,0.0,-0.0,4.0,80.0,4249.0,19.999950000125,0.20490469651871457,0.2451437506236337
1,0.0,1.0,-0.0,4.0,99.0,5079.0,24.74993812515469,0.20730347717162845,0.2742400614686955
2,0.0,2.0,-0.0,4.0,106.0,4529.0,26.499933750165628,0.20927317968629056,0.2460994312389284
