,round,tube,sp_div_H,tot_pop_0,tot_final_pop,tot_auc,mean_fc,deg_score,nut_score
0,0.0,0.0,-0.0,8.0,176.0,6012.0,21.999972500034374,0.3241978850546935,0.2895286163782702
1,0.0,1.0,-0.0,8.0,118.0,3418.0,14.749981562523047,0.25783589334284707,0.25084587484778886
2,0.0,2.0,-0.0,8.0,183.0,5049.0,22.874971406285745,0.311301309895082,0.2843982545532442
