,round,tube,sp_div_H,tot_pop_0,tot_final_pop,tot_auc,mean_fc,deg_score,nut_score
0,0.0,0.0,-0.0,9.0,201.0,8936.0,22.33330851854609,0.33201348047018653,0.2928930906897558
1,0.0,1.0,-0.0,9.0,223.0,6228.0,24.777750246944173,0.3258400242868996,0.28968995142442133
2,0.0,2.0,-0.0,9.0,208.0,7034.0,23.1110854321273,0.32987104926095356,0.29248102874857584
