,round,tube,sp_div_H,tot_pop_0,tot_final_pop,tot_auc,mean_fc,deg_score,nut_score
0,0.0,0.0,-0.0,9.0,164.0,19855.0,18.22220197533114,0.11617382141484822,0.29289315051025033
1,0.0,1.0,-0.0,9.0,148.0,19757.0,16.44442617285981,0.11616811152131501,0.29289318242934403
2,0.0,2.0,-0.0,9.0,156.0,21246.0,17.333314074095473,0.11398733423706742,0.2928931839797557
