,round,tube,sp_div_H,tot_pop_0,tot_final_pop,tot_auc,mean_fc,deg_score,nut_score
0,0.0,0.0,-0.0,15.0,145.0,19309.0,9.666660222226518,0.11847459635565738,0.2928931823781643
1,0.0,1.0,-0.0,15.0,157.0,21030.0,10.466659688893541,0.12002663083535237,0.29289317853308705
2,0.0,2.0,-0.0,15.0,129.0,19683.0,8.599994266670489,0.1219876687653767,0.2928931747145618
