,round,tube,sp_div_H,tot_pop_0,tot_final_pop,tot_auc,mean_fc,deg_score,nut_score
0,0.0,0.0,-0.0,25.0,461.0,71554.0,18.43999262400295,0.11760570836530448,0.44457057763326147
1,0.0,1.0,-0.0,25.0,449.0,68602.0,17.959992816002874,0.11434182800036574,0.44455311580703327
2,0.0,2.0,-0.0,25.0,420.0,69208.0,16.79999328000269,0.11391545032832318,0.4445635535603857
