,round,tube,nut,amount
0,0.0,0.0,0.0,2000.0
1,0.0,0.0,1.0,1775.6108308800574
2,0.0,0.0,2.0,1589.7731228795578
3,0.0,0.0,3.0,2000.0
4,0.0,1.0,0.0,2000.0
5,0.0,1.0,1.0,1485.8318127277653
6,0.0,1.0,2.0,1060.0009322793064
7,0.0,1.0,3.0,2000.0
8,0.0,2.0,0.0,2000.0
9,0.0,2.0,1.0,1658.9844412334699
10,0.0,2.0,2.0,1376.557485947552
11,0.0,2.0,3.0,2000.0
