,round,tube,sp,pop_0,final_pop,st_div_H,auc,fc
0,0.0,0.0,3.0,12.0,45.0,0.6809991432654108,2400.0,3.7499968750026045
1,0.0,1.0,3.0,12.0,39.0,-0.0,2052.0,3.2499972916689237
2,0.0,2.0,3.0,12.0,48.0,-0.0,1952.0,3.9999966666694444
