,round,tube,sp,st,final_pop
0,0,0,9,"(0.13315296967426238, 0.0, 0.04225710535970975, 0.0, 0.11554970430112177, 0.10466991553794322, 0.07334043858587344, 0.08580439659655119, 0.0, 0.031227277462559384)",2
1,0,0,9,"(0.13315296967426238, 0.0, 0.04225710535970975, 0.0, 0.11554970430112177, 0.10466991553794322, 0.041491186298102875, 0.08580439659655119, 0.0, 0.02195829510738229)",81
2,0,1,9,"(0.13315296967426238, 0.0, 0.04225710535970975, 0.0, 0.11554970430112177, 0.10466991553794322, 0.041491186298102875, 0.08580439659655119, 0.0, 0.02195829510738229)",96
3,0,2,9,"(0.13315296967426238, 0.0, 0.04225710535970975, 0.0, 0.11554970430112177, 0.10466991553794322, 0.041491186298102875, 0.08580439659655119, 0.0, 0.02195829510738229)",71
