,round,tube,sp_div_H,tot_pop_0,tot_final_pop,tot_auc,mean_fc,deg_score,nut_score
0,0.0,0.0,-0.0,17.0,398.0,45185.0,23.411750934264155,0.050067755560776694,0.13397458655113192
1,0.0,1.0,-0.0,17.0,394.0,44507.0,23.176456955025323,0.050328708528795785,0.13397458868133905
2,0.0,2.0,-0.0,17.0,381.0,41301.0,22.411751522499106,0.048368737464775324,0.1339745901384164
