,round,tube,sp,pop_0,final_pop,st_div_H,auc,fc
0,0.0,0.0,11.0,29.0,491.0,0.4507769682756617,62614.0,16.93102864447288
1,0.0,1.0,11.0,29.0,503.0,0.5434159951637959,63007.0,17.34482160523393
2,0.0,2.0,11.0,29.0,514.0,0.7627972627770476,63563.0,17.72413181926489
