,round,tube,sp,pop_0,final_pop,st_div_H,auc,fc
0,0.0,0.0,8.0,25.0,792.0,0.592843265635365,90480.0,31.67998732800507
1,0.0,1.0,8.0,25.0,813.0,0.5617176647588045,95162.0,32.5199869920052
2,0.0,2.0,8.0,25.0,834.0,0.6888252168634239,95996.0,33.35998665600534
