,round,tube,sp,pop_0,final_pop,st_div_H,auc,fc
0,0.0,0.0,1.0,13.0,565.0,-0.0,38526.0,43.461505029611516
1,0.0,1.0,1.0,13.0,587.0,-0.0,40584.0,45.15381142014506
2,0.0,2.0,1.0,13.0,594.0,-0.0,40788.0,45.69227254440574
