,round,tube,sp,pop_0,final_pop,st_div_H,auc,fc
0,0.0,0.0,11.0,7.0,38.0,0.8613950593517035,21667.0,5.4285636734804665
1,0.0,1.0,11.0,7.0,42.0,0.9675843728024425,22967.0,5.999991428583674
2,0.0,2.0,11.0,7.0,48.0,1.0495339779544297,22328.0,6.857133061238485
