,round,tube,sp_div_H,tot_pop_0,tot_final_pop,tot_auc,mean_fc,deg_score,nut_score
0,0.0,0.0,-0.0,28.0,551.0,67781.0,19.678564400512716,0.1375223300041697,0.29289318806004516
1,0.0,1.0,-0.0,28.0,542.0,68592.0,19.35713594388002,0.13794396555149213,0.29289317926132796
2,0.0,2.0,-0.0,28.0,552.0,70306.0,19.714278673471902,0.13745333868397547,0.2928931753600479
