,round,tube,sp_div_H,tot_pop_0,tot_final_pop,tot_auc,mean_fc,deg_score,nut_score
0,0.0,0.0,0.0,1.0,0.0,4.0,0.0,0.0003250433608849024,0.000284386690062699
1,0.0,1.0,-0.0,1.0,25.0,617.0,24.999750002499972,0.045622948076186276,0.05046175016486265
2,0.0,2.0,-0.0,1.0,6.0,202.0,5.999940000599993,0.015667116510211687,0.01997008533709943
