,round,tube,nut,amount
0,0.0,0.0,0.0,2000.0
1,0.0,0.0,1.0,636.496017348826
2,0.0,0.0,2.0,0.15898356318720275
3,0.0,0.0,3.0,2000.0
4,0.0,1.0,0.0,2000.0
5,0.0,1.0,1.0,667.618277206697
6,0.0,1.0,2.0,0.10530411658913819
7,0.0,1.0,3.0,2000.0
8,0.0,2.0,0.0,2000.0
9,0.0,2.0,1.0,544.2638103004066
10,0.0,2.0,2.0,0.10382602980923039
11,0.0,2.0,3.0,2000.0
