,round,tube,sp_div_H,tot_pop_0,tot_final_pop,tot_auc,mean_fc,deg_score,nut_score
0,0.0,0.0,-0.0,27.0,540.0,44000.0,19.999992592595337,0.16333997346592444,0.29284937341298756
1,0.0,1.0,-0.0,27.0,516.0,42585.0,19.111104032924434,0.16333997346592444,0.2928785250149588
2,0.0,2.0,-0.0,27.0,543.0,47877.0,20.1111036625542,0.16333997346592444,0.2928595432814003
