,round,tube,sp,pop_0,final_pop,st_div_H,auc,fc
0,0.0,0.0,8.0,24.0,488.0,1.630798130632504,42667.0,20.33332486111464
1,0.0,1.0,8.0,24.0,459.0,1.59664265414008,41728.0,19.12499203125332
2,0.0,2.0,8.0,24.0,470.0,1.4368022572959012,43243.0,19.58332517361451
