,round,tube,nut,amount
0,0.0,0.0,0.0,919.3118538693075
1,0.0,0.0,1.0,0.5657749900617679
2,0.0,0.0,2.0,0.22576171015592028
3,0.0,0.0,3.0,2000.0
4,0.0,1.0,0.0,919.3012285378711
5,0.0,1.0,1.0,0.29100678979303396
6,0.0,1.0,2.0,0.20609991952165463
7,0.0,1.0,3.0,2000.0
8,0.0,2.0,0.0,919.2971547166225
9,0.0,2.0,1.0,0.2685818997035918
10,0.0,2.0,2.0,0.19856146097729666
11,0.0,2.0,3.0,2000.0
