,round,tube,sp_div_H,tot_pop_0,tot_final_pop,tot_auc,mean_fc,deg_score,nut_score
0,0.0,0.0,-0.0,8.0,95.0,18652.0,11.874985156268556,0.09932390348854547,0.13397457928326184
1,0.0,1.0,-0.0,8.0,106.0,20446.0,13.249983437520704,0.09513368020259039,0.13397459609257945
2,0.0,2.0,-0.0,8.0,98.0,18159.0,12.249984687519142,0.09659165246809609,0.13397459332808004
