,round,tube,sp,st,final_pop
0,0,0,9,"(0.0, 0.0, 0.26832887547764517, 0.0, 0.050779199746385756, 0.0, 0.17543471630791765, 0.05284352882114535, 0.0, 0.051109915023695024)",11
1,0,0,9,"(0.0, 0.0, 0.26832887547764517, 0.0, 0.06630348881158701, 0.0, 0.17543471630791765, 0.06519064604168817, 0.0, 0.04169583562250932)",278
2,0,0,9,"(0.0, 0.0, 0.28312331943226643, 0.0, 0.06630348881158701, 0.0, 0.17543471630791765, 0.06519064604168817, 0.0, 0.04169583562250932)",14
3,0,1,9,"(0.0, 0.0, 0.28312331943226643, 0.0, 0.06630348881158701, 0.0, 0.17543471630791765, 0.06519064604168817, 0.0, 0.04169583562250932)",61
4,0,1,9,"(0.0, 0.0, 0.26832887547764517, 0.0, 0.06630348881158701, 0.0, 0.17543471630791765, 0.06519064604168817, 0.0, 0.04169583562250932)",222
5,0,2,9,"(0.0, 0.0, 0.26832887547764517, 0.0, 0.050779199746385756, 0.0, 0.17543471630791765, 0.05284352882114535, 0.0, 0.051109915023695024)",39
6,0,2,9,"(0.0, 0.0, 0.28312331943226643, 0.0, 0.06630348881158701, 0.0, 0.17543471630791765, 0.06519064604168817, 0.0, 0.04169583562250932)",10
7,0,2,9,"(0.0, 0.0, 0.26832887547764517, 0.0, 0.06630348881158701, 0.0, 0.17543471630791765, 0.06519064604168817, 0.0, 0.04169583562250932)",265
