,round,tube,sp_div_H,tot_pop_0,tot_final_pop,tot_auc,mean_fc,deg_score,nut_score
0,0.0,0.0,-0.0,15.0,250.0,10856.0,16.666655555562965,0.2481415741912698,0.4983715090498988
1,0.0,1.0,-0.0,15.0,247.0,12556.0,16.466655688896207,0.24859983589128976,0.4986329002902147
2,0.0,2.0,-0.0,15.0,237.0,10897.0,15.79998946667369,0.24655630666471662,0.49862686095758324
