,round,tube,nut,amount
0,0.0,0.0,0.0,0.7607549702726999
1,0.0,0.0,1.0,2000.0
2,0.0,0.0,2.0,0.8188004039555419
3,0.0,0.0,3.0,2000.0
4,0.0,1.0,0.0,0.6103550449976304
5,0.0,1.0,1.0,2000.0
6,0.0,1.0,2.0,0.9318141733810068
7,0.0,1.0,3.0,2000.0
8,0.0,2.0,0.0,0.9674734067233535
9,0.0,2.0,1.0,2000.0
10,0.0,2.0,2.0,0.8679558601086208
11,0.0,2.0,3.0,2000.0
