,round,tube,sp_div_H,tot_pop_0,tot_final_pop,tot_auc,mean_fc,deg_score,nut_score
0,0.0,0.0,-0.0,9.0,88.0,2999.0,9.777766913592318,0.2048020220497564,0.15509674262127104
1,0.0,1.0,-0.0,9.0,88.0,4444.0,9.777766913592318,0.20633525103013106,0.2557624281553943
2,0.0,2.0,-0.0,9.0,86.0,6360.0,9.555544938283402,0.21181129343659566,0.29289317389774927
