,round,tube,nut,amount
0,0.0,0.0,0.0,2000.0
1,0.0,0.0,1.0,0.21132148374646897
2,0.0,0.0,2.0,2000.0
3,0.0,0.0,3.0,958.3927436878058
4,0.0,1.0,0.0,2000.0
5,0.0,1.0,1.0,0.6988232081055474
6,0.0,1.0,2.0,2000.0
7,0.0,1.0,3.0,1041.907317176167
8,0.0,2.0,0.0,2000.0
9,0.0,2.0,1.0,0.8111561030456058
10,0.0,2.0,2.0,2000.0
11,0.0,2.0,3.0,1651.4155380791397
