,round,tube,sp,pop_0,final_pop,st_div_H,auc,fc
0,0.0,0.0,13.0,12.0,79.0,-0.0,8918.0,6.583327847226794
1,0.0,1.0,13.0,12.0,64.0,-0.0,9097.0,5.333328888892593
2,0.0,2.0,13.0,12.0,92.0,-0.0,9171.0,7.666660277783102
