,round,tube,nut,amount
0,0.0,0.0,0.0,2000.0
1,0.0,0.0,1.0,1651.6709337939592
2,0.0,0.0,2.0,2000.0
3,0.0,0.0,3.0,1973.1425315494905
4,0.0,1.0,0.0,2000.0
5,0.0,1.0,1.0,1481.1863699884827
6,0.0,1.0,2.0,2000.0
7,0.0,1.0,3.0,1959.9975366641231
8,0.0,2.0,0.0,2000.0
9,0.0,2.0,1.0,693.5759732552401
10,0.0,2.0,2.0,2000.0
11,0.0,2.0,3.0,1899.2698414075737
