,round,tube,nut,amount
0,0.0,0.0,0.0,0.2673745443318519
1,0.0,0.0,1.0,2000.0
2,0.0,0.0,2.0,0.7031153828789543
3,0.0,0.0,3.0,2000.0
4,0.0,1.0,0.0,0.26815814064862054
5,0.0,1.0,1.0,2000.0
6,0.0,1.0,2.0,0.3976971123629298
7,0.0,1.0,3.0,2000.0
8,0.0,2.0,0.0,0.300462556487872
9,0.0,2.0,1.0,2000.0
10,0.0,2.0,2.0,0.66042333296916
11,0.0,2.0,3.0,2000.0
