,round,tube,nut,amount
0,0.0,0.0,0.0,2000.0
1,0.0,0.0,1.0,0.02491085893087419
2,0.0,0.0,2.0,943.3440052051399
3,0.0,0.0,3.0,1021.431469902744
4,0.0,1.0,0.0,2000.0
5,0.0,1.0,1.0,0.010640391671355331
6,0.0,1.0,2.0,10.59716063998903
7,0.0,1.0,3.0,157.6151350357024
8,0.0,2.0,0.0,2000.0
9,0.0,2.0,1.0,0.4666839462797707
10,0.0,2.0,2.0,135.14747254387888
11,0.0,2.0,3.0,272.96110973639384
