,round,tube,sp_div_H,tot_pop_0,tot_final_pop,tot_auc,mean_fc,deg_score,nut_score
0,0.0,0.0,-0.0,40.0,796.0,85170.0,19.899995025001243,0.18123636837791057,0.49999993496068795
1,0.0,1.0,-0.0,40.0,831.0,86768.0,20.774994806251296,0.17513170397635502,0.4923737896964686
2,0.0,2.0,-0.0,40.0,812.0,86394.0,20.29999492500127,0.1817458326344299,0.4999999819956109
