,round,tube,sp,pop_0,final_pop,st_div_H,auc,fc
0,0.0,0.0,2.0,15.0,256.0,0.7022460111906874,18435.0,17.066655288896474
1,0.0,1.0,2.0,15.0,245.0,0.8590691326479356,16760.0,16.333322444451703
2,0.0,2.0,2.0,15.0,284.0,0.7929707488714399,19697.0,18.933320711119528
