,round,tube,sp_div_H,tot_pop_0,tot_final_pop,tot_auc,mean_fc,deg_score,nut_score
0,0.0,0.0,-0.0,4.0,108.0,14205.0,26.999932500168754,0.13675283681102812,0.1339745690578641
1,0.0,1.0,-0.0,4.0,91.0,13535.0,22.749943125142188,0.13607144169758212,0.13397459448372218
2,0.0,2.0,-0.0,4.0,76.0,13607.0,18.999952500118752,0.1392327319300346,0.13397457211680575
