,round,tube,sp,pop_0,final_pop,st_div_H,auc,fc
0,0.0,0.0,6.0,4.0,183.0,0.28354789297103483,21183.0,45.74988562528594
1,0.0,1.0,6.0,4.0,178.0,0.21632400270956859,18899.0,44.49988875027813
2,0.0,2.0,6.0,4.0,203.0,0.49627760024346357,20067.0,50.749873125317194
