,round,tube,sp_div_H,tot_pop_0,tot_final_pop,tot_auc,mean_fc,deg_score,nut_score
0,0.0,0.0,-0.0,13.0,372.0,42836.0,28.615362603567227,0.04945780138012579,0.13397457346632669
1,0.0,1.0,-0.0,13.0,432.0,44714.0,33.23074366865872,0.055115620790866404,0.1339745945760955
2,0.0,2.0,-0.0,13.0,391.0,42024.0,30.0768999408462,0.05108235677342188,0.13397459226635566
