,round,tube,sp_div_H,tot_pop_0,tot_final_pop,tot_auc,mean_fc,deg_score,nut_score
0,0.0,0.0,-0.0,3.0,110.0,8005.0,36.66654444485185,0.20607400841337242,0.13397457899831122
1,0.0,1.0,-0.0,3.0,117.0,6335.0,38.99987000043333,0.2051189222976224,0.13397459430092107
2,0.0,2.0,-0.0,3.0,125.0,6929.0,41.66652777824074,0.20246270342440376,0.13397458005258633
