,round,tube,sp,pop_0,final_pop,st_div_H,auc,fc
0,0.0,0.0,6.0,4.0,169.0,1.0554805701544043,18216.0,42.24989437526406
1,0.0,1.0,6.0,4.0,193.0,0.6913998478391468,18922.0,48.24987937530157
2,0.0,2.0,6.0,4.0,171.0,0.9971455435846899,19349.0,42.74989312526719
