,round,tube,sp_div_H,tot_pop_0,tot_final_pop,tot_auc,mean_fc,deg_score,nut_score
0,0.0,0.0,-0.0,19.0,252.0,48337.0,13.263150914131097,0.05079483862922762,0.3991145215233963
1,0.0,1.0,-0.0,19.0,266.0,48763.0,13.999992631582826,0.04704491325239302,0.39912562773779414
2,0.0,2.0,-0.0,19.0,290.0,51552.0,15.263149861500073,0.04816607905493209,0.3991205217513949
