,round,tube,nut,amount
0,0.0,0.0,0.0,0.33510554720914953
1,0.0,0.0,1.0,2000.0
2,0.0,0.0,2.0,1333.0465643920472
3,0.0,0.0,3.0,0.6904865994753866
4,0.0,1.0,0.0,0.09536788656089001
5,0.0,1.0,1.0,2000.0
6,0.0,1.0,2.0,1332.9666040662632
7,0.0,1.0,3.0,0.45079154508322716
8,0.0,2.0,0.0,0.20561849085303974
9,0.0,2.0,1.0,2000.0
10,0.0,2.0,2.0,1333.003376237203
11,0.0,2.0,3.0,0.5610225555986058
