,round,tube,sp,pop_0,final_pop,st_div_H,auc,fc
0,0.0,0.0,0.0,13.0,230.0,0.5599342301636949,25207.0,17.692294082850704
1,0.0,1.0,0.0,13.0,222.0,0.5547896023487735,23796.0,17.076909940838508
2,0.0,2.0,0.0,13.0,246.0,0.6045364845808017,23587.0,18.923062366875104
