,round,tube,sp,pop_0,final_pop,st_div_H,auc,fc
0,0.0,0.0,13.0,2.0,470.0,0.40957133307919374,48487.0,234.99882500587498
1,0.0,1.0,13.0,2.0,347.0,0.6656495601538637,37295.0,173.49913250433747
2,0.0,2.0,13.0,2.0,751.0,0.6275500844037922,37129.0,375.49812250938743
