,round,tube,sp_div_H,tot_pop_0,tot_final_pop,tot_auc,mean_fc,deg_score,nut_score
0,0.0,0.0,-0.0,4.0,296.0,16471.0,73.9998150004625,0.30939570327019283,0.29289321773125143
1,0.0,1.0,-0.0,4.0,307.0,18367.0,76.74980812547969,0.3106007919336192,0.2928931763110718
2,0.0,2.0,-0.0,4.0,268.0,15612.0,66.99983250041876,0.3106574116134674,0.2928932083341832
