,round,tube,sp_div_H,tot_pop_0,tot_final_pop,tot_auc,mean_fc,deg_score,nut_score
0,0.0,0.0,-0.0,26.0,606.0,63435.0,23.307683343198715,0.20229230710394974,0.29289317189896513
1,0.0,1.0,-0.0,26.0,616.0,62835.0,23.69229857988516,0.20550718580007676,0.29289320481792636
2,0.0,2.0,-0.0,26.0,641.0,62893.0,24.65383667160128,0.2065980440436458,0.2928931827579211
