,round,tube,nut,amount
0,0.0,0.0,0.0,0.11203962096943254
1,0.0,0.0,1.0,2000.0
2,0.0,0.0,2.0,0.2655499436280129
3,0.0,0.0,3.0,350.5614198005695
4,0.0,1.0,0.0,0.2540040012411774
5,0.0,1.0,1.0,2000.0
6,0.0,1.0,2.0,0.06936222328606667
7,0.0,1.0,3.0,0.8532027567624736
8,0.0,2.0,0.0,0.0023205452657339976
9,0.0,2.0,1.0,2000.0
10,0.0,2.0,2.0,0.40539714429480167
11,0.0,2.0,3.0,350.6767698002112
