,round,tube,sp_div_H,tot_pop_0,tot_final_pop,tot_auc,mean_fc,deg_score,nut_score
0,0.0,0.0,-0.0,8.0,312.0,48378.0,38.99995125006094,0.05678934149355919,0.3991232871290329
1,0.0,1.0,-0.0,8.0,301.0,47184.0,37.62495296880879,0.06104485421951966,0.39912580905812534
2,0.0,2.0,-0.0,8.0,292.0,47344.0,36.49995437505703,0.05448298528634721,0.3991149434871436
