,round,tube,sp,pop_0,final_pop,st_div_H,auc,fc
0,0.0,0.0,1.0,16.0,483.0,1.0104419443882846,68182.0,30.187481132824292
1,0.0,1.0,1.0,16.0,460.0,0.9836081366814409,64283.0,28.749982031261233
2,0.0,2.0,1.0,16.0,441.0,1.2048577127586455,66019.0,27.562482773448266
