,round,tube,sp_div_H,tot_pop_0,tot_final_pop,tot_auc,mean_fc,deg_score,nut_score
0,0.0,0.0,-0.0,8.0,2.0,245.0,0.24999968750039064,0.0317940666460359,0.02764194153884758
1,0.0,1.0,0.0,8.0,0.0,198.0,0.0,0.02600447542186235,0.022375915632202092
2,0.0,2.0,-0.0,8.0,3.0,407.0,0.37499953125058594,0.052122332265205906,0.04498600346890147
