,round,tube,sp,pop_0,final_pop,st_div_H,auc,fc
0,0.0,0.0,9.0,12.0,141.0,-0.0,5280.0,11.749990208341494
1,0.0,1.0,9.0,12.0,108.0,-0.0,3139.0,8.99999250000625
2,0.0,2.0,9.0,12.0,100.0,-0.0,3451.0,8.333326388894676
