,round,tube,nut,amount
0,0.0,0.0,0.0,1706.4771194196253
1,0.0,0.0,1.0,2000.0
2,0.0,0.0,2.0,1921.981188583502
3,0.0,0.0,3.0,1709.248429126192
4,0.0,1.0,0.0,1804.0387940308742
5,0.0,1.0,1.0,2000.0
6,0.0,1.0,2.0,1947.9132245390012
7,0.0,1.0,3.0,1805.8889707228434
8,0.0,2.0,0.0,1703.6003928775926
9,0.0,2.0,1.0,2000.0
10,0.0,2.0,2.0,1921.2165504566956
11,0.0,2.0,3.0,1706.3988633294116
