,round,tube,nut,amount
0,0.0,0.0,0.0,891.4622987781032
1,0.0,0.0,1.0,0.35052324859229955
2,0.0,0.0,2.0,2000.0
3,0.0,0.0,3.0,0.39104555820892584
4,0.0,1.0,0.0,891.4729206684143
5,0.0,1.0,1.0,0.07879073306634155
6,0.0,1.0,2.0,2000.0
7,0.0,1.0,3.0,0.4102055984559989
8,0.0,2.0,0.0,0.6649009213112969
9,0.0,2.0,1.0,0.25409763539473573
10,0.0,2.0,2.0,2000.0
11,0.0,2.0,3.0,0.1495580688164626
