,round,tube,sp,st,final_pop
0,0,0,4,"(0.03136505589717127, 0.0, 0.0, 0.03248678328236583, 0.0, 0.0014291004804860002, 0.01586352477703272, 0.027620616827367193, 0.006079849223974414, 0.016598539113054)",310
1,0,0,4,"(0.03136505589717127, 0.0, 0.0, 0.03248678328236583, 0.0, 0.0014291004804860002, 0.01586352477703272, 0.043626824420396004, 0.006079849223974414, 0.016598539113054)",53
2,0,1,4,"(0.03136505589717127, 0.0, 0.0, 0.03248678328236583, 0.0, 0.0014291004804860002, 0.01586352477703272, 0.027620616827367193, 0.006079849223974414, 0.016598539113054)",350
3,0,1,4,"(0.03136505589717127, 0.0, 0.0, 0.03248678328236583, 0.0, 0.0014291004804860002, 0.01586352477703272, 0.043626824420396004, 0.006079849223974414, 0.016598539113054)",7
4,0,2,4,"(0.03136505589717127, 0.0, 0.0, 0.03248678328236583, 0.0, 0.0014291004804860002, 0.01586352477703272, 0.027620616827367193, 0.006079849223974414, 0.016598539113054)",433
5,0,2,4,"(0.03136505589717127, 0.0, 0.0, 0.03248678328236583, 0.0, 0.0014291004804860002, 0.01586352477703272, 0.043626824420396004, 0.006079849223974414, 0.016598539113054)",11
