,round,tube,nut,amount
0,0.0,0.0,0.0,0.03476553793633075
1,0.0,0.0,1.0,2000.0
2,0.0,0.0,2.0,0.8427154724020243
3,0.0,0.0,3.0,2000.0
4,0.0,1.0,0.0,0.09070567959767317
5,0.0,1.0,1.0,2000.0
6,0.0,1.0,2.0,0.9936280173149763
7,0.0,1.0,3.0,2000.0
8,0.0,2.0,0.0,0.2696241224874516
9,0.0,2.0,1.0,2000.0
10,0.0,2.0,2.0,0.16745804674394504
11,0.0,2.0,3.0,2000.0
