,round,tube,sp,pop_0,final_pop,st_div_H,auc,fc
0,0.0,0.0,13.0,13.0,415.0,-0.0,45958.0,31.923052366882796
1,0.0,1.0,13.0,13.0,392.0,-0.0,42699.0,30.153822958597726
2,0.0,2.0,13.0,13.0,418.0,-0.0,43276.0,32.15382142013737
