,round,tube,sp,pop_0,final_pop,st_div_H,auc,fc
0,0.0,0.0,12.0,13.0,251.0,0.3153455849619468,19080.0,19.307677455632728
1,0.0,1.0,12.0,13.0,263.0,0.5275808750102132,18042.0,20.230753668651026
2,0.0,2.0,12.0,13.0,290.0,-0.0,17596.0,22.307675147942195
