,round,tube,sp,st,final_pop
0,0,0,2,"(0.0, 0.0, 0.030360350867639944, 0.08907557369349299, 0.0, 0.02511892626773576, 0.0, 0.0, 0.0, 0.05830737916070813)",138
1,0,1,2,"(0.0, 0.0, 0.030360350867639944, 0.08907557369349299, 0.0, 0.02511892626773576, 0.0, 0.0, 0.0, 0.05830737916070813)",200
2,0,2,2,"(0.0, 0.0, 0.030360350867639944, 0.08907557369349299, 0.0, 0.02511892626773576, 0.0, 0.0, 0.0, 0.05830737916070813)",170
