,round,tube,sp,pop_0,final_pop,st_div_H,auc,fc
0,0.0,0.0,1.0,13.0,979.0,0.6897205188678536,79678.0,75.30763437874279
1,0.0,1.0,1.0,13.0,998.0,0.6827011597160686,77107.0,76.76917171602176
2,0.0,2.0,1.0,13.0,955.0,0.6485736299682678,78721.0,73.4614819527062
