,round,tube,sp_div_H,tot_pop_0,tot_final_pop,tot_auc,mean_fc,deg_score,nut_score
0,0.0,0.0,-0.0,25.0,534.0,45621.0,21.359991456003417,0.16333997346592444,0.2928409784462611
1,0.0,1.0,-0.0,25.0,541.0,42304.0,21.639991344003462,0.16333997346592444,0.2927860507358955
2,0.0,2.0,-0.0,25.0,481.0,41223.0,19.239992304003078,0.16333997346592444,0.29281255405215934
