,round,tube,nut,amount
0,0.0,0.0,0.0,0.3377572457079572
1,0.0,0.0,1.0,0.250874586669545
2,0.0,0.0,2.0,2000.0
3,0.0,0.0,3.0,2000.0
4,0.0,1.0,0.0,0.9374388830882412
5,0.0,1.0,1.0,0.1719657637448318
6,0.0,1.0,2.0,2000.0
7,0.0,1.0,3.0,2000.0
8,0.0,2.0,0.0,0.5341521807709965
9,0.0,2.0,1.0,0.38838380146925067
10,0.0,2.0,2.0,2000.0
11,0.0,2.0,3.0,2000.0
