,round,tube,sp_div_H,tot_pop_0,tot_final_pop,tot_auc,mean_fc,deg_score,nut_score
0,0.0,0.0,-0.0,22.0,1221.0,116585.0,55.49997477273874,0.2654545468840317,0.49999996564340055
1,0.0,1.0,-0.0,22.0,1259.0,112745.0,57.227246714887855,0.2694849067048527,0.4999999381818895
2,0.0,2.0,-0.0,22.0,1170.0,111011.0,53.18179400827545,0.2642487212769221,0.4973258191189004
