,round,tube,sp,pop_0,final_pop,st_div_H,auc,fc
0,0.0,0.0,6.0,8.0,162.0,-0.0,17886.0,20.24997468753164
1,0.0,1.0,6.0,8.0,158.0,-0.0,16152.0,19.74997531253086
2,0.0,2.0,6.0,8.0,159.0,-0.0,17339.0,19.874975156281057
