,round,tube,sp_div_H,tot_pop_0,tot_final_pop,tot_auc,mean_fc,deg_score,nut_score
0,0.0,0.0,-0.0,5.0,473.0,60795.0,94.5998108003784,0.13755336249455996,0.44455518159153773
1,0.0,1.0,-0.0,5.0,463.0,57094.0,92.59981480037041,0.1383566110805482,0.4445618752549587
2,0.0,2.0,-0.0,5.0,503.0,58816.0,100.59979880040241,0.13792372037578626,0.44455751783569075
