,round,tube,nut,amount
0,0.0,0.0,0.0,1664.8650873162048
1,0.0,0.0,1.0,1893.7085452232557
2,0.0,0.0,2.0,2000.0
3,0.0,0.0,3.0,2000.0
4,0.0,1.0,0.0,1794.504933326993
5,0.0,1.0,1.0,1934.8251442644328
6,0.0,1.0,2.0,2000.0
7,0.0,1.0,3.0,2000.0
8,0.0,2.0,0.0,1791.1378298479349
9,0.0,2.0,1.0,1933.7572330632227
10,0.0,2.0,2.0,2000.0
11,0.0,2.0,3.0,2000.0
