,round,tube,sp_div_H,tot_pop_0,tot_final_pop,tot_auc,mean_fc,deg_score,nut_score
0,0.0,0.0,-0.0,6.0,63.0,15655.0,10.499982500029168,0.11749721612152986,0.1339745791178869
1,0.0,1.0,-0.0,6.0,66.0,15773.0,10.999981666697224,0.12613451177672796,0.13397458607663637
2,0.0,2.0,-0.0,6.0,60.0,17224.0,9.999983333361111,0.12245470930069535,0.13397457262158852
