,round,tube,sp,st,final_pop
0,0,0,13,"(0.0, 0.02461978404713738, 0.01801482578935501, 0.0, 0.01810411441758469, 0.022173256981297827, 0.0, 0.0, 0.01089208668844536, 0.00476393156717078)",134
1,0,0,13,"(0.0, 0.013852322525667326, 0.02898514150277628, 0.0, 0.022468560747080604, 0.02428894608729677, 0.0, 0.0, 0.01089208668844536, 0.00476393156717078)",112
2,0,0,13,"(0.0, 0.01621692291669569, 0.02898514150277628, 0.0, 0.022468560747080604, 0.02428894608729677, 0.0, 0.0, 0.01089208668844536, 0.00476393156717078)",64
3,0,1,13,"(0.0, 0.02461978404713738, 0.023035932332134326, 0.0, 0.01810411441758469, 0.022173256981297827, 0.0, 0.0, 0.007840954107752346, 0.00476393156717078)",141
4,0,1,13,"(0.0, 0.02461978404713738, 0.01801482578935501, 0.0, 0.01810411441758469, 0.022173256981297827, 0.0, 0.0, 0.01089208668844536, 0.00476393156717078)",428
5,0,1,13,"(0.0, 0.013852322525667326, 0.02898514150277628, 0.0, 0.022468560747080604, 0.02428894608729677, 0.0, 0.0, 0.01089208668844536, 0.00476393156717078)",17
6,0,2,13,"(0.0, 0.01621692291669569, 0.02898514150277628, 0.0, 0.022468560747080604, 0.02428894608729677, 0.0, 0.0, 0.01089208668844536, 0.00476393156717078)",316
7,0,2,13,"(0.0, 0.02461978404713738, 0.023035932332134326, 0.0, 0.01810411441758469, 0.022173256981297827, 0.0, 0.0, 0.007840954107752346, 0.00476393156717078)",59
8,0,2,13,"(0.0, 0.02461978404713738, 0.01801482578935501, 0.0, 0.01810411441758469, 0.022173256981297827, 0.0, 0.0, 0.01089208668844536, 0.00476393156717078)",50
