,round,tube,sp,pop_0,final_pop,st_div_H,auc,fc
0,0.0,0.0,5.0,7.0,4.0,-0.0,384.0,0.571427755103207
1,0.0,1.0,5.0,7.0,27.0,-0.0,1208.0,3.8571373469466472
2,0.0,2.0,5.0,7.0,9.0,-0.0,890.0,1.2857124489822158
