,round,tube,nut,amount
0,0.0,0.0,0.0,0.5718915385600822
1,0.0,0.0,1.0,2000.0
2,0.0,0.0,2.0,0.271704476063791
3,0.0,0.0,3.0,350.56649623622764
4,0.0,1.0,0.0,0.09241989742572798
5,0.0,1.0,1.0,2000.0
6,0.0,1.0,2.0,0.3875891788500938
7,0.0,1.0,3.0,350.66208127733813
8,0.0,2.0,0.0,0.46457345306241493
9,0.0,2.0,1.0,2000.0
10,0.0,2.0,2.0,0.36850613281275424
11,0.0,2.0,3.0,350.6463410312388
