,round,tube,sp,st,final_pop
0,0,0,8,"(0.0, 0.0, 0.0132952402022934, 0.0, 0.030805856548018595, 0.0, 0.0, 0.0, 0.10496992698505436, 0.1017790649374245)",14
1,0,0,8,"(0.0, 0.0, 0.0132952402022934, 0.0, 0.03235931997879917, 0.0, 0.0, 0.0, 0.10496992698505436, 0.1017790649374245)",434
2,0,1,8,"(0.0, 0.0, 0.0132952402022934, 0.0, 0.030805856548018595, 0.0, 0.0, 0.0, 0.10496992698505436, 0.1017790649374245)",96
3,0,1,8,"(0.0, 0.0, 0.0132952402022934, 0.0, 0.03235931997879917, 0.0, 0.0, 0.0, 0.10496992698505436, 0.1017790649374245)",357
4,0,2,8,"(0.0, 0.0, 0.0132952402022934, 0.0, 0.030805856548018595, 0.0, 0.0, 0.0, 0.10496992698505436, 0.1017790649374245)",28
5,0,2,8,"(0.0, 0.0, 0.0132952402022934, 0.0, 0.03235931997879917, 0.0, 0.0, 0.0, 0.10496992698505436, 0.1017790649374245)",411
