,round,tube,nut,amount
0,0.0,0.0,0.0,0.21822463654872132
1,0.0,0.0,1.0,2000.0
2,0.0,0.0,2.0,0.567917734607648
3,0.0,0.0,3.0,0.16306032741577625
4,0.0,1.0,0.0,0.5035200730496983
5,0.0,1.0,1.0,2000.0
6,0.0,1.0,2.0,207.26927065544584
7,0.0,1.0,3.0,0.2943893307508489
8,0.0,2.0,0.0,0.33101642699905676
9,0.0,2.0,1.0,2000.0
10,0.0,2.0,2.0,207.1146054233256
11,0.0,2.0,3.0,0.33796397398330985
