,round,tube,sp,pop_0,final_pop,st_div_H,auc,fc
0,0.0,0.0,0.0,10.0,74.0,-0.0,16789.0,7.3999926000074
1,0.0,1.0,0.0,10.0,66.0,-0.0,17169.0,6.5999934000066
2,0.0,2.0,0.0,10.0,65.0,-0.0,16205.0,6.4999935000065
