,round,tube,sp_div_H,tot_pop_0,tot_final_pop,tot_auc,mean_fc,deg_score,nut_score
0,0.0,0.0,-0.0,7.0,225.0,15477.0,32.142811224555395,0.25948530167974404,0.2928932087416988
1,0.0,1.0,-0.0,7.0,228.0,15007.0,32.5713820408828,0.25941224461779266,0.2928931850454892
2,0.0,2.0,-0.0,7.0,218.0,14948.0,31.142812653124782,0.25965478547571397,0.2928932170758387
