,round,tube,sp_div_H,tot_pop_0,tot_final_pop,tot_auc,mean_fc,deg_score,nut_score
0,0.0,0.0,-0.0,29.0,562.0,79175.0,19.37930366230908,0.12335381602354312,0.29289318830335964
1,0.0,1.0,-0.0,29.0,579.0,75860.0,19.965510356720568,0.12335607559401929,0.2928931927000782
2,0.0,2.0,-0.0,29.0,543.0,75493.0,18.724131474437424,0.11992966024304497,0.29289319433743455
