,round,tube,sp,pop_0,final_pop,st_div_H,auc,fc
0,0.0,0.0,11.0,12.0,27.0,-0.0,15510.0,2.2499981250015626
1,0.0,1.0,11.0,12.0,26.0,0.16302362949436594,16672.0,2.166664861112616
2,0.0,2.0,11.0,12.0,30.0,0.3250829733914482,15526.0,2.499997916668403
