,round,tube,nut,amount
0,0.0,0.0,0.0,0.28292724138597103
1,0.0,0.0,1.0,2000.0
2,0.0,0.0,2.0,1333.0291612259437
3,0.0,0.0,3.0,0.6383175667958765
4,0.0,1.0,0.0,0.1286775417371997
5,0.0,1.0,1.0,2000.0
6,0.0,1.0,2.0,1332.977713922244
7,0.0,1.0,3.0,0.4840952804487486
8,0.0,2.0,0.0,0.04992152964348673
9,0.0,2.0,1.0,2000.0
10,0.0,2.0,2.0,0.704524629882386
11,0.0,2.0,3.0,0.40535326489840084
