,round,tube,sp,pop_0,final_pop,st_div_H,auc,fc
0,0.0,0.0,4.0,7.0,367.0,-0.0,10498.0,52.428496530719244
1,0.0,1.0,4.0,7.0,432.0,-0.0,11842.0,61.714197551146356
2,0.0,2.0,4.0,7.0,440.0,-0.0,15387.0,62.85705306135277
