,round,tube,sp,pop_0,final_pop,st_div_H,auc,fc
0,0.0,0.0,9.0,8.0,61.0,-0.0,4480.0,7.624990468761914
1,0.0,1.0,9.0,8.0,92.0,0.6526640257573958,5179.0,11.499985625017969
2,0.0,2.0,9.0,8.0,68.0,-0.0,4894.0,8.499989375013282
