,round,tube,sp,pop_0,final_pop,st_div_H,auc,fc
0,0.0,0.0,2.0,10.0,3.0,-0.0,584.0,0.2999997000003
1,0.0,1.0,2.0,10.0,3.0,-0.0,392.0,0.2999997000003
2,0.0,2.0,2.0,10.0,5.0,-0.0,659.0,0.49999950000050003
