,round,tube,nut,amount
0,0.0,0.0,0.0,2000.0
1,0.0,0.0,1.0,0.16577771863476753
2,0.0,0.0,2.0,2000.0
3,0.0,0.0,3.0,0.21750304309378699
4,0.0,1.0,0.0,2000.0
5,0.0,1.0,1.0,0.34876531364101515
6,0.0,1.0,2.0,2000.0
7,0.0,1.0,3.0,0.6790926477574981
8,0.0,2.0,0.0,2000.0
9,0.0,2.0,1.0,0.35861060180832816
10,0.0,2.0,2.0,2000.0
11,0.0,2.0,3.0,0.6203472048121501
