,round,tube,nut,amount
0,0.0,0.0,0.0,2000.0
1,0.0,0.0,1.0,0.18795983423048312
2,0.0,0.0,2.0,113.8484477164048
3,0.0,0.0,3.0,253.23609466942966
4,0.0,1.0,0.0,2000.0
5,0.0,1.0,1.0,0.17151325793301808
6,0.0,1.0,2.0,7.239985762864847
7,0.0,1.0,3.0,154.50605724598165
8,0.0,2.0,0.0,2000.0
9,0.0,2.0,1.0,0.2922164251238897
10,0.0,2.0,2.0,5.565830657136879
11,0.0,2.0,3.0,152.9556231321031
