,round,tube,sp_div_H,tot_pop_0,tot_final_pop,tot_auc,mean_fc,deg_score,nut_score
0,0.0,0.0,-0.0,8.0,261.0,14671.0,32.62495921880098,0.31456268683963917,0.3046203872677484
1,0.0,1.0,-0.0,8.0,266.0,10058.0,33.24995843755195,0.3152177356709266,0.3045507595946244
2,0.0,2.0,-0.0,8.0,278.0,16182.0,34.749956562554296,0.31714161829844034,0.30461997403217
