,round,tube,sp,st,final_pop
0,0,0,12,"(0.0, 0.0719943520533929, 0.0015111703434619284, 0.11077011673870056, 0.08672640026861606, 0.0, 0.12675493410285443, 0.0678286795751146, 0.0, 0.054758323462976176)",297
1,0,1,12,"(0.0, 0.0719943520533929, 0.0015111703434619284, 0.11077011673870056, 0.08672640026861606, 0.0, 0.12675493410285443, 0.0678286795751146, 0.0, 0.054758323462976176)",306
2,0,2,12,"(0.0, 0.0719943520533929, 0.0015111703434619284, 0.11077011673870056, 0.08672640026861606, 0.0, 0.12675493410285443, 0.0678286795751146, 0.0, 0.054758323462976176)",280
