,round,tube,sp_div_H,tot_pop_0,tot_final_pop,tot_auc,mean_fc,deg_score,nut_score
0,0.0,0.0,-0.0,11.0,212.0,6126.0,19.272709752082044,0.3253744224830585,0.28956955772407345
1,0.0,1.0,-0.0,11.0,181.0,7802.0,16.454530495881368,0.33144337899589793,0.29288547710317814
2,0.0,2.0,-0.0,11.0,200.0,6298.0,18.181801652907588,0.3256631748557951,0.289674671339461
