,round,tube,sp_div_H,tot_pop_0,tot_final_pop,tot_auc,mean_fc,deg_score,nut_score
0,0.0,0.0,-0.0,24.0,404.0,69254.0,16.833326319447366,0.10892026637150576,0.4445732551283921
1,0.0,1.0,-0.0,24.0,459.0,71022.0,19.12499203125332,0.1079250079715447,0.44456394299322843
2,0.0,2.0,-0.0,24.0,674.0,93507.0,28.08332163194932,0.12567511791809527,0.7968197696323379
