,round,tube,sp,pop_0,final_pop,st_div_H,auc,fc
0,0.0,0.0,3.0,19.0,3.0,-0.0,661.0,0.15789465373965592
1,0.0,1.0,3.0,19.0,1.0,-0.0,545.0,0.05263155124655198
2,0.0,2.0,3.0,19.0,0.0,,462.0,0.0
