,round,tube,sp,pop_0,final_pop,st_div_H,auc,fc
0,0.0,0.0,11.0,3.0,751.0,-0.0,27226.0,250.33249889167035
1,0.0,1.0,11.0,3.0,754.0,-0.0,21708.0,251.33249555834814
2,0.0,2.0,11.0,3.0,771.0,0.15605557523622082,23931.0,256.99914333618887
