,round,tube,nut,amount
0,0.0,0.0,0.0,2000.0
1,0.0,0.0,1.0,2000.0
2,0.0,0.0,2.0,0.1702190973075245
3,0.0,0.0,3.0,0.3511828961153185
4,0.0,1.0,0.0,2000.0
5,0.0,1.0,1.0,2000.0
6,0.0,1.0,2.0,0.16668365524674078
7,0.0,1.0,3.0,0.5805522673300807
8,0.0,2.0,0.0,2000.0
9,0.0,2.0,1.0,2000.0
10,0.0,2.0,2.0,0.28718011024630985
11,0.0,2.0,3.0,0.6249696709543624
