,round,tube,sp,pop_0,final_pop,st_div_H,auc,fc
0,0.0,0.0,13.0,16.0,404.0,0.27071598225277693,45099.0,25.249984218759863
1,0.0,1.0,13.0,16.0,413.0,0.5937746937050036,44535.0,25.812483867197585
2,0.0,2.0,13.0,16.0,412.0,0.4633498771247051,44435.0,25.74998390626006
