,round,tube,sp_div_H,tot_pop_0,tot_final_pop,tot_auc,mean_fc,deg_score,nut_score
0,0.0,0.0,-0.0,8.0,478.0,66740.0,59.74992531259336,0.13306184820810996,0.46037214234137325
1,0.0,1.0,-0.0,8.0,449.0,62519.0,56.1249298438377,0.13299460909216965,0.4603800916130041
2,0.0,2.0,-0.0,8.0,530.0,74080.0,66.24991718760351,0.13761091480094467,0.49999994117839386
