,round,tube,nut,amount
0,0.0,0.0,0.0,0.15609640947777997
1,0.0,0.0,1.0,9.5994831141445
2,0.0,0.0,2.0,2000.0
3,0.0,0.0,3.0,0.26512258975277503
4,0.0,1.0,0.0,0.13001999494175598
5,0.0,1.0,1.0,131.0984569276225
6,0.0,1.0,2.0,2000.0
7,0.0,1.0,3.0,0.5086495390818386
8,0.0,2.0,0.0,0.25774585169948905
9,0.0,2.0,1.0,130.9900706991678
10,0.0,2.0,2.0,2000.0
11,0.0,2.0,3.0,0.39268980481587057
