,round,tube,sp,pop_0,final_pop,st_div_H,auc,fc
0,0.0,0.0,14.0,5.0,2.0,-0.0,226.0,0.39999920000160005
1,0.0,1.0,14.0,5.0,4.0,-0.0,298.0,0.7999984000032001
2,0.0,2.0,14.0,5.0,0.0,,95.0,0.0
