,round,tube,nut,amount
0,0.0,0.0,0.0,0.38192454776122897
1,0.0,0.0,1.0,2000.0
2,0.0,0.0,2.0,0.06847206342844725
3,0.0,0.0,3.0,2000.0
4,0.0,1.0,0.0,0.08006378957498939
5,0.0,1.0,1.0,2000.0
6,0.0,1.0,2.0,0.8925438454198638
7,0.0,1.0,3.0,2000.0
8,0.0,2.0,0.0,0.08072926782904144
9,0.0,2.0,1.0,2000.0
10,0.0,2.0,2.0,0.5407344505177369
11,0.0,2.0,3.0,2000.0
