,round,tube,sp,st,final_pop
0,0,0,8,"(0.12314030914578332, 0.046525949225991035, 0.0, 0.0, 0.12263944777533321, 0.0, 0.07608130306721797, 0.06658770483302297, 0.0, 0.0)",8
1,0,0,8,"(0.11284466040481346, 0.046525949225991035, 0.0, 0.0, 0.08873807357069073, 0.0, 0.07608130306721797, 0.1116381245929446, 0.0, 0.0)",146
2,0,0,8,"(0.11284466040481346, 0.046525949225991035, 0.0, 0.0, 0.12263944777533321, 0.0, 0.07608130306721797, 0.06658770483302297, 0.0, 0.0)",45
3,0,1,8,"(0.11284466040481346, 0.046525949225991035, 0.0, 0.0, 0.08873807357069073, 0.0, 0.07608130306721797, 0.1116381245929446, 0.0, 0.0)",189
4,0,1,8,"(0.11284466040481346, 0.046525949225991035, 0.0, 0.0, 0.12263944777533321, 0.0, 0.07608130306721797, 0.06658770483302297, 0.0, 0.0)",21
5,0,2,8,"(0.11284466040481346, 0.046525949225991035, 0.0, 0.0, 0.12263944777533321, 0.0, 0.07608130306721797, 0.06658770483302297, 0.0, 0.0)",2
6,0,2,8,"(0.11284466040481346, 0.046525949225991035, 0.0, 0.0, 0.08873807357069073, 0.0, 0.07608130306721797, 0.1116381245929446, 0.0, 0.0)",207
