,round,tube,sp,pop_0,final_pop,st_div_H,auc,fc
0,0.0,0.0,13.0,3.0,471.0,-0.0,45730.0,156.9994766684111
1,0.0,1.0,13.0,3.0,328.0,-0.0,38935.0,109.3329688901037
2,0.0,2.0,13.0,3.0,443.0,-0.0,32802.0,147.66617444608517
