,round,tube,sp,pop_0,final_pop,st_div_H,auc,fc
0,0.0,0.0,8.0,15.0,442.0,1.1163489938414755,38318.0,29.466647022235318
1,0.0,1.0,8.0,15.0,505.0,0.7106764620086826,40541.0,33.66664422223719
2,0.0,2.0,8.0,15.0,478.0,0.7264800576875314,38170.0,31.866645422236385
