,round,tube,sp_div_H,tot_pop_0,tot_final_pop,tot_auc,mean_fc,deg_score,nut_score
0,0.0,0.0,-0.0,30.0,418.0,49105.0,13.933328688890438,0.04005378559525663,0.13397456327940627
1,0.0,1.0,-0.0,30.0,438.0,47733.0,14.599995133334955,0.04200809332337396,0.13397457800287726
2,0.0,2.0,-0.0,30.0,423.0,48950.0,14.099995300001567,0.03879194689735377,0.13397457305957328
