,round,tube,sp_div_H,tot_pop_0,tot_final_pop,tot_auc,mean_fc,deg_score,nut_score
0,0.0,0.0,-0.0,5.0,320.0,27811.0,63.999872000256005,0.14148651459602346,0.2928931989399024
1,0.0,1.0,-0.0,5.0,337.0,31067.0,67.3998652002696,0.14192511037713706,0.29289320218041226
2,0.0,2.0,-0.0,5.0,347.0,29291.0,69.3998612002776,0.14413077724885626,0.2928931792600552
