,round,tube,sp,pop_0,final_pop,st_div_H,auc,fc
0,0.0,0.0,1.0,6.0,12.0,-0.0,720.0,1.9999966666722224
1,0.0,1.0,1.0,6.0,34.0,-0.0,1311.0,5.666657222237963
2,0.0,2.0,1.0,6.0,21.0,-0.0,920.0,3.499994166676389
