,round,tube,sp,pop_0,final_pop,st_div_H,auc,fc
0,0.0,0.0,7.0,10.0,521.0,-0.0,54157.0,52.0999479000521
1,0.0,1.0,7.0,10.0,475.0,-0.0,50696.0,47.4999525000475
2,0.0,2.0,7.0,10.0,523.0,-0.0,55159.0,52.2999477000523
