,round,tube,sp,pop_0,final_pop,st_div_H,auc,fc
0,0.0,0.0,8.0,24.0,513.0,1.6028345247155646,89168.0,21.37499109375371
1,0.0,1.0,8.0,24.0,502.0,1.6156022978039952,85707.0,20.91665795139252
2,0.0,2.0,8.0,24.0,508.0,1.279858634599831,87219.0,21.1666578472259
