,round,tube,sp,st,final_pop
0,0,0,9,"(0.0, 0.0, 0.26832887547764517, 0.0, 0.03992590536186747, 0.0, 0.16952252112208316, 0.16747238130610526, 0.0, 0.032057322800848206)",45
1,0,2,9,"(0.0, 0.0, 0.26832887547764517, 0.0, 0.03992590536186747, 0.0, 0.16952252112208316, 0.16747238130610526, 0.0, 0.032057322800848206)",124
