,round,tube,nut,amount
0,0.0,0.0,0.0,2000.0
1,0.0,0.0,1.0,2000.0
2,0.0,0.0,2.0,0.255873908115105
3,0.0,0.0,3.0,0.5980787303944286
4,0.0,1.0,0.0,2000.0
5,0.0,1.0,1.0,2000.0
6,0.0,1.0,2.0,0.5663152232254051
7,0.0,1.0,3.0,0.24034972097851526
8,0.0,2.0,0.0,2000.0
9,0.0,2.0,1.0,2000.0
10,0.0,2.0,2.0,0.8427755807161563
11,0.0,2.0,3.0,0.6409825923679717
