,round,tube,sp_div_H,tot_pop_0,tot_final_pop,tot_auc,mean_fc,deg_score,nut_score
0,0.0,0.0,-0.0,10.0,81.0,9247.0,8.099991900008101,0.1787016362394651,0.1339745816411776
1,0.0,1.0,-0.0,10.0,75.0,8596.0,7.4999925000075,0.1802236947842598,0.13397459594410455
2,0.0,2.0,-0.0,10.0,90.0,9622.0,8.999991000009,0.17871383175904754,0.13397459527152378
