,round,tube,sp_div_H,tot_pop_0,tot_final_pop,tot_auc,mean_fc,deg_score,nut_score
0,0.0,0.0,-0.0,8.0,43.0,1706.0,5.374993281258399,0.10276828416336214,0.13353487184669188
1,0.0,1.0,-0.0,8.0,13.0,782.0,1.624997968752539,0.07218814579252353,0.08260167119099415
2,0.0,2.0,-0.0,8.0,19.0,895.0,2.374997031253711,0.07832027723318624,0.09343734943893323
