,round,tube,sp,st,final_pop
0,0,0,8,"(0.0, 0.016643627919484913, 0.02852076469392659, 0.0, 0.0, 0.0, 0.00026087500255182283, 0.0, 0.0, 0.0)",268
1,0,0,8,"(0.0, 0.016643627919484913, 0.02852076469392659, 0.0, 0.0, 0.0, 0.00017262883605747908, 0.0, 0.0, 0.0)",25
2,0,1,8,"(0.0, 0.013406695285201439, 0.02852076469392659, 0.0, 0.0, 0.0, 0.00026087500255182283, 0.0, 0.0, 0.0)",16
3,0,1,8,"(0.0, 0.016643627919484913, 0.02852076469392659, 0.0, 0.0, 0.0, 0.00026087500255182283, 0.0, 0.0, 0.0)",251
4,0,1,8,"(0.0, 0.016643627919484913, 0.02852076469392659, 0.0, 0.0, 0.0, 0.00017262883605747908, 0.0, 0.0, 0.0)",23
5,0,2,8,"(0.0, 0.016643627919484913, 0.02852076469392659, 0.0, 0.0, 0.0, 0.00026087500255182283, 0.0, 0.0, 0.0)",258
6,0,2,8,"(0.0, 0.016643627919484913, 0.02852076469392659, 0.0, 0.0, 0.0, 0.0003944761764959797, 0.0, 0.0, 0.0)",3
7,0,2,8,"(0.0, 0.016643627919484913, 0.02852076469392659, 0.0, 0.0, 0.0, 0.00017262883605747908, 0.0, 0.0, 0.0)",21
8,0,2,8,"(0.0, 0.013406695285201439, 0.02852076469392659, 0.0, 0.0, 0.0, 0.00026087500255182283, 0.0, 0.0, 0.0)",3
