,round,tube,sp,pop_0,final_pop,st_div_H,auc,fc
0,0.0,0.0,14.0,2.0,698.0,-0.0,22434.0,348.9982550087249
1,0.0,1.0,14.0,2.0,660.0,-0.0,17967.0,329.99835000824993
2,0.0,2.0,14.0,2.0,666.0,-0.0,18196.0,332.99833500832494
