,round,tube,sp_div_H,tot_pop_0,tot_final_pop,tot_auc,mean_fc,deg_score,nut_score
0,0.0,0.0,-0.0,4.0,490.0,62192.0,122.49969375076563,0.13378059566532663,0.4603778827369478
1,0.0,1.0,-0.0,4.0,481.0,65947.0,120.24969937575158,0.13000263463160366,0.46038205438280877
2,0.0,2.0,-0.0,4.0,411.0,59263.0,102.7497431256422,0.13267881052710717,0.46037619940749763
