,round,tube,sp,pop_0,final_pop,st_div_H,auc,fc
0,0.0,0.0,0.0,12.0,58.0,-0.0,16085.0,4.833329305558912
1,0.0,1.0,0.0,12.0,43.0,-0.0,15337.0,3.583330347224711
2,0.0,2.0,0.0,12.0,55.0,-0.0,15353.0,4.583329513892072
