,round,tube,sp_div_H,tot_pop_0,tot_final_pop,tot_auc,mean_fc,deg_score,nut_score
0,0.0,0.0,-0.0,11.0,215.0,13049.0,19.545436776875658,0.30074324945777087,0.30462230423520487
1,0.0,1.0,-0.0,11.0,206.0,9294.0,18.727255702494816,0.29893190664607505,0.30145070732504897
2,0.0,2.0,-0.0,11.0,233.0,13697.0,21.18179892563734,0.30004619077471906,0.30461990134904227
