,round,tube,nut,amount
0,0.0,0.0,0.0,2000.0
1,0.0,0.0,1.0,2000.0
2,0.0,0.0,2.0,0.36049936345909916
3,0.0,0.0,3.0,0.44106610329122564
4,0.0,1.0,0.0,2000.0
5,0.0,1.0,1.0,2000.0
6,0.0,1.0,2.0,0.617808480726635
7,0.0,1.0,3.0,0.5355065267542951
8,0.0,2.0,0.0,2000.0
9,0.0,2.0,1.0,2000.0
10,0.0,2.0,2.0,0.10003318925779325
11,0.0,2.0,3.0,0.7019425213869046
