,round,tube,sp_div_H,tot_pop_0,tot_final_pop,tot_auc,mean_fc,deg_score,nut_score
0,0.0,0.0,-0.0,12.0,135.0,17930.0,11.249990625007813,0.1102769763439595,0.13397458056367473
1,0.0,1.0,-0.0,12.0,152.0,17534.0,12.666656111119908,0.1070157899989923,0.13397456036425037
2,0.0,2.0,-0.0,12.0,177.0,17738.0,14.749987708343577,0.10541205705844059,0.13397459543566093
