,round,tube,nut,amount
0,0.0,0.0,0.0,1760.1553353789745
1,0.0,0.0,1.0,1639.2147726891906
2,0.0,0.0,2.0,2000.0
3,0.0,0.0,3.0,2000.0
4,0.0,1.0,0.0,1329.772665639897
5,0.0,1.0,1.0,991.8136325479394
6,0.0,1.0,2.0,2000.0
7,0.0,1.0,3.0,2000.0
8,0.0,2.0,0.0,1144.7333069964286
9,0.0,2.0,1.0,713.4690332419005
10,0.0,2.0,2.0,2000.0
11,0.0,2.0,3.0,2000.0
