,round,tube,sp_div_H,tot_pop_0,tot_final_pop,tot_auc,mean_fc,deg_score,nut_score
0,0.0,0.0,-0.0,10.0,584.0,42353.0,58.399941600058405,0.16333997346592444,0.292889595943679
1,0.0,1.0,-0.0,10.0,523.0,43381.0,52.2999477000523,0.16333997346592444,0.29288814129645924
2,0.0,2.0,-0.0,10.0,592.0,44390.0,59.1999408000592,0.16333997346592444,0.29288340375444954
