,round,tube,sp,pop_0,final_pop,st_div_H,auc,fc
0,0.0,0.0,1.0,10.0,584.0,0.5055806244748149,42353.0,58.399941600058405
1,0.0,1.0,1.0,10.0,523.0,0.6816950998869924,43381.0,52.2999477000523
2,0.0,2.0,1.0,10.0,592.0,0.28548373736449956,44390.0,59.1999408000592
