,round,tube,sp,st,final_pop
0,0,0,11,"(0.0, 0.0, 0.09864539577037362, 0.018363255302802525, 0.0, 0.050893768124178874, 0.16773790467281977, 0.08028238650273146, 0.015870247823516873, 0.0)",180
1,0,0,11,"(0.0, 0.0, 0.08444271957450464, 0.018363255302802525, 0.0, 0.050893768124178874, 0.11776780024416829, 0.08028238650273146, 0.01295799270539514, 0.0)",420
2,0,1,11,"(0.0, 0.0, 0.09864539577037362, 0.018363255302802525, 0.0, 0.050893768124178874, 0.16773790467281977, 0.08028238650273146, 0.015870247823516873, 0.0)",82
3,0,1,11,"(0.0, 0.0, 0.08444271957450464, 0.018363255302802525, 0.0, 0.050893768124178874, 0.11776780024416829, 0.08028238650273146, 0.01295799270539514, 0.0)",480
4,0,2,11,"(0.0, 0.0, 0.09864539577037362, 0.018363255302802525, 0.0, 0.050893768124178874, 0.16773790467281977, 0.08028238650273146, 0.015870247823516873, 0.0)",117
5,0,2,11,"(0.0, 0.0, 0.08444271957450464, 0.018363255302802525, 0.0, 0.050893768124178874, 0.11776780024416829, 0.08028238650273146, 0.01295799270539514, 0.0)",487
