,round,tube,nut,amount
0,0.0,0.0,0.0,0.419161158356923
1,0.0,0.0,1.0,2000.0
2,0.0,0.0,2.0,0.9907311253594919
3,0.0,0.0,3.0,2000.0
4,0.0,1.0,0.0,0.26550485349978914
5,0.0,1.0,1.0,2000.0
6,0.0,1.0,2.0,0.8417343221708236
7,0.0,1.0,3.0,2000.0
8,0.0,2.0,0.0,0.4370422158369262
9,0.0,2.0,1.0,2000.0
10,0.0,2.0,2.0,0.1815580752425765
11,0.0,2.0,3.0,2000.0
