,round,tube,sp,pop_0,final_pop,st_div_H,auc,fc
0,0.0,0.0,0.0,11.0,62.0,-0.0,14679.0,5.636358512401353
1,0.0,1.0,0.0,11.0,55.0,-0.0,14025.0,4.999995454549587
2,0.0,2.0,0.0,11.0,57.0,-0.0,14936.0,5.181813471078663
