,round,tube,sp,st,final_pop
0,0,0,9,"(0.0, 0.0, 0.1325792904857118, 0.0, 0.05513765495185503, 0.0, 0.17543471630791765, 0.16747238130610526, 0.0, 0.04169583562250932)",31
1,0,0,9,"(0.0, 0.0, 0.09398378734716455, 0.0, 0.05513765495185503, 0.0, 0.17543471630791765, 0.16747238130610526, 0.0, 0.04169583562250932)",320
2,0,1,9,"(0.0, 0.0, 0.09398378734716455, 0.0, 0.05513765495185503, 0.0, 0.17543471630791765, 0.16747238130610526, 0.0, 0.04169583562250932)",333
3,0,1,9,"(0.0, 0.0, 0.1325792904857118, 0.0, 0.05513765495185503, 0.0, 0.17543471630791765, 0.16747238130610526, 0.0, 0.04169583562250932)",57
4,0,2,9,"(0.0, 0.0, 0.1325792904857118, 0.0, 0.05513765495185503, 0.0, 0.17543471630791765, 0.16747238130610526, 0.0, 0.04169583562250932)",117
5,0,2,9,"(0.0, 0.0, 0.09398378734716455, 0.0, 0.05513765495185503, 0.0, 0.17543471630791765, 0.16747238130610526, 0.0, 0.04169583562250932)",242
