,round,tube,sp_div_H,tot_pop_0,tot_final_pop,tot_auc,mean_fc,deg_score,nut_score
0,0.0,0.0,-0.0,15.0,511.0,48872.0,34.0666439555707,0.21818686068970572,0.29289320578699096
1,0.0,1.0,-0.0,15.0,511.0,45764.0,34.0666439555707,0.21389402617586384,0.29289318744539705
2,0.0,2.0,-0.0,15.0,459.0,49369.0,30.5999796000136,0.21215542439556911,0.292893173153737
