,round,tube,sp_div_H,tot_pop_0,tot_final_pop,tot_auc,mean_fc,deg_score,nut_score
0,0.0,0.0,-0.0,5.0,116.0,5488.0,23.1999536000928,0.19932116269450295,0.26136669528082557
1,0.0,1.0,-0.0,5.0,125.0,5345.0,24.9999500001,0.1934140748905253,0.26316057846435426
2,0.0,2.0,-0.0,5.0,159.0,7108.0,31.7999364001272,0.20499098544382321,0.2928204820258763
