,round,tube,sp,st,final_pop
0,0,0,1,"(0.0, 0.03926162523356134, 0.03578349001751479, 0.0, 0.017672879136242884, 0.0, 0.0, 0.0, 0.0, 0.022853068463833552)",528
1,0,0,1,"(0.0, 0.03926162523356134, 0.03578349001751479, 0.0, 0.024601106863110414, 0.0, 0.0, 0.0, 0.0, 0.022853068463833552)",9
2,0,0,1,"(0.0, 0.03926162523356134, 0.03578349001751479, 0.0, 0.023443944697488343, 0.0, 0.0, 0.0, 0.0, 0.034480130811573785)",16
3,0,1,1,"(0.0, 0.03926162523356134, 0.03578349001751479, 0.0, 0.017672879136242884, 0.0, 0.0, 0.0, 0.0, 0.022853068463833552)",461
4,0,1,1,"(0.0, 0.03926162523356134, 0.03578349001751479, 0.0, 0.023443944697488343, 0.0, 0.0, 0.0, 0.0, 0.034480130811573785)",26
5,0,1,1,"(0.0, 0.03926162523356134, 0.03578349001751479, 0.0, 0.024601106863110414, 0.0, 0.0, 0.0, 0.0, 0.022853068463833552)",5
6,0,2,1,"(0.0, 0.03926162523356134, 0.03578349001751479, 0.0, 0.017672879136242884, 0.0, 0.0, 0.0, 0.0, 0.022853068463833552)",469
7,0,2,1,"(0.0, 0.03926162523356134, 0.03578349001751479, 0.0, 0.023443944697488343, 0.0, 0.0, 0.0, 0.0, 0.034480130811573785)",11
8,0,2,1,"(0.0, 0.03926162523356134, 0.03578349001751479, 0.0, 0.024601106863110414, 0.0, 0.0, 0.0, 0.0, 0.022853068463833552)",16
