,round,tube,sp_div_H,tot_pop_0,tot_final_pop,tot_auc,mean_fc,deg_score,nut_score
0,0.0,0.0,-0.0,7.0,126.0,12373.0,17.999974285751023,0.18935205591530602,0.13397459451068772
1,0.0,1.0,-0.0,7.0,125.0,10903.0,17.85711734697522,0.1913233092314618,0.13397457511763822
2,0.0,2.0,-0.0,7.0,123.0,11108.0,17.571403469423615,0.19068391875232438,0.1339745629435115
