,round,tube,nut,amount
0,0.0,0.0,0.0,1775.1800832692038
1,0.0,0.0,1.0,1750.0817488863909
2,0.0,0.0,2.0,2000.0
3,0.0,0.0,3.0,1780.7156233894104
4,0.0,1.0,0.0,1868.4276527813174
5,0.0,1.0,1.0,1853.7392443251397
6,0.0,1.0,2.0,2000.0
7,0.0,1.0,3.0,1871.6672412364878
8,0.0,2.0,0.0,1892.2897433455978
9,0.0,2.0,1.0,1880.265239123364
10,0.0,2.0,2.0,2000.0
11,0.0,2.0,3.0,1894.941796845728
