,round,tube,nut,amount
0,0.0,0.0,0.0,2000.0
1,0.0,0.0,1.0,2000.0
2,0.0,0.0,2.0,0.13329895778203305
3,0.0,0.0,3.0,0.2207851540961876
4,0.0,1.0,0.0,2000.0
5,0.0,1.0,1.0,2000.0
6,0.0,1.0,2.0,0.8018395865397518
7,0.0,1.0,3.0,0.5218332105301582
8,0.0,2.0,0.0,2000.0
9,0.0,2.0,1.0,2000.0
10,0.0,2.0,2.0,0.8658987602046462
11,0.0,2.0,3.0,0.05026668815923152
