,round,tube,sp_div_H,tot_pop_0,tot_final_pop,tot_auc,mean_fc,deg_score,nut_score
0,0.0,0.0,-0.0,24.0,422.0,56161.0,17.583326006947498,0.14717332660422167,0.4999999872873693
1,0.0,1.0,-0.0,24.0,381.0,55541.0,15.874993385419423,0.14526180326971627,0.49999998461525474
2,0.0,2.0,-0.0,24.0,458.0,58581.0,19.08332538194776,0.1454878351752532,0.49999994326108166
