,round,tube,sp_div_H,tot_pop_0,tot_final_pop,tot_auc,mean_fc,deg_score,nut_score
0,0.0,0.0,-0.0,4.0,379.0,30527.0,94.7497631255922,0.12990305490855725,0.29289317067386167
1,0.0,1.0,-0.0,4.0,376.0,25764.0,93.9997650005875,0.1341383468203471,0.29289321470378804
2,0.0,2.0,-0.0,4.0,353.0,30349.0,88.24977937555157,0.1353179710677297,0.2928932092446347
