,round,tube,sp,pop_0,final_pop,st_div_H,auc,fc
0,0.0,0.0,8.0,14.0,266.0,0.12218542205374175,47972.0,18.999986428581124
1,0.0,1.0,8.0,14.0,277.0,0.4405499020887216,48813.0,19.78570015307132
2,0.0,2.0,8.0,14.0,254.0,0.3897533211194151,48461.0,18.142844183682726
