,round,tube,nut,amount
0,0.0,0.0,0.0,102.92428587735898
1,0.0,0.0,1.0,2000.0
2,0.0,0.0,2.0,0.5992998767026716
3,0.0,0.0,3.0,2000.0
4,0.0,1.0,0.0,66.735279660133
5,0.0,1.0,1.0,2000.0
6,0.0,1.0,2.0,0.688200704748672
7,0.0,1.0,3.0,2000.0
8,0.0,2.0,0.0,58.860197848492525
9,0.0,2.0,1.0,2000.0
10,0.0,2.0,2.0,0.48365869535087036
11,0.0,2.0,3.0,2000.0
