,round,tube,sp_div_H,tot_pop_0,tot_final_pop,tot_auc,mean_fc,deg_score,nut_score
0,0.0,0.0,-0.0,15.0,176.0,21698.0,11.733325511116327,0.1176990430403444,0.29289314670303157
1,0.0,1.0,-0.0,15.0,167.0,22182.0,11.13332591111606,0.1154782993803849,0.2928931784904184
2,0.0,2.0,-0.0,15.0,149.0,20054.0,9.933326711115527,0.11330344115453694,0.2928931422775938
