,round,tube,sp,pop_0,final_pop,st_div_H,auc,fc
0,0.0,0.0,6.0,2.0,225.0,-0.0,14484.0,112.49943750281248
1,0.0,1.0,6.0,2.0,181.0,-0.0,14127.0,90.49954750226249
2,0.0,2.0,6.0,2.0,158.0,-0.0,14018.0,78.99960500197498
