,round,tube,sp,pop_0,final_pop,st_div_H,auc,fc
0,0.0,0.0,14.0,8.0,22.0,-0.0,1182.0,2.749996562504297
1,0.0,1.0,14.0,8.0,11.0,-0.0,874.0,1.3749982812521484
2,0.0,2.0,14.0,8.0,0.0,,439.0,0.0
