,round,tube,sp,st,final_pop
0,0,0,1,"(0.0, 0.0, 0.03474111144954619, 0.0, 0.0, 0.04707271448352852, 0.0, 0.0, 0.0, 0.09965925051150999)",213
1,0,0,1,"(0.0, 0.0, 0.05987378247857529, 0.0, 0.0, 0.04707271448352852, 0.0, 0.0, 0.0, 0.09965925051150999)",366
2,0,1,1,"(0.0, 0.0, 0.05987378247857529, 0.0, 0.0, 0.04707271448352852, 0.0, 0.0, 0.0, 0.09965925051150999)",230
3,0,1,1,"(0.0, 0.0, 0.03474111144954619, 0.0, 0.0, 0.04707271448352852, 0.0, 0.0, 0.0, 0.09965925051150999)",301
4,0,2,1,"(0.0, 0.0, 0.05987378247857529, 0.0, 0.0, 0.04707271448352852, 0.0, 0.0, 0.0, 0.09965925051150999)",329
5,0,2,1,"(0.0, 0.0, 0.03474111144954619, 0.0, 0.0, 0.04707271448352852, 0.0, 0.0, 0.0, 0.09965925051150999)",233
