,round,tube,nut,amount
0,0.0,0.0,0.0,0.8931395202196905
1,0.0,0.0,1.0,0.4259515095804065
2,0.0,0.0,2.0,2000.0
3,0.0,0.0,3.0,2000.0
4,0.0,1.0,0.0,0.33054825493865114
5,0.0,1.0,1.0,0.49782673758751306
6,0.0,1.0,2.0,2000.0
7,0.0,1.0,3.0,2000.0
8,0.0,2.0,0.0,0.7422929575620383
9,0.0,2.0,1.0,0.1838318316095769
10,0.0,2.0,2.0,2000.0
11,0.0,2.0,3.0,2000.0
