,round,tube,nut,amount
0,0.0,0.0,0.0,0.33206455016483877
1,0.0,0.0,1.0,0.9307474581089205
2,0.0,0.0,2.0,2000.0
3,0.0,0.0,3.0,0.24321464257005743
4,0.0,1.0,0.0,0.348903602842661
5,0.0,1.0,1.0,131.01719540158442
6,0.0,1.0,2.0,2000.0
7,0.0,1.0,3.0,0.42170985034764186
8,0.0,2.0,0.0,0.18283130328740158
9,0.0,2.0,1.0,131.07061071254023
10,0.0,2.0,2.0,2000.0
11,0.0,2.0,3.0,0.47885756507458643
