,round,tube,sp,st,final_pop
0,0,0,13,"(0.0, 0.02461978404713738, 0.023035932332134326, 0.0, 0.01810411441758469, 0.018632599346107837, 0.0, 0.0, 0.01089208668844536, 0.00476393156717078)",2
1,0,0,13,"(0.0, 0.02461978404713738, 0.023035932332134326, 0.0, 0.01810411441758469, 0.022173256981297827, 0.0, 0.0, 0.01089208668844536, 0.00476393156717078)",227
2,0,0,13,"(0.0, 0.03898802435843909, 0.023035932332134326, 0.0, 0.01810411441758469, 0.022173256981297827, 0.0, 0.0, 0.01089208668844536, 0.00476393156717078)",126
3,0,1,13,"(0.0, 0.02461978404713738, 0.023035932332134326, 0.0, 0.01810411441758469, 0.022173256981297827, 0.0, 0.0, 0.01089208668844536, 0.00476393156717078)",130
4,0,1,13,"(0.0, 0.02461978404713738, 0.023035932332134326, 0.0, 0.01810411441758469, 0.018632599346107837, 0.0, 0.0, 0.01089208668844536, 0.00476393156717078)",101
5,0,2,13,"(0.0, 0.02461978404713738, 0.023035932332134326, 0.0, 0.01810411441758469, 0.022173256981297827, 0.0, 0.0, 0.01089208668844536, 0.00476393156717078)",206
6,0,2,13,"(0.0, 0.03898802435843909, 0.023035932332134326, 0.0, 0.01810411441758469, 0.022173256981297827, 0.0, 0.0, 0.01089208668844536, 0.00476393156717078)",91
7,0,2,13,"(0.0, 0.02461978404713738, 0.023035932332134326, 0.0, 0.01810411441758469, 0.018632599346107837, 0.0, 0.0, 0.01089208668844536, 0.00476393156717078)",12
8,0,2,13,"(0.0, 0.02461978404713738, 0.023035932332134326, 0.0, 0.01424445590492811, 0.022173256981297827, 0.0, 0.0, 0.01089208668844536, 0.0032746733758546704)",27
