,round,tube,nut,amount
0,0.0,0.0,0.0,0.4018412341502178
1,0.0,0.0,1.0,2000.0
2,0.0,0.0,2.0,0.6456230697994827
3,0.0,0.0,3.0,2000.0
4,0.0,1.0,0.0,0.0947638743592798
5,0.0,1.0,1.0,2000.0
6,0.0,1.0,2.0,0.6702491341860486
7,0.0,1.0,3.0,2000.0
8,0.0,2.0,0.0,0.034287468733251836
9,0.0,2.0,1.0,2000.0
10,0.0,2.0,2.0,0.15476495290887993
11,0.0,2.0,3.0,2000.0
