,round,tube,nut,amount
0,0.0,0.0,0.0,2000.0
1,0.0,0.0,1.0,0.2790218083506004
2,0.0,0.0,2.0,0.5606252097579869
3,0.0,0.0,3.0,2000.0
4,0.0,1.0,0.0,2000.0
5,0.0,1.0,1.0,0.2590763271663583
6,0.0,1.0,2.0,0.7708547921122353
7,0.0,1.0,3.0,2000.0
8,0.0,2.0,0.0,2000.0
9,0.0,2.0,1.0,0.20510907311684434
10,0.0,2.0,2.0,0.45522783697252756
11,0.0,2.0,3.0,2000.0
