,round,tube,sp,pop_0,final_pop,st_div_H,auc,fc
0,0.0,0.0,1.0,25.0,579.0,0.14439584632513422,41380.0,23.159990736003707
1,0.0,1.0,1.0,25.0,545.0,0.42031457675232664,43443.0,21.79999128000349
2,0.0,2.0,1.0,25.0,573.0,-0.0,44058.0,22.919990832003666
