,round,tube,nut,amount
0,0.0,0.0,0.0,1988.2726891311452
1,0.0,0.0,1.0,1982.359246872364
2,0.0,0.0,2.0,2000.0
3,0.0,0.0,3.0,2000.0
4,0.0,1.0,0.0,1482.9746121781027
5,0.0,1.0,1.0,1222.2669519644103
6,0.0,1.0,2.0,2000.0
7,0.0,1.0,3.0,2000.0
8,0.0,2.0,0.0,1990.2475491228738
9,0.0,2.0,1.0,1985.3299208798367
10,0.0,2.0,2.0,2000.0
11,0.0,2.0,3.0,2000.0
