,round,tube,nut,amount
0,0.0,0.0,0.0,2000.0
1,0.0,0.0,1.0,0.665915061228294
2,0.0,0.0,2.0,0.3840437788057858
3,0.0,0.0,3.0,2000.0
4,0.0,1.0,0.0,2000.0
5,0.0,1.0,1.0,0.3049214895394414
6,0.0,1.0,2.0,0.2522901994071723
7,0.0,1.0,3.0,2000.0
8,0.0,2.0,0.0,2000.0
9,0.0,2.0,1.0,0.9586860572399641
10,0.0,2.0,2.0,0.3788773725135477
11,0.0,2.0,3.0,2000.0
