,round,tube,nut,amount
0,0.0,0.0,0.0,0.6462155193092372
1,0.0,0.0,1.0,0.17934191783336217
2,0.0,0.0,2.0,2000.0
3,0.0,0.0,3.0,0.20393774059879988
4,0.0,1.0,0.0,0.5170493533556919
5,0.0,1.0,1.0,0.3547630374672117
6,0.0,1.0,2.0,2000.0
7,0.0,1.0,3.0,0.21460105154426756
8,0.0,2.0,0.0,0.8407324710607202
9,0.0,2.0,1.0,0.22060095250052925
10,0.0,2.0,2.0,2000.0
11,0.0,2.0,3.0,0.1921425253751181
