,round,tube,sp,st,final_pop
0,0,0,11,"(0.0, 0.2757473975825492, 0.07272539253638714, 0.04040033156174563, 0.0, 0.18905895266570616, 0.0, 0.0, 0.12873704939550185, 0.0)",109
1,0,0,11,"(0.0, 0.2757473975825492, 0.05652880991648539, 0.05195061658097453, 0.0, 0.18905895266570616, 0.0, 0.0, 0.12873704939550185, 0.0)",75
2,0,1,11,"(0.0, 0.2757473975825492, 0.07272539253638714, 0.04040033156174563, 0.0, 0.18905895266570616, 0.0, 0.0, 0.12873704939550185, 0.0)",122
3,0,1,11,"(0.0, 0.2757473975825492, 0.05652880991648539, 0.05195061658097453, 0.0, 0.18905895266570616, 0.0, 0.0, 0.12873704939550185, 0.0)",76
4,0,2,11,"(0.0, 0.2757473975825492, 0.07272539253638714, 0.04040033156174563, 0.0, 0.18905895266570616, 0.0, 0.0, 0.12873704939550185, 0.0)",94
5,0,2,11,"(0.0, 0.2757473975825492, 0.05652880991648539, 0.05195061658097453, 0.0, 0.18905895266570616, 0.0, 0.0, 0.12873704939550185, 0.0)",89
