,round,tube,nut,amount
0,0.0,0.0,0.0,0.3700414254627335
1,0.0,0.0,1.0,2000.0
2,0.0,0.0,2.0,0.9193148755579189
3,0.0,0.0,3.0,2000.0
4,0.0,1.0,0.0,0.5118812400041997
5,0.0,1.0,1.0,2000.0
6,0.0,1.0,2.0,0.4403240971704643
7,0.0,1.0,3.0,2000.0
8,0.0,2.0,0.0,0.41940739802845023
9,0.0,2.0,1.0,2000.0
10,0.0,2.0,2.0,0.2160173753188689
11,0.0,2.0,3.0,2000.0
