,round,tube,sp,pop_0,final_pop,st_div_H,auc,fc
0,0.0,0.0,0.0,13.0,263.0,1.846547253141798,28235.0,20.230753668651026
1,0.0,1.0,0.0,13.0,256.0,1.4222313779506388,26457.0,19.69229254439035
2,0.0,2.0,0.0,13.0,239.0,1.6323921288807255,25428.0,18.38460124261443
