,round,tube,sp,pop_0,final_pop,st_div_H,auc,fc
0,0.0,0.0,11.0,8.0,212.0,0.16068056204154624,21599.0,26.49996687504141
1,0.0,1.0,11.0,8.0,176.0,0.6879081696988176,20125.0,21.999972500034374
2,0.0,2.0,11.0,8.0,161.0,0.6908113463942459,19378.0,20.124974843781445
