,round,tube,sp_div_H,tot_pop_0,tot_final_pop,tot_auc,mean_fc,deg_score,nut_score
0,0.0,0.0,-0.0,8.0,133.0,19897.0,16.624979218775977,0.04107099987777352,0.3663460394357928
1,0.0,1.0,-0.0,8.0,200.0,24464.0,24.999968750039063,0.04574865679681539,0.4997412573182435
2,0.0,2.0,-0.0,8.0,117.0,20469.0,14.624981718772853,0.040242833008426904,0.36634410108127935
