,round,tube,nut,amount
0,0.0,0.0,0.0,0.5173130995913959
1,0.0,0.0,1.0,0.07410112385900058
2,0.0,0.0,2.0,2000.0
3,0.0,0.0,3.0,2000.0
4,0.0,1.0,0.0,0.6822556244136018
5,0.0,1.0,1.0,0.03845017901496339
6,0.0,1.0,2.0,2000.0
7,0.0,1.0,3.0,2000.0
8,0.0,2.0,0.0,0.12084049668442953
9,0.0,2.0,1.0,0.13590100578828057
10,0.0,2.0,2.0,2000.0
11,0.0,2.0,3.0,2000.0
