,round,tube,sp_div_H,tot_pop_0,tot_final_pop,tot_auc,mean_fc,deg_score,nut_score
0,0.0,0.0,-0.0,13.0,287.0,23153.0,22.07690609468762,0.18180803220624842,0.29289317856085184
1,0.0,1.0,-0.0,13.0,297.0,23167.0,22.84613627220287,0.17921292162118185,0.2928931833801026
2,0.0,2.0,-0.0,13.0,261.0,22848.0,20.076907633147975,0.18025833436813288,0.29289318151593435
