,round,tube,sp,pop_0,final_pop,st_div_H,auc,fc
0,0.0,0.0,6.0,8.0,166.0,0.5521884001610994,20134.0,20.749974062532424
1,0.0,1.0,6.0,8.0,160.0,0.37677016125643675,18811.0,19.999975000031252
2,0.0,2.0,6.0,8.0,168.0,0.5557007965751773,18852.0,20.999973750032815
