,round,tube,sp_div_H,tot_pop_0,tot_final_pop,tot_auc,mean_fc,deg_score,nut_score
0,0.0,0.0,-0.0,11.0,259.0,20777.0,23.54543314051533,0.13032144521714117,0.2928931632370376
1,0.0,1.0,-0.0,11.0,241.0,23021.0,21.909070991753644,0.13152604618931962,0.2928931932834046
2,0.0,2.0,-0.0,11.0,244.0,24573.0,22.18179801654726,0.12772832085132357,0.29289321484190123
