,round,tube,sp_div_H,tot_pop_0,tot_final_pop,tot_auc,mean_fc,deg_score,nut_score
0,0.0,0.0,-0.0,9.0,9.0,701.0,0.9999988888901234,0.07092574879301028,0.07502231780732904
1,0.0,1.0,-0.0,9.0,7.0,645.0,0.7777769135812072,0.06615900113613149,0.06714527169103413
2,0.0,2.0,-0.0,9.0,1.0,306.0,0.11111098765445816,0.033801172183501316,0.034334881801569184
