,round,tube,sp,st,final_pop
0,0,0,10,"(0.010930127561874522, 0.033908748229999085, 0.0, 0.0, 0.0, 0.0, 0.0, 0.0, 0.0, 0.0)",83
1,0,0,10,"(0.010930127561874522, 0.023632678845841325, 0.0, 0.0, 0.0, 0.0, 0.0, 0.0, 0.0, 0.0)",54
2,0,1,10,"(0.010930127561874522, 0.023632678845841325, 0.0, 0.0, 0.0, 0.0, 0.0, 0.0, 0.0, 0.0)",54
3,0,1,10,"(0.010930127561874522, 0.033908748229999085, 0.0, 0.0, 0.0, 0.0, 0.0, 0.0, 0.0, 0.0)",133
4,0,2,10,"(0.010930127561874522, 0.033908748229999085, 0.0, 0.0, 0.0, 0.0, 0.0, 0.0, 0.0, 0.0)",103
5,0,2,10,"(0.010930127561874522, 0.023632678845841325, 0.0, 0.0, 0.0, 0.0, 0.0, 0.0, 0.0, 0.0)",66
