,round,tube,nut,amount
0,0.0,0.0,0.0,995.3006419352116
1,0.0,0.0,1.0,0.10477965632062103
2,0.0,0.0,2.0,8.15692428304262
3,0.0,0.0,3.0,2000.0
4,0.0,1.0,0.0,1011.1494262610095
5,0.0,1.0,1.0,31.652433954095596
6,0.0,1.0,2.0,39.577558788748604
7,0.0,1.0,3.0,2000.0
8,0.0,2.0,0.0,1113.755546642009
9,0.0,2.0,1.0,235.89411887287113
10,0.0,2.0,2.0,242.99690883265902
11,0.0,2.0,3.0,2000.0
