,round,tube,nut,amount
0,0.0,0.0,0.0,26.164134200963108
1,0.0,0.0,1.0,2000.0
2,0.0,0.0,2.0,2000.0
3,0.0,0.0,3.0,0.30789925481215685
4,0.0,1.0,0.0,35.925266788056554
5,0.0,1.0,1.0,2000.0
6,0.0,1.0,2.0,2000.0
7,0.0,1.0,3.0,0.4804679455486603
8,0.0,2.0,0.0,41.42206153417069
9,0.0,2.0,1.0,2000.0
10,0.0,2.0,2.0,2000.0
11,0.0,2.0,3.0,0.4620378995071995
