,round,tube,sp,pop_0,final_pop,st_div_H,auc,fc
0,0.0,0.0,11.0,25.0,548.0,1.2656925908638978,57104.0,21.919991232003508
1,0.0,1.0,11.0,25.0,536.0,1.0303788375078913,57059.0,21.43999142400343
2,0.0,2.0,11.0,25.0,562.0,0.8867925994776978,56464.0,22.479991008003598
