,round,tube,sp_div_H,tot_pop_0,tot_final_pop,tot_auc,mean_fc,deg_score,nut_score
0,0.0,0.0,-0.0,12.0,7.0,845.0,0.5833328472226273,0.1013763088223909,0.09170774782438973
1,0.0,1.0,-0.0,12.0,10.0,984.0,0.8333326388894676,0.11599565043780324,0.10593629728387632
2,0.0,2.0,-0.0,12.0,11.0,923.0,0.9166659027784144,0.10940183682345594,0.10047253781681931
