,round,tube,nut,amount
0,0.0,0.0,0.0,2000.0
1,0.0,0.0,1.0,0.669264053255695
2,0.0,0.0,2.0,0.08180969415177197
3,0.0,0.0,3.0,0.7410508584444457
4,0.0,1.0,0.0,2000.0
5,0.0,1.0,1.0,0.6447718698542562
6,0.0,1.0,2.0,0.056132744135884094
7,0.0,1.0,3.0,0.6971063349220195
8,0.0,2.0,0.0,2000.0
9,0.0,2.0,1.0,0.33548864628691843
10,0.0,2.0,2.0,0.25100111272841696
11,0.0,2.0,3.0,148.03356244195194
