,round,tube,sp,pop_0,final_pop,st_div_H,auc,fc
0,0.0,0.0,6.0,10.0,176.0,1.105087100895577,20909.0,17.599982400017602
1,0.0,1.0,6.0,10.0,204.0,1.2453845473911134,22381.0,20.3999796000204
2,0.0,2.0,6.0,10.0,183.0,1.1114877693864418,21787.0,18.2999817000183
