,round,tube,sp_div_H,tot_pop_0,tot_final_pop,tot_auc,mean_fc,deg_score,nut_score
0,0.0,0.0,-0.0,46.0,804.0,83140.0,17.478257069944114,0.18738596611530645,0.49999994208702736
1,0.0,1.0,-0.0,46.0,790.0,81357.0,17.173909310019713,0.1880067562053137,0.49237387616214656
2,0.0,2.0,-0.0,46.0,812.0,85942.0,17.6521700756152,0.1879339902509558,0.49999993672625254
