,round,tube,sp,pop_0,final_pop,st_div_H,auc,fc
0,0.0,0.0,8.0,22.0,653.0,2.1315516974765436,85903.0,29.68180469008878
1,0.0,1.0,8.0,22.0,444.0,1.958164141172659,64562.0,20.181809008268633
2,0.0,2.0,8.0,22.0,458.0,2.1223566168828945,66597.0,20.818172355376202
