,round,tube,sp,pop_0,final_pop,st_div_H,auc,fc
0,0.0,0.0,7.0,37.0,533.0,1.3672491605424637,71738.0,14.405401512053643
1,0.0,1.0,7.0,37.0,513.0,1.064676137079501,69777.0,13.864861117605102
2,0.0,2.0,7.0,37.0,522.0,0.9125443066322241,69590.0,14.108104295106946
