,round,tube,nut,amount
0,0.0,0.0,0.0,0.14800567438975776
1,0.0,0.0,1.0,2000.0
2,0.0,0.0,2.0,1332.9841604846201
3,0.0,0.0,3.0,0.5034199780999273
4,0.0,1.0,0.0,0.34406382307530947
5,0.0,1.0,1.0,2000.0
6,0.0,1.0,2.0,1333.0495522691194
7,0.0,1.0,3.0,0.6994432832739719
8,0.0,2.0,0.0,0.14828172003158357
9,0.0,2.0,1.0,2000.0
10,0.0,2.0,2.0,1332.9842525548427
11,0.0,2.0,3.0,0.5036959746843621
