,round,tube,sp_div_H,tot_pop_0,tot_final_pop,tot_auc,mean_fc,deg_score,nut_score
0,0.0,0.0,-0.0,5.0,568.0,25612.0,113.5997728004544,0.14120942578618456,0.2928376980575783
1,0.0,1.0,-0.0,5.0,513.0,26132.0,102.59979480041041,0.14550683855595348,0.2928864333224148
2,0.0,2.0,-0.0,5.0,548.0,24063.0,109.59978080043841,0.14649762459623905,0.29286618718037327
