,round,tube,sp_div_H,tot_pop_0,tot_final_pop,tot_auc,mean_fc,deg_score,nut_score
0,0.0,0.0,-0.0,10.0,65.0,8275.0,6.4999935000065,0.18061182071917403,0.1339745669012835
1,0.0,1.0,-0.0,10.0,63.0,7066.0,6.299993700006301,0.18080546096528172,0.13397459456156902
2,0.0,2.0,-0.0,10.0,87.0,8498.0,8.6999913000087,0.17934836148267685,0.13397459046700966
