,round,tube,sp,pop_0,final_pop,st_div_H,auc,fc
0,0.0,0.0,1.0,42.0,981.0,2.0506615478678736,100167.0,23.35713729591969
1,0.0,1.0,1.0,42.0,873.0,2.26234276578591,94531.0,20.78570933673587
2,0.0,2.0,1.0,42.0,852.0,1.772605844062631,93812.0,20.28570945578346
