,round,tube,sp_div_H,tot_pop_0,tot_final_pop,tot_auc,mean_fc,deg_score,nut_score
0,0.0,0.0,-0.0,10.0,133.0,5935.0,13.299986700013301,0.2532638932675152,0.2646435868908025
1,0.0,1.0,-0.0,10.0,132.0,4999.0,13.1999868000132,0.2520960351431518,0.2573939192300797
2,0.0,2.0,-0.0,10.0,118.0,3467.0,11.7999882000118,0.23849224837109406,0.2446479091228153
