,round,tube,sp_div_H,tot_pop_0,tot_final_pop,tot_auc,mean_fc,deg_score,nut_score
0,0.0,0.0,-0.0,6.0,72.0,13946.0,11.999980000033334,0.1469100788608686,0.1339745852846128
1,0.0,1.0,-0.0,6.0,72.0,12672.0,11.999980000033334,0.147409362599212,0.1339745874332786
2,0.0,2.0,-0.0,6.0,66.0,13407.0,10.999981666697224,0.14364875332151716,0.13397457214667785
