,round,tube,sp_div_H,tot_pop_0,tot_final_pop,tot_auc,mean_fc,deg_score,nut_score
0,0.0,0.0,-0.0,15.0,484.0,65046.0,32.2666451555699,0.1223462677907422,0.29289319965098737
1,0.0,1.0,-0.0,15.0,484.0,67385.0,32.2666451555699,0.1199841305087731,0.2928932131240356
2,0.0,2.0,-0.0,15.0,509.0,65693.0,33.9333107111262,0.1228713922168786,0.2928932123265884
