,round,tube,sp_div_H,tot_pop_0,tot_final_pop,tot_auc,mean_fc,deg_score,nut_score
0,0.0,0.0,-0.0,9.0,292.0,35748.0,32.44440839510178,0.14615899038841473,0.49154818992303106
1,0.0,1.0,-0.0,9.0,524.0,45199.0,58.22215753093608,0.17544597827968833,0.7719649554238015
2,0.0,2.0,-0.0,9.0,258.0,36833.0,28.666634814850205,0.1454370007826169,0.4915530866335397
