,round,tube,nut,amount
0,0.0,0.0,0.0,1259.3126583457274
1,0.0,0.0,1.0,1597.029466285569
2,0.0,0.0,2.0,0.4738212502074983
3,0.0,0.0,3.0,0.42257307984208126
4,0.0,1.0,0.0,0.43907352132019284
5,0.0,1.0,1.0,912.1399969681914
6,0.0,1.0,2.0,0.04980853768738691
7,0.0,1.0,3.0,0.36816072784588094
8,0.0,2.0,0.0,1259.293985410912
9,0.0,2.0,1.0,1597.0193072858272
10,0.0,2.0,2.0,0.4234126366086737
11,0.0,2.0,3.0,0.17486002837927694
