,round,tube,sp,st,final_pop
0,0,0,5,"(0.06415233076026775, 0.13151103531888653, 0.0750141919860738, 0.15635869157497512, 0.0, 0.0, 0.0, 0.02505485331893928, 0.0, 0.0)",18
1,0,0,5,"(0.09086081108216519, 0.13151103531888653, 0.1601489026015566, 0.19234660958144242, 0.0, 0.0, 0.0, 0.02505485331893928, 0.0, 0.0)",5
2,0,0,5,"(0.07810222657677802, 0.13151103531888653, 0.10190027431471028, 0.15635869157497512, 0.0, 0.0, 0.0, 0.02505485331893928, 0.0, 0.0)",439
3,0,1,5,"(0.09086081108216519, 0.13151103531888653, 0.1601489026015566, 0.19234660958144242, 0.0, 0.0, 0.0, 0.02505485331893928, 0.0, 0.0)",1
4,0,1,5,"(0.07810222657677802, 0.13151103531888653, 0.10190027431471028, 0.15635869157497512, 0.0, 0.0, 0.0, 0.02505485331893928, 0.0, 0.0)",518
5,0,2,5,"(0.07810222657677802, 0.13151103531888653, 0.10190027431471028, 0.15635869157497512, 0.0, 0.0, 0.0, 0.02505485331893928, 0.0, 0.0)",441
6,0,2,5,"(0.06415233076026775, 0.13151103531888653, 0.0750141919860738, 0.15635869157497512, 0.0, 0.0, 0.0, 0.02505485331893928, 0.0, 0.0)",16
