,round,tube,nut,amount
0,0.0,0.0,0.0,1999.6738935919273
1,0.0,0.0,1.0,1997.682132110175
2,0.0,0.0,2.0,2000.0
3,0.0,0.0,3.0,1997.540459279832
4,0.0,1.0,0.0,1910.1665200383675
5,0.0,1.0,1.0,1361.4901962033307
6,0.0,1.0,2.0,2000.0
7,0.0,1.0,3.0,1322.4631698982732
8,0.0,2.0,0.0,1857.2307824048798
9,0.0,2.0,1.0,985.2386309224811
10,0.0,2.0,2.0,2000.0
11,0.0,2.0,3.0,923.2143387207572
