,round,tube,sp,pop_0,final_pop,st_div_H,auc,fc
0,0.0,0.0,13.0,8.0,75.0,-0.0,3173.0,9.374988281264649
1,0.0,1.0,13.0,8.0,68.0,-0.0,3723.0,8.499989375013282
2,0.0,2.0,13.0,8.0,89.0,-0.0,5529.0,11.124986093767383
