,round,tube,sp,pop_0,final_pop,st_div_H,auc,fc
0,0.0,0.0,13.0,28.0,398.0,0.03161200021435183,47186.0,14.214280637756914
1,0.0,1.0,13.0,28.0,387.0,0.15559380635857553,45659.0,13.821423635205845
2,0.0,2.0,13.0,28.0,417.0,-0.0,46953.0,14.892851823981491
