,round,tube,nut,amount
0,0.0,0.0,0.0,0.2632820132314067
1,0.0,0.0,1.0,2000.0
2,0.0,0.0,2.0,0.6319231183417288
3,0.0,0.0,3.0,2000.0
4,0.0,1.0,0.0,0.5037066408288918
5,0.0,1.0,1.0,2000.0
6,0.0,1.0,2.0,0.7264628022861639
7,0.0,1.0,3.0,2000.0
8,0.0,2.0,0.0,0.22291469876226722
9,0.0,2.0,1.0,2000.0
10,0.0,2.0,2.0,0.9196588299310781
11,0.0,2.0,3.0,2000.0
