,round,tube,sp_div_H,tot_pop_0,tot_final_pop,tot_auc,mean_fc,deg_score,nut_score
0,0.0,0.0,-0.0,18.0,403.0,33921.0,22.388876450624196,0.14707067769252746,0.29289316880190364
1,0.0,1.0,-0.0,18.0,401.0,32745.0,22.277765401241446,0.14608279725640605,0.2928932167443611
2,0.0,2.0,-0.0,18.0,397.0,33239.0,22.055543302475943,0.14520029199140583,0.2928931544403738
