,round,tube,nut,amount
0,0.0,0.0,0.0,2000.0
1,0.0,0.0,1.0,2000.0
2,0.0,0.0,2.0,0.42510786701739445
3,0.0,0.0,3.0,0.43141105563464066
4,0.0,1.0,0.0,2000.0
5,0.0,1.0,1.0,2000.0
6,0.0,1.0,2.0,0.4541408583841873
7,0.0,1.0,3.0,0.0277513789341306
8,0.0,2.0,0.0,2000.0
9,0.0,2.0,1.0,2000.0
10,0.0,2.0,2.0,0.47501519611258347
11,0.0,2.0,3.0,0.2430069227983651
