,round,tube,sp,pop_0,final_pop,st_div_H,auc,fc
0,0.0,0.0,12.0,11.0,172.0,-0.0,31076.0,15.636349421500526
1,0.0,1.0,12.0,11.0,174.0,-0.0,29826.0,15.818167438029603
2,0.0,2.0,12.0,11.0,171.0,-0.0,29288.0,15.545440413235989
