,round,tube,sp,pop_0,final_pop,st_div_H,auc,fc
0,0.0,0.0,1.0,38.0,1101.0,1.0384951401537048,75439.0,28.973676585874582
1,0.0,1.0,1.0,38.0,1118.0,1.0684055958113463,76063.0,29.42104488919871
2,0.0,2.0,1.0,38.0,1091.0,1.1872217440644643,75426.0,28.710518760389796
