,round,tube,sp_div_H,tot_pop_0,tot_final_pop,tot_auc,mean_fc,deg_score,nut_score
0,0.0,0.0,-0.0,13.0,25.0,1139.0,1.9230754437881201,0.08891034267206088,0.08383910565270758
1,0.0,1.0,-0.0,13.0,10.0,741.0,0.7692301775152481,0.05961683979027421,0.057807939326618984
2,0.0,2.0,-0.0,13.0,17.0,1045.0,1.3076913017759217,0.07758171755455867,0.07469783673528585
