,round,tube,sp,pop_0,final_pop,st_div_H,auc,fc
0,0.0,0.0,0.0,8.0,103.0,0.16422372019270404,8414.0,12.874983906270117
1,0.0,1.0,0.0,8.0,98.0,0.5785341056326687,7077.0,12.249984687519142
2,0.0,2.0,0.0,8.0,116.0,0.2279152755342624,7233.0,14.499981875022657
