,round,tube,sp,pop_0,final_pop,st_div_H,auc,fc
0,0.0,0.0,1.0,6.0,477.0,1.1699370103716595,22337.0,79.49986750022084
1,0.0,1.0,1.0,6.0,537.0,0.8801060282852111,22423.0,89.49985083358195
2,0.0,2.0,1.0,6.0,592.0,0.8233494502298508,22621.0,98.6665022224963
