,round,tube,sp_div_H,tot_pop_0,tot_final_pop,tot_auc,mean_fc,deg_score,nut_score
0,0.0,0.0,-0.0,8.0,584.0,46543.0,72.99990875011406,0.25634512425249534,0.3987053678047814
1,0.0,1.0,-0.0,8.0,603.0,44633.0,75.37490578136777,0.25643969974631664,0.39870111492099225
2,0.0,2.0,-0.0,8.0,651.0,45806.0,81.37489828137716,0.25673014295010843,0.39870906516489524
