,round,tube,nut,amount
0,0.0,0.0,0.0,891.569658412459
1,0.0,0.0,1.0,0.31557162222259993
2,0.0,0.0,2.0,2000.0
3,0.0,0.0,3.0,0.5847036412603828
4,0.0,1.0,0.0,0.3686182181293276
5,0.0,1.0,1.0,0.3552566531112369
6,0.0,1.0,2.0,2000.0
7,0.0,1.0,3.0,0.09534421860666242
8,0.0,2.0,0.0,891.4680537332596
9,0.0,2.0,1.0,0.41480379220061536
10,0.0,2.0,2.0,2000.0
11,0.0,2.0,3.0,0.4014264950533857
