,round,tube,sp_div_H,tot_pop_0,tot_final_pop,tot_auc,mean_fc,deg_score,nut_score
0,0.0,0.0,-0.0,28.0,533.0,50644.0,19.035707487247326,0.2703140847961919,0.49999993472000903
1,0.0,1.0,-0.0,28.0,560.0,48545.0,19.999992857145408,0.27168212155917537,0.49892923941757505
2,0.0,2.0,-0.0,28.0,550.0,49381.0,19.642850127553526,0.2698826454455956,0.4989270587200161
