,round,tube,sp,pop_0,final_pop,st_div_H,auc,fc
0,0.0,0.0,13.0,7.0,420.0,1.0161977979024475,45426.0,59.99991428583674
1,0.0,1.0,13.0,7.0,434.0,1.0065117453094243,46027.0,61.99991142869796
2,0.0,2.0,13.0,7.0,275.0,0.740474012437844,36822.0,39.28565816334548
