,round,tube,sp,pop_0,final_pop,st_div_H,auc,fc
0,0.0,0.0,8.0,5.0,446.0,0.49739563005308346,61410.0,89.1998216003568
1,0.0,1.0,8.0,5.0,340.0,0.8469992477914186,49554.0,67.999864000272
2,0.0,2.0,8.0,5.0,317.0,1.2622613216973446,49988.0,63.3998732002536
