,round,tube,sp_div_H,tot_pop_0,tot_final_pop,tot_auc,mean_fc,deg_score,nut_score
0,0.0,0.0,-0.0,13.0,251.0,24204.0,19.307677455632728,0.12707536267062358,0.2928932018868081
1,0.0,1.0,-0.0,13.0,280.0,26252.0,21.538444970426948,0.13049353882197046,0.29289320930755136
2,0.0,2.0,-0.0,13.0,250.0,23756.0,19.230754437881203,0.1302850547573794,0.2928931978550863
