,round,tube,sp,pop_0,final_pop,st_div_H,auc,fc
0,0.0,0.0,2.0,4.0,269.0,0.4399595134095071,8291.0,67.24983187542031
1,0.0,1.0,2.0,4.0,332.0,0.6752072471884007,10040.0,82.99979250051875
2,0.0,2.0,2.0,4.0,293.0,0.7890688347438235,10770.0,73.24981687545782
