,round,tube,nut,amount
0,0.0,0.0,0.0,2000.0
1,0.0,0.0,1.0,2000.0
2,0.0,0.0,2.0,1854.1909398541836
3,0.0,0.0,3.0,2000.0
4,0.0,1.0,0.0,2000.0
5,0.0,1.0,1.0,2000.0
6,0.0,1.0,2.0,1832.5619380927865
7,0.0,1.0,3.0,2000.0
8,0.0,2.0,0.0,2000.0
9,0.0,2.0,1.0,2000.0
10,0.0,2.0,2.0,1946.293053111542
11,0.0,2.0,3.0,2000.0
