,round,tube,sp_div_H,tot_pop_0,tot_final_pop,tot_auc,mean_fc,deg_score,nut_score
0,0.0,0.0,-0.0,38.0,549.0,67136.0,14.447364619114573,0.13832704671650597,0.292893216380819
1,0.0,1.0,-0.0,38.0,538.0,66517.0,14.157891011081311,0.13953566904245773,0.29289318591730884
2,0.0,2.0,-0.0,38.0,528.0,64984.0,13.894733185596529,0.13624699965068432,0.2928932106751604
