,round,tube,sp,pop_0,final_pop,st_div_H,auc,fc
0,0.0,0.0,9.0,9.0,47.0,-0.0,1706.0,5.222216419759534
1,0.0,1.0,9.0,9.0,177.0,-0.0,5567.0,19.666644814839096
2,0.0,2.0,9.0,9.0,169.0,-0.0,5792.0,18.77775691360343
