,round,tube,sp_div_H,tot_pop_0,tot_final_pop,tot_auc,mean_fc,deg_score,nut_score
0,0.0,0.0,-0.0,9.0,100.0,7816.0,11.111098765445817,0.18094835479849913,0.133974577510663
1,0.0,1.0,-0.0,9.0,98.0,9357.0,10.8888767901369,0.17913147962881948,0.1339745808271392
2,0.0,2.0,-0.0,9.0,101.0,8619.0,11.222209753100275,0.17897952190421862,0.13397459544080959
