,round,tube,sp,pop_0,final_pop,st_div_H,auc,fc
0,0.0,0.0,7.0,14.0,541.0,0.3276573194333604,55205.0,38.64282954083604
1,0.0,1.0,7.0,14.0,489.0,0.5023091588119494,52365.0,34.92854647960966
2,0.0,2.0,7.0,14.0,528.0,0.22340907478757965,54539.0,37.714258775529444
