,round,tube,sp_div_H,tot_pop_0,tot_final_pop,tot_auc,mean_fc,deg_score,nut_score
0,0.0,0.0,-0.0,6.0,44.0,2096.0,7.3333211111314816,0.1941010324847604,0.13856969657936824
1,0.0,1.0,-0.0,6.0,40.0,1557.0,6.666655555574074,0.1529318100985012,0.12167828155247229
2,0.0,2.0,-0.0,6.0,23.0,1104.0,3.833326944455093,0.11390895691700798,0.09732492992538178
