,round,tube,nut,amount
0,0.0,0.0,0.0,2000.0
1,0.0,0.0,1.0,2000.0
2,0.0,0.0,2.0,1952.2733990190156
3,0.0,0.0,3.0,248.24032288193712
4,0.0,1.0,0.0,2000.0
5,0.0,1.0,1.0,2000.0
6,0.0,1.0,2.0,1964.465609674606
7,0.0,1.0,3.0,695.7438651915429
8,0.0,2.0,0.0,2000.0
9,0.0,2.0,1.0,2000.0
10,0.0,2.0,2.0,1974.5768111948792
11,0.0,2.0,3.0,1066.8659385503568
