,round,tube,nut,amount
0,0.0,0.0,0.0,0.5692464641253681
1,0.0,0.0,1.0,2000.0
2,0.0,0.0,2.0,0.526560092261238
3,0.0,0.0,3.0,350.77670849000936
4,0.0,1.0,0.0,0.40863533020832254
5,0.0,1.0,1.0,2000.0
6,0.0,1.0,2.0,0.2729985213625158
7,0.0,1.0,3.0,350.56756360206396
8,0.0,2.0,0.0,0.3960834778872493
9,0.0,2.0,1.0,2000.0
10,0.0,2.0,2.0,0.12054507216504429
11,0.0,2.0,3.0,0.21197685663703347
