,round,tube,sp_div_H,tot_pop_0,tot_final_pop,tot_auc,mean_fc,deg_score,nut_score
0,0.0,0.0,-0.0,8.0,128.0,3224.0,15.999980000025001,0.22703831986981993,0.23519532139419552
1,0.0,1.0,-0.0,8.0,132.0,4586.0,16.49997937502578,0.24973101678644716,0.2566834983244377
2,0.0,2.0,-0.0,8.0,153.0,4337.0,19.124976093779885,0.24751750092540903,0.25619460427858287
