,round,tube,sp_div_H,tot_pop_0,tot_final_pop,tot_auc,mean_fc,deg_score,nut_score
0,0.0,0.0,-0.0,14.0,41.0,2577.0,2.9285693367361882,0.028509730121974886,0.11408561101303116
1,0.0,1.0,-0.0,14.0,39.0,2247.0,2.785712295919789,0.024954102451775206,0.10398541800469419
2,0.0,2.0,-0.0,14.0,45.0,2086.0,3.214283418368987,0.023128380903951973,0.10345995794007468
