,round,tube,sp,st,final_pop
0,0,0,6,"(0.03426039533065134, 0.010565112093480947, 0.0, 0.030475996103555447, 0.005422768956954101, 0.0, 0.019795240631728064, 0.0, 0.028146417112716555, 0.05874522297052942)",190
1,0,1,6,"(0.03426039533065134, 0.010565112093480947, 0.0, 0.030475996103555447, 0.005422768956954101, 0.0, 0.019795240631728064, 0.0, 0.028146417112716555, 0.05874522297052942)",162
2,0,2,6,"(0.03426039533065134, 0.010565112093480947, 0.0, 0.030475996103555447, 0.005422768956954101, 0.0, 0.019795240631728064, 0.0, 0.028146417112716555, 0.05874522297052942)",186
