,round,tube,sp,pop_0,final_pop,st_div_H,auc,fc
0,0.0,0.0,13.0,7.0,77.0,-0.0,4518.0,10.999984285736735
1,0.0,1.0,13.0,7.0,64.0,-0.0,4252.0,9.142844081651312
2,0.0,2.0,13.0,7.0,68.0,-0.0,3997.0,9.71427183675452
