,round,tube,sp,pop_0,final_pop,st_div_H,auc,fc
0,0.0,0.0,13.0,11.0,371.0,0.48430217949997767,49600.0,33.727242066143575
1,0.0,1.0,13.0,11.0,333.0,0.3671642539247136,51427.0,30.272699752091135
2,0.0,2.0,13.0,11.0,368.0,0.30803579281249766,49543.0,33.454515041349964
