,round,tube,sp_div_H,tot_pop_0,tot_final_pop,tot_auc,mean_fc,deg_score,nut_score
0,0.0,0.0,-0.0,13.0,308.0,33743.0,23.692289467469642,0.13515924861056594,0.29289320138190333
1,0.0,1.0,-0.0,13.0,309.0,32259.0,23.769212485221164,0.13073595569481578,0.2928931791400907
2,0.0,2.0,-0.0,13.0,287.0,29822.0,22.07690609468762,0.13294220042511784,0.2928932067295045
