,round,tube,sp,pop_0,final_pop,st_div_H,auc,fc
0,0.0,0.0,7.0,15.0,534.0,1.0124218041610829,44551.0,35.59997626668249
1,0.0,1.0,7.0,15.0,524.0,0.7517575575735052,49553.0,34.93331004445997
2,0.0,2.0,7.0,15.0,525.0,0.7149089814746701,47041.0,34.99997666668222
