,round,tube,sp_div_H,tot_pop_0,tot_final_pop,tot_auc,mean_fc,deg_score,nut_score
0,0.0,0.0,0.0,11.0,0.0,205.0,0.0,0.026347667663528807,0.02381847020126404
1,0.0,1.0,0.0,11.0,0.0,193.0,0.0,0.024822461866584877,0.022523724491920305
2,0.0,2.0,0.0,11.0,0.0,234.0,0.0,0.030024534071579123,0.026845008782646507
