,round,tube,nut,amount
0,0.0,0.0,0.0,2000.0
1,0.0,0.0,1.0,2000.0
2,0.0,0.0,2.0,0.5656796717555563
3,0.0,0.0,3.0,0.2894636015483947
4,0.0,1.0,0.0,2000.0
5,0.0,1.0,1.0,2000.0
6,0.0,1.0,2.0,0.7513898970981685
7,0.0,1.0,3.0,0.044019942492326436
8,0.0,2.0,0.0,2000.0
9,0.0,2.0,1.0,2000.0
10,0.0,2.0,2.0,1999.7023331043385
11,0.0,2.0,3.0,1999.1977623305054
