,round,tube,sp_div_H,tot_pop_0,tot_final_pop,tot_auc,mean_fc,deg_score,nut_score
0,0.0,0.0,0.0,7.0,0.0,95.0,0.0,0.012286055239083438,0.01094803866326055
1,0.0,1.0,0.0,7.0,0.0,133.0,0.0,0.01716398994397339,0.01587034050010605
2,0.0,2.0,-0.0,7.0,1.0,159.0,0.14285693877580175,0.020361550911566217,0.01849087002844574
