,round,tube,sp,pop_0,final_pop,st_div_H,auc,fc
0,0.0,0.0,4.0,13.0,473.0,-0.0,21357.0,36.38458739647123
1,0.0,1.0,4.0,13.0,469.0,-0.0,22897.0,36.07689532546514
2,0.0,2.0,4.0,13.0,441.0,-0.0,17923.0,33.92305082842244
