,round,tube,sp_div_H,tot_pop_0,tot_final_pop,tot_auc,mean_fc,deg_score,nut_score
0,0.0,0.0,-0.0,16.0,64.0,17058.0,3.9999975000015624,0.12947923833685315,0.13397457115432687
1,0.0,1.0,-0.0,16.0,47.0,16687.0,2.9374981640636477,0.1227322300977326,0.1339745678963321
2,0.0,2.0,-0.0,16.0,59.0,17314.0,3.6874976953139407,0.1255528566321087,0.1339745619948871
