,round,tube,nut,amount
0,0.0,0.0,0.0,0.30428385899659105
1,0.0,0.0,1.0,2000.0
2,0.0,0.0,2.0,0.2668707902351173
3,0.0,0.0,3.0,0.015229618860417737
4,0.0,1.0,0.0,0.30254385382208326
5,0.0,1.0,1.0,2000.0
6,0.0,1.0,2.0,0.15226931700119906
7,0.0,1.0,3.0,0.910397894033358
8,0.0,2.0,0.0,0.3261663907561404
9,0.0,2.0,1.0,2000.0
10,0.0,2.0,2.0,0.3816268713138484
11,0.0,2.0,3.0,811.7193358702941
