,round,tube,sp,pop_0,final_pop,st_div_H,auc,fc
0,0.0,0.0,4.0,19.0,344.0,0.2053066632813121,51672.0,18.10525362881388
1,0.0,1.0,4.0,19.0,420.0,0.5512789121312527,57272.0,22.10525152355183
2,0.0,2.0,4.0,19.0,350.0,0.38366200046938814,49535.0,18.42104293629319
