,round,tube,sp,pop_0,final_pop,st_div_H,auc,fc
0,0.0,0.0,8.0,15.0,280.0,-0.0,48796.0,18.66665422223052
1,0.0,1.0,8.0,15.0,259.0,-0.0,49933.0,17.26665515556323
2,0.0,2.0,8.0,15.0,393.0,-0.0,62230.0,26.19998253334498
