,round,tube,sp,pop_0,final_pop,st_div_H,auc,fc
0,0.0,0.0,11.0,27.0,516.0,0.9922117532868321,52296.0,19.111104032924434
1,0.0,1.0,11.0,27.0,567.0,0.9619405904094762,57612.0,20.999992222225103
2,0.0,2.0,11.0,27.0,538.0,1.030739666090359,52677.0,19.925918545956094
