,round,tube,sp_div_H,tot_pop_0,tot_final_pop,tot_auc,mean_fc,deg_score,nut_score
0,0.0,0.0,-0.0,14.0,318.0,20969.0,22.714269489807506,0.014773816444864418,0.2736708074053803
1,0.0,1.0,-0.0,14.0,262.0,25042.0,18.714272346948324,0.014818282670232885,0.28277319215639496
2,0.0,2.0,-0.0,14.0,322.0,25525.0,22.999983571440307,0.014623275045199113,0.28731247765815016
