,round,tube,nut,amount
0,0.0,0.0,0.0,1965.9214701472388
1,0.0,0.0,1.0,1921.1950555512756
2,0.0,0.0,2.0,1971.5625396997439
3,0.0,0.0,3.0,1952.5051530092098
4,0.0,1.0,0.0,1953.9240650024362
5,0.0,1.0,1.0,1893.4516390937677
6,0.0,1.0,2.0,1961.5510828092988
7,0.0,1.0,3.0,1935.7845103024758
8,0.0,2.0,0.0,1959.8068950873017
9,0.0,2.0,1.0,1907.055397825225
10,0.0,2.0,2.0,1966.4601193115943
11,0.0,2.0,3.0,1943.983341530271
