,round,tube,sp,pop_0,final_pop,st_div_H,auc,fc
0,0.0,0.0,4.0,25.0,440.0,0.2886488241115125,58496.0,17.599992960002815
1,0.0,1.0,4.0,25.0,426.0,0.4467632732018165,56534.0,17.039993184002725
2,0.0,2.0,4.0,25.0,445.0,0.12403312256503998,60287.0,17.799992880002847
