,round,tube,nut,amount
0,0.0,0.0,0.0,919.5365740799904
1,0.0,0.0,1.0,0.4718712852826624
2,0.0,0.0,2.0,0.6415983136747719
3,0.0,0.0,3.0,2000.0
4,0.0,1.0,0.0,919.3098763365392
5,0.0,1.0,1.0,0.45125597983165466
6,0.0,1.0,2.0,0.22210235745879875
7,0.0,1.0,3.0,2000.0
8,0.0,2.0,0.0,919.494491295409
9,0.0,2.0,1.0,0.43110136456079073
10,0.0,2.0,2.0,0.5637256463544087
11,0.0,2.0,3.0,2000.0
