,round,tube,sp,pop_0,final_pop,st_div_H,auc,fc
0,0.0,0.0,3.0,14.0,55.0,-0.0,4242.0,3.928568622450984
1,0.0,1.0,3.0,14.0,46.0,0.2954391918721161,3655.0,3.2857119387771867
2,0.0,2.0,3.0,14.0,55.0,0.15621017106188279,5021.0,3.928568622450984
