,round,tube,sp,pop_0,final_pop,st_div_H,auc,fc
0,0.0,0.0,7.0,11.0,277.0,-0.0,9063.0,25.181795289277012
1,0.0,1.0,7.0,11.0,243.0,-0.0,10216.0,22.09088900828272
2,0.0,2.0,7.0,11.0,263.0,-0.0,10221.0,23.909069173573478
