,round,tube,sp,pop_0,final_pop,st_div_H,auc,fc
0,0.0,0.0,12.0,20.0,95.0,0.586888904171389,7778.0,4.749997625001187
1,0.0,1.0,12.0,20.0,80.0,0.3001765539328933,7299.0,3.9999980000010003
2,0.0,2.0,12.0,20.0,86.0,0.5920726008913406,6719.0,4.299997850001075
