,round,tube,nut,amount
0,0.0,0.0,0.0,1877.721990270695
1,0.0,0.0,1.0,162.16642687513115
2,0.0,0.0,2.0,322.6097789898072
3,0.0,0.0,3.0,2000.0
4,0.0,1.0,0.0,1867.785519632862
5,0.0,1.0,1.0,12.821672433949562
6,0.0,1.0,2.0,186.30286071272258
7,0.0,1.0,3.0,2000.0
8,0.0,2.0,0.0,1870.0692247835923
9,0.0,2.0,1.0,47.14566909059166
10,0.0,2.0,2.0,217.63036347454565
11,0.0,2.0,3.0,2000.0
