,round,tube,sp_div_H,tot_pop_0,tot_final_pop,tot_auc,mean_fc,deg_score,nut_score
0,0.0,0.0,-0.0,2.0,115.0,2814.0,57.49971250143749,0.19951866285987985,0.14174570453432833
1,0.0,1.0,-0.0,2.0,84.0,3363.0,41.999790001049995,0.20337206711206035,0.19249344079460706
2,0.0,2.0,0.0,2.0,0.0,39.0,0.0,0.003900278354650122,0.004474984361896528
