,round,tube,sp,pop_0,final_pop,st_div_H,auc,fc
0,0.0,0.0,7.0,2.0,692.0,-0.0,46179.0,345.99827000864997
1,0.0,1.0,7.0,2.0,705.0,-0.0,43728.0,352.49823750881245
2,0.0,2.0,7.0,2.0,685.0,-0.0,40991.0,342.49828750856244
