,round,tube,nut,amount
0,0.0,0.0,0.0,931.4378086315519
1,0.0,0.0,1.0,0.30267339101841245
2,0.0,0.0,2.0,22.664401418591954
3,0.0,0.0,3.0,2000.0
4,0.0,1.0,0.0,941.6655846052096
5,0.0,1.0,1.0,0.17080260717231183
6,0.0,1.0,2.0,41.590530089807146
7,0.0,1.0,3.0,2000.0
8,0.0,2.0,0.0,919.5262691801892
9,0.0,2.0,1.0,0.1932742631927229
10,0.0,2.0,2.0,0.6225294701548051
11,0.0,2.0,3.0,2000.0
