,round,tube,sp,pop_0,final_pop,st_div_H,auc,fc
0,0.0,0.0,9.0,8.0,150.0,-0.0,5217.0,18.749976562529298
1,0.0,1.0,9.0,8.0,150.0,-0.0,5835.0,18.749976562529298
2,0.0,2.0,9.0,8.0,125.0,-0.0,4548.0,15.624980468774416
