,round,tube,sp_div_H,tot_pop_0,tot_final_pop,tot_auc,mean_fc,deg_score,nut_score
0,0.0,0.0,-0.0,15.0,135.0,24056.0,8.999994000004,0.044749661030000776,0.49999570505699453
1,0.0,1.0,-0.0,15.0,91.0,19663.0,6.066662622224919,0.040686759621198054,0.3663424474335939
2,0.0,2.0,-0.0,15.0,199.0,25576.0,13.266657822228119,0.045477348711527976,0.4999600976398102
