,round,tube,nut,amount
0,0.0,0.0,0.0,0.9799792595500935
1,0.0,0.0,1.0,2000.0
2,0.0,0.0,2.0,2000.0
3,0.0,0.0,3.0,0.12475137329469999
4,0.0,1.0,0.0,0.6772203379847289
5,0.0,1.0,1.0,2000.0
6,0.0,1.0,2.0,2000.0
7,0.0,1.0,3.0,0.4549428852532911
8,0.0,2.0,0.0,1.1021224581001703
9,0.0,2.0,1.0,2000.0
10,0.0,2.0,2.0,2000.0
11,0.0,2.0,3.0,0.46745379647269614
