,round,tube,sp_div_H,tot_pop_0,tot_final_pop,tot_auc,mean_fc,deg_score,nut_score
0,0.0,0.0,-0.0,11.0,489.0,22199.0,44.454505041359056,0.2780387739009197,0.3407401039098259
1,0.0,1.0,-0.0,11.0,475.0,25179.0,43.18177892565552,0.2805263226377863,0.3407451319443472
2,0.0,2.0,-0.0,11.0,505.0,23082.0,45.90904917359166,0.2801408011803539,0.3407401380041064
