,round,tube,sp,pop_0,final_pop,st_div_H,auc,fc
0,0.0,0.0,2.0,12.0,187.0,0.6793428005724218,8716.0,15.583320347233045
1,0.0,1.0,2.0,12.0,182.0,0.6929056443877115,7632.0,15.166654027788312
2,0.0,2.0,2.0,12.0,208.0,0.6684893224479111,9501.0,17.333318888900926
