,round,tube,sp,pop_0,final_pop,st_div_H,auc,fc
0,0.0,0.0,0.0,19.0,302.0,0.5983778948481411,32439.0,15.894728476458697
1,0.0,1.0,0.0,19.0,275.0,0.5941126067014214,32128.0,14.473676592801793
2,0.0,2.0,0.0,19.0,304.0,0.41791282464052043,32552.0,15.999991578951802
