,round,tube,sp_div_H,tot_pop_0,tot_final_pop,tot_auc,mean_fc,deg_score,nut_score
0,0.0,0.0,-0.0,20.0,450.0,62457.0,22.499988750005624,0.10984460302644194,0.49999997220613257
1,0.0,1.0,-0.0,20.0,415.0,53965.0,20.74998962500519,0.1041934378933198,0.45257970926029367
2,0.0,2.0,-0.0,20.0,378.0,53763.0,18.899990550004727,0.10282042628154153,0.452576153102055
