,round,tube,sp_div_H,tot_pop_0,tot_final_pop,tot_auc,mean_fc,deg_score,nut_score
0,0.0,0.0,-0.0,15.0,148.0,5141.0,9.866660088893275,0.28726199600118485,0.4014750680891419
1,0.0,1.0,-0.0,15.0,97.0,3826.0,6.46666235555843,0.25612881920115593,0.3344455791751597
2,0.0,2.0,-0.0,15.0,99.0,3730.0,6.599995600002933,0.25236964584327337,0.32175147427525275
