,round,tube,nut,amount
0,0.0,0.0,0.0,0.3551784718869712
1,0.0,0.0,1.0,2000.0
2,0.0,0.0,2.0,154.1565420729112
3,0.0,0.0,3.0,477.4951432037344
4,0.0,1.0,0.0,0.5340859218256611
5,0.0,1.0,1.0,2000.0
6,0.0,1.0,2.0,222.34893691964578
7,0.0,1.0,3.0,533.7421948726354
8,0.0,2.0,0.0,0.45704607817489035
9,0.0,2.0,1.0,2000.0
10,0.0,2.0,2.0,106.57388765940037
11,0.0,2.0,3.0,438.24759914320896
