,round,tube,nut,amount
0,0.0,0.0,0.0,0.3508151747380053
1,0.0,0.0,1.0,0.39220279916702905
2,0.0,0.0,2.0,2000.0
3,0.0,0.0,3.0,0.2722882925464627
4,0.0,1.0,0.0,0.27942809211413994
5,0.0,1.0,1.0,0.633111972209388
6,0.0,1.0,2.0,2000.0
7,0.0,1.0,3.0,0.22422636511778138
8,0.0,2.0,0.0,0.24168586129255187
9,0.0,2.0,1.0,131.01692540958814
10,0.0,2.0,2.0,2000.0
11,0.0,2.0,3.0,0.42142099261501953
