,round,tube,nut,amount
0,0.0,0.0,0.0,1737.5767451036322
1,0.0,0.0,1.0,134.77312615378648
2,0.0,0.0,2.0,2000.0
3,0.0,0.0,3.0,20.766641307886367
4,0.0,1.0,0.0,1735.1578401844959
5,0.0,1.0,1.0,117.58026547446015
6,0.0,1.0,2.0,2000.0
7,0.0,1.0,3.0,2.5229177882351
8,0.0,2.0,0.0,1739.2006111604737
9,0.0,2.0,1.0,146.31508576383084
10,0.0,2.0,2.0,2000.0
11,0.0,2.0,3.0,33.01406911690327
