,round,tube,sp_div_H,tot_pop_0,tot_final_pop,tot_auc,mean_fc,deg_score,nut_score
0,0.0,0.0,-0.0,8.0,360.0,56466.0,44.999943750070315,0.054935580686645835,0.49999998693660963
1,0.0,1.0,-0.0,8.0,309.0,49530.0,38.62495171881035,0.05063663292453424,0.39911331899207425
2,0.0,2.0,-0.0,8.0,402.0,59605.0,50.24993718757852,0.05644728915296782,0.49999994465770814
