,round,tube,nut,amount
0,0.0,0.0,0.0,891.494700739647
1,0.0,0.0,1.0,0.29190284210674955
2,0.0,0.0,2.0,2000.0
3,0.0,0.0,3.0,0.4494930538360009
4,0.0,1.0,0.0,891.5247240154072
5,0.0,1.0,1.0,0.08423983956170389
6,0.0,1.0,2.0,2000.0
7,0.0,1.0,3.0,0.5036498145691937
8,0.0,2.0,0.0,891.4887160628232
9,0.0,2.0,1.0,0.3322381167843007
10,0.0,2.0,2.0,2000.0
11,0.0,2.0,3.0,0.4386977391112197
