,round,tube,nut,amount
0,0.0,0.0,0.0,0.1021670913429118
1,0.0,0.0,1.0,2000.0
2,0.0,0.0,2.0,1332.9688718227346
3,0.0,0.0,3.0,0.45758954150398146
4,0.0,1.0,0.0,0.26983323998082986
5,0.0,1.0,1.0,2000.0
6,0.0,1.0,2.0,1333.0247939495707
7,0.0,1.0,3.0,0.6252258924588536
8,0.0,2.0,0.0,0.06138695665765331
9,0.0,2.0,1.0,2000.0
10,0.0,2.0,2.0,0.9202910161618487
11,0.0,2.0,3.0,0.4168166542738522
