,round,tube,sp_div_H,tot_pop_0,tot_final_pop,tot_auc,mean_fc,deg_score,nut_score
0,0.0,0.0,-0.0,9.0,1.0,537.0,0.11111098765445816,0.05526914408628125,0.05097461585938212
1,0.0,1.0,-0.0,9.0,8.0,625.0,0.8888879012356653,0.0626350241326381,0.057310581103513725
2,0.0,2.0,-0.0,9.0,6.0,1108.0,0.666665925926749,0.1007142795194349,0.09265225166422664
