,round,tube,sp,pop_0,final_pop,st_div_H,auc,fc
0,0.0,0.0,10.0,5.0,101.0,-0.0,17310.0,20.199959600080803
1,0.0,1.0,10.0,5.0,92.0,-0.0,16997.0,18.3999632000736
2,0.0,2.0,10.0,5.0,119.0,-0.0,18860.0,23.7999524000952
