,round,tube,nut,amount
0,0.0,0.0,0.0,0.20106169033824822
1,0.0,0.0,1.0,0.5149160260623524
2,0.0,0.0,2.0,2000.0
3,0.0,0.0,3.0,0.37648373192820517
4,0.0,1.0,0.0,0.6067470686665172
5,0.0,1.0,1.0,1933.0855001027894
6,0.0,1.0,2.0,2000.0
7,0.0,1.0,3.0,0.29656546260176553
8,0.0,2.0,0.0,0.19623398516010065
9,0.0,2.0,1.0,0.7130125896458364
10,0.0,2.0,2.0,2000.0
11,0.0,2.0,3.0,0.5201661648101419
