,round,tube,nut,amount
0,0.0,0.0,0.0,2000.0
1,0.0,0.0,1.0,0.30078080334190194
2,0.0,0.0,2.0,2000.0
3,0.0,0.0,3.0,617.6544921848142
4,0.0,1.0,0.0,2000.0
5,0.0,1.0,1.0,0.08222904809331588
6,0.0,1.0,2.0,2000.0
7,0.0,1.0,3.0,14.822180961802477
8,0.0,2.0,0.0,2000.0
9,0.0,2.0,1.0,0.051107349862382634
10,0.0,2.0,2.0,2000.0
11,0.0,2.0,3.0,240.71233567397027
