,round,tube,sp_div_H,tot_pop_0,tot_final_pop,tot_auc,mean_fc,deg_score,nut_score
0,0.0,0.0,-0.0,6.0,99.0,4966.0,16.499972500045835,0.19178254568334274,0.1339745931487405
1,0.0,1.0,-0.0,6.0,129.0,4929.0,21.49996416672639,0.1921271603455863,0.13397457690626702
2,0.0,2.0,-0.0,6.0,122.0,3579.0,20.333299444500927,0.18134240984623629,0.1332504420068934
