,round,tube,sp_div_H,tot_pop_0,tot_final_pop,tot_auc,mean_fc,deg_score,nut_score
0,0.0,0.0,-0.0,12.0,3.0,404.0,0.24999979166684028,0.05020031303429284,0.04367725653415899
1,0.0,1.0,-0.0,12.0,3.0,514.0,0.24999979166684028,0.06281976148491641,0.054999991820781635
2,0.0,2.0,-0.0,12.0,1.0,421.0,0.08333326388894677,0.052417326466831504,0.04584371458593928
