,round,tube,sp,pop_0,final_pop,st_div_H,auc,fc
0,0.0,0.0,1.0,49.0,925.0,1.975701320942823,101289.0,18.877547167847517
1,0.0,1.0,1.0,49.0,902.0,1.9523577429918935,100769.0,18.408159508538876
2,0.0,2.0,1.0,49.0,987.0,1.8487081336410771,105326.0,20.142853032070807
