,round,tube,sp,pop_0,final_pop,st_div_H,auc,fc
0,0.0,0.0,13.0,11.0,71.0,-0.0,6329.0,6.454539586782194
1,0.0,1.0,13.0,11.0,82.0,-0.0,4500.0,7.454538677692112
2,0.0,2.0,13.0,11.0,77.0,-0.0,5614.0,6.999993636369422
