,round,tube,sp,pop_0,final_pop,st_div_H,auc,fc
0,0.0,0.0,3.0,7.0,62.0,0.6287993940937805,2677.0,8.85713020409971
1,0.0,1.0,3.0,7.0,47.0,-0.0,2858.0,6.714276122462683
2,0.0,2.0,3.0,7.0,50.0,0.167944147734173,2745.0,7.142846938790088
