,round,tube,sp,pop_0,final_pop,st_div_H,auc,fc
0,0.0,0.0,4.0,8.0,148.0,-0.0,5090.0,18.499976875028906
1,0.0,1.0,4.0,8.0,150.0,-0.0,4254.0,18.749976562529298
2,0.0,2.0,4.0,8.0,160.0,-0.0,4595.0,19.999975000031252
