,round,tube,nut,amount
0,0.0,0.0,0.0,0.12266666469007992
1,0.0,0.0,1.0,2000.0
2,0.0,0.0,2.0,0.1866335384580008
3,0.0,0.0,3.0,0.8981183831668941
4,0.0,1.0,0.0,0.5594144959278289
5,0.0,1.0,1.0,2000.0
6,0.0,1.0,2.0,0.18893941889165788
7,0.0,1.0,3.0,0.6670092797066012
8,0.0,2.0,0.0,0.39412522996234944
9,0.0,2.0,1.0,2000.0
10,0.0,2.0,2.0,0.515782971985348
11,0.0,2.0,3.0,350.7678192107672
