,round,tube,sp_div_H,tot_pop_0,tot_final_pop,tot_auc,mean_fc,deg_score,nut_score
0,0.0,0.0,-0.0,6.0,560.0,24879.0,93.33317777803704,0.13948429964899633,0.2914742445627653
1,0.0,1.0,-0.0,6.0,503.0,29396.0,83.83319361134399,0.139725269995303,0.2927200837566025
2,0.0,2.0,-0.0,6.0,543.0,27220.0,90.49984916691805,0.14288421720456057,0.2925009321425609
