,round,tube,sp_div_H,tot_pop_0,tot_final_pop,tot_auc,mean_fc,deg_score,nut_score
0,0.0,0.0,-0.0,14.0,496.0,41478.0,35.428546122467054,0.23502286110668102,0.2928932011747293
1,0.0,1.0,-0.0,14.0,488.0,43975.0,34.85711795920146,0.23460307006969816,0.2928931861635016
2,0.0,2.0,-0.0,14.0,465.0,39505.0,33.21426198981287,0.23574985624305544,0.2928931998117429
