,round,tube,sp,pop_0,final_pop,st_div_H,auc,fc
0,0.0,0.0,0.0,13.0,98.0,1.080765199949589,9324.0,7.538455739649431
1,0.0,1.0,0.0,13.0,82.0,1.0737742127179952,7823.0,6.307687455625034
2,0.0,2.0,0.0,13.0,95.0,0.9710053121930157,9021.0,7.307686686394857
