,round,tube,sp_div_H,tot_pop_0,tot_final_pop,tot_auc,mean_fc,deg_score,nut_score
0,0.0,0.0,-0.0,10.0,468.0,60737.0,46.7999532000468,0.15203932152816657,0.44455569076748325
1,0.0,1.0,-0.0,10.0,484.0,59284.0,48.399951600048404,0.1497342299750728,0.4445627433723519
2,0.0,2.0,-0.0,10.0,826.0,84830.0,82.5999174000826,0.16283829471025568,0.79680181283569
