,round,tube,sp_div_H,tot_pop_0,tot_final_pop,tot_auc,mean_fc,deg_score,nut_score
0,0.0,0.0,-0.0,6.0,319.0,29045.0,53.16657805570324,0.13284025197249327,0.29289321409610103
1,0.0,1.0,-0.0,6.0,302.0,28323.0,50.33324944458426,0.1360213547041722,0.2928931986472363
2,0.0,2.0,-0.0,6.0,350.0,30192.0,58.33323611127315,0.13335173302085923,0.29289320121724094
