,round,tube,nut,amount
0,0.0,0.0,0.0,0.23355424324515806
1,0.0,0.0,1.0,0.8216061361359505
2,0.0,0.0,2.0,2000.0
3,0.0,0.0,3.0,0.2045545238668034
4,0.0,1.0,0.0,0.33215362098565326
5,0.0,1.0,1.0,131.0189236624113
6,0.0,1.0,2.0,2000.0
7,0.0,1.0,3.0,0.4235588736198127
8,0.0,2.0,0.0,0.35058234439394953
9,0.0,2.0,1.0,0.9719808143104489
10,0.0,2.0,2.0,2000.0
11,0.0,2.0,3.0,0.08148976557775983
