,round,tube,sp,pop_0,final_pop,st_div_H,auc,fc
0,0.0,0.0,12.0,1.0,284.0,-0.0,30379.0,283.9971600283997
1,0.0,1.0,12.0,1.0,261.0,-0.0,31712.0,260.9973900260997
2,0.0,2.0,12.0,1.0,243.0,-0.0,31953.0,242.99757002429973
