,round,tube,sp_div_H,tot_pop_0,tot_final_pop,tot_auc,mean_fc,deg_score,nut_score
0,0.0,0.0,-0.0,18.0,273.0,24056.0,15.166658240745422,0.17760796105339838,0.29289319341043596
1,0.0,1.0,-0.0,18.0,269.0,22520.0,14.94443614197992,0.17595791850308318,0.29289321325496964
2,0.0,2.0,-0.0,18.0,256.0,24451.0,14.222214320992045,0.1802694896203454,0.29289318988071233
