,round,tube,sp,pop_0,final_pop,st_div_H,auc,fc
0,0.0,0.0,6.0,17.0,290.0,0.5923007843973713,24188.0,17.058813494815592
1,0.0,1.0,6.0,17.0,309.0,0.6529700004473018,24342.0,18.17645989620006
2,0.0,2.0,6.0,17.0,370.0,0.6824589368579258,21966.0,21.764693079592305
