,round,tube,sp_div_H,tot_pop_0,tot_final_pop,tot_auc,mean_fc,deg_score,nut_score
0,0.0,0.0,-0.0,14.0,384.0,20056.0,27.42855183674869,0.2381016784114004,0.3451522370024389
1,0.0,1.0,-0.0,14.0,411.0,22092.0,29.35712188777008,0.23860179064653186,0.345146687555847
2,0.0,2.0,-0.0,14.0,407.0,24052.0,29.071407806137284,0.2392228768950284,0.3451535642522533
