,round,tube,sp_div_H,tot_pop_0,tot_final_pop,tot_auc,mean_fc,deg_score,nut_score
0,0.0,0.0,0.0,5.0,0.0,127.0,0.0,0.01639519891250185,0.014432888108738995
1,0.0,1.0,0.0,5.0,0.0,41.0,0.0,0.005318196002988329,0.004692611594042773
2,0.0,2.0,0.0,5.0,0.0,68.0,0.0,0.008807371946506493,0.00799070072336594
