,round,tube,sp_div_H,tot_pop_0,tot_final_pop,tot_auc,mean_fc,deg_score,nut_score
0,0.0,0.0,-0.0,13.0,58.0,3692.0,4.461535029588439,0.16984491931478174,0.22377376050538844
1,0.0,1.0,-0.0,13.0,93.0,4705.0,7.153840650891807,0.17038140971831572,0.27183359225257997
2,0.0,2.0,-0.0,13.0,95.0,4937.0,7.307686686394857,0.171512860396556,0.2728599885513645
