,round,tube,nut,amount
0,0.0,0.0,0.0,2000.0
1,0.0,0.0,1.0,0.6657242990616332
2,0.0,0.0,2.0,2000.0
3,0.0,0.0,3.0,1280.7944233522778
4,0.0,1.0,0.0,2000.0
5,0.0,1.0,1.0,0.44295873116819884
6,0.0,1.0,2.0,2000.0
7,0.0,1.0,3.0,695.4285597644623
8,0.0,2.0,0.0,2000.0
9,0.0,2.0,1.0,0.8926770352650149
10,0.0,2.0,2.0,2000.0
11,0.0,2.0,3.0,678.027096154762
