,round,tube,sp_div_H,tot_pop_0,tot_final_pop,tot_auc,mean_fc,deg_score,nut_score
0,0.0,0.0,-0.0,14.0,545.0,47920.0,38.928543622468844,0.2166671866875033,0.2928931955477736
1,0.0,1.0,-0.0,14.0,562.0,45158.0,40.14282846940824,0.2179284187743178,0.29289319032716055
2,0.0,2.0,-0.0,14.0,535.0,44225.0,38.21425841838685,0.2158696028737499,0.2928931965044762
