,round,tube,nut,amount
0,0.0,0.0,0.0,2000.0
1,0.0,0.0,1.0,0.7260369848531436
2,0.0,0.0,2.0,0.10925098538944966
3,0.0,0.0,3.0,2000.0
4,0.0,1.0,0.0,2000.0
5,0.0,1.0,1.0,0.1986991159832905
6,0.0,1.0,2.0,0.31964917751336186
7,0.0,1.0,3.0,2000.0
8,0.0,2.0,0.0,2000.0
9,0.0,2.0,1.0,0.5465729836857909
10,0.0,2.0,2.0,0.08200282123278269
11,0.0,2.0,3.0,2000.0
