,round,tube,sp_div_H,tot_pop_0,tot_final_pop,tot_auc,mean_fc,deg_score,nut_score
0,0.0,0.0,-0.0,24.0,443.0,34150.0,18.458325642364315,0.14638782304821152,0.29289316271044963
1,0.0,1.0,-0.0,24.0,377.0,29767.0,15.708326788197171,0.14764524282000668,0.2928930573698836
2,0.0,2.0,-0.0,24.0,373.0,31354.0,15.541660190974921,0.15075278898968725,0.29289318510367046
