,round,tube,sp_div_H,tot_pop_0,tot_final_pop,tot_auc,mean_fc,deg_score,nut_score
0,0.0,0.0,-0.0,16.0,1061.0,64846.0,66.3124585547134,0.1900517095862776,0.49237759447209895
1,0.0,1.0,-0.0,16.0,1050.0,65116.0,65.62495898440064,0.18920667848200468,0.49237240253326875
2,0.0,2.0,-0.0,16.0,981.0,65672.0,61.312461679711454,0.18889223661835586,0.49237060917413644
