,round,tube,sp_div_H,tot_pop_0,tot_final_pop,tot_auc,mean_fc,deg_score,nut_score
0,0.0,0.0,-0.0,9.0,67.0,2135.0,7.444436172848697,0.14305620174431044,0.147490999031891
1,0.0,1.0,-0.0,9.0,97.0,4954.0,10.777765802482442,0.17086003876061695,0.2828604499065245
2,0.0,2.0,-0.0,9.0,71.0,2579.0,7.88888012346653,0.1628319397664516,0.15548620116993317
