,round,tube,sp_div_H,tot_pop_0,tot_final_pop,tot_auc,mean_fc,deg_score,nut_score
0,0.0,0.0,-0.0,24.0,467.0,44324.0,19.458325225697823,0.2449886352234638,0.2928931920251707
1,0.0,1.0,-0.0,24.0,471.0,44448.0,19.624991822920073,0.24414209289829703,0.29289318192049474
2,0.0,2.0,-0.0,24.0,470.0,44233.0,19.58332517361451,0.2431846180739985,0.2928932018637398
