,round,tube,nut,amount
0,0.0,0.0,0.0,2000.0
1,0.0,0.0,1.0,0.7602184652737494
2,0.0,0.0,2.0,0.16798070666795994
3,0.0,0.0,3.0,2000.0
4,0.0,1.0,0.0,2000.0
5,0.0,1.0,1.0,0.7957093892915217
6,0.0,1.0,2.0,0.4490422358776522
7,0.0,1.0,3.0,2000.0
8,0.0,2.0,0.0,2000.0
9,0.0,2.0,1.0,0.5273277709262649
10,0.0,2.0,2.0,0.32473626859690263
11,0.0,2.0,3.0,2000.0
