,round,tube,sp_div_H,tot_pop_0,tot_final_pop,tot_auc,mean_fc,deg_score,nut_score
0,0.0,0.0,-0.0,23.0,413.0,40461.0,17.956513931950465,0.2301070560882612,0.29289316862772163
1,0.0,1.0,-0.0,23.0,444.0,40588.0,19.304339432895897,0.23232090968592922,0.2928931983804287
2,0.0,2.0,-0.0,23.0,437.0,42424.0,18.99999173913403,0.23359933283119205,0.29289319540671455
