,round,tube,sp,st,final_pop
0,0,0,9,"(0.0, 0.07729969519914591, 0.15595526318820407, 0.0, 0.005898489707274771, 0.12323288550615832, 0.0, 0.07050430454413031, 0.10283097656856129, 0.0)",308
1,0,1,9,"(0.0, 0.07729969519914591, 0.15595526318820407, 0.0, 0.005898489707274771, 0.12323288550615832, 0.0, 0.07050430454413031, 0.10283097656856129, 0.0)",232
2,0,1,9,"(0.0, 0.07729969519914591, 0.15595526318820407, 0.0, 0.005898489707274771, 0.09737676358898886, 0.0, 0.07050430454413031, 0.10283097656856129, 0.0)",88
3,0,2,9,"(0.0, 0.07729969519914591, 0.15595526318820407, 0.0, 0.005898489707274771, 0.09737676358898886, 0.0, 0.07050430454413031, 0.10283097656856129, 0.0)",45
4,0,2,9,"(0.0, 0.07729969519914591, 0.15595526318820407, 0.0, 0.005898489707274771, 0.12323288550615832, 0.0, 0.07050430454413031, 0.10283097656856129, 0.0)",254
