,round,tube,sp,pop_0,final_pop,st_div_H,auc,fc
0,0.0,0.0,1.0,31.0,579.0,-0.0,44061.0,18.677413329866667
1,0.0,1.0,1.0,31.0,550.0,-0.0,40819.0,17.74192976066782
2,0.0,2.0,1.0,31.0,505.0,-0.0,45750.0,16.290317325704088
