,round,tube,nut,amount
0,0.0,0.0,0.0,1529.3223644437846
1,0.0,0.0,1.0,2000.0
2,0.0,0.0,2.0,1410.079084025503
3,0.0,0.0,3.0,1544.929049875071
4,0.0,1.0,0.0,1477.3140654259248
5,0.0,1.0,1.0,2000.0
6,0.0,1.0,2.0,1344.8948027315007
7,0.0,1.0,3.0,1494.6452372174563
8,0.0,2.0,0.0,1288.7301039612114
9,0.0,2.0,1.0,2000.0
10,0.0,2.0,2.0,1108.5342559766214
11,0.0,2.0,3.0,1312.3143252746133
