,round,tube,sp_div_H,tot_pop_0,tot_final_pop,tot_auc,mean_fc,deg_score,nut_score
0,0.0,0.0,-0.0,14.0,319.0,20963.0,22.785698010215707,0.31528052794145833,0.304619441796117
1,0.0,1.0,-0.0,14.0,319.0,20734.0,22.785698010215707,0.31306882762302723,0.3046210023741377
2,0.0,2.0,-0.0,14.0,321.0,20467.0,22.928555051032106,0.31318003887039436,0.30461961908699675
