,round,tube,sp,pop_0,final_pop,st_div_H,auc,fc
0,0.0,0.0,1.0,1.0,623.0,-0.0,10593.0,622.9937700622993
1,0.0,1.0,1.0,1.0,725.0,-0.0,18336.0,724.9927500724992
2,0.0,2.0,1.0,1.0,882.0,-0.0,22761.0,881.991180088199
