,round,tube,sp,pop_0,final_pop,st_div_H,auc,fc
0,0.0,0.0,12.0,9.0,1.0,-0.0,238.0,0.11111098765445816
1,0.0,1.0,12.0,9.0,1.0,-0.0,333.0,0.11111098765445816
2,0.0,2.0,12.0,9.0,1.0,-0.0,321.0,0.11111098765445816
