,round,tube,sp,pop_0,final_pop,st_div_H,auc,fc
0,0.0,0.0,4.0,8.0,81.0,-0.0,2592.0,10.12498734376582
1,0.0,1.0,4.0,8.0,75.0,-0.0,2392.0,9.374988281264649
2,0.0,2.0,4.0,8.0,82.0,-0.0,3145.0,10.249987187516016
