,round,tube,sp_div_H,tot_pop_0,tot_final_pop,tot_auc,mean_fc,deg_score,nut_score
0,0.0,0.0,-0.0,9.0,424.0,21047.0,47.11105876549026,0.23686673031479188,0.34513548893499524
1,0.0,1.0,-0.0,9.0,371.0,15081.0,41.22217641980398,0.23444203569937028,0.33199822219079955
2,0.0,2.0,-0.0,9.0,413.0,12937.0,45.888837901291225,0.23012335258338956,0.32566200306729753
