,round,tube,sp_div_H,tot_pop_0,tot_final_pop,tot_auc,mean_fc,deg_score,nut_score
0,0.0,0.0,0.0,1.0,0.0,31.0,0.0,0.004019778283383402,0.0035335236300233497
1,0.0,1.0,0.0,1.0,0.0,26.0,0.0,0.003374108879102611,0.0030405718502262147
2,0.0,2.0,0.0,1.0,0.0,15.0,0.0,0.0019499981961910162,0.0017100375067804485
