,round,tube,sp_div_H,tot_pop_0,tot_final_pop,tot_auc,mean_fc,deg_score,nut_score
0,0.0,0.0,-0.0,8.0,83.0,6227.0,10.374987031266212,0.18546679535674837,0.13397459104669196
1,0.0,1.0,-0.0,8.0,90.0,4369.0,11.249985937517579,0.1867401359494021,0.13397457543999536
2,0.0,2.0,-0.0,8.0,84.0,4711.0,10.499986875016408,0.18664792935731378,0.13397456666367713
