,round,tube,nut,amount
0,0.0,0.0,0.0,1640.5068963954236
1,0.0,0.0,1.0,2000.0
2,0.0,0.0,2.0,1904.4462067140976
3,0.0,0.0,3.0,1643.9010669809968
4,0.0,1.0,0.0,1696.654814612116
5,0.0,1.0,1.0,2000.0
6,0.0,1.0,2.0,1919.3704055844453
7,0.0,1.0,3.0,1699.5188620589136
8,0.0,2.0,0.0,1653.7815449681432
9,0.0,2.0,1.0,2000.0
10,0.0,2.0,2.0,1907.974627740653
11,0.0,2.0,3.0,1657.0503823518493
