,round,tube,sp_div_H,tot_pop_0,tot_final_pop,tot_auc,mean_fc,deg_score,nut_score
0,0.0,0.0,-0.0,20.0,1278.0,56707.0,63.89996805001598,0.20480333044595256,0.49237057614493385
1,0.0,1.0,-0.0,20.0,1295.0,50780.0,64.74996762501618,0.1997083931650041,0.492374429542244
2,0.0,2.0,-0.0,20.0,1271.0,54667.0,63.54996822501589,0.20675521546786657,0.49237299010502633
