,round,tube,nut,amount
0,0.0,0.0,0.0,0.2627727030773612
1,0.0,0.0,1.0,0.18971493645698778
2,0.0,0.0,2.0,812.7656237440059
3,0.0,0.0,3.0,0.3538273550869204
4,0.0,1.0,0.0,0.3361901520772803
5,0.0,1.0,1.0,0.26483505303593446
6,0.0,1.0,2.0,812.8171749813932
7,0.0,1.0,3.0,0.4406545533220301
8,0.0,2.0,0.0,0.2925696310353145
9,0.0,2.0,1.0,0.22020290263437814
10,0.0,2.0,2.0,812.8366659576728
11,0.0,2.0,3.0,0.47348299637936875
