,round,tube,sp,pop_0,final_pop,st_div_H,auc,fc
0,0.0,0.0,8.0,19.0,944.0,-0.0,79675.0,49.684184376745065
1,0.0,1.0,8.0,19.0,890.0,-0.0,80481.0,46.84208060943126
2,0.0,2.0,8.0,19.0,967.0,-0.0,79974.0,50.894710055415764
