,round,tube,nut,amount
0,0.0,0.0,0.0,2000.0
1,0.0,0.0,1.0,2000.0
2,0.0,0.0,2.0,0.8750521954693466
3,0.0,0.0,3.0,0.14604621630053005
4,0.0,1.0,0.0,2000.0
5,0.0,1.0,1.0,2000.0
6,0.0,1.0,2.0,0.7695819436000759
7,0.0,1.0,3.0,0.5661316856940868
8,0.0,2.0,0.0,2000.0
9,0.0,2.0,1.0,2000.0
10,0.0,2.0,2.0,0.39101178304664985
11,0.0,2.0,3.0,0.035892246633327574
