,round,tube,sp,st,final_pop
0,0,0,11,"(0.017929280497370123, 0.0, 0.0, 0.0, 0.0, 0.0, 0.0, 0.0, 0.0803403009924013, 0.0)",6
1,0,0,11,"(0.017929280497370123, 0.0, 0.0, 0.0, 0.0, 0.0, 0.0, 0.0, 0.06567195565937503, 0.0)",24
2,0,1,11,"(0.017929280497370123, 0.0, 0.0, 0.0, 0.0, 0.0, 0.0, 0.0, 0.06567195565937503, 0.0)",52
3,0,1,11,"(0.017929280497370123, 0.0, 0.0, 0.0, 0.0, 0.0, 0.0, 0.0, 0.0803403009924013, 0.0)",4
4,0,2,11,"(0.017929280497370123, 0.0, 0.0, 0.0, 0.0, 0.0, 0.0, 0.0, 0.0803403009924013, 0.0)",23
5,0,2,11,"(0.017929280497370123, 0.0, 0.0, 0.0, 0.0, 0.0, 0.0, 0.0, 0.06567195565937503, 0.0)",20
