,round,tube,nut,amount
0,0.0,0.0,0.0,2000.0
1,0.0,0.0,1.0,0.13642639095253672
2,0.0,0.0,2.0,0.2672258203858662
3,0.0,0.0,3.0,148.04858813470545
4,0.0,1.0,0.0,2000.0
5,0.0,1.0,1.0,0.1861007182728116
6,0.0,1.0,2.0,0.320175932933771
7,0.0,1.0,3.0,148.0976252045415
8,0.0,2.0,0.0,2000.0
9,0.0,2.0,1.0,0.2570558481702261
10,0.0,2.0,2.0,0.1395316554605781
11,0.0,2.0,3.0,0.8332926783800458
