,round,tube,sp_div_H,tot_pop_0,tot_final_pop,tot_auc,mean_fc,deg_score,nut_score
0,0.0,0.0,-0.0,5.0,227.0,5856.0,45.399909200181604,0.24557567533260227,0.27254188701051796
1,0.0,1.0,-0.0,5.0,235.0,6468.0,46.999906000188005,0.24688656339026704,0.2731418338113031
2,0.0,2.0,-0.0,5.0,144.0,4631.0,28.799942400115203,0.23418935803317398,0.2639184509151279
