,round,tube,nut,amount
0,0.0,0.0,0.0,2000.0
1,0.0,0.0,1.0,0.4701701431154959
2,0.0,0.0,2.0,0.6042136308285819
3,0.0,0.0,3.0,2000.0
4,0.0,1.0,0.0,2000.0
5,0.0,1.0,1.0,0.4596198736077355
6,0.0,1.0,2.0,0.03208640852431799
7,0.0,1.0,3.0,2000.0
8,0.0,2.0,0.0,2000.0
9,0.0,2.0,1.0,0.26805149975987774
10,0.0,2.0,2.0,0.5141175367691169
11,0.0,2.0,3.0,2000.0
