,round,tube,sp,pop_0,final_pop,st_div_H,auc,fc
0,0.0,0.0,0.0,14.0,95.0,0.6389186110504586,8689.0,6.785709438778973
1,0.0,1.0,0.0,14.0,95.0,0.37932267849976575,6876.0,6.785709438778973
2,0.0,2.0,0.0,14.0,87.0,0.6441857770863766,7523.0,6.2142812755133745
