,round,tube,nut,amount
0,0.0,0.0,0.0,2000.0
1,0.0,0.0,1.0,1913.5131394547898
2,0.0,0.0,2.0,2000.0
3,0.0,0.0,3.0,1810.074081606705
4,0.0,1.0,0.0,2000.0
5,0.0,1.0,1.0,1887.8561398354761
6,0.0,1.0,2.0,2000.0
7,0.0,1.0,3.0,1753.7310812342246
8,0.0,2.0,0.0,2000.0
9,0.0,2.0,1.0,1930.4312830806073
10,0.0,2.0,2.0,2000.0
11,0.0,2.0,3.0,1847.2264761483536
