,round,tube,sp,pop_0,final_pop,st_div_H,auc,fc
0,0.0,0.0,13.0,8.0,84.0,0.6700089798274271,9624.0,10.499986875016408
1,0.0,1.0,13.0,8.0,88.0,0.6890092384766586,9360.0,10.999986250017187
2,0.0,2.0,13.0,8.0,82.0,0.5103802302865448,7980.0,10.249987187516016
