,round,tube,sp,pop_0,final_pop,st_div_H,auc,fc
0,0.0,0.0,13.0,13.0,345.0,1.2471901911280627,47650.0,26.53844112427606
1,0.0,1.0,13.0,13.0,229.0,1.488240673836076,40614.0,17.615371065099183
2,0.0,2.0,13.0,13.0,319.0,0.889141388219576,46357.0,24.538442662736415
