,round,tube,sp_div_H,tot_pop_0,tot_final_pop,tot_auc,mean_fc,deg_score,nut_score
0,0.0,0.0,-0.0,6.0,66.0,16945.0,10.999981666697224,0.10802708015265661,0.1339745657453063
1,0.0,1.0,-0.0,6.0,76.0,19633.0,12.666645555590742,0.10916733459741956,0.13397456931176477
2,0.0,2.0,-0.0,6.0,83.0,19597.0,13.833310277816205,0.10602588134210378,0.1339745673259377
