,round,tube,sp,pop_0,final_pop,st_div_H,auc,fc
0,0.0,0.0,11.0,39.0,554.0,1.30661073625067,70501.0,14.205124562788573
1,0.0,1.0,11.0,39.0,561.0,1.2017947406054907,69936.0,14.38461169625341
2,0.0,2.0,11.0,39.0,568.0,1.4981963837129642,70487.0,14.564098829718247
