,round,tube,nut,amount
0,0.0,0.0,0.0,0.06689621963400022
1,0.0,0.0,1.0,2000.0
2,0.0,0.0,2.0,0.675151869597987
3,0.0,0.0,3.0,0.34279203745870124
4,0.0,1.0,0.0,0.4055946992791183
5,0.0,1.0,1.0,2000.0
6,0.0,1.0,2.0,207.1814716377348
7,0.0,1.0,3.0,0.371635011309001
8,0.0,2.0,0.0,0.5241855243207534
9,0.0,2.0,1.0,2000.0
10,0.0,2.0,2.0,207.28779911486745
11,0.0,2.0,3.0,0.37061849118150025
