,round,tube,sp_div_H,tot_pop_0,tot_final_pop,tot_auc,mean_fc,deg_score,nut_score
0,0.0,0.0,-0.0,13.0,11.0,892.0,0.8461531952667729,0.10606015600107632,0.09595638951075713
1,0.0,1.0,-0.0,13.0,7.0,687.0,0.5384611242606736,0.08369421579578595,0.07642976910960309
2,0.0,2.0,-0.0,13.0,4.0,609.0,0.30769207100609924,0.07504995963193262,0.06790828074852917
