,round,tube,sp,pop_0,final_pop,st_div_H,auc,fc
0,0.0,0.0,0.0,5.0,312.0,0.5030568449172427,21603.0,62.3998752002496
1,0.0,1.0,0.0,5.0,281.0,0.4627594208141564,21338.0,56.199887600224805
2,0.0,2.0,0.0,5.0,304.0,-0.0,20970.0,60.7998784002432
