,round,tube,nut,amount
0,0.0,0.0,0.0,2000.0
1,0.0,0.0,1.0,0.06180447512711029
2,0.0,0.0,2.0,0.020867198144618015
3,0.0,0.0,3.0,2000.0
4,0.0,1.0,0.0,2000.0
5,0.0,1.0,1.0,0.754118731401308
6,0.0,1.0,2.0,0.1968537839531861
7,0.0,1.0,3.0,2000.0
8,0.0,2.0,0.0,2000.0
9,0.0,2.0,1.0,0.4201056181307239
10,0.0,2.0,2.0,0.3798748927309976
11,0.0,2.0,3.0,2000.0
