,round,tube,nut,amount
0,0.0,0.0,0.0,0.2724934962212231
1,0.0,0.0,1.0,2000.0
2,0.0,0.0,2.0,1333.0256812317684
3,0.0,0.0,3.0,0.6278856759161542
4,0.0,1.0,0.0,0.261564898351601
5,0.0,1.0,1.0,2000.0
6,0.0,1.0,2.0,1333.022036188083
7,0.0,1.0,3.0,0.6169590202822022
8,0.0,2.0,0.0,0.3644181193189986
9,0.0,2.0,1.0,2000.0
10,0.0,2.0,2.0,1333.05634109051
11,0.0,2.0,3.0,0.719793962145344
