,round,tube,sp,pop_0,final_pop,st_div_H,auc,fc
0,0.0,0.0,1.0,23.0,456.0,0.9169252538220128,74432.0,19.82607833648768
1,0.0,1.0,1.0,23.0,378.0,1.1889623334520825,62635.0,16.434775463141104
2,0.0,2.0,1.0,23.0,383.0,0.9314210353067407,63557.0,16.652166672971013
