,round,tube,sp,st,final_pop
0,0,0,11,"(0.0, 0.0, 0.09864539577037362, 0.01650583712158267, 0.0, 0.025561338577672163, 0.16773790467281977, 0.06008783227511073, 0.026121609841380632, 0.0)",607
1,0,1,11,"(0.0, 0.0, 0.09864539577037362, 0.01650583712158267, 0.0, 0.025561338577672163, 0.16773790467281977, 0.06008783227511073, 0.026121609841380632, 0.0)",545
2,0,2,11,"(0.0, 0.0, 0.09864539577037362, 0.01650583712158267, 0.0, 0.025561338577672163, 0.16773790467281977, 0.06008783227511073, 0.026121609841380632, 0.0)",597
