,round,tube,sp_div_H,tot_pop_0,tot_final_pop,tot_auc,mean_fc,deg_score,nut_score
0,0.0,0.0,-0.0,11.0,234.0,23071.0,21.27270793390188,0.06393204415435016,0.4871451969195033
1,0.0,1.0,-0.0,11.0,89.0,18058.0,8.090901735543877,0.06272919768283369,0.3663449751154998
2,0.0,2.0,-0.0,11.0,86.0,18124.0,7.818174710750263,0.06227546521930771,0.3663521473296647
