,round,tube,sp_div_H,tot_pop_0,tot_final_pop,tot_auc,mean_fc,deg_score,nut_score
0,0.0,0.0,-0.0,11.0,97.0,3619.0,8.81817380166018,0.2503192988017471,0.31886543471420914
1,0.0,1.0,-0.0,11.0,96.0,2950.0,8.727264793395642,0.21811854493008265,0.2670164144324967
2,0.0,2.0,-0.0,11.0,97.0,3482.0,8.81817380166018,0.24445531957591393,0.3105856023901157
