,round,tube,sp,pop_0,final_pop,st_div_H,auc,fc
0,0.0,0.0,13.0,2.0,327.0,0.406182903859697,38065.0,163.49918250408749
1,0.0,1.0,13.0,2.0,672.0,0.6883163736774749,37765.0,335.99832000839996
2,0.0,2.0,13.0,2.0,555.0,0.6707589991924701,41249.0,277.49861250693743
