,round,tube,sp,pop_0,final_pop,st_div_H,auc,fc
0,0.0,0.0,0.0,11.0,271.0,1.0237736751198974,24097.0,24.636341239689784
1,0.0,1.0,0.0,11.0,266.0,0.9842699208371608,24226.0,24.181796198367092
2,0.0,2.0,0.0,11.0,260.0,0.6613593687567075,24456.0,23.636342148779864
