,round,tube,nut,amount
0,0.0,0.0,0.0,0.3077159808121328
1,0.0,0.0,1.0,0.3684339972755142
2,0.0,0.0,2.0,2000.0
3,0.0,0.0,3.0,2000.0
4,0.0,1.0,0.0,0.771154013513101
5,0.0,1.0,1.0,0.10925982679544433
6,0.0,1.0,2.0,2000.0
7,0.0,1.0,3.0,2000.0
8,0.0,2.0,0.0,0.1891041453837311
9,0.0,2.0,1.0,0.45420215129567615
10,0.0,2.0,2.0,2000.0
11,0.0,2.0,3.0,2000.0
