,round,tube,sp_div_H,tot_pop_0,tot_final_pop,tot_auc,mean_fc,deg_score,nut_score
0,0.0,0.0,-0.0,7.0,81.0,10090.0,11.571412040839942,0.17805545283427937,0.1339745884303195
1,0.0,1.0,-0.0,7.0,74.0,9278.0,10.57141346940933,0.17686750703395393,0.13397458547700003
2,0.0,2.0,-0.0,7.0,76.0,8534.0,10.857127346960933,0.1792366244894772,0.1339745681550888
