,round,tube,nut,amount
0,0.0,0.0,0.0,1885.3028881026796
1,0.0,0.0,1.0,276.10701669093584
2,0.0,0.0,2.0,426.60332548280826
3,0.0,0.0,3.0,2000.0
4,0.0,1.0,0.0,1878.064700133488
5,0.0,1.0,1.0,167.3173423428499
6,0.0,1.0,2.0,327.3110181885851
7,0.0,1.0,3.0,2000.0
8,0.0,2.0,0.0,1867.2356839955
9,0.0,2.0,1.0,4.557664896732819
10,0.0,2.0,2.0,178.76030319718672
11,0.0,2.0,3.0,2000.0
