,round,tube,sp_div_H,tot_pop_0,tot_final_pop,tot_auc,mean_fc,deg_score,nut_score
0,0.0,0.0,-0.0,34.0,424.0,36949.0,12.470584567475125,0.20682332004714032,0.3181722570767349
1,0.0,1.0,-0.0,34.0,469.0,39285.0,13.79411358996659,0.2037045398837396,0.3181723174861062
2,0.0,2.0,-0.0,34.0,398.0,40506.0,11.705878910035613,0.20361969616825737,0.31817018989985957
