,round,tube,nut,amount
0,0.0,0.0,0.0,0.4319468628926216
1,0.0,0.0,1.0,2000.0
2,0.0,0.0,2.0,0.6197820472851778
3,0.0,0.0,3.0,2000.0
4,0.0,1.0,0.0,0.466886285908155
5,0.0,1.0,1.0,2000.0
6,0.0,1.0,2.0,0.7782078622952784
7,0.0,1.0,3.0,2000.0
8,0.0,2.0,0.0,0.18615508244175644
9,0.0,2.0,1.0,2000.0
10,0.0,2.0,2.0,0.645421850428791
11,0.0,2.0,3.0,2000.0
