,round,tube,sp,pop_0,final_pop,st_div_H,auc,fc
0,0.0,0.0,11.0,22.0,523.0,0.9772341052235495,54118.0,23.77271646694706
1,0.0,1.0,11.0,22.0,520.0,0.8215845455198606,49828.0,23.63635289256687
2,0.0,2.0,11.0,22.0,560.0,0.8707959666687064,54885.0,25.45453388430278
