,round,tube,nut,amount
0,0.0,0.0,0.0,891.6005693309864
1,0.0,0.0,1.0,0.3702087510373069
2,0.0,0.0,2.0,2000.0
3,0.0,0.0,3.0,0.6404615549497451
4,0.0,1.0,0.0,0.9345331549648037
5,0.0,1.0,1.0,0.18208258102424324
6,0.0,1.0,2.0,2000.0
7,0.0,1.0,3.0,0.14307314031300844
8,0.0,2.0,0.0,891.5763479310832
9,0.0,2.0,1.0,0.30573018545802455
10,0.0,2.0,2.0,2000.0
11,0.0,2.0,3.0,0.5967703678276717
