,round,tube,sp_div_H,tot_pop_0,tot_final_pop,tot_auc,mean_fc,deg_score,nut_score
0,0.0,0.0,-0.0,10.0,692.0,57721.0,69.1999308000692,0.14006685094623905,0.29289316114372743
1,0.0,1.0,-0.0,10.0,664.0,60184.0,66.3999336000664,0.1397696390210963,0.29289308671298275
2,0.0,2.0,-0.0,10.0,691.0,56941.0,69.0999309000691,0.14026558552520518,0.29289318419183963
