,round,tube,nut,amount
0,0.0,0.0,0.0,1721.4853759069233
1,0.0,0.0,1.0,2000.0
2,0.0,0.0,2.0,1925.9704051319904
3,0.0,0.0,3.0,1724.1149844731965
4,0.0,1.0,0.0,1432.0102502508344
5,0.0,1.0,1.0,2000.0
6,0.0,1.0,2.0,1849.0274929008272
7,0.0,1.0,3.0,1437.372951460335
8,0.0,2.0,0.0,1616.811158307363
9,0.0,2.0,1.0,2000.0
10,0.0,2.0,2.0,1898.1478448364378
11,0.0,2.0,3.0,1620.4290532882544
