,round,tube,sp_div_H,tot_pop_0,tot_final_pop,tot_auc,mean_fc,deg_score,nut_score
0,0.0,0.0,-0.0,11.0,52.0,16395.0,4.7272684297559735,0.12301184016161348,0.13397458040026822
1,0.0,1.0,-0.0,11.0,72.0,16482.0,6.545448595046732,0.12127232555217549,0.13397456650964323
2,0.0,2.0,-0.0,11.0,65.0,16918.0,5.909085537194966,0.12876706494243528,0.1339745953579755
