,round,tube,sp,pop_0,final_pop,st_div_H,auc,fc
0,0.0,0.0,7.0,12.0,296.0,0.09908910135203658,8376.0,24.66664611112824
1,0.0,1.0,7.0,12.0,255.0,0.649248354870898,9698.0,21.249982291681423
2,0.0,2.0,7.0,12.0,235.0,-0.0,10727.0,19.58331701390249
