,round,tube,sp_div_H,tot_pop_0,tot_final_pop,tot_auc,mean_fc,deg_score,nut_score
0,0.0,0.0,-0.0,1.0,237.0,25987.0,236.99763002369974,0.1905623487590682,0.29289317291235206
1,0.0,1.0,-0.0,1.0,235.0,29084.0,234.99765002349974,0.18984296249350563,0.2928931810625729
2,0.0,2.0,-0.0,1.0,256.0,25886.0,255.99744002559973,0.1929446785464244,0.2928931628153211
