,round,tube,sp,pop_0,final_pop,st_div_H,auc,fc
0,0.0,0.0,6.0,5.0,11.0,-0.0,513.0,2.1999956000088003
1,0.0,1.0,6.0,5.0,2.0,0.6931471805599453,192.0,0.39999920000160005
2,0.0,2.0,6.0,5.0,1.0,-0.0,138.0,0.19999960000080003
