,round,tube,sp_div_H,tot_pop_0,tot_final_pop,tot_auc,mean_fc,deg_score,nut_score
0,0.0,0.0,-0.0,1.0,560.0,29128.0,559.9944000559994,0.25042967268938554,0.2928931901152305
1,0.0,1.0,-0.0,1.0,621.0,19436.0,620.9937900620994,0.2520887889205744,0.29289320218207304
2,0.0,2.0,-0.0,1.0,506.0,30694.0,505.99494005059944,0.2502687919863168,0.29289320382807504
