,round,tube,sp,pop_0,final_pop,st_div_H,auc,fc
0,0.0,0.0,11.0,12.0,22.0,-0.0,17563.0,1.8333318055568288
1,0.0,1.0,11.0,12.0,30.0,-0.0,18060.0,2.499997916668403
2,0.0,2.0,11.0,12.0,30.0,-0.0,17169.0,2.499997916668403
