,round,tube,nut,amount
0,0.0,0.0,0.0,74.9972525574441
1,0.0,0.0,1.0,2000.0
2,0.0,0.0,2.0,2000.0
3,0.0,0.0,3.0,0.18202360416315083
4,0.0,1.0,0.0,55.683195503664315
5,0.0,1.0,1.0,2000.0
6,0.0,1.0,2.0,2000.0
7,0.0,1.0,3.0,0.1820236041625523
8,0.0,2.0,0.0,79.28926523606093
9,0.0,2.0,1.0,2000.0
10,0.0,2.0,2.0,2000.0
11,0.0,2.0,3.0,0.18202360416275482
