,round,tube,sp_div_H,tot_pop_0,tot_final_pop,tot_auc,mean_fc,deg_score,nut_score
0,0.0,0.0,-0.0,3.0,112.0,16946.0,37.3332088893037,0.12539446599255288,0.13397456607057456
1,0.0,1.0,-0.0,3.0,113.0,16320.0,37.666541111529625,0.12210548647499853,0.13397456569603394
2,0.0,2.0,-0.0,3.0,92.0,15441.0,30.666564444785184,0.12678191792409832,0.13397456510313976
