,round,tube,sp,pop_0,final_pop,st_div_H,auc,fc
0,0.0,0.0,10.0,9.0,5.0,-0.0,696.0,0.5555549382722909
1,0.0,1.0,10.0,9.0,5.0,-0.0,484.0,0.5555549382722909
2,0.0,2.0,10.0,9.0,3.0,-0.0,493.0,0.3333329629633745
