,round,tube,sp,pop_0,final_pop,st_div_H,auc,fc
0,0.0,0.0,5.0,50.0,426.0,0.32714121051582445,51783.0,8.51999829600034
1,0.0,1.0,5.0,50.0,423.0,0.39969315145927625,51950.0,8.459998308000339
2,0.0,2.0,5.0,50.0,498.0,0.6216787733974667,55796.0,9.959998008000397
