,round,tube,sp,pop_0,final_pop,st_div_H,auc,fc
0,0.0,0.0,14.0,11.0,2.0,-0.0,545.0,0.1818180165290759
1,0.0,1.0,14.0,11.0,1.0,-0.0,362.0,0.09090900826453795
2,0.0,2.0,14.0,11.0,1.0,-0.0,335.0,0.09090900826453795
