,round,tube,nut,amount
0,0.0,0.0,0.0,0.43514514446795727
1,0.0,0.0,1.0,0.4520681905002504
2,0.0,0.0,2.0,2000.0
3,0.0,0.0,3.0,2000.0
4,0.0,1.0,0.0,0.35696180265603084
5,0.0,1.0,1.0,0.36346321877149335
6,0.0,1.0,2.0,2000.0
7,0.0,1.0,3.0,2000.0
8,0.0,2.0,0.0,0.3372370690624108
9,0.0,2.0,1.0,0.34645225946720554
10,0.0,2.0,2.0,2000.0
11,0.0,2.0,3.0,2000.0
