,round,tube,sp,pop_0,final_pop,st_div_H,auc,fc
0,0.0,0.0,4.0,18.0,405.0,0.4440987393033815,54822.0,22.499987500006945
1,0.0,1.0,4.0,18.0,447.0,0.16163629800366466,56841.0,24.8333195370447
2,0.0,2.0,4.0,18.0,457.0,0.3668192020662181,57388.0,25.388874783958453
