,round,tube,sp_div_H,tot_pop_0,tot_final_pop,tot_auc,mean_fc,deg_score,nut_score
0,0.0,0.0,-0.0,33.0,543.0,53477.0,16.454540468321067,0.2617088474049366,0.49892804954044356
1,0.0,1.0,-0.0,33.0,556.0,54379.0,16.848479742884926,0.26120450903248116,0.4999999273858424
2,0.0,2.0,-0.0,33.0,596.0,54923.0,18.06060058769679,0.26161801168701804,0.4999999910108175
