,round,tube,sp_div_H,tot_pop_0,tot_final_pop,tot_auc,mean_fc,deg_score,nut_score
0,0.0,0.0,-0.0,17.0,461.0,24894.0,27.11763110727582,0.2319763932701262,0.4496951019895572
1,0.0,1.0,-0.0,17.0,447.0,24235.0,26.294102179939895,0.23279493621315472,0.44970334467832107
2,0.0,2.0,-0.0,17.0,448.0,24156.0,26.352925674749603,0.23365876908135197,0.44969904484098155
