,round,tube,nut,amount
0,0.0,0.0,0.0,2000.0
1,0.0,0.0,1.0,0.6143021505656412
2,0.0,0.0,2.0,0.14321677461573373
3,0.0,0.0,3.0,0.5829179948107033
4,0.0,1.0,0.0,2000.0
5,0.0,1.0,1.0,0.19022525088089093
6,0.0,1.0,2.0,0.36195177959210756
7,0.0,1.0,3.0,148.13631379293673
8,0.0,2.0,0.0,2000.0
9,0.0,2.0,1.0,0.531653281962664
10,0.0,2.0,2.0,0.09880059268343155
11,0.0,2.0,3.0,0.20291978866569405
