,round,tube,sp,pop_0,final_pop,st_div_H,auc,fc
0,0.0,0.0,4.0,14.0,119.0,-0.0,4502.0,8.499993928575766
1,0.0,1.0,4.0,14.0,128.0,-0.0,4831.0,9.142850612249562
2,0.0,2.0,4.0,14.0,135.0,-0.0,4894.0,9.64285025510696
