,round,tube,sp,pop_0,final_pop,st_div_H,auc,fc
0,0.0,0.0,6.0,9.0,166.0,-0.0,19980.0,18.444423950640054
1,0.0,1.0,6.0,9.0,167.0,-0.0,20638.0,18.555534938294514
2,0.0,2.0,6.0,9.0,177.0,-0.0,20230.0,19.666644814839096
