,round,tube,sp_div_H,tot_pop_0,tot_final_pop,tot_auc,mean_fc,deg_score,nut_score
0,0.0,0.0,0.0,4.0,0.0,124.0,0.0,0.015425035025659395,0.013588425462083609
1,0.0,1.0,0.0,4.0,0.0,49.0,0.0,0.006137376064467737,0.005384349527588483
2,0.0,2.0,0.0,4.0,0.0,98.0,0.0,0.012220052517332824,0.010779138053757742
