,round,tube,sp,pop_0,final_pop,st_div_H,auc,fc
0,0.0,0.0,8.0,27.0,477.0,2.2575448209013915,66667.0,17.666660123459213
1,0.0,1.0,8.0,27.0,464.0,2.0279826123862454,66003.0,17.18517882030414
2,0.0,2.0,8.0,27.0,670.0,2.0602311932377546,87809.0,24.814805624146064
