,round,tube,sp_div_H,tot_pop_0,tot_final_pop,tot_auc,mean_fc,deg_score,nut_score
0,0.0,0.0,-0.0,11.0,477.0,59436.0,43.3635969421846,0.2615436844239025,0.39870528230413493
1,0.0,1.0,-0.0,11.0,519.0,62881.0,47.181775289295196,0.27135425698401183,0.4999999859369788
2,0.0,2.0,-0.0,11.0,476.0,57254.0,43.27268793392006,0.26219810527440657,0.3987063846517179
