,round,tube,sp_div_H,tot_pop_0,tot_final_pop,tot_auc,mean_fc,deg_score,nut_score
0,0.0,0.0,0.0,1.0,0.0,32.0,0.0,0.004298786640071439,0.003945345558389102
1,0.0,1.0,0.0,1.0,0.0,27.0,0.0,0.0036277770066815984,0.003323482175512038
2,0.0,2.0,0.0,1.0,0.0,55.0,0.0,0.007382183263620279,0.006748201685001676
