,round,tube,nut,amount
0,0.0,0.0,0.0,0.5475547416696814
1,0.0,0.0,1.0,0.34748450552246385
2,0.0,0.0,2.0,2000.0
3,0.0,0.0,3.0,2000.0
4,0.0,1.0,0.0,0.8560166780902724
5,0.0,1.0,1.0,0.5587437120948896
6,0.0,1.0,2.0,2000.0
7,0.0,1.0,3.0,2000.0
8,0.0,2.0,0.0,0.9534416705506646
9,0.0,2.0,1.0,0.5187652036162733
10,0.0,2.0,2.0,2000.0
11,0.0,2.0,3.0,2000.0
