,round,tube,sp_div_H,tot_pop_0,tot_final_pop,tot_auc,mean_fc,deg_score,nut_score
0,0.0,0.0,-0.0,25.0,261.0,25574.0,10.43999582400167,0.013449290315692752,0.28480688394954523
1,0.0,1.0,-0.0,25.0,265.0,26808.0,10.599995760001697,0.014484975648967113,0.2837973064229784
2,0.0,2.0,-0.0,25.0,234.0,23795.0,9.359996256001498,0.012991869049175486,0.28090757433956726
