,round,tube,sp,pop_0,final_pop,st_div_H,auc,fc
0,0.0,0.0,1.0,10.0,539.0,-0.0,40722.0,53.8999461000539
1,0.0,1.0,1.0,10.0,573.0,-0.0,40062.0,57.2999427000573
2,0.0,2.0,1.0,10.0,512.0,-0.0,40490.0,51.1999488000512
