,round,tube,nut,amount
0,0.0,0.0,0.0,1869.8199058334978
1,0.0,0.0,1.0,1855.286925033185
2,0.0,0.0,2.0,2000.0
3,0.0,0.0,3.0,1873.0252140845955
4,0.0,1.0,0.0,1854.0210417879748
5,0.0,1.0,1.0,1837.7243152375167
6,0.0,1.0,2.0,2000.0
7,0.0,1.0,3.0,1857.6153513653276
8,0.0,2.0,0.0,1866.7727547879203
9,0.0,2.0,1.0,1851.8995976501776
10,0.0,2.0,2.0,2000.0
11,0.0,2.0,3.0,1870.0530903191316
