,round,tube,sp,pop_0,final_pop,st_div_H,auc,fc
0,0.0,0.0,8.0,27.0,450.0,0.2145591551764051,41012.0,16.666660493829447
1,0.0,1.0,8.0,27.0,399.0,0.20619205063323187,36550.0,14.777772304528776
2,0.0,2.0,8.0,27.0,434.0,0.2005455619670228,40241.0,16.074068120715513
