,round,tube,sp_div_H,tot_pop_0,tot_final_pop,tot_auc,mean_fc,deg_score,nut_score
0,0.0,0.0,-0.0,3.0,87.0,2667.0,28.999903333655553,0.15450045396864198,0.16225274889105268
1,0.0,1.0,-0.0,3.0,119.0,4354.0,39.66653444488518,0.19350176068838565,0.21348842627343478
2,0.0,2.0,-0.0,3.0,105.0,2122.0,34.999883333722224,0.12466124731447425,0.14354094289048835
