,round,tube,sp_div_H,tot_pop_0,tot_final_pop,tot_auc,mean_fc,deg_score,nut_score
0,0.0,0.0,-0.0,5.0,82.0,9434.0,16.3999672000656,0.17281312315693043,0.13397459396125522
1,0.0,1.0,-0.0,5.0,103.0,8389.0,20.5999588000824,0.17978761839348145,0.1339745729266718
2,0.0,2.0,-0.0,5.0,97.0,9192.0,19.399961200077602,0.17780317782167743,0.13397459620405172
