,round,tube,sp,st,final_pop
0,0,0,3,"(0.1243474646417279, 0.0, 0.0, 0.0, 0.0, 0.14904154783895238, 0.06333687812458141, 0.0, 0.20614599329163266, 0.018165732602131068)",25
1,0,0,3,"(0.1243474646417279, 0.0, 0.0, 0.0, 0.0, 0.10312828556146288, 0.06333687812458141, 0.0, 0.26164733843979077, 0.018165732602131068)",298
2,0,1,3,"(0.1243474646417279, 0.0, 0.0, 0.0, 0.0, 0.10312828556146288, 0.06333687812458141, 0.0, 0.26164733843979077, 0.018165732602131068)",364
3,0,1,3,"(0.1243474646417279, 0.0, 0.0, 0.0, 0.0, 0.14904154783895238, 0.06333687812458141, 0.0, 0.20614599329163266, 0.018165732602131068)",3
4,0,2,3,"(0.1243474646417279, 0.0, 0.0, 0.0, 0.0, 0.14904154783895238, 0.06333687812458141, 0.0, 0.20614599329163266, 0.018165732602131068)",30
5,0,2,3,"(0.1243474646417279, 0.0, 0.0, 0.0, 0.0, 0.10312828556146288, 0.06333687812458141, 0.0, 0.26164733843979077, 0.018165732602131068)",316
