,round,tube,sp_div_H,tot_pop_0,tot_final_pop,tot_auc,mean_fc,deg_score,nut_score
0,0.0,0.0,-0.0,12.0,627.0,47401.0,52.24995645836962,0.28304309085126966,0.49999994882064014
1,0.0,1.0,-0.0,12.0,576.0,43846.0,47.99996000003333,0.27544893819723903,0.4989270109443049
2,0.0,2.0,-0.0,12.0,568.0,42803.0,47.33329388892176,0.27906602269319525,0.4999999348683306
