,round,tube,sp_div_H,tot_pop_0,tot_final_pop,tot_auc,mean_fc,deg_score,nut_score
0,0.0,0.0,-0.0,8.0,81.0,8977.0,10.12498734376582,0.1776170405116536,0.13397457966202408
1,0.0,1.0,-0.0,8.0,67.0,9504.0,8.374989531263086,0.1768163138685217,0.1339745961445339
2,0.0,2.0,-0.0,8.0,79.0,9570.0,9.87498765626543,0.1798124523385769,0.13397456040784672
