,round,tube,sp_div_H,tot_pop_0,tot_final_pop,tot_auc,mean_fc,deg_score,nut_score
0,0.0,0.0,-0.0,12.0,11.0,927.0,0.9166659027784144,0.10581892696421746,0.09719990833851255
1,0.0,1.0,-0.0,12.0,15.0,853.0,1.2499989583342015,0.09767065711971201,0.09033484519616253
2,0.0,2.0,-0.0,12.0,15.0,1141.0,1.2499989583342015,0.12684672789255713,0.11760994226341182
