,round,tube,sp_div_H,tot_pop_0,tot_final_pop,tot_auc,mean_fc,deg_score,nut_score
0,0.0,0.0,-0.0,4.0,357.0,19571.0,89.24977687555781,0.016378131344507052,0.270520405766303
1,0.0,1.0,-0.0,4.0,404.0,16930.0,100.99974750063126,0.016765584669876876,0.264986542906395
2,0.0,2.0,-0.0,4.0,398.0,20903.0,99.49975125062188,0.01889340526751393,0.2757566622195665
