,round,tube,sp_div_H,tot_pop_0,tot_final_pop,tot_auc,mean_fc,deg_score,nut_score
0,0.0,0.0,-0.0,11.0,1.0,238.0,0.09090900826453795,0.03102478197457026,0.026981493750676933
1,0.0,1.0,0.0,11.0,0.0,222.0,0.0,0.02909797703350281,0.02520576243191497
2,0.0,2.0,0.0,11.0,0.0,285.0,0.0,0.03715586977325591,0.03248124709442468
