,round,tube,sp_div_H,tot_pop_0,tot_final_pop,tot_auc,mean_fc,deg_score,nut_score
0,0.0,0.0,-0.0,9.0,5.0,613.0,0.5555549382722909,0.04415195003130523,0.04420030115187745
1,0.0,1.0,-0.0,9.0,15.0,704.0,1.6666648148168726,0.04960449129729505,0.05014728453287387
2,0.0,2.0,-0.0,9.0,11.0,703.0,1.2222208641990397,0.049804399332456395,0.05470354918200271
