,round,tube,nut,amount
0,0.0,0.0,0.0,1996.7697626961099
1,0.0,0.0,1.0,1999.3162295177758
2,0.0,0.0,2.0,1996.914007786813
3,0.0,0.0,3.0,2000.0
4,0.0,1.0,0.0,0.15349542374764819
5,0.0,1.0,1.0,1234.7526557939864
6,0.0,1.0,2.0,0.2936255796705116
7,0.0,1.0,3.0,2000.0
8,0.0,2.0,0.0,0.3098666439724173
9,0.0,2.0,1.0,1039.2451297099974
10,0.0,2.0,2.0,0.2223104625454524
11,0.0,2.0,3.0,2000.0
