,round,tube,sp,st,final_pop
0,0,0,8,"(0.09369258606422372, 0.0, 0.09886232529533268, 0.09247639241939104, 0.09173902283359818, 0.0, 0.028624918864351683, 0.0, 0.0, 0.0)",406
1,0,0,8,"(0.09369258606422372, 0.0, 0.09886232529533268, 0.07398097489883168, 0.09173902283359818, 0.0, 0.028624918864351683, 0.0, 0.0, 0.0)",16
2,0,1,8,"(0.09369258606422372, 0.0, 0.09886232529533268, 0.09247639241939104, 0.09173902283359818, 0.0, 0.028624918864351683, 0.0, 0.0, 0.0)",370
3,0,1,8,"(0.09369258606422372, 0.0, 0.09886232529533268, 0.07398097489883168, 0.09173902283359818, 0.0, 0.028624918864351683, 0.0, 0.0, 0.0)",65
4,0,2,8,"(0.09369258606422372, 0.0, 0.09886232529533268, 0.09247639241939104, 0.09173902283359818, 0.0, 0.028624918864351683, 0.0, 0.0, 0.0)",308
5,0,2,8,"(0.09369258606422372, 0.0, 0.09886232529533268, 0.07398097489883168, 0.09173902283359818, 0.0, 0.028624918864351683, 0.0, 0.0, 0.0)",166
