,round,tube,nut,amount
0,0.0,0.0,0.0,0.5706967005200487
1,0.0,0.0,1.0,0.25166433371573493
2,0.0,0.0,2.0,1677.48465110433
3,0.0,0.0,3.0,1456.7908443889557
4,0.0,1.0,0.0,0.5671226529675595
5,0.0,1.0,1.0,0.19157513843182317
6,0.0,1.0,2.0,1677.4840745972297
7,0.0,1.0,3.0,1456.7898733841923
8,0.0,2.0,0.0,0.2818647856498142
9,0.0,2.0,1.0,0.170615077467987
10,0.0,2.0,2.0,812.752845856747
11,0.0,2.0,3.0,0.3323056961501911
