,round,tube,sp,pop_0,final_pop,st_div_H,auc,fc
0,0.0,0.0,8.0,11.0,312.0,-0.0,48843.0,28.363610578535837
1,0.0,1.0,8.0,11.0,275.0,-0.0,49753.0,24.999977272747934
2,0.0,2.0,8.0,11.0,302.0,-0.0,56616.0,27.45452049589046
