,round,tube,nut,amount
0,0.0,0.0,0.0,2000.0
1,0.0,0.0,1.0,259.9228681542881
2,0.0,0.0,2.0,0.7251614104860348
3,0.0,0.0,3.0,2000.0
4,0.0,1.0,0.0,2000.0
5,0.0,1.0,1.0,211.3338297111155
6,0.0,1.0,2.0,0.6833580702832671
7,0.0,1.0,3.0,2000.0
8,0.0,2.0,0.0,2000.0
9,0.0,2.0,1.0,486.71201393483983
10,0.0,2.0,2.0,0.5039541905616994
11,0.0,2.0,3.0,2000.0
