,round,tube,nut,amount
0,0.0,0.0,0.0,1259.3668086525506
1,0.0,0.0,1.0,1597.0589267296946
2,0.0,0.0,2.0,0.6200029789831945
3,0.0,0.0,3.0,0.2973265455718792
4,0.0,1.0,0.0,0.6462775689469697
5,0.0,1.0,1.0,912.2527262143511
6,0.0,1.0,2.0,0.3219452598361716
7,0.0,1.0,3.0,0.2216668194695064
8,0.0,2.0,0.0,0.5505862055653938
9,0.0,2.0,1.0,912.2006653816572
10,0.0,2.0,2.0,0.21926652084732012
11,0.0,2.0,3.0,0.34010275590397754
