,round,tube,nut,amount
0,0.0,0.0,0.0,0.3623321387460361
1,0.0,0.0,1.0,2000.0
2,0.0,0.0,2.0,207.1426828114744
3,0.0,0.0,3.0,0.14536078749065595
4,0.0,1.0,0.0,0.3632066069132931
5,0.0,1.0,1.0,2000.0
6,0.0,1.0,2.0,207.14346685184532
7,0.0,1.0,3.0,0.018471820568476183
8,0.0,2.0,0.0,0.3836421005030835
9,0.0,2.0,1.0,2000.0
10,0.0,2.0,2.0,207.16178913332027
11,0.0,2.0,3.0,0.2163886998010447
