,round,tube,sp,st,final_pop
0,0,0,7,"(0.0, 0.0, 0.0, 0.0, 0.1640106010697726, 0.0, 0.0, 0.03636322143034596, 0.0, 0.1842944379780426)",33
1,0,0,7,"(0.0, 0.0, 0.0, 0.0, 0.1453959405613449, 0.0, 0.0, 0.037104648777649275, 0.0, 0.18248682928907556)",166
2,0,0,7,"(0.0, 0.0, 0.0, 0.0, 0.1453959405613449, 0.0, 0.0, 0.037104648777649275, 0.0, 0.1842944379780426)",360
3,0,1,7,"(0.0, 0.0, 0.0, 0.0, 0.1640106010697726, 0.0, 0.0, 0.03636322143034596, 0.0, 0.1842944379780426)",58
4,0,1,7,"(0.0, 0.0, 0.0, 0.0, 0.1453959405613449, 0.0, 0.0, 0.037104648777649275, 0.0, 0.18248682928907556)",187
5,0,1,7,"(0.0, 0.0, 0.0, 0.0, 0.1453959405613449, 0.0, 0.0, 0.037104648777649275, 0.0, 0.1842944379780426)",313
6,0,2,7,"(0.0, 0.0, 0.0, 0.0, 0.1640106010697726, 0.0, 0.0, 0.03636322143034596, 0.0, 0.1842944379780426)",92
7,0,2,7,"(0.0, 0.0, 0.0, 0.0, 0.1453959405613449, 0.0, 0.0, 0.037104648777649275, 0.0, 0.18248682928907556)",157
8,0,2,7,"(0.0, 0.0, 0.0, 0.0, 0.1453959405613449, 0.0, 0.0, 0.037104648777649275, 0.0, 0.1842944379780426)",263
