,round,tube,sp_div_H,tot_pop_0,tot_final_pop,tot_auc,mean_fc,deg_score,nut_score
0,0.0,0.0,-0.0,17.0,12.0,1161.0,0.7058819377165072,0.1307433071553724,0.1312979872927832
1,0.0,1.0,-0.0,17.0,18.0,1207.0,1.058822906574761,0.13417873753501575,0.13532325998095107
2,0.0,2.0,-0.0,17.0,30.0,1920.0,1.764704844291268,0.1838468192391559,0.20700618565353823
