,round,tube,sp_div_H,tot_pop_0,tot_final_pop,tot_auc,mean_fc,deg_score,nut_score
0,0.0,0.0,-0.0,2.0,134.0,14762.0,66.99966500167498,0.0975634115763413,0.13397456983270706
1,0.0,1.0,-0.0,2.0,195.0,15043.0,97.49951250243748,0.09668674855424597,0.13397459607609785
2,0.0,2.0,-0.0,2.0,121.0,16778.0,60.49969750151249,0.10138415120624555,0.13397459569248116
