,round,tube,sp,pop_0,final_pop,st_div_H,auc,fc
0,0.0,0.0,5.0,10.0,481.0,-0.0,50769.0,48.099951900048104
1,0.0,1.0,5.0,10.0,553.0,-0.0,51625.0,55.2999447000553
2,0.0,2.0,5.0,10.0,487.0,-0.0,52554.0,48.6999513000487
