,round,tube,sp_div_H,tot_pop_0,tot_final_pop,tot_auc,mean_fc,deg_score,nut_score
0,0.0,0.0,-0.0,12.0,2.0,479.0,0.16666652777789354,0.046628670160178354,0.04119596263907632
1,0.0,1.0,0.0,12.0,0.0,470.0,0.0,0.04597405259468901,0.04118294960756108
2,0.0,2.0,-0.0,12.0,1.0,512.0,0.08333326388894677,0.049795028430688504,0.04440423215605438
