,round,tube,sp,st,final_pop
0,0,0,6,"(0.03426039533065134, 0.011572197494497125, 0.0, 0.030181603934096246, 0.005422768956954101, 0.0, 0.019795240631728064, 0.0, 0.028146417112716555, 0.05874522297052942)",30
1,0,0,6,"(0.03426039533065134, 0.009256116890058081, 0.0, 0.030181603934096246, 0.005346673676814219, 0.0, 0.014912735573967679, 0.0, 0.028146417112716555, 0.05874522297052942)",91
2,0,0,6,"(0.039097214757734006, 0.011572197494497125, 0.0, 0.030181603934096246, 0.005422768956954101, 0.0, 0.019795240631728064, 0.0, 0.028146417112716555, 0.05874522297052942)",69
3,0,1,6,"(0.03426039533065134, 0.009256116890058081, 0.0, 0.030181603934096246, 0.005346673676814219, 0.0, 0.014912735573967679, 0.0, 0.028146417112716555, 0.05874522297052942)",105
4,0,1,6,"(0.03426039533065134, 0.011572197494497125, 0.0, 0.030181603934096246, 0.005422768956954101, 0.0, 0.019795240631728064, 0.0, 0.028146417112716555, 0.05874522297052942)",49
5,0,1,6,"(0.039097214757734006, 0.011572197494497125, 0.0, 0.030181603934096246, 0.005422768956954101, 0.0, 0.019795240631728064, 0.0, 0.028146417112716555, 0.05874522297052942)",8
6,0,2,6,"(0.039097214757734006, 0.011572197494497125, 0.0, 0.030181603934096246, 0.005422768956954101, 0.0, 0.019795240631728064, 0.0, 0.028146417112716555, 0.05874522297052942)",75
7,0,2,6,"(0.03426039533065134, 0.009256116890058081, 0.0, 0.030181603934096246, 0.005346673676814219, 0.0, 0.014912735573967679, 0.0, 0.028146417112716555, 0.05874522297052942)",57
8,0,2,6,"(0.03426039533065134, 0.011572197494497125, 0.0, 0.030181603934096246, 0.005422768956954101, 0.0, 0.019795240631728064, 0.0, 0.028146417112716555, 0.05874522297052942)",23
