,round,tube,sp,pop_0,final_pop,st_div_H,auc,fc
0,0.0,0.0,1.0,10.0,612.0,0.6353755626316255,41445.0,61.199938800061204
1,0.0,1.0,1.0,10.0,555.0,0.540037217475563,40447.0,55.4999445000555
2,0.0,2.0,1.0,10.0,678.0,0.5973015378469999,40051.0,67.7999322000678
