,round,tube,sp,pop_0,final_pop,st_div_H,auc,fc
0,0.0,0.0,6.0,13.0,150.0,1.0819645107064741,19464.0,11.538452662728721
1,0.0,1.0,6.0,13.0,142.0,1.3742685539971378,20281.0,10.923068520716523
2,0.0,2.0,6.0,13.0,147.0,1.557240420778077,20676.0,11.307683609474147
