,round,tube,sp,pop_0,final_pop,st_div_H,auc,fc
0,0.0,0.0,7.0,14.0,559.0,0.2970820944005551,50483.0,39.92854290818364
1,0.0,1.0,7.0,14.0,525.0,0.4459332915100964,50075.0,37.499973214304845
2,0.0,2.0,7.0,14.0,583.0,0.496574223655411,52160.0,41.64282739798043
