,round,tube,nut,amount
0,0.0,0.0,0.0,2000.0
1,0.0,0.0,1.0,1663.693474165456
2,0.0,0.0,2.0,1029.012416355756
3,0.0,0.0,3.0,2000.0
4,0.0,1.0,0.0,2000.0
5,0.0,1.0,1.0,1691.2118964134393
6,0.0,1.0,2.0,1108.4638818245378
7,0.0,1.0,3.0,2000.0
8,0.0,2.0,0.0,2000.0
9,0.0,2.0,1.0,1671.2019134853442
10,0.0,2.0,2.0,1050.6908578729463
11,0.0,2.0,3.0,2000.0
