,round,tube,sp_div_H,tot_pop_0,tot_final_pop,tot_auc,mean_fc,deg_score,nut_score
0,0.0,0.0,-0.0,24.0,405.0,47464.0,16.87499296875293,0.043396791561770676,0.13397458956392805
1,0.0,1.0,-0.0,24.0,364.0,41806.0,15.166660347224855,0.04424176552462,0.1339745824548063
2,0.0,2.0,-0.0,24.0,399.0,44277.0,16.624993072919555,0.04320282526555974,0.13397457222130837
