,round,tube,sp,pop_0,final_pop,st_div_H,auc,fc
0,0.0,0.0,2.0,1.0,209.0,-0.0,10239.0,208.99791002089978
1,0.0,1.0,2.0,1.0,0.0,,9.0,0.0
2,0.0,2.0,2.0,1.0,223.0,-0.0,10717.0,222.99777002229976
