,round,tube,nut,amount
0,0.0,0.0,0.0,1926.8904037361144
1,0.0,0.0,1.0,1903.1777533224222
2,0.0,0.0,2.0,2000.0
3,0.0,0.0,3.0,1783.7573158488553
4,0.0,1.0,0.0,1891.5776609276502
5,0.0,1.0,1.0,1856.4115383549242
6,0.0,1.0,2.0,2000.0
7,0.0,1.0,3.0,1679.3097100642199
8,0.0,2.0,0.0,1971.4771190252713
9,0.0,2.0,1.0,1962.225897025577
10,0.0,2.0,2.0,2000.0
11,0.0,2.0,3.0,1915.6353658494265
