,round,tube,sp_div_H,tot_pop_0,tot_final_pop,tot_auc,mean_fc,deg_score,nut_score
0,0.0,0.0,-0.0,9.0,26.0,1093.0,2.8888856790159125,0.1125822872020148,0.0977733689907514
1,0.0,1.0,-0.0,9.0,31.0,1359.0,3.444440617288203,0.13657658911204895,0.11185845879781631
2,0.0,2.0,-0.0,9.0,25.0,1187.0,2.7777746913614543,0.12149807161299975,0.10267854547372868
