,round,tube,sp,pop_0,final_pop,st_div_H,auc,fc
0,0.0,0.0,6.0,10.0,172.0,-0.0,20308.0,17.1999828000172
1,0.0,1.0,6.0,10.0,157.0,-0.0,21191.0,15.6999843000157
2,0.0,2.0,6.0,10.0,182.0,-0.0,21443.0,18.1999818000182
