,round,tube,sp,pop_0,final_pop,st_div_H,auc,fc
0,0.0,0.0,8.0,23.0,360.0,1.5647898364911332,66118.0,15.652167107753431
1,0.0,1.0,8.0,23.0,346.0,1.2677211444310008,61303.0,15.043471720229688
2,0.0,2.0,8.0,23.0,596.0,1.3591523856919998,92239.0,25.913032211725127
