,round,tube,sp,pop_0,final_pop,st_div_H,auc,fc
0,0.0,0.0,11.0,13.0,194.0,-0.0,14985.0,14.923065443795814
1,0.0,1.0,11.0,13.0,182.0,-0.0,14643.0,13.999989230777516
2,0.0,2.0,11.0,13.0,224.0,-0.0,11811.0,17.230755976341555
