,round,tube,sp,pop_0,final_pop,st_div_H,auc,fc
0,0.0,0.0,0.0,12.0,262.0,0.6896175903518429,28753.0,21.83331513890405
1,0.0,1.0,0.0,12.0,286.0,0.6554817739013927,30445.0,23.833313472238775
2,0.0,2.0,0.0,12.0,262.0,0.6907853181780438,29319.0,21.83331513890405
