,round,tube,sp,st,final_pop
0,0,0,0,"(0.020994571781913038, 0.05204089954662736, 0.0221622232172199, 0.0, 0.0, 0.02913486473025094, 0.037973903473278, 0.023482661619739813, 0.0, 0.0)",23
1,0,0,0,"(0.020994571781913038, 0.047177207786437865, 0.0221622232172199, 0.0, 0.0, 0.02913486473025094, 0.037973903473278, 0.023482661619739813, 0.0, 0.0)",13
2,0,0,0,"(0.014515204298231757, 0.05204089954662736, 0.0221622232172199, 0.0, 0.0, 0.02913486473025094, 0.037973903473278, 0.023482661619739813, 0.0, 0.0)",43
3,0,1,0,"(0.014515204298231757, 0.05204089954662736, 0.0221622232172199, 0.0, 0.0, 0.02913486473025094, 0.037973903473278, 0.023482661619739813, 0.0, 0.0)",26
4,0,1,0,"(0.020994571781913038, 0.047177207786437865, 0.0221622232172199, 0.0, 0.0, 0.02913486473025094, 0.037973903473278, 0.023482661619739813, 0.0, 0.0)",26
5,0,1,0,"(0.020994571781913038, 0.05204089954662736, 0.0221622232172199, 0.0, 0.0, 0.02913486473025094, 0.037973903473278, 0.023482661619739813, 0.0, 0.0)",10
6,0,2,0,"(0.020994571781913038, 0.047177207786437865, 0.0221622232172199, 0.0, 0.0, 0.02913486473025094, 0.037973903473278, 0.023482661619739813, 0.0, 0.0)",28
7,0,2,0,"(0.020994571781913038, 0.05204089954662736, 0.0221622232172199, 0.0, 0.0, 0.02913486473025094, 0.037973903473278, 0.023482661619739813, 0.0, 0.0)",9
8,0,2,0,"(0.014515204298231757, 0.05204089954662736, 0.0221622232172199, 0.0, 0.0, 0.02913486473025094, 0.037973903473278, 0.023482661619739813, 0.0, 0.0)",53
