,round,tube,nut,amount
0,0.0,0.0,0.0,1868.4275662907366
1,0.0,0.0,1.0,22.47160790450113
2,0.0,0.0,2.0,195.11035429015496
3,0.0,0.0,3.0,2000.0
4,0.0,1.0,0.0,1868.0587302022054
5,0.0,1.0,1.0,16.92801631349528
6,0.0,1.0,2.0,190.0507196964657
7,0.0,1.0,3.0,2000.0
8,0.0,2.0,0.0,1867.3895389573772
9,0.0,2.0,1.0,6.870098791686532
10,0.0,2.0,2.0,180.8708610076738
11,0.0,2.0,3.0,2000.0
