,round,tube,sp,pop_0,final_pop,st_div_H,auc,fc
0,0.0,0.0,8.0,9.0,236.0,-0.0,13209.0,26.222193086452126
1,0.0,1.0,8.0,9.0,247.0,-0.0,12926.0,27.444413950651168
2,0.0,2.0,8.0,9.0,237.0,-0.0,10599.0,26.333304074106586
