,round,tube,nut,amount
0,0.0,0.0,0.0,2000.0
1,0.0,0.0,1.0,0.3966658698252594
2,0.0,0.0,2.0,0.472751206455464
3,0.0,0.0,3.0,2000.0
4,0.0,1.0,0.0,2000.0
5,0.0,1.0,1.0,0.2757980278612493
6,0.0,1.0,2.0,0.6575124444113307
7,0.0,1.0,3.0,2000.0
8,0.0,2.0,0.0,2000.0
9,0.0,2.0,1.0,0.42025827686993367
10,0.0,2.0,2.0,0.17348438366789343
11,0.0,2.0,3.0,2000.0
