,round,tube,nut,amount
0,0.0,0.0,0.0,2000.0
1,0.0,0.0,1.0,2000.0
2,0.0,0.0,2.0,0.8064879549878018
3,0.0,0.0,3.0,0.4475483863666927
4,0.0,1.0,0.0,2000.0
5,0.0,1.0,1.0,2000.0
6,0.0,1.0,2.0,0.13686510530178653
7,0.0,1.0,3.0,0.5073170805698908
8,0.0,2.0,0.0,2000.0
9,0.0,2.0,1.0,2000.0
10,0.0,2.0,2.0,0.8752448656807059
11,0.0,2.0,3.0,0.5077267668253889
