,round,tube,nut,amount
0,0.0,0.0,0.0,0.5146339968781496
1,0.0,0.0,1.0,2000.0
2,0.0,0.0,2.0,207.2792353004926
3,0.0,0.0,3.0,0.18154651254906867
4,0.0,1.0,0.0,0.10065476437505727
5,0.0,1.0,1.0,2000.0
6,0.0,1.0,2.0,0.9376635682885639
7,0.0,1.0,3.0,0.24533639784407124
8,0.0,2.0,0.0,0.46819870169256905
9,0.0,2.0,1.0,2000.0
10,0.0,2.0,2.0,207.23760182854141
11,0.0,2.0,3.0,0.23314432262262919
