,round,tube,sp,pop_0,final_pop,st_div_H,auc,fc
0,0.0,0.0,0.0,16.0,7.0,-0.0,915.0,0.4374997265626709
1,0.0,1.0,0.0,16.0,1.0,-0.0,527.0,0.06249996093752441
2,0.0,2.0,0.0,16.0,5.0,-0.0,783.0,0.31249980468762206
