,round,tube,sp,pop_0,final_pop,st_div_H,auc,fc
0,0.0,0.0,8.0,30.0,595.0,1.685414179722021,100576.0,19.833326722224427
1,0.0,1.0,8.0,30.0,527.0,1.4868199217192146,92776.0,17.566660811113064
2,0.0,2.0,8.0,30.0,517.0,1.7683246793216638,92225.0,17.233327588890806
