,round,tube,nut,amount
0,0.0,0.0,0.0,0.3699240451627793
1,0.0,0.0,1.0,2000.0
2,0.0,0.0,2.0,0.664436678862204
3,0.0,0.0,3.0,2000.0
4,0.0,1.0,0.0,0.13830303522893805
5,0.0,1.0,1.0,2000.0
6,0.0,1.0,2.0,0.7742383739066823
7,0.0,1.0,3.0,2000.0
8,0.0,2.0,0.0,0.2444349431560784
9,0.0,2.0,1.0,2000.0
10,0.0,2.0,2.0,0.7973590249572631
11,0.0,2.0,3.0,2000.0
