,round,tube,sp_div_H,tot_pop_0,tot_final_pop,tot_auc,mean_fc,deg_score,nut_score
0,0.0,0.0,-0.0,8.0,292.0,7612.0,36.49995437505703,0.2725620540614293,0.44133396660482094
1,0.0,1.0,-0.0,8.0,235.0,8569.0,29.3749632812959,0.2745082514986995,0.44174319944780993
2,0.0,2.0,-0.0,8.0,274.0,12032.0,34.24995718755352,0.2793898178013775,0.4943878743985286
