,round,tube,sp,pop_0,final_pop,st_div_H,auc,fc
0,0.0,0.0,8.0,20.0,524.0,0.12993291821274208,47903.0,26.19998690000655
1,0.0,1.0,8.0,20.0,527.0,0.3304695100761723,45016.0,26.34998682500659
2,0.0,2.0,8.0,20.0,521.0,0.3371438408122213,48216.0,26.04998697500651
