,round,tube,sp,pop_0,final_pop,st_div_H,auc,fc
0,0.0,0.0,11.0,3.0,313.0,-0.0,17089.0,104.3329855567148
1,0.0,1.0,11.0,3.0,375.0,-0.0,9022.0,124.99958333472222
2,0.0,2.0,11.0,3.0,271.0,-0.0,16022.0,90.33303222322591
