,round,tube,sp,pop_0,final_pop,st_div_H,auc,fc
0,0.0,0.0,13.0,14.0,83.0,0.9075059543130516,9967.0,5.928567193880576
1,0.0,1.0,13.0,14.0,79.0,0.7946676983831628,9892.0,5.642853112247777
2,0.0,2.0,13.0,14.0,77.0,0.8218793237317519,8965.0,5.499996071431378
