,round,tube,sp_div_H,tot_pop_0,tot_final_pop,tot_auc,mean_fc,deg_score,nut_score
0,0.0,0.0,-0.0,15.0,1290.0,47183.0,85.9999426667049,0.1982061448713035,0.4871720490331385
1,0.0,1.0,-0.0,15.0,1296.0,45920.0,86.3999424000384,0.19770406370263427,0.4879503544070145
2,0.0,2.0,-0.0,15.0,1260.0,42794.0,83.99994400003733,0.19737134566445536,0.4837143921319329
