,round,tube,sp,pop_0,final_pop,st_div_H,auc,fc
0,0.0,0.0,13.0,10.0,1288.0,-0.0,114405.0,128.7998712001288
1,0.0,1.0,13.0,10.0,1222.0,-0.0,113088.0,122.19987780012221
2,0.0,2.0,13.0,10.0,1190.0,-0.0,111081.0,118.999881000119
