,round,tube,sp_div_H,tot_pop_0,tot_final_pop,tot_auc,mean_fc,deg_score,nut_score
0,0.0,0.0,-0.0,10.0,65.0,16000.0,6.4999935000065,0.1245874367965889,0.13397457593309225
1,0.0,1.0,-0.0,10.0,60.0,16898.0,5.999994000006001,0.123518929118823,0.13397458625115044
2,0.0,2.0,-0.0,10.0,64.0,16022.0,6.3999936000064,0.1263562066791718,0.1339745958564763
