,round,tube,nut,amount
0,0.0,0.0,0.0,0.35827535990854653
1,0.0,0.0,1.0,2000.0
2,0.0,0.0,2.0,0.9693325463554956
3,0.0,0.0,3.0,351.1419199649856
4,0.0,1.0,0.0,0.5573833062022934
5,0.0,1.0,1.0,2000.0
6,0.0,1.0,2.0,0.8902335931881842
7,0.0,1.0,3.0,351.0766768698297
8,0.0,2.0,0.0,0.5466075636421914
9,0.0,2.0,1.0,2000.0
10,0.0,2.0,2.0,1.0025395632681438
11,0.0,2.0,3.0,351.1693100691219
