,round,tube,sp,pop_0,final_pop,st_div_H,auc,fc
0,0.0,0.0,5.0,20.0,474.0,0.31854438509695965,42488.0,23.699988150005925
1,0.0,1.0,5.0,20.0,470.0,0.2910671247036172,45827.0,23.499988250005874
2,0.0,2.0,5.0,20.0,476.0,0.10193811382702628,42646.0,23.79998810000595
