,round,tube,sp,pop_0,final_pop,st_div_H,auc,fc
0,0.0,0.0,1.0,26.0,553.0,1.0856569103806686,42901.0,21.26922258876054
1,0.0,1.0,1.0,26.0,570.0,1.2691115166222433,42950.0,21.923068491127502
2,0.0,2.0,1.0,26.0,543.0,1.235979990470232,42518.0,20.884607352074095
