,round,tube,sp,pop_0,final_pop,st_div_H,auc,fc
0,0.0,0.0,11.0,18.0,570.0,0.36552445900890584,51341.0,31.66664907408385
1,0.0,1.0,11.0,18.0,559.0,0.04247777266538415,52846.0,31.055538302478723
2,0.0,2.0,11.0,18.0,541.0,0.11333207100192319,51044.0,30.05553885803397
