,round,tube,sp,pop_0,final_pop,st_div_H,auc,fc
0,0.0,0.0,12.0,14.0,153.0,1.0747923939651214,31750.0,10.928563622454556
1,0.0,1.0,12.0,14.0,152.0,1.030254112836666,31212.0,10.857135102046357
2,0.0,2.0,12.0,14.0,156.0,1.027789319746846,33420.0,11.142849183679155
