,round,tube,sp,pop_0,final_pop,st_div_H,auc,fc
0,0.0,0.0,7.0,10.0,7.0,-0.0,703.0,0.6999993000007
1,0.0,1.0,7.0,10.0,5.0,-0.0,428.0,0.49999950000050003
2,0.0,2.0,7.0,10.0,16.0,-0.0,1084.0,1.5999984000016
