,round,tube,sp,pop_0,final_pop,st_div_H,auc,fc
0,0.0,0.0,5.0,8.0,39.0,0.6769517353038275,1580.0,4.874993906257617
1,0.0,1.0,5.0,8.0,55.0,0.664947202884446,2994.0,6.874991406260743
2,0.0,2.0,5.0,8.0,64.0,-0.0,2476.0,7.999990000012501
