,round,tube,sp_div_H,tot_pop_0,tot_final_pop,tot_auc,mean_fc,deg_score,nut_score
0,0.0,0.0,-0.0,10.0,144.0,5365.0,14.3999856000144,0.2196859197291775,0.2672558099990886
1,0.0,1.0,-0.0,10.0,152.0,6984.0,15.199984800015201,0.2249499076158079,0.327789384918985
2,0.0,2.0,-0.0,10.0,136.0,5402.0,13.5999864000136,0.22012292621270657,0.26602195965110265
