,round,tube,nut,amount
0,0.0,0.0,0.0,2000.0
1,0.0,0.0,1.0,2000.0
2,0.0,0.0,2.0,0.9219193647272781
3,0.0,0.0,3.0,265.6718331824971
4,0.0,1.0,0.0,2000.0
5,0.0,1.0,1.0,2000.0
6,0.0,1.0,2.0,0.22556410839340435
7,0.0,1.0,3.0,39.97503926956225
8,0.0,2.0,0.0,2000.0
9,0.0,2.0,1.0,2000.0
10,0.0,2.0,2.0,0.17307620688183645
11,0.0,2.0,3.0,884.903452094195
