,round,tube,nut,amount
0,0.0,0.0,0.0,2000.0
1,0.0,0.0,1.0,611.1669827083487
2,0.0,0.0,2.0,0.4156754889484233
3,0.0,0.0,3.0,2000.0
4,0.0,1.0,0.0,2000.0
5,0.0,1.0,1.0,671.1363330553431
6,0.0,1.0,2.0,0.6417128870815887
7,0.0,1.0,3.0,2000.0
8,0.0,2.0,0.0,2000.0
9,0.0,2.0,1.0,749.0297855124444
10,0.0,2.0,2.0,0.5351263932802652
11,0.0,2.0,3.0,2000.0
