,round,tube,sp_div_H,tot_pop_0,tot_final_pop,tot_auc,mean_fc,deg_score,nut_score
0,0.0,0.0,-0.0,27.0,933.0,73217.0,34.55554275720639,0.19099221967724467,0.4923745534592805
1,0.0,1.0,-0.0,27.0,911.0,67788.0,33.740728244174726,0.1918068193338649,0.492374978057433
2,0.0,2.0,-0.0,27.0,980.0,68951.0,36.296282853228576,0.18865798400529166,0.49237593709295135
