,round,tube,sp_div_H,tot_pop_0,tot_final_pop,tot_auc,mean_fc,deg_score,nut_score
0,0.0,0.0,0.0,6.0,0.0,102.0,0.0,0.0015983257562904862,0.004375938625517439
1,0.0,1.0,-0.0,6.0,173.0,4156.0,28.833285277857872,0.056609067445256955,0.12157771429601572
2,0.0,2.0,-0.0,6.0,64.0,7894.0,10.66664888891852,0.09253935581033057,0.1339743961453187
