,round,tube,sp,pop_0,final_pop,st_div_H,auc,fc
0,0.0,0.0,14.0,27.0,525.0,0.34351810115157033,31472.0,19.444437242801023
1,0.0,1.0,14.0,27.0,490.0,0.36773744003293196,32232.0,18.148141426614288
2,0.0,2.0,14.0,27.0,568.0,0.27687332409858256,32162.0,21.037029245544723
