,round,tube,sp_div_H,tot_pop_0,tot_final_pop,tot_auc,mean_fc,deg_score,nut_score
0,0.0,0.0,-0.0,5.0,197.0,4886.0,39.3999212001576,0.23490686434688002,0.36975583245116017
1,0.0,1.0,-0.0,5.0,70.0,2087.0,13.999972000056001,0.13301044807182483,0.19654499396312486
2,0.0,2.0,-0.0,5.0,224.0,5336.0,44.7999104001792,0.24501830720275175,0.38514732536226703
