,round,tube,nut,amount
0,0.0,0.0,0.0,0.511060731867623
1,0.0,0.0,1.0,2000.0
2,0.0,0.0,2.0,0.23787518454147782
3,0.0,0.0,3.0,350.53859286209735
4,0.0,1.0,0.0,0.36786734923725056
5,0.0,1.0,1.0,2000.0
6,0.0,1.0,2.0,0.1788160780544683
7,0.0,1.0,3.0,0.8763956229718276
8,0.0,2.0,0.0,0.2434307919501233
9,0.0,2.0,1.0,2000.0
10,0.0,2.0,2.0,0.30651265465775623
11,0.0,2.0,3.0,350.59520702466295
