,round,tube,sp_div_H,tot_pop_0,tot_final_pop,tot_auc,mean_fc,deg_score,nut_score
0,0.0,0.0,-0.0,10.0,3.0,392.0,0.2999997000003,0.04242984456301602,0.042807205799541226
1,0.0,1.0,-0.0,10.0,1.0,286.0,0.0999999000001,0.031702044794433615,0.03168230074647305
2,0.0,2.0,-0.0,10.0,7.0,700.0,0.6999993000007,0.07101270875200771,0.07252291361120067
