,round,tube,sp_div_H,tot_pop_0,tot_final_pop,tot_auc,mean_fc,deg_score,nut_score
0,0.0,0.0,-0.0,5.0,175.0,22232.0,34.999930000140004,0.10773203257434882,0.2928931318143998
1,0.0,1.0,-0.0,5.0,194.0,20733.0,38.799922400155204,0.11079559920817417,0.2928920105352748
2,0.0,2.0,-0.0,5.0,191.0,19974.0,38.1999236001528,0.11093532589313826,0.29289168171366764
