,round,tube,sp,pop_0,final_pop,st_div_H,auc,fc
0,0.0,0.0,8.0,27.0,843.0,0.10325641782600405,101187.0,31.2222106584405
1,0.0,1.0,8.0,27.0,794.0,0.17287598661094328,98432.0,29.40739651577907
2,0.0,2.0,8.0,27.0,860.0,0.05277046693125608,99914.0,31.851840054874053
