,round,tube,sp,pop_0,final_pop,st_div_H,auc,fc
0,0.0,0.0,0.0,18.0,241.0,0.6098386755023764,27604.0,13.388881450621417
1,0.0,1.0,0.0,18.0,196.0,0.6472634923509797,23312.0,10.888882839509535
2,0.0,2.0,0.0,18.0,263.0,0.8221225508377539,29488.0,14.61110299383167
