,round,tube,nut,amount
0,0.0,0.0,0.0,0.2911913285539375
1,0.0,0.0,1.0,2000.0
2,0.0,0.0,2.0,0.9322749567116124
3,0.0,0.0,3.0,0.051123695759539456
4,0.0,1.0,0.0,0.4041364414613514
5,0.0,1.0,1.0,2000.0
6,0.0,1.0,2.0,207.18016417682875
7,0.0,1.0,3.0,0.04251056416275922
8,0.0,2.0,0.0,0.04500784508744926
9,0.0,2.0,1.0,2000.0
10,0.0,2.0,2.0,0.6238023367686929
11,0.0,2.0,3.0,0.15138803749923135
