,round,tube,sp_div_H,tot_pop_0,tot_final_pop,tot_auc,mean_fc,deg_score,nut_score
0,0.0,0.0,-0.0,10.0,19.0,1114.0,1.8999981000019002,0.05248650224643725,0.05394495486211903
1,0.0,1.0,-0.0,10.0,14.0,1044.0,1.3999986000014,0.050040300739380816,0.05203798189731346
2,0.0,2.0,-0.0,10.0,16.0,1196.0,1.5999984000016,0.055551146363101434,0.05851047815032351
