,round,tube,nut,amount
0,0.0,0.0,0.0,0.5433917206423766
1,0.0,0.0,1.0,0.40792591732934
2,0.0,0.0,2.0,1677.4802467100058
3,0.0,0.0,3.0,1456.78342611464
4,0.0,1.0,0.0,0.4394983502622106
5,0.0,1.0,1.0,0.36781119338455215
6,0.0,1.0,2.0,1677.4634883247304
7,0.0,1.0,3.0,1456.7552001454146
8,0.0,2.0,0.0,0.2517948264772406
9,0.0,2.0,1.0,0.30714565273133476
10,0.0,2.0,2.0,812.8558740760816
11,0.0,2.0,3.0,0.5058350249506725
