,round,tube,nut,amount
0,0.0,0.0,0.0,1691.6065776548226
1,0.0,0.0,1.0,2000.0
2,0.0,0.0,2.0,1.1679659020663633
3,0.0,0.0,3.0,0.3646228746764957
4,0.0,1.0,0.0,1691.5317489193633
5,0.0,1.0,1.0,2000.0
6,0.0,1.0,2.0,0.682968289667258
7,0.0,1.0,3.0,0.404432627911947
8,0.0,2.0,0.0,1692.6869811208426
9,0.0,2.0,1.0,2000.0
10,0.0,2.0,2.0,8.170531135811588
11,0.0,2.0,3.0,0.5791244086084485
