,round,tube,sp_div_H,tot_pop_0,tot_final_pop,tot_auc,mean_fc,deg_score,nut_score
0,0.0,0.0,-0.0,15.0,631.0,68130.0,42.06663862224092,0.1269698808962877,0.29289319947331116
1,0.0,1.0,-0.0,15.0,613.0,70160.0,40.86663942224039,0.12775153867059097,0.2928932081219927
2,0.0,2.0,-0.0,15.0,580.0,67769.0,38.66664088890607,0.1277703344310296,0.29289317939223425
