,round,tube,sp_div_H,tot_pop_0,tot_final_pop,tot_auc,mean_fc,deg_score,nut_score
0,0.0,0.0,-0.0,8.0,93.0,16776.0,11.624985468768164,0.10014805379078584,0.13397459579484117
1,0.0,1.0,-0.0,8.0,91.0,16866.0,11.374985781267775,0.09960368785876517,0.13397456246245554
2,0.0,2.0,-0.0,8.0,87.0,17066.0,10.874986406266993,0.10028874761109352,0.1339745959128691
