,round,tube,sp,pop_0,final_pop,st_div_H,auc,fc
0,0.0,0.0,5.0,15.0,84.0,-0.0,3867.0,5.599996266669156
1,0.0,1.0,5.0,15.0,27.0,0.4791656239282754,1914.0,1.7999988000008
2,0.0,2.0,5.0,15.0,64.0,0.48257756517701206,3176.0,4.266663822224118
