,round,tube,sp_div_H,tot_pop_0,tot_final_pop,tot_auc,mean_fc,deg_score,nut_score
0,0.0,0.0,-0.0,8.0,233.0,15117.0,29.12496359379551,0.24086904029946687,0.49862815222028034
1,0.0,1.0,-0.0,8.0,245.0,16071.0,30.624961718797852,0.23653008487309535,0.49999993873801707
2,0.0,2.0,-0.0,8.0,243.0,13845.0,30.37496203129746,0.23604018665390636,0.49863380023775705
