,round,tube,sp,pop_0,final_pop,st_div_H,auc,fc
0,0.0,0.0,8.0,8.0,299.0,-0.0,16369.0,37.3749532813084
1,0.0,1.0,8.0,8.0,244.0,-0.0,20958.0,30.499961875047656
2,0.0,2.0,8.0,8.0,254.0,-0.0,17961.0,31.74996031254961
