,round,tube,sp_div_H,tot_pop_0,tot_final_pop,tot_auc,mean_fc,deg_score,nut_score
0,0.0,0.0,-0.0,7.0,5.0,693.0,0.7142846938790088,0.055008152495851004,0.055464909429378095
1,0.0,1.0,-0.0,7.0,7.0,689.0,0.9999985714306123,0.05457027590134089,0.05423326355343938
2,0.0,2.0,-0.0,7.0,6.0,399.0,0.8571416326548106,0.03257976730211998,0.03257076019236649
