,round,tube,sp_div_H,tot_pop_0,tot_final_pop,tot_auc,mean_fc,deg_score,nut_score
0,0.0,0.0,-0.0,41.0,443.0,33188.0,10.80487541344502,0.28005757956228927,0.34073631290967465
1,0.0,1.0,-0.0,41.0,451.0,34055.0,10.999997317073824,0.27915449993185226,0.34073630587902715
2,0.0,2.0,-0.0,41.0,475.0,32182.0,11.585363027960236,0.27993004042838343,0.34074279530885276
