,round,tube,sp,pop_0,final_pop,st_div_H,auc,fc
0,0.0,0.0,8.0,16.0,189.0,-0.0,16113.0,11.812492617192115
1,0.0,1.0,8.0,16.0,201.0,-0.0,17253.0,12.562492148442407
2,0.0,2.0,8.0,16.0,232.0,-0.0,16503.0,14.499990937505665
