,round,tube,sp,pop_0,final_pop,st_div_H,auc,fc
0,0.0,0.0,14.0,11.0,6.0,-0.0,789.0,0.5454540495872277
1,0.0,1.0,14.0,11.0,3.0,-0.0,436.0,0.2727270247936138
2,0.0,2.0,14.0,11.0,6.0,-0.0,676.0,0.5454540495872277
