,round,tube,nut,amount
0,0.0,0.0,0.0,0.5446855464844382
1,0.0,0.0,1.0,0.3622568351410448
2,0.0,0.0,2.0,1677.4804554088932
3,0.0,0.0,3.0,1456.783777623933
4,0.0,1.0,0.0,0.35070003185205695
5,0.0,1.0,1.0,0.16377248744652895
6,0.0,1.0,2.0,812.847203909913
7,0.0,1.0,3.0,0.49123195672432857
8,0.0,2.0,0.0,0.5396204620615073
9,0.0,2.0,1.0,0.357074283341003
10,0.0,2.0,2.0,1677.4796383920248
11,0.0,2.0,3.0,1456.7824015311526
