,round,tube,sp,pop_0,final_pop,st_div_H,auc,fc
0,0.0,0.0,0.0,8.0,72.0,-0.0,15391.0,8.999988750014063
1,0.0,1.0,0.0,8.0,75.0,-0.0,15081.0,9.374988281264649
2,0.0,2.0,0.0,8.0,86.0,-0.0,16584.0,10.749986562516797
