,round,tube,sp_div_H,tot_pop_0,tot_final_pop,tot_auc,mean_fc,deg_score,nut_score
0,0.0,0.0,-0.0,8.0,426.0,43978.0,53.2499334375832,0.04427736327206222,0.13397458874625756
1,0.0,1.0,-0.0,8.0,443.0,43935.0,55.37493078133652,0.04374939695852942,0.1339745833600382
2,0.0,2.0,-0.0,8.0,415.0,43916.0,51.874935156331055,0.04573485597340554,0.13397456420496612
