,round,tube,sp_div_H,tot_pop_0,tot_final_pop,tot_auc,mean_fc,deg_score,nut_score
0,0.0,0.0,-0.0,3.0,973.0,86268.0,324.3322522258259,0.11170751169028115,0.29289319260231006
1,0.0,1.0,-0.0,3.0,928.0,87109.0,309.33230222565925,0.1172605685137722,0.29289320921981643
2,0.0,2.0,-0.0,3.0,997.0,86680.0,332.3322255592481,0.11564194961656138,0.29289318231379535
