,round,tube,sp,pop_0,final_pop,st_div_H,auc,fc
0,0.0,0.0,13.0,13.0,57.0,-0.0,5663.0,4.384612011836914
1,0.0,1.0,13.0,13.0,56.0,-0.0,5453.0,4.307688994085389
2,0.0,2.0,13.0,13.0,70.0,-0.0,5007.0,5.384611242606737
