,round,tube,nut,amount
0,0.0,0.0,0.0,0.10071405364844793
1,0.0,0.0,1.0,2000.0
2,0.0,0.0,2.0,0.8917005835445494
3,0.0,0.0,3.0,0.2618734323324983
4,0.0,1.0,0.0,0.266605343720225
5,0.0,1.0,1.0,2000.0
6,0.0,1.0,2.0,0.980612212226341
7,0.0,1.0,3.0,0.08020073690828061
8,0.0,2.0,0.0,0.35825118088429053
9,0.0,2.0,1.0,2000.0
10,0.0,2.0,2.0,207.13902386103973
11,0.0,2.0,3.0,0.3141147857667382
