,round,tube,sp_div_H,tot_pop_0,tot_final_pop,tot_auc,mean_fc,deg_score,nut_score
0,0.0,0.0,-0.0,6.0,1.0,215.0,0.16666638888935187,0.023370164979438446,0.021767527679096954
1,0.0,1.0,0.0,6.0,0.0,307.0,0.0,0.032999376549822323,0.02987922460295911
2,0.0,2.0,-0.0,6.0,2.0,361.0,0.33333277777870374,0.03823882545927648,0.03504702709000074
