,round,tube,nut,amount
0,0.0,0.0,0.0,1798.7943532526178
1,0.0,0.0,1.0,1936.1855775311153
2,0.0,0.0,2.0,2000.0
3,0.0,0.0,3.0,2000.0
4,0.0,1.0,0.0,1748.2548149461018
5,0.0,1.0,1.0,1920.156447628396
6,0.0,1.0,2.0,2000.0
7,0.0,1.0,3.0,2000.0
8,0.0,2.0,0.0,1770.7857985931057
9,0.0,2.0,1.0,1927.3023788302967
10,0.0,2.0,2.0,2000.0
11,0.0,2.0,3.0,2000.0
