,round,tube,nut,amount
0,0.0,0.0,0.0,0.2796234413134217
1,0.0,0.0,1.0,0.1326567166407545
2,0.0,0.0,2.0,2000.0
3,0.0,0.0,3.0,2.776825070076242
4,0.0,1.0,0.0,0.7353619226402888
5,0.0,1.0,1.0,0.2785853461999649
6,0.0,1.0,2.0,2000.0
7,0.0,1.0,3.0,1336.0478363018449
8,0.0,2.0,0.0,0.35879467202784626
9,0.0,2.0,1.0,0.4019909875300325
10,0.0,2.0,2.0,2000.0
11,0.0,2.0,3.0,4.10558459927263
