,round,tube,sp_div_H,tot_pop_0,tot_final_pop,tot_auc,mean_fc,deg_score,nut_score
0,0.0,0.0,-0.0,7.0,147.0,17380.0,20.999970000042858,0.062495835792204746,0.36634770165835373
1,0.0,1.0,-0.0,7.0,286.0,18172.0,40.857084489879306,0.06345218809831865,0.45448376946887437
2,0.0,2.0,-0.0,7.0,183.0,13830.0,26.14281979597172,0.062314134375880625,0.3663424367620203
