,round,tube,sp,pop_0,final_pop,st_div_H,auc,fc
0,0.0,0.0,10.0,6.0,114.0,0.12169240267806193,16986.0,18.99996833338611
1,0.0,1.0,10.0,6.0,102.0,0.22371807606583377,15462.0,16.99997166671389
2,0.0,2.0,10.0,6.0,108.0,0.30849545083110386,15134.0,17.999970000050002
