,round,tube,sp,st,final_pop
0,0,0,7,"(0.0, 0.0, 0.0, 0.0, 0.12522938133066494, 0.0, 0.0, 0.05924345412590238, 0.0, 0.12942971381425594)",326
1,0,0,7,"(0.0, 0.0, 0.0, 0.0, 0.12522938133066494, 0.0, 0.0, 0.05924345412590238, 0.0, 0.1842944379780426)",201
2,0,1,7,"(0.0, 0.0, 0.0, 0.0, 0.12522938133066494, 0.0, 0.0, 0.05924345412590238, 0.0, 0.12942971381425594)",203
3,0,1,7,"(0.0, 0.0, 0.0, 0.0, 0.12522938133066494, 0.0, 0.0, 0.05924345412590238, 0.0, 0.1842944379780426)",340
4,0,2,7,"(0.0, 0.0, 0.0, 0.0, 0.12522938133066494, 0.0, 0.0, 0.05924345412590238, 0.0, 0.1842944379780426)",105
5,0,2,7,"(0.0, 0.0, 0.0, 0.0, 0.12522938133066494, 0.0, 0.0, 0.05924345412590238, 0.0, 0.12942971381425594)",427
