,round,tube,nut,amount
0,0.0,0.0,0.0,0.4762356621975544
1,0.0,0.0,1.0,0.924323825819306
2,0.0,0.0,2.0,2000.0
3,0.0,0.0,3.0,2000.0
4,0.0,1.0,0.0,0.40181673025489295
5,0.0,1.0,1.0,0.7610519313530961
6,0.0,1.0,2.0,2000.0
7,0.0,1.0,3.0,2000.0
8,0.0,2.0,0.0,0.41172310790720784
9,0.0,2.0,1.0,0.8514952607736372
10,0.0,2.0,2.0,2000.0
11,0.0,2.0,3.0,2000.0
