,round,tube,sp,pop_0,final_pop,st_div_H,auc,fc
0,0.0,0.0,12.0,7.0,337.0,0.9949803124850198,29174.0,48.14278836744519
1,0.0,1.0,12.0,7.0,344.0,0.7609173901659186,26324.0,49.1427869388758
2,0.0,2.0,12.0,7.0,346.0,1.1659594216294031,29260.0,49.42850081642741
