,round,tube,nut,amount
0,0.0,0.0,0.0,0.32939389757317716
1,0.0,0.0,1.0,2000.0
2,0.0,0.0,2.0,1333.044659370691
3,0.0,0.0,3.0,0.6847759649197345
4,0.0,1.0,0.0,0.42381184149620665
5,0.0,1.0,1.0,2000.0
6,0.0,1.0,2.0,0.9981411295616142
7,0.0,1.0,3.0,0.029322537881298905
8,0.0,2.0,0.0,0.3035070188218665
9,0.0,2.0,1.0,2000.0
10,0.0,2.0,2.0,1333.0360252526611
11,0.0,2.0,3.0,0.6588936867895665
