,round,tube,nut,amount
0,0.0,0.0,0.0,1970.507398916299
1,0.0,0.0,1.0,1790.375315089081
2,0.0,0.0,2.0,2000.0
3,0.0,0.0,3.0,1777.5626252234592
4,0.0,1.0,0.0,1796.8414134022596
5,0.0,1.0,1.0,556.0088585732698
6,0.0,1.0,2.0,2000.0
7,0.0,1.0,3.0,467.74916400688454
8,0.0,2.0,0.0,1829.3726238703382
9,0.0,2.0,1.0,787.2310802005726
10,0.0,2.0,2.0,2000.0
11,0.0,2.0,3.0,713.1041611563589
