,round,tube,sp,st,final_pop
0,0,0,8,"(0.0, 0.016643627919484913, 0.02343337674995962, 0.0, 0.0, 0.0, 0.00026087500255182283, 0.0, 0.0, 0.0)",10
1,0,0,8,"(0.0, 0.016643627919484913, 0.02852076469392659, 0.0, 0.0, 0.0, 0.00026087500255182283, 0.0, 0.0, 0.0)",355
2,0,1,8,"(0.0, 0.016643627919484913, 0.02852076469392659, 0.0, 0.0, 0.0, 0.00026087500255182283, 0.0, 0.0, 0.0)",207
3,0,1,8,"(0.0, 0.016643627919484913, 0.02343337674995962, 0.0, 0.0, 0.0, 0.00026087500255182283, 0.0, 0.0, 0.0)",104
4,0,2,8,"(0.0, 0.016643627919484913, 0.02852076469392659, 0.0, 0.0, 0.0, 0.00026087500255182283, 0.0, 0.0, 0.0)",190
5,0,2,8,"(0.0, 0.016643627919484913, 0.02343337674995962, 0.0, 0.0, 0.0, 0.00026087500255182283, 0.0, 0.0, 0.0)",126
