,round,tube,nut,amount
0,0.0,0.0,0.0,0.056361085509811504
1,0.0,0.0,1.0,2000.0
2,0.0,0.0,2.0,0.33678597129188526
3,0.0,0.0,3.0,350.62017732825797
4,0.0,1.0,0.0,0.15731381462739247
5,0.0,1.0,1.0,2000.0
6,0.0,1.0,2.0,0.19642580907249152
7,0.0,1.0,3.0,0.9964144830018776
8,0.0,2.0,0.0,0.5521812982237693
9,0.0,2.0,1.0,2000.0
10,0.0,2.0,2.0,0.3728312206623945
11,0.0,2.0,3.0,350.64990848827443
