,round,tube,sp,pop_0,final_pop,st_div_H,auc,fc
0,0.0,0.0,1.0,7.0,494.0,0.20029949689842846,27629.0,70.57132775524607
1,0.0,1.0,1.0,7.0,546.0,0.5219495372907705,25443.0,77.99988857158776
2,0.0,2.0,1.0,7.0,470.0,0.6887586838228723,28070.0,67.14276122462682
