,round,tube,sp_div_H,tot_pop_0,tot_final_pop,tot_auc,mean_fc,deg_score,nut_score
0,0.0,0.0,-0.0,17.0,547.0,45095.0,32.176451660910786,0.3094207871331084,0.8673796096010052
1,0.0,1.0,-0.0,17.0,546.0,43863.0,32.11762816610108,0.31125905083467253,0.8673526136802405
2,0.0,2.0,-0.0,17.0,589.0,47590.0,34.647038442918564,0.30979730582062337,0.8673478252386428
