,round,tube,sp,pop_0,final_pop,st_div_H,auc,fc
0,0.0,0.0,11.0,25.0,572.0,1.9551924224111161,67629.0,22.87999084800366
1,0.0,1.0,11.0,25.0,506.0,2.02269323305084,62412.0,20.23999190400324
2,0.0,2.0,11.0,25.0,541.0,1.9898488146543627,63307.0,21.639991344003462
