,round,tube,sp,st,final_pop
0,0,0,5,"(0.06821915277273262, 0.03775482593710799, 0.0, 0.06339445944252166, 0.059621134047870075, 0.0, 0.0732643644350349, 0.0841018434912883, 0.0, 0.0)",123
1,0,1,5,"(0.06821915277273262, 0.03775482593710799, 0.0, 0.06339445944252166, 0.059621134047870075, 0.0, 0.0732643644350349, 0.0841018434912883, 0.0, 0.0)",51
2,0,1,5,"(0.06821915277273262, 0.03775482593710799, 0.0, 0.062404773640096306, 0.059621134047870075, 0.0, 0.0732643644350349, 0.0841018434912883, 0.0, 0.0)",48
3,0,2,5,"(0.06821915277273262, 0.03775482593710799, 0.0, 0.062404773640096306, 0.059621134047870075, 0.0, 0.0732643644350349, 0.0841018434912883, 0.0, 0.0)",81
4,0,2,5,"(0.06821915277273262, 0.03775482593710799, 0.0, 0.06339445944252166, 0.059621134047870075, 0.0, 0.0732643644350349, 0.0841018434912883, 0.0, 0.0)",53
