,round,tube,sp,pop_0,final_pop,st_div_H,auc,fc
0,0.0,0.0,4.0,15.0,403.0,0.7514674065378415,58032.0,26.866648755567496
1,0.0,1.0,4.0,15.0,441.0,0.7671474641413625,57385.0,29.399980400013067
2,0.0,2.0,4.0,15.0,416.0,0.7747923062756146,60793.0,27.73331484445677
