,round,tube,sp_div_H,tot_pop_0,tot_final_pop,tot_auc,mean_fc,deg_score,nut_score
0,0.0,0.0,-0.0,7.0,133.0,8711.0,18.999972857181632,0.17260436830906234,0.1339745824876225
1,0.0,1.0,-0.0,7.0,134.0,8656.0,19.142829795957436,0.1751013566187557,0.1339745766129562
2,0.0,2.0,-0.0,7.0,127.0,8580.0,18.142831224526823,0.17027402642946887,0.13397457405240587
