,round,tube,sp,pop_0,final_pop,st_div_H,auc,fc
0,0.0,0.0,8.0,11.0,274.0,0.6039068887523177,13550.0,24.9090682644834
1,0.0,1.0,8.0,11.0,258.0,0.5957139770017622,14504.0,23.45452413225079
2,0.0,2.0,8.0,11.0,284.0,0.4486672285506467,10346.0,25.818158347128776
