,round,tube,sp,pop_0,final_pop,st_div_H,auc,fc
0,0.0,0.0,13.0,11.0,81.0,1.1298875007757552,9572.0,7.363629669427573
1,0.0,1.0,13.0,11.0,76.0,1.3510183897337043,10206.0,6.909084628104884
2,0.0,2.0,13.0,11.0,73.0,0.797922716401504,9743.0,6.63635760331127
