,round,tube,sp,st,final_pop
0,0,0,1,"(0.0, 0.0166840378335791, 0.0, 0.024584807322582867, 0.0, 0.01498355219082073, 0.0, 0.0, 0.0154164923044359, 0.036957629811244924)",25
1,0,0,1,"(0.0, 0.01819021681934756, 0.0, 0.024584807322582867, 0.0, 0.01498355219082073, 0.0, 0.0, 0.0154164923044359, 0.023187541493778534)",335
2,0,0,1,"(0.0, 0.011448821255175264, 0.0, 0.024584807322582867, 0.0, 0.01498355219082073, 0.0, 0.0, 0.020386642338873575, 0.023187541493778534)",6
3,0,1,1,"(0.0, 0.0166840378335791, 0.0, 0.024584807322582867, 0.0, 0.01498355219082073, 0.0, 0.0, 0.0154164923044359, 0.036957629811244924)",11
4,0,1,1,"(0.0, 0.011448821255175264, 0.0, 0.024584807322582867, 0.0, 0.01498355219082073, 0.0, 0.0, 0.020386642338873575, 0.023187541493778534)",20
5,0,1,1,"(0.0, 0.01819021681934756, 0.0, 0.024584807322582867, 0.0, 0.01498355219082073, 0.0, 0.0, 0.0154164923044359, 0.023187541493778534)",401
6,0,2,1,"(0.0, 0.0166840378335791, 0.0, 0.024584807322582867, 0.0, 0.01498355219082073, 0.0, 0.0, 0.0154164923044359, 0.036957629811244924)",16
7,0,2,1,"(0.0, 0.01819021681934756, 0.0, 0.024584807322582867, 0.0, 0.01498355219082073, 0.0, 0.0, 0.0154164923044359, 0.023187541493778534)",414
