,round,tube,sp_div_H,tot_pop_0,tot_final_pop,tot_auc,mean_fc,deg_score,nut_score
0,0.0,0.0,-0.0,26.0,367.0,21441.0,14.115379186392621,0.23935920437857006,0.4496893588389642
1,0.0,1.0,-0.0,26.0,384.0,23526.0,14.769225088759582,0.23875298480473384,0.4497122309317726
2,0.0,2.0,-0.0,26.0,390.0,23126.0,14.999994230771449,0.23884335403449786,0.44969195537428985
