,round,tube,sp,pop_0,final_pop,st_div_H,auc,fc
0,0.0,0.0,4.0,14.0,48.0,-0.0,2141.0,3.428568979593586
1,0.0,1.0,4.0,14.0,87.0,-0.0,4788.0,6.2142812755133745
2,0.0,2.0,4.0,14.0,78.0,-0.0,3995.0,5.571424591839578
