,round,tube,sp,pop_0,final_pop,st_div_H,auc,fc
0,0.0,0.0,6.0,12.0,75.0,-0.0,16383.0,6.249994791671007
1,0.0,1.0,6.0,12.0,71.0,-0.0,14286.0,5.91666173611522
2,0.0,2.0,6.0,12.0,87.0,-0.0,14918.0,7.249993958338369
