,round,tube,sp,pop_0,final_pop,st_div_H,auc,fc
0,0.0,0.0,1.0,17.0,963.0,-0.0,83764.0,56.64702550174971
1,0.0,1.0,1.0,17.0,1022.0,-0.0,85719.0,60.117611695522534
2,0.0,2.0,1.0,17.0,1011.0,-0.0,89452.0,59.47055325261574
