,round,tube,nut,amount
0,0.0,0.0,0.0,1754.9604627043454
1,0.0,0.0,1.0,1760.8924199765152
2,0.0,0.0,2.0,2000.0
3,0.0,0.0,3.0,2000.0
4,0.0,1.0,0.0,1849.3934372208655
5,0.0,1.0,1.0,1853.0393455717208
6,0.0,1.0,2.0,2000.0
7,0.0,1.0,3.0,2000.0
8,0.0,2.0,0.0,1721.3698267979876
9,0.0,2.0,1.0,1728.1149516884946
10,0.0,2.0,2.0,2000.0
11,0.0,2.0,3.0,2000.0
