,round,tube,sp_div_H,tot_pop_0,tot_final_pop,tot_auc,mean_fc,deg_score,nut_score
0,0.0,0.0,-0.0,76.0,950.0,116284.0,12.499998355263374,0.25010968622944574,0.4999999578117117
1,0.0,1.0,-0.0,76.0,981.0,122325.0,12.907893038435127,0.2527404678124062,0.49732316511914987
2,0.0,2.0,-0.0,76.0,944.0,114058.0,12.42105099723013,0.2617573932691335,0.4999999807525608
