,round,tube,sp_div_H,tot_pop_0,tot_final_pop,tot_auc,mean_fc,deg_score,nut_score
0,0.0,0.0,-0.0,6.0,499.0,47751.0,83.16652805578659,0.15424780092488843,0.7719404540963939
1,0.0,1.0,-0.0,6.0,398.0,37077.0,66.33322277796204,0.13407910032012882,0.4915540619410439
2,0.0,2.0,-0.0,6.0,400.0,45896.0,66.66655555574074,0.15928021740306175,0.7719472695281191
