,round,tube,sp,pop_0,final_pop,st_div_H,auc,fc
0,0.0,0.0,11.0,1.0,364.0,-0.0,14916.0,363.9963600363996
1,0.0,1.0,11.0,1.0,354.0,-0.0,4487.0,353.99646003539965
2,0.0,2.0,11.0,1.0,411.0,-0.0,11879.0,410.9958900410996
