,round,tube,sp,pop_0,final_pop,st_div_H,auc,fc
0,0.0,0.0,4.0,12.0,78.0,-0.0,4437.0,6.499994583337847
1,0.0,1.0,4.0,12.0,82.0,-0.0,4262.0,6.833327638893635
2,0.0,2.0,4.0,12.0,74.0,-0.0,2421.0,6.16666152778206
