,round,tube,sp,pop_0,final_pop,st_div_H,auc,fc
0,0.0,0.0,12.0,7.0,196.0,-0.0,26356.0,27.999960000057143
1,0.0,1.0,12.0,7.0,173.0,-0.0,26886.0,24.714250408213704
2,0.0,2.0,12.0,7.0,208.0,-0.0,27834.0,29.714243265366765
