,round,tube,sp_div_H,tot_pop_0,tot_final_pop,tot_auc,mean_fc,deg_score,nut_score
0,0.0,0.0,-0.0,16.0,511.0,61388.0,31.937480039074977,0.13576603129240938,0.2928931813700416
1,0.0,1.0,-0.0,16.0,537.0,63238.0,33.562479023450614,0.1356119995930909,0.2928931878066725
2,0.0,2.0,-0.0,16.0,510.0,57775.0,31.87498007813745,0.13555291685097182,0.2928932007759949
