,round,tube,sp,pop_0,final_pop,st_div_H,auc,fc
0,0.0,0.0,5.0,8.0,31.0,-0.0,1886.0,3.874995156256055
1,0.0,1.0,5.0,8.0,59.0,-0.0,2112.0,7.374990781261523
2,0.0,2.0,5.0,8.0,27.0,-0.0,1115.0,3.3749957812552736
