,round,tube,nut,amount
0,0.0,0.0,0.0,0.2810062864102336
1,0.0,0.0,1.0,2000.0
2,0.0,0.0,2.0,0.315108956048514
3,0.0,0.0,3.0,350.60229750166314
4,0.0,1.0,0.0,0.45407478543140567
5,0.0,1.0,1.0,2000.0
6,0.0,1.0,2.0,0.3148147008486047
7,0.0,1.0,3.0,350.6020547915001
8,0.0,2.0,0.0,0.5489009924601052
9,0.0,2.0,1.0,2000.0
10,0.0,2.0,2.0,0.31513302351019074
11,0.0,2.0,3.0,350.60231735320195
