,round,tube,sp_div_H,tot_pop_0,tot_final_pop,tot_auc,mean_fc,deg_score,nut_score
0,0.0,0.0,0.0,1.0,0.0,2.0,0.0,7.552484355688449e-05,6.608578054534409e-05
1,0.0,1.0,-0.0,1.0,207.0,35697.0,206.99793002069978,0.15329901726328055,0.2928931859782329
2,0.0,2.0,-0.0,1.0,240.0,35277.0,239.99760002399975,0.15331666282162582,0.2928931767815791
