,round,tube,sp,pop_0,final_pop,st_div_H,auc,fc
0,0.0,0.0,13.0,73.0,1077.0,2.0861247718162925,120996.0,14.753422636517447
1,0.0,1.0,13.0,73.0,1090.0,2.0655094136011978,121759.0,14.93150480390345
2,0.0,2.0,13.0,73.0,1085.0,2.115567800479244,117798.0,14.863011662601142
