,round,tube,sp,st,final_pop
0,0,0,9,"(0.0, 0.0, 0.19920041331423682, 0.0, 0.05513765495185503, 0.0, 0.0759385073128216, 0.16747238130610526, 0.0, 0.05570553173119553)",59
1,0,0,9,"(0.0, 0.0, 0.19920041331423682, 0.0, 0.05513765495185503, 0.0, 0.0759385073128216, 0.16747238130610526, 0.0, 0.058523422618200316)",321
2,0,1,9,"(0.0, 0.0, 0.19920041331423682, 0.0, 0.05513765495185503, 0.0, 0.0759385073128216, 0.16747238130610526, 0.0, 0.05570553173119553)",80
3,0,1,9,"(0.0, 0.0, 0.19920041331423682, 0.0, 0.05513765495185503, 0.0, 0.0759385073128216, 0.16747238130610526, 0.0, 0.058523422618200316)",297
4,0,2,9,"(0.0, 0.0, 0.19920041331423682, 0.0, 0.05513765495185503, 0.0, 0.0759385073128216, 0.16747238130610526, 0.0, 0.058523422618200316)",356
5,0,2,9,"(0.0, 0.0, 0.19920041331423682, 0.0, 0.05513765495185503, 0.0, 0.0759385073128216, 0.16747238130610526, 0.0, 0.05570553173119553)",30
