,round,tube,sp_div_H,tot_pop_0,tot_final_pop,tot_auc,mean_fc,deg_score,nut_score
0,0.0,0.0,-0.0,9.0,8.0,579.0,0.8888879012356653,0.06923085164822351,0.0638767929539511
1,0.0,1.0,-0.0,9.0,5.0,724.0,0.5555549382722909,0.08583862574926426,0.07867969444329326
2,0.0,2.0,-0.0,9.0,6.0,449.0,0.666665925926749,0.05439923995441154,0.050075235592311196
