,round,tube,sp_div_H,tot_pop_0,tot_final_pop,tot_auc,mean_fc,deg_score,nut_score
0,0.0,0.0,-0.0,5.0,512.0,17826.0,102.39979520040961,0.27047174046811207,0.3374597405241593
1,0.0,1.0,-0.0,5.0,553.0,19097.0,110.59977880044241,0.27121754609323934,0.337473638634204
2,0.0,2.0,-0.0,5.0,529.0,17723.0,105.79978840042321,0.27102580735779647,0.33744897068717183
