,round,tube,nut,amount
0,0.0,0.0,0.0,2000.0
1,0.0,0.0,1.0,0.20246836377377164
2,0.0,0.0,2.0,2000.0
3,0.0,0.0,3.0,1033.5073813209374
4,0.0,1.0,0.0,2000.0
5,0.0,1.0,1.0,0.7957720200370524
6,0.0,1.0,2.0,2000.0
7,0.0,1.0,3.0,1192.1166893929228
8,0.0,2.0,0.0,2000.0
9,0.0,2.0,1.0,0.08128234886272345
10,0.0,2.0,2.0,2000.0
11,0.0,2.0,3.0,1061.415516687168
