,round,tube,nut,amount
0,0.0,0.0,0.0,583.5397041193326
1,0.0,0.0,1.0,773.723370413837
2,0.0,0.0,2.0,2000.0
3,0.0,0.0,3.0,2000.0
4,0.0,1.0,0.0,0.26957708032274824
5,0.0,1.0,1.0,14.367451525024347
6,0.0,1.0,2.0,2000.0
7,0.0,1.0,3.0,2000.0
8,0.0,2.0,0.0,0.5339592174171993
9,0.0,2.0,1.0,0.4273183091322027
10,0.0,2.0,2.0,2000.0
11,0.0,2.0,3.0,2000.0
