,round,tube,sp_div_H,tot_pop_0,tot_final_pop,tot_auc,mean_fc,deg_score,nut_score
0,0.0,0.0,-0.0,16.0,99.0,6704.0,6.187496132814917,0.18110554950687796,0.13397457737937057
1,0.0,1.0,-0.0,16.0,79.0,6077.0,4.937496914064429,0.17849773217938847,0.13397456236320648
2,0.0,2.0,-0.0,16.0,88.0,6945.0,5.499996562502148,0.17861666645450713,0.13397459162938086
