,round,tube,sp_div_H,tot_pop_0,tot_final_pop,tot_auc,mean_fc,deg_score,nut_score
0,0.0,0.0,-0.0,12.0,81.0,10301.0,6.749994375004688,0.17624710779804986,0.13397458375399274
1,0.0,1.0,-0.0,12.0,75.0,9736.0,6.249994791671007,0.17533709830060407,0.1339745810052514
2,0.0,2.0,-0.0,12.0,83.0,9003.0,6.916660902782581,0.17796066607078675,0.13397456230910554
