,round,tube,sp,pop_0,final_pop,st_div_H,auc,fc
0,0.0,0.0,0.0,7.0,72.0,0.5623351446188083,15212.0,10.285699591857727
1,0.0,1.0,0.0,7.0,70.0,0.5846745581478878,13573.0,9.999985714306122
2,0.0,2.0,0.0,7.0,76.0,0.6130775720674772,14047.0,10.857127346960933
