,round,tube,sp_div_H,tot_pop_0,tot_final_pop,tot_auc,mean_fc,deg_score,nut_score
0,0.0,0.0,-0.0,1.0,339.0,5708.0,338.99661003389963,0.24392743868852396,0.28809892142584925
1,0.0,1.0,-0.0,1.0,369.0,6790.0,368.9963100368996,0.2561533707851088,0.2913788304825038
2,0.0,2.0,-0.0,1.0,344.0,10592.0,343.99656003439964,0.25893190669163446,0.29289317527351366
