,round,tube,nut,amount
0,0.0,0.0,0.0,2000.0
1,0.0,0.0,1.0,0.010350771186696583
2,0.0,0.0,2.0,2000.0
3,0.0,0.0,3.0,1051.0260202098432
4,0.0,1.0,0.0,2000.0
5,0.0,1.0,1.0,5.215623902967535
6,0.0,1.0,2.0,2000.0
7,0.0,1.0,3.0,1846.1946944878018
8,0.0,2.0,0.0,2000.0
9,0.0,2.0,1.0,0.45832187378199674
10,0.0,2.0,2.0,2000.0
11,0.0,2.0,3.0,1600.0945342121613
