,round,tube,nut,amount
0,0.0,0.0,0.0,1135.4363553655196
1,0.0,0.0,1.0,2000.0
2,0.0,0.0,2.0,2000.0
3,0.0,0.0,3.0,1179.8069507052248
4,0.0,1.0,0.0,1150.844153514576
5,0.0,1.0,1.0,2000.0
6,0.0,1.0,2.0,2000.0
7,0.0,1.0,3.0,1194.4239994618063
8,0.0,2.0,0.0,1190.1437411190034
9,0.0,2.0,1.0,2000.0
10,0.0,2.0,2.0,2000.0
11,0.0,2.0,3.0,1231.7066781788049
