,round,tube,sp_div_H,tot_pop_0,tot_final_pop,tot_auc,mean_fc,deg_score,nut_score
0,0.0,0.0,-0.0,4.0,266.0,14417.0,66.49983375041563,0.2547899267883692,0.2928932006327316
1,0.0,1.0,-0.0,4.0,286.0,13554.0,71.49982125044689,0.2504486943249231,0.29289320356035253
2,0.0,2.0,-0.0,4.0,235.0,15809.0,58.749853125367196,0.2549041895136632,0.2928932135860244
