,round,tube,nut,amount
0,0.0,0.0,0.0,2000.0
1,0.0,0.0,1.0,1846.744763319613
2,0.0,0.0,2.0,2000.0
3,0.0,0.0,3.0,1663.4501311342085
4,0.0,1.0,0.0,2000.0
5,0.0,1.0,1.0,1845.2381630688635
6,0.0,1.0,2.0,2000.0
7,0.0,1.0,3.0,1660.1416235242589
8,0.0,2.0,0.0,2000.0
9,0.0,2.0,1.0,1766.379242852805
10,0.0,2.0,2.0,2000.0
11,0.0,2.0,3.0,1486.9667302384848
