,round,tube,sp,pop_0,final_pop,st_div_H,auc,fc
0,0.0,0.0,8.0,22.0,531.0,1.9987298300151009,86751.0,24.136352665294243
1,0.0,1.0,8.0,22.0,516.0,1.6874462422263516,87412.0,23.454534793393275
2,0.0,2.0,8.0,22.0,326.0,1.9502578188529505,61635.0,14.81817508264769
