,round,tube,sp_div_H,tot_pop_0,tot_final_pop,tot_auc,mean_fc,deg_score,nut_score
0,0.0,0.0,-0.0,7.0,101.0,9598.0,14.428550816355978,0.17633411946196553,0.1339745910006973
1,0.0,1.0,-0.0,7.0,100.0,7500.0,14.285693877580176,0.17632126811942028,0.13397459258658284
2,0.0,2.0,-0.0,7.0,104.0,8294.0,14.857121632683382,0.17731159849456202,0.13397458371054627
