,round,tube,sp,pop_0,final_pop,st_div_H,auc,fc
0,0.0,0.0,0.0,16.0,260.0,0.6700145828749657,29874.0,16.24998984375635
1,0.0,1.0,0.0,16.0,283.0,0.7154317889222417,32008.0,17.68748894531941
2,0.0,2.0,0.0,16.0,279.0,0.7902195307190024,29474.0,17.437489101569312
