,round,tube,sp_div_H,tot_pop_0,tot_final_pop,tot_auc,mean_fc,deg_score,nut_score
0,0.0,0.0,-0.0,11.0,90.0,11859.0,8.181810743808414,0.15764495903960074,0.13397458648716465
1,0.0,1.0,-0.0,11.0,77.0,10876.0,6.999993636369422,0.16247237391740998,0.13397457118874523
2,0.0,2.0,-0.0,11.0,97.0,12811.0,8.81817380166018,0.16034040522512305,0.13397458713120958
