,round,tube,sp,pop_0,final_pop,st_div_H,auc,fc
0,0.0,0.0,13.0,13.0,75.0,-0.0,12982.0,5.769226331364361
1,0.0,1.0,13.0,13.0,102.0,-0.0,12107.0,7.8461478106555305
2,0.0,2.0,13.0,13.0,88.0,-0.0,11660.0,6.769225562134183
