,round,tube,sp,st,final_pop
0,0,0,8,"(0.0, 0.0, 0.0132952402022934, 0.0, 0.022638011874154935, 0.0, 0.0, 0.0, 0.11238831119005775, 0.11010395848430123)",545
1,0,0,8,"(0.0, 0.0, 0.0132952402022934, 0.0, 0.009667561214234609, 0.0, 0.0, 0.0, 0.11238831119005775, 0.1504804688115917)",261
2,0,0,8,"(0.0, 0.0, 0.0132952402022934, 0.0, 0.022638011874154935, 0.0, 0.0, 0.0, 0.11031961208872824, 0.11010395848430123)",4
3,0,1,8,"(0.0, 0.0, 0.0132952402022934, 0.0, 0.022638011874154935, 0.0, 0.0, 0.0, 0.11238831119005775, 0.11010395848430123)",746
4,0,1,8,"(0.0, 0.0, 0.0132952402022934, 0.0, 0.009667561214234609, 0.0, 0.0, 0.0, 0.11238831119005775, 0.1504804688115917)",55
5,0,2,8,"(0.0, 0.0, 0.0132952402022934, 0.0, 0.022638011874154935, 0.0, 0.0, 0.0, 0.11031961208872824, 0.11010395848430123)",4
6,0,2,8,"(0.0, 0.0, 0.0132952402022934, 0.0, 0.009667561214234609, 0.0, 0.0, 0.0, 0.11238831119005775, 0.1504804688115917)",59
7,0,2,8,"(0.0, 0.0, 0.0132952402022934, 0.0, 0.022638011874154935, 0.0, 0.0, 0.0, 0.11238831119005775, 0.11010395848430123)",401
