,round,tube,sp,st,final_pop
0,0,0,7,"(0.065981915257822, 0.0, 0.0, 0.0, 0.08963196916637059, 0.06164521714842443, 0.0, 0.06846774248654515, 0.11387011139749449, 0.0)",277
1,0,1,7,"(0.065981915257822, 0.0, 0.0, 0.0, 0.08963196916637059, 0.06164521714842443, 0.0, 0.06846774248654515, 0.11387011139749449, 0.0)",268
2,0,2,7,"(0.065981915257822, 0.0, 0.0, 0.0, 0.08963196916637059, 0.06164521714842443, 0.0, 0.06846774248654515, 0.11387011139749449, 0.0)",254
