,round,tube,sp_div_H,tot_pop_0,tot_final_pop,tot_auc,mean_fc,deg_score,nut_score
0,0.0,0.0,-0.0,35.0,670.0,65679.0,19.14285167347095,0.22517580605737175,0.2928932049875269
1,0.0,1.0,-0.0,35.0,600.0,60791.0,17.142852244899355,0.22181493168953403,0.29289320117563156
2,0.0,2.0,-0.0,35.0,619.0,62041.0,17.685709232654503,0.2215970019875808,0.2928932172844195
