,round,tube,nut,amount
0,0.0,0.0,0.0,0.30564034700877696
1,0.0,0.0,1.0,2000.0
2,0.0,0.0,2.0,0.920697310421054
3,0.0,0.0,3.0,2000.0
4,0.0,1.0,0.0,0.44704192323964875
5,0.0,1.0,1.0,2000.0
6,0.0,1.0,2.0,0.879850588143299
7,0.0,1.0,3.0,2000.0
8,0.0,2.0,0.0,0.8395666560919062
9,0.0,2.0,1.0,2000.0
10,0.0,2.0,2.0,0.8294121740951949
11,0.0,2.0,3.0,2000.0
