,round,tube,nut,amount
0,0.0,0.0,0.0,3.7001421322788977
1,0.0,0.0,1.0,2000.0
2,0.0,0.0,2.0,0.009188838629052842
3,0.0,0.0,3.0,2000.0
4,0.0,1.0,0.0,6.446497352688345
5,0.0,1.0,1.0,2000.0
6,0.0,1.0,2.0,0.4310419760473314
7,0.0,1.0,3.0,2000.0
8,0.0,2.0,0.0,1.107008532032579
9,0.0,2.0,1.0,2000.0
10,0.0,2.0,2.0,0.2648546365970895
11,0.0,2.0,3.0,2000.0
