,round,tube,nut,amount
0,0.0,0.0,0.0,0.5421987512448829
1,0.0,0.0,1.0,2000.0
2,0.0,0.0,2.0,385.8991291350142
3,0.0,0.0,3.0,668.6431047566704
4,0.0,1.0,0.0,0.5707460670593896
5,0.0,1.0,1.0,2000.0
6,0.0,1.0,2.0,507.41514575091566
7,0.0,1.0,3.0,768.8730157394889
8,0.0,2.0,0.0,0.46762323899080066
9,0.0,2.0,1.0,2000.0
10,0.0,2.0,2.0,360.6541905147641
11,0.0,2.0,3.0,647.820352158778
