,round,tube,sp_div_H,tot_pop_0,tot_final_pop,tot_auc,mean_fc,deg_score,nut_score
0,0.0,0.0,-0.0,4.0,98.0,16368.0,24.499938750153127,0.1156647727012754,0.1339745816370964
1,0.0,1.0,-0.0,4.0,139.0,14315.0,34.74991312521719,0.1176569933466336,0.1339745895536142
2,0.0,2.0,-0.0,4.0,68.0,15625.0,16.99995750010625,0.1180464574418083,0.13397456112123285
