,round,tube,sp_div_H,tot_pop_0,tot_final_pop,tot_auc,mean_fc,deg_score,nut_score
0,0.0,0.0,-0.0,12.0,308.0,33666.0,25.666645277795602,0.146891334399747,0.29289312321326577
1,0.0,1.0,-0.0,12.0,316.0,33188.0,26.333311388907177,0.14576706019051944,0.2928931802367223
2,0.0,2.0,-0.0,12.0,306.0,32243.0,25.49997875001771,0.14600173440090158,0.2928931966684615
