,round,tube,nut,amount
0,0.0,0.0,0.0,0.26878909401432516
1,0.0,0.0,1.0,2000.0
2,0.0,0.0,2.0,1333.0244456928601
3,0.0,0.0,3.0,0.6241819320573878
4,0.0,1.0,0.0,0.41926277601366024
5,0.0,1.0,1.0,2000.0
6,0.0,1.0,2.0,1.373654093854621
7,0.0,1.0,3.0,0.024774280858948616
8,0.0,2.0,0.0,0.3125006317575014
9,0.0,2.0,1.0,2000.0
10,0.0,2.0,2.0,1333.039024915786
11,0.0,2.0,3.0,0.6678857013744874
