,round,tube,sp_div_H,tot_pop_0,tot_final_pop,tot_auc,mean_fc,deg_score,nut_score
0,0.0,0.0,-0.0,4.0,299.0,6655.0,74.7498131254672,0.20865274859522331,0.4154565289250215
1,0.0,1.0,-0.0,4.0,216.0,5427.0,53.99986500033751,0.19555476451095044,0.3493924564368266
2,0.0,2.0,-0.0,4.0,304.0,11645.0,75.99981000047501,0.24212170079909123,0.49844407993842677
