,round,tube,sp,pop_0,final_pop,st_div_H,auc,fc
0,0.0,0.0,8.0,27.0,428.0,0.9589746746711003,62493.0,15.851845980797785
1,0.0,1.0,8.0,27.0,661.0,1.4361422838279112,84737.0,24.481472414269476
2,0.0,2.0,8.0,27.0,714.0,1.0508677479371973,84705.0,26.444434650209388
