,round,tube,sp_div_H,tot_pop_0,tot_final_pop,tot_auc,mean_fc,deg_score,nut_score
0,0.0,0.0,-0.0,16.0,504.0,29474.0,31.499980312512307,0.2631319773989669,0.34074412466142767
1,0.0,1.0,-0.0,16.0,447.0,29763.0,27.937482539073415,0.262503601931827,0.340742879034013
2,0.0,2.0,-0.0,16.0,479.0,28502.0,29.937481289074196,0.26201426667599903,0.3407451513878532
