,round,tube,sp,st,final_pop
0,0,0,0,"(0.03946461433977326, 0.07837351219623068, 0.019902636370402346, 0.0, 0.0, 0.02913486473025094, 0.03311936332273749, 0.07446698017577955, 0.0, 0.0)",41
1,0,0,0,"(0.03946461433977326, 0.07837351219623068, 0.021488235496997084, 0.0, 0.0, 0.02913486473025094, 0.03311936332273749, 0.07446698017577955, 0.0, 0.0)",14
2,0,0,0,"(0.03099303615600218, 0.07837351219623068, 0.021488235496997084, 0.0, 0.0, 0.02913486473025094, 0.026547968499912505, 0.07446698017577955, 0.0, 0.0)",2
3,0,1,0,"(0.03946461433977326, 0.07837351219623068, 0.019902636370402346, 0.0, 0.0, 0.02913486473025094, 0.03311936332273749, 0.07446698017577955, 0.0, 0.0)",56
4,0,2,0,"(0.03946461433977326, 0.07837351219623068, 0.019902636370402346, 0.0, 0.0, 0.02913486473025094, 0.03311936332273749, 0.07446698017577955, 0.0, 0.0)",31
5,0,2,0,"(0.03946461433977326, 0.07837351219623068, 0.021488235496997084, 0.0, 0.0, 0.02913486473025094, 0.03311936332273749, 0.07446698017577955, 0.0, 0.0)",13
6,0,2,0,"(0.03099303615600218, 0.07837351219623068, 0.021488235496997084, 0.0, 0.0, 0.02913486473025094, 0.026547968499912505, 0.07446698017577955, 0.0, 0.0)",19
