,round,tube,sp_div_H,tot_pop_0,tot_final_pop,tot_auc,mean_fc,deg_score,nut_score
0,0.0,0.0,-0.0,11.0,271.0,21551.0,24.636341239689784,0.1811704950186397,0.29289319244512746
1,0.0,1.0,-0.0,11.0,283.0,22495.0,25.727249338864237,0.18027174508722288,0.29289317691320294
2,0.0,2.0,-0.0,11.0,292.0,22414.0,26.54543041324508,0.1734365738896514,0.2928931916708164
