,round,tube,sp,pop_0,final_pop,st_div_H,auc,fc
0,0.0,0.0,0.0,3.0,354.0,-0.0,26455.0,117.99960666797777
1,0.0,1.0,0.0,3.0,328.0,-0.0,24831.0,109.3329688901037
2,0.0,2.0,0.0,3.0,327.0,-0.0,29094.0,108.99963666787777
