,round,tube,sp,st,final_pop
0,0,0,12,"(0.0, 0.07003918646448122, 0.0015111703434619284, 0.04642784640271252, 0.08672640026861606, 0.0, 0.12675493410285443, 0.04282678856497509, 0.0, 0.10322515837540021)",231
1,0,0,12,"(0.0, 0.07003918646448122, 0.0028174233441866513, 0.04642784640271252, 0.08672640026861606, 0.0, 0.12675493410285443, 0.04282678856497509, 0.0, 0.07174458035423928)",53
2,0,1,12,"(0.0, 0.07003918646448122, 0.0015111703434619284, 0.04642784640271252, 0.08672640026861606, 0.0, 0.12675493410285443, 0.04282678856497509, 0.0, 0.10322515837540021)",299
3,0,1,12,"(0.0, 0.07003918646448122, 0.0028174233441866513, 0.04642784640271252, 0.08672640026861606, 0.0, 0.12675493410285443, 0.04282678856497509, 0.0, 0.07174458035423928)",42
4,0,2,12,"(0.0, 0.07003918646448122, 0.0028174233441866513, 0.04642784640271252, 0.08672640026861606, 0.0, 0.12675493410285443, 0.04282678856497509, 0.0, 0.07174458035423928)",91
5,0,2,12,"(0.0, 0.07003918646448122, 0.0015111703434619284, 0.04642784640271252, 0.08672640026861606, 0.0, 0.12675493410285443, 0.04282678856497509, 0.0, 0.10322515837540021)",194
