,round,tube,sp_div_H,tot_pop_0,tot_final_pop,tot_auc,mean_fc,deg_score,nut_score
0,0.0,0.0,0.0,8.0,0.0,170.0,0.0,0.021056487333827256,0.01874487083899201
1,0.0,1.0,0.0,8.0,0.0,245.0,0.0,0.03012963874119179,0.02696103653100601
2,0.0,2.0,-0.0,8.0,2.0,171.0,0.24999968750039064,0.02093459770714623,0.018739314438276145
