,round,tube,nut,amount
0,0.0,0.0,0.0,1971.4319203323853
1,0.0,0.0,1.0,1962.1660384130919
2,0.0,0.0,2.0,2000.0
3,0.0,0.0,3.0,1915.501677699453
4,0.0,1.0,0.0,1958.7924626934987
5,0.0,1.0,1.0,1945.4270499912961
6,0.0,1.0,2.0,2000.0
7,0.0,1.0,3.0,1878.1168419771782
8,0.0,2.0,0.0,1971.44044306141
9,0.0,2.0,1.0,1962.1773254371565
10,0.0,2.0,2.0,2000.0
11,0.0,2.0,3.0,1915.526886124846
