,round,tube,nut,amount
0,0.0,0.0,0.0,0.23563025412828442
1,0.0,0.0,1.0,1.5792815663458226
2,0.0,0.0,2.0,2000.0
3,0.0,0.0,3.0,2000.0
4,0.0,1.0,0.0,0.39899359525148304
5,0.0,1.0,1.0,7.01987854107296
6,0.0,1.0,2.0,2000.0
7,0.0,1.0,3.0,2000.0
8,0.0,2.0,0.0,0.44618139217676955
9,0.0,2.0,1.0,268.9199799744241
10,0.0,2.0,2.0,2000.0
11,0.0,2.0,3.0,2000.0
