,round,tube,sp,pop_0,final_pop,st_div_H,auc,fc
0,0.0,0.0,6.0,9.0,158.0,-0.0,20390.0,17.55553604940439
1,0.0,1.0,6.0,9.0,174.0,-0.0,21185.0,19.33331185187572
2,0.0,2.0,6.0,9.0,153.0,-0.0,20297.0,16.9999811111321
