,round,tube,sp_div_H,tot_pop_0,tot_final_pop,tot_auc,mean_fc,deg_score,nut_score
0,0.0,0.0,-0.0,1.0,153.0,17329.0,152.99847001529983,0.08030450957378266,0.13397458429966813
1,0.0,1.0,-0.0,1.0,122.0,19505.0,121.99878001219987,0.07994386208978399,0.13397459407883383
2,0.0,2.0,0.0,1.0,0.0,3.0,0.0,8.335927476088578e-05,0.0003747889833535245
