,round,tube,sp,pop_0,final_pop,st_div_H,auc,fc
0,0.0,0.0,6.0,17.0,152.0,-0.0,21125.0,8.941171211075758
1,0.0,1.0,6.0,17.0,147.0,-0.0,20943.0,8.647053737027214
2,0.0,2.0,6.0,17.0,161.0,-0.0,22172.0,9.470582664363139
