,round,tube,sp_div_H,tot_pop_0,tot_final_pop,tot_auc,mean_fc,deg_score,nut_score
0,0.0,0.0,-0.0,10.0,58.0,2423.0,5.7999942000058,0.026895509526222328,0.11234374425762184
1,0.0,1.0,-0.0,10.0,47.0,2112.0,4.699995300004701,0.02358652781763826,0.10657283208539492
2,0.0,2.0,-0.0,10.0,26.0,1181.0,2.5999974000026,0.013574817742169953,0.07080023702224525
