,round,tube,sp,pop_0,final_pop,st_div_H,auc,fc
0,0.0,0.0,0.0,5.0,80.0,-0.0,16560.0,15.999968000064001
1,0.0,1.0,0.0,5.0,85.0,-0.0,15271.0,16.999966000068
2,0.0,2.0,0.0,5.0,97.0,-0.0,16741.0,19.399961200077602
