,round,tube,sp,st,final_pop
0,0,0,12,"(0.1431438549521808, 0.03949446575935173, 0.0, 0.0, 0.0, 0.0, 0.1379180736510572, 0.05107774537518032, 0.0, 0.057272911791666214)",35
1,0,0,12,"(0.1333889552744656, 0.03949446575935173, 0.0, 0.0, 0.0, 0.0, 0.1379180736510572, 0.05107774537518032, 0.0, 0.057272911791666214)",83
2,0,1,12,"(0.1333889552744656, 0.03949446575935173, 0.0, 0.0, 0.0, 0.0, 0.1379180736510572, 0.05107774537518032, 0.0, 0.057272911791666214)",21
3,0,1,12,"(0.1431438549521808, 0.03949446575935173, 0.0, 0.0, 0.0, 0.0, 0.1379180736510572, 0.05107774537518032, 0.0, 0.057272911791666214)",97
4,0,2,12,"(0.1333889552744656, 0.03949446575935173, 0.0, 0.0, 0.0, 0.0, 0.1379180736510572, 0.05107774537518032, 0.0, 0.057272911791666214)",89
5,0,2,12,"(0.1431438549521808, 0.03949446575935173, 0.0, 0.0, 0.0, 0.0, 0.1379180736510572, 0.05107774537518032, 0.0, 0.057272911791666214)",29
