,round,tube,sp_div_H,tot_pop_0,tot_final_pop,tot_auc,mean_fc,deg_score,nut_score
0,0.0,0.0,-0.0,8.0,1.0,314.0,0.12499984375019532,0.03995438969436016,0.03602400150887797
1,0.0,1.0,-0.0,8.0,7.0,770.0,0.8749989062513672,0.09307403052853336,0.08486261433032538
2,0.0,2.0,-0.0,8.0,8.0,524.0,0.9999987500015626,0.06459085747570636,0.058878770094820454
