,round,tube,sp,pop_0,final_pop,st_div_H,auc,fc
0,0.0,0.0,7.0,6.0,142.0,-0.0,5923.0,23.666627222287964
1,0.0,1.0,7.0,6.0,110.0,-0.0,8634.0,18.333302777828706
2,0.0,2.0,7.0,6.0,125.0,-0.0,8256.0,20.83329861116898
