,round,tube,sp_div_H,tot_pop_0,tot_final_pop,tot_auc,mean_fc,deg_score,nut_score
0,0.0,0.0,-0.0,12.0,49.0,2376.0,4.083329930558391,0.11678953193783148,0.14955013182771926
1,0.0,1.0,-0.0,12.0,22.0,1124.0,1.8333318055568288,0.08787054831128605,0.11402811547121361
2,0.0,2.0,-0.0,12.0,53.0,2457.0,4.416662986114178,0.11815857971208332,0.1538280948133216
