,round,tube,nut,amount
0,0.0,0.0,0.0,1814.6861670325372
1,0.0,0.0,1.0,1207.7466357943772
2,0.0,0.0,2.0,742.2611652562756
3,0.0,0.0,3.0,2000.0
4,0.0,1.0,0.0,1857.5679186605312
5,0.0,1.0,1.0,1391.0746229515555
6,0.0,1.0,2.0,1033.3028185462997
7,0.0,1.0,3.0,2000.0
8,0.0,2.0,0.0,1887.807941151019
9,0.0,2.0,1.0,1520.356712518752
10,0.0,2.0,2.0,1238.5441113346462
11,0.0,2.0,3.0,2000.0
