,round,tube,sp,st,final_pop
0,0,0,12,"(0.0, 0.1063989220923299, 0.0015111703434619284, 0.04642784640271252, 0.08672640026861606, 0.0, 0.12675493410285443, 0.0541375537973827, 0.0, 0.13081709610037812)",244
1,0,1,12,"(0.0, 0.1063989220923299, 0.0015111703434619284, 0.04642784640271252, 0.08672640026861606, 0.0, 0.12675493410285443, 0.0541375537973827, 0.0, 0.13081709610037812)",217
2,0,2,12,"(0.0, 0.1063989220923299, 0.0015111703434619284, 0.04642784640271252, 0.08672640026861606, 0.0, 0.12675493410285443, 0.0541375537973827, 0.0, 0.13081709610037812)",257
