,round,tube,nut,amount
0,0.0,0.0,0.0,46.465681658404094
1,0.0,0.0,1.0,2000.0
2,0.0,0.0,2.0,2000.0
3,0.0,0.0,3.0,0.41119882663496965
4,0.0,1.0,0.0,41.29886537879477
5,0.0,1.0,1.0,2000.0
6,0.0,1.0,2.0,2000.0
7,0.0,1.0,3.0,0.30187772940051194
8,0.0,2.0,0.0,37.72414063001481
9,0.0,2.0,1.0,2000.0
10,0.0,2.0,2.0,2000.0
11,0.0,2.0,3.0,0.34503771231460567
