,round,tube,sp_div_H,tot_pop_0,tot_final_pop,tot_auc,mean_fc,deg_score,nut_score
0,0.0,0.0,-0.0,13.0,223.0,11451.0,17.153832958590034,0.32684231043803336,0.29289316471348636
1,0.0,1.0,-0.0,13.0,222.0,9904.0,17.076909940838508,0.3235232907222575,0.2928929654222687
2,0.0,2.0,-0.0,13.0,208.0,12025.0,15.999987692317161,0.3282581763473369,0.29289317863230524
