,round,tube,sp,pop_0,final_pop,st_div_H,auc,fc
0,0.0,0.0,2.0,11.0,123.0,-0.0,4331.0,11.181808016538167
1,0.0,1.0,2.0,11.0,74.0,-0.0,2584.0,6.727266611575808
2,0.0,2.0,2.0,11.0,112.0,-0.0,4896.0,10.18180892562825
