,round,tube,sp_div_H,tot_pop_0,tot_final_pop,tot_auc,mean_fc,deg_score,nut_score
0,0.0,0.0,-0.0,14.0,570.0,29341.0,40.71425663267384,0.21715371705522457,0.3173893219476138
1,0.0,1.0,-0.0,14.0,572.0,28712.0,40.85711367349023,0.21675403719885267,0.31527548013744744
2,0.0,2.0,-0.0,14.0,499.0,30182.0,35.642831683691654,0.21831743983630292,0.3171797932878566
