,round,tube,nut,amount
0,0.0,0.0,0.0,2000.0
1,0.0,0.0,1.0,2000.0
2,0.0,0.0,2.0,0.4626324583224275
3,0.0,0.0,3.0,0.1769842133677919
4,0.0,1.0,0.0,2000.0
5,0.0,1.0,1.0,2000.0
6,0.0,1.0,2.0,0.6908839872410748
7,0.0,1.0,3.0,0.5348826187014293
8,0.0,2.0,0.0,2000.0
9,0.0,2.0,1.0,2000.0
10,0.0,2.0,2.0,0.8684078274950308
11,0.0,2.0,3.0,0.15639442853096241
