,round,tube,sp,st,final_pop
0,0,0,5,"(0.1792078360399821, 0.13151103531888653, 0.06160086076134588, 0.16344142439650497, 0.0, 0.0, 0.0, 0.013026841387469198, 0.0, 0.0)",592
1,0,1,5,"(0.1792078360399821, 0.13151103531888653, 0.06160086076134588, 0.16344142439650497, 0.0, 0.0, 0.0, 0.013026841387469198, 0.0, 0.0)",676
2,0,2,5,"(0.1792078360399821, 0.13151103531888653, 0.06160086076134588, 0.16344142439650497, 0.0, 0.0, 0.0, 0.013026841387469198, 0.0, 0.0)",574
