,round,tube,sp,pop_0,final_pop,st_div_H,auc,fc
0,0.0,0.0,13.0,52.0,1157.0,1.0621477188190005,126621.0,22.24999572115467
1,0.0,1.0,13.0,52.0,1185.0,1.2281369338658672,130840.0,22.78845715606593
2,0.0,2.0,13.0,52.0,1159.0,0.9085520468924516,130404.0,22.288457252219757
