,round,tube,sp,pop_0,final_pop,st_div_H,auc,fc
0,0.0,0.0,3.0,22.0,378.0,0.8801400285711357,38865.0,17.181810371904376
1,0.0,1.0,3.0,22.0,389.0,0.7417940669943106,40547.0,17.681810144631754
2,0.0,2.0,3.0,22.0,378.0,1.089171724556543,40641.0,17.181810371904376
