,round,tube,sp,st,final_pop
0,0,0,7,"(0.0, 0.0, 0.0, 0.0, 0.09862148880874792, 0.0, 0.0, 0.020476708068146766, 0.0, 0.09096695534345425)",424
1,0,0,7,"(0.0, 0.0, 0.0, 0.0, 0.09862148880874792, 0.0, 0.0, 0.015648905196142166, 0.0, 0.09096695534345425)",138
2,0,1,7,"(0.0, 0.0, 0.0, 0.0, 0.09862148880874792, 0.0, 0.0, 0.015648905196142166, 0.0, 0.09096695534345425)",170
3,0,1,7,"(0.0, 0.0, 0.0, 0.0, 0.09862148880874792, 0.0, 0.0, 0.020476708068146766, 0.0, 0.09096695534345425)",408
4,0,2,7,"(0.0, 0.0, 0.0, 0.0, 0.09862148880874792, 0.0, 0.0, 0.015648905196142166, 0.0, 0.09096695534345425)",221
5,0,2,7,"(0.0, 0.0, 0.0, 0.0, 0.09862148880874792, 0.0, 0.0, 0.020476708068146766, 0.0, 0.09096695534345425)",362
