,round,tube,sp_div_H,tot_pop_0,tot_final_pop,tot_auc,mean_fc,deg_score,nut_score
0,0.0,0.0,-0.0,20.0,365.0,59854.0,18.249990875004563,0.054834964602435865,0.4999999842911306
1,0.0,1.0,-0.0,20.0,255.0,52197.0,12.749993625003187,0.05452285987015715,0.39912439342393224
2,0.0,2.0,-0.0,20.0,263.0,51222.0,13.149993425003288,0.04978088849817486,0.39911850296625984
