,round,tube,sp_div_H,tot_pop_0,tot_final_pop,tot_auc,mean_fc,deg_score,nut_score
0,0.0,0.0,-0.0,4.0,535.0,20109.0,133.74966562583595,0.27013953277938196,0.33880133865227835
1,0.0,1.0,-0.0,4.0,538.0,15780.0,134.49966375084063,0.27088592874199224,0.3368153752796166
2,0.0,2.0,-0.0,4.0,508.0,18404.0,126.99968250079375,0.2734706688002638,0.3374451156998052
