,round,tube,nut,amount
0,0.0,0.0,0.0,0.2209671687735642
1,0.0,0.0,1.0,0.4850201564010778
2,0.0,0.0,2.0,2000.0
3,0.0,0.0,3.0,2000.0
4,0.0,1.0,0.0,0.3020247700264162
5,0.0,1.0,1.0,0.8790372710944462
6,0.0,1.0,2.0,2000.0
7,0.0,1.0,3.0,2000.0
8,0.0,2.0,0.0,0.16208652165031395
9,0.0,2.0,1.0,0.38244829860194435
10,0.0,2.0,2.0,2000.0
11,0.0,2.0,3.0,2000.0
