,round,tube,sp_div_H,tot_pop_0,tot_final_pop,tot_auc,mean_fc,deg_score,nut_score
0,0.0,0.0,-0.0,3.0,694.0,30660.0,231.33256222479258,0.16333997346592444,0.2920676222540488
1,0.0,1.0,-0.0,3.0,688.0,33319.0,229.33256889143703,0.16333997346592444,0.29234083858312787
2,0.0,2.0,-0.0,3.0,657.0,33890.0,218.99927000243332,0.16333997346592444,0.29248076754413255
