,round,tube,nut,amount
0,0.0,0.0,0.0,0.46551995627537046
1,0.0,0.0,1.0,0.3782172282149667
2,0.0,0.0,2.0,2000.0
3,0.0,0.0,3.0,0.3146101071851888
4,0.0,1.0,0.0,891.4860317087135
5,0.0,1.0,1.0,0.3142172697608577
6,0.0,1.0,2.0,2000.0
7,0.0,1.0,3.0,0.4338556318584339
8,0.0,2.0,0.0,891.5176932489885
9,0.0,2.0,1.0,0.06619019246627555
10,0.0,2.0,2.0,2000.0
11,0.0,2.0,3.0,0.490967536454173
