,round,tube,sp,pop_0,final_pop,st_div_H,auc,fc
0,0.0,0.0,14.0,12.0,4.0,-0.0,711.0,0.33333305555578707
1,0.0,1.0,14.0,12.0,8.0,-0.0,643.0,0.6666661111115741
2,0.0,2.0,14.0,12.0,2.0,-0.0,433.0,0.16666652777789354
