,round,tube,nut,amount
0,0.0,0.0,0.0,2000.0
1,0.0,0.0,1.0,2000.0
2,0.0,0.0,2.0,0.8353534478182423
3,0.0,0.0,3.0,0.30419608045659885
4,0.0,1.0,0.0,2000.0
5,0.0,1.0,1.0,2000.0
6,0.0,1.0,2.0,0.9449996379995581
7,0.0,1.0,3.0,0.39889433572086297
8,0.0,2.0,0.0,2000.0
9,0.0,2.0,1.0,2000.0
10,0.0,2.0,2.0,0.3562147094490228
11,0.0,2.0,3.0,0.28304412361894293
