,round,tube,sp,pop_0,final_pop,st_div_H,auc,fc
0,0.0,0.0,7.0,13.0,548.0,1.5177059668843187,61958.0,42.1538137278356
1,0.0,1.0,7.0,13.0,533.0,1.63055403510115,62072.0,40.99996846156272
2,0.0,2.0,7.0,13.0,530.0,1.3198360296341303,65696.0,40.76919940830815
