,round,tube,sp_div_H,tot_pop_0,tot_final_pop,tot_auc,mean_fc,deg_score,nut_score
0,0.0,0.0,-0.0,15.0,327.0,49519.0,21.799985466676358,0.18349734170389687,0.9997396778476084
1,0.0,1.0,-0.0,15.0,254.0,40480.0,16.93332204445197,0.15099818745537186,0.4915525530821434
2,0.0,2.0,-0.0,15.0,292.0,49063.0,19.46665368889754,0.17588181848877604,0.771992412532267
