,round,tube,sp_div_H,tot_pop_0,tot_final_pop,tot_auc,mean_fc,deg_score,nut_score
0,0.0,0.0,-0.0,13.0,119.0,9832.0,9.153839112431452,0.13573682768938145,0.13397459511511567
1,0.0,1.0,-0.0,13.0,120.0,10478.0,9.230762130182978,0.1358270393402028,0.1339745919271863
2,0.0,2.0,-0.0,13.0,128.0,10474.0,9.846146272195176,0.13834423536642482,0.13397456919868467
