,round,tube,sp,pop_0,final_pop,st_div_H,auc,fc
0,0.0,0.0,12.0,4.0,223.0,-0.0,35018.0,55.74986062534844
1,0.0,1.0,12.0,4.0,165.0,-0.0,30927.0,41.24989687525782
2,0.0,2.0,12.0,4.0,190.0,-0.0,33724.0,47.49988125029688
