,round,tube,sp_div_H,tot_pop_0,tot_final_pop,tot_auc,mean_fc,deg_score,nut_score
0,0.0,0.0,-0.0,9.0,129.0,9113.0,14.333317407425103,0.14006982303371684,0.1339745962146185
1,0.0,1.0,-0.0,9.0,141.0,8028.0,15.666649259278602,0.13974440236504593,0.13397456842995448
2,0.0,2.0,-0.0,9.0,134.0,7853.0,14.888872345697393,0.14092063406919686,0.1339745907852956
