,round,tube,sp_div_H,tot_pop_0,tot_final_pop,tot_auc,mean_fc,deg_score,nut_score
0,0.0,0.0,-0.0,12.0,347.0,42354.0,28.916642569464525,0.1392450204653316,0.2928931840263438
1,0.0,1.0,-0.0,12.0,330.0,39057.0,27.49997708335243,0.14169440977573555,0.29289318176251067
2,0.0,2.0,-0.0,12.0,339.0,39056.0,28.249976458352954,0.14120270677074542,0.29289318835740974
