,round,tube,nut,amount
0,0.0,0.0,0.0,2000.0
1,0.0,0.0,1.0,0.8650962752159475
2,0.0,0.0,2.0,0.19685240049587382
3,0.0,0.0,3.0,2000.0
4,0.0,1.0,0.0,2000.0
5,0.0,1.0,1.0,0.915015738760166
6,0.0,1.0,2.0,0.03336659985313961
7,0.0,1.0,3.0,2000.0
8,0.0,2.0,0.0,2000.0
9,0.0,2.0,1.0,0.3867970470840755
10,0.0,2.0,2.0,0.7345268120623492
11,0.0,2.0,3.0,2000.0
