,round,tube,sp_div_H,tot_pop_0,tot_final_pop,tot_auc,mean_fc,deg_score,nut_score
0,0.0,0.0,-0.0,13.0,259.0,13909.0,19.923061597644924,0.24622483215365953,0.4999999898318235
1,0.0,1.0,-0.0,13.0,218.0,13754.0,16.76921786983241,0.24463629696821254,0.4986291645680738
2,0.0,2.0,-0.0,13.0,228.0,14145.0,17.538448047347657,0.24459948610475823,0.49863263116414824
