,round,tube,sp_div_H,tot_pop_0,tot_final_pop,tot_auc,mean_fc,deg_score,nut_score
0,0.0,0.0,-0.0,8.0,22.0,606.0,2.749996562504297,0.05215989747269212,0.05890120800266829
1,0.0,1.0,-0.0,8.0,119.0,3945.0,14.874981406273243,0.2596482851285561,0.33984402325927643
2,0.0,2.0,-0.0,8.0,22.0,774.0,2.749996562504297,0.06653835984736445,0.07553070901334269
