,round,tube,sp,pop_0,final_pop,st_div_H,auc,fc
0,0.0,0.0,5.0,28.0,633.0,0.653527190580573,58583.0,22.60713478316615
1,0.0,1.0,5.0,28.0,409.0,0.8615142189668905,50887.0,14.607137640307986
2,0.0,2.0,5.0,28.0,381.0,0.7015688237307368,48481.0,13.607137997450716
