,round,tube,nut,amount
0,0.0,0.0,0.0,2000.0
1,0.0,0.0,1.0,2000.0
2,0.0,0.0,2.0,0.8106895927794955
3,0.0,0.0,3.0,0.18322479015551885
4,0.0,1.0,0.0,2000.0
5,0.0,1.0,1.0,2000.0
6,0.0,1.0,2.0,0.9191569779655469
7,0.0,1.0,3.0,0.30214764917658865
8,0.0,2.0,0.0,2000.0
9,0.0,2.0,1.0,2000.0
10,0.0,2.0,2.0,0.9085016243704267
11,0.0,2.0,3.0,0.2836586530063596
