,round,tube,sp_div_H,tot_pop_0,tot_final_pop,tot_auc,mean_fc,deg_score,nut_score
0,0.0,0.0,-0.0,20.0,482.0,61067.0,24.099987950006025,0.15706410733105813,0.4445552631424524
1,0.0,1.0,-0.0,20.0,425.0,57139.0,21.249989375005313,0.15687494594803464,0.44457216344298556
2,0.0,2.0,-0.0,20.0,439.0,57506.0,21.94998902500549,0.15660384492359192,0.4445689653702858
