,round,tube,sp,pop_0,final_pop,st_div_H,auc,fc
0,0.0,0.0,1.0,1.0,1.0,-0.0,90.0,0.9999900000999989
1,0.0,1.0,1.0,1.0,0.0,,16.0,0.0
2,0.0,2.0,1.0,1.0,8.0,-0.0,239.0,7.9999200007999915
