,round,tube,sp,pop_0,final_pop,st_div_H,auc,fc
0,0.0,0.0,9.0,9.0,85.0,-0.0,5175.0,9.444433950628945
1,0.0,1.0,9.0,9.0,85.0,-0.0,5147.0,9.444433950628945
2,0.0,2.0,9.0,9.0,70.0,-0.0,4789.0,7.777769135812072
