,round,tube,sp,pop_0,final_pop,st_div_H,auc,fc
0,0.0,0.0,8.0,9.0,859.0,-0.0,93498.0,95.44433839517957
1,0.0,1.0,8.0,9.0,921.0,-0.0,95071.0,102.33321962975597
2,0.0,2.0,8.0,9.0,862.0,-0.0,93342.0,95.77767135814294
