,round,tube,sp,pop_0,final_pop,st_div_H,auc,fc
0,0.0,0.0,9.0,15.0,317.0,0.1177724776790407,13167.0,21.133319244453837
1,0.0,1.0,9.0,15.0,294.0,0.05693722443763179,16688.0,19.599986933342045
2,0.0,2.0,9.0,15.0,355.0,0.18373622339708026,11711.0,23.666650888899408
