,round,tube,sp_div_H,tot_pop_0,tot_final_pop,tot_auc,mean_fc,deg_score,nut_score
0,0.0,0.0,-0.0,6.0,99.0,9222.0,16.499972500045835,0.17822708802617926,0.13397459584305327
1,0.0,1.0,-0.0,6.0,77.0,8704.0,12.833311944480092,0.1799121489731036,0.1339745923407607
2,0.0,2.0,-0.0,6.0,103.0,8128.0,17.16663805560324,0.17502244388968924,0.13397458545631558
