,round,tube,sp,pop_0,final_pop,st_div_H,auc,fc
0,0.0,0.0,8.0,1.0,1175.0,-0.0,78578.0,1174.9882501174986
1,0.0,1.0,8.0,1.0,1052.0,-0.0,78353.0,1051.989480105199
2,0.0,2.0,8.0,1.0,1104.0,-0.0,83912.0,1103.988960110399
