,round,tube,sp_div_H,tot_pop_0,tot_final_pop,tot_auc,mean_fc,deg_score,nut_score
0,0.0,0.0,-0.0,8.0,125.0,10177.0,15.624980468774416,0.20348269208847936,0.13397458418634078
1,0.0,1.0,-0.0,8.0,99.0,9589.0,12.374984531269336,0.2063543396388524,0.13397459519979504
2,0.0,2.0,-0.0,8.0,109.0,8079.0,13.62498296877129,0.20864312802876617,0.13397459163144287
