,round,tube,nut,amount
0,0.0,0.0,0.0,0.9772851630003832
1,0.0,0.0,1.0,0.23139742129094948
2,0.0,0.0,2.0,2000.0
3,0.0,0.0,3.0,2000.0
4,0.0,1.0,0.0,0.29653742120141047
5,0.0,1.0,1.0,0.36474273287151715
6,0.0,1.0,2.0,2000.0
7,0.0,1.0,3.0,2000.0
8,0.0,2.0,0.0,0.1146664789498042
9,0.0,2.0,1.0,0.09296723418267172
10,0.0,2.0,2.0,2000.0
11,0.0,2.0,3.0,2000.0
