,round,tube,nut,amount
0,0.0,0.0,0.0,0.5641840418598218
1,0.0,0.0,1.0,0.3520424688894546
2,0.0,0.0,2.0,2000.0
3,0.0,0.0,3.0,1335.990988437806
4,0.0,1.0,0.0,0.3848634018935031
5,0.0,1.0,1.0,0.30581145996940934
6,0.0,1.0,2.0,2000.0
7,0.0,1.0,3.0,27.484781476853644
8,0.0,2.0,0.0,0.32475837907680793
9,0.0,2.0,1.0,0.24830574498063596
10,0.0,2.0,2.0,2000.0
11,0.0,2.0,3.0,0.36582416782081917
