,round,tube,sp,pop_0,final_pop,st_div_H,auc,fc
0,0.0,0.0,1.0,10.0,555.0,0.4876567253281439,41089.0,55.4999445000555
1,0.0,1.0,1.0,10.0,581.0,-0.0,34325.0,58.099941900058106
2,0.0,2.0,1.0,10.0,603.0,0.35567386866424194,40642.0,60.2999397000603
