,round,tube,sp,pop_0,final_pop,st_div_H,auc,fc
0,0.0,0.0,10.0,1.0,138.0,-0.0,12994.0,137.99862001379987
1,0.0,1.0,10.0,1.0,0.0,,2.0,0.0
2,0.0,2.0,10.0,1.0,110.0,-0.0,13030.0,109.99890001099989
