,round,tube,nut,amount
0,0.0,0.0,0.0,1933.959709677007
1,0.0,0.0,1.0,1979.054648541104
2,0.0,0.0,2.0,2000.0
3,0.0,0.0,3.0,2000.0
4,0.0,1.0,0.0,1901.4603329129957
5,0.0,1.0,1.0,1968.747139818965
6,0.0,1.0,2.0,2000.0
7,0.0,1.0,3.0,2000.0
8,0.0,2.0,0.0,1856.7560266642447
9,0.0,2.0,1.0,1954.5687132625785
10,0.0,2.0,2.0,2000.0
11,0.0,2.0,3.0,2000.0
