,round,tube,nut,amount
0,0.0,0.0,0.0,0.3871381258858442
1,0.0,0.0,1.0,2000.0
2,0.0,0.0,2.0,0.3627005562685672
3,0.0,0.0,3.0,350.6415524244785
4,0.0,1.0,0.0,0.2755791870674116
5,0.0,1.0,1.0,2000.0
6,0.0,1.0,2.0,0.3000278240075654
7,0.0,1.0,3.0,350.5898581495179
8,0.0,2.0,0.0,0.32161422113674476
9,0.0,2.0,1.0,2000.0
10,0.0,2.0,2.0,0.25583867487620393
11,0.0,2.0,3.0,350.55340966637004
