,round,tube,sp,pop_0,final_pop,st_div_H,auc,fc
0,0.0,0.0,0.0,4.0,375.0,0.887796788041955,27697.0,93.74976562558595
1,0.0,1.0,0.0,4.0,341.0,1.2568792149438734,25768.0,85.24978687553282
2,0.0,2.0,0.0,4.0,314.0,1.3347871706036394,25204.0,78.49980375049063
