,round,tube,sp_div_H,tot_pop_0,tot_final_pop,tot_auc,mean_fc,deg_score,nut_score
0,0.0,0.0,-0.0,12.0,416.0,33520.0,34.66663777780185,0.2513637926934642,0.2928932034288525
1,0.0,1.0,-0.0,12.0,422.0,35723.0,35.166637361135535,0.2509846029944197,0.2928931983026761
2,0.0,2.0,-0.0,12.0,460.0,35675.0,38.33330138891551,0.24947078291269564,0.2928932081611051
