,round,tube,sp_div_H,tot_pop_0,tot_final_pop,tot_auc,mean_fc,deg_score,nut_score
0,0.0,0.0,-0.0,35.0,565.0,57567.0,16.14285253061356,0.22034426312973965,0.2928931972223815
1,0.0,1.0,-0.0,35.0,579.0,57280.0,16.54285241632788,0.21836516206757095,0.292893176623257
2,0.0,2.0,-0.0,35.0,582.0,56873.0,16.628566677552378,0.21907164397123158,0.29289320982505407
