,round,tube,sp,pop_0,final_pop,st_div_H,auc,fc
0,0.0,0.0,7.0,13.0,5.0,-0.0,447.0,0.38461508875762407
1,0.0,1.0,7.0,13.0,8.0,-0.0,849.0,0.6153841420121985
2,0.0,2.0,7.0,13.0,8.0,-0.0,778.0,0.6153841420121985
