,round,tube,nut,amount
0,0.0,0.0,0.0,1400.443119453957
1,0.0,0.0,1.0,806.5574740310857
2,0.0,0.0,2.0,811.3626116828087
3,0.0,0.0,3.0,2000.0
4,0.0,1.0,0.0,1667.4783212914797
5,0.0,1.0,1.0,1338.101979889059
6,0.0,1.0,2.0,1340.7669688004057
7,0.0,1.0,3.0,2000.0
8,0.0,2.0,0.0,1284.753483450521
9,0.0,2.0,1.0,576.2725154219471
10,0.0,2.0,2.0,582.00484554517
11,0.0,2.0,3.0,2000.0
