,round,tube,sp_div_H,tot_pop_0,tot_final_pop,tot_auc,mean_fc,deg_score,nut_score
0,0.0,0.0,-0.0,14.0,320.0,32200.0,22.85712653062391,0.10282810389619723,0.2928931955858167
1,0.0,1.0,-0.0,14.0,321.0,31132.0,22.928555051032106,0.09184763447627797,0.29289317401069204
2,0.0,2.0,-0.0,14.0,271.0,28650.0,19.357129030622122,0.10544315650064473,0.29289317301565343
