,round,tube,sp_div_H,tot_pop_0,tot_final_pop,tot_auc,mean_fc,deg_score,nut_score
0,0.0,0.0,-0.0,4.0,855.0,85275.0,213.74946562633596,0.11965161465227159,0.2928931999234645
1,0.0,1.0,-0.0,4.0,795.0,86776.0,198.74950312624222,0.12367966558781629,0.29289317838872675
2,0.0,2.0,-0.0,4.0,885.0,86652.0,221.24944687638282,0.12026364479231899,0.2928931840840161
