,round,tube,nut,amount
0,0.0,0.0,0.0,2000.0
1,0.0,0.0,1.0,2000.0
2,0.0,0.0,2.0,0.4492317660659805
3,0.0,0.0,3.0,0.20982720736981397
4,0.0,1.0,0.0,2000.0
5,0.0,1.0,1.0,2000.0
6,0.0,1.0,2.0,0.7606721682228211
7,0.0,1.0,3.0,0.08040508129482404
8,0.0,2.0,0.0,2000.0
9,0.0,2.0,1.0,2000.0
10,0.0,2.0,2.0,0.49107392668326133
11,0.0,2.0,3.0,0.11287001712340938
