,round,tube,sp,st,final_pop
0,0,0,3,"(0.21779408507465228, 0.0, 0.0, 0.11268529061835925, 0.0, 0.0, 0.0829461165449352, 0.201638498493558, 0.13829687168753102, 0.0)",43
1,0,1,3,"(0.21779408507465228, 0.0, 0.0, 0.11268529061835925, 0.0, 0.0, 0.0829461165449352, 0.201638498493558, 0.13829687168753102, 0.0)",39
2,0,2,3,"(0.3248814374237437, 0.0, 0.0, 0.21800635395406198, 0.0, 0.0, 0.08091941014765325, 0.1967116610253586, 0.17948113744918248, 0.0)",1
3,0,2,3,"(0.21779408507465228, 0.0, 0.0, 0.11268529061835925, 0.0, 0.0, 0.0829461165449352, 0.201638498493558, 0.13829687168753102, 0.0)",35
4,0,2,3,"(0.21779408507465228, 0.0, 0.0, 0.11268529061835925, 0.0, 0.0, 0.09044229422075592, 0.201638498493558, 0.13829687168753102, 0.0)",2
