,round,tube,nut,amount
0,0.0,0.0,0.0,0.25310281683315133
1,0.0,0.0,1.0,130.97279734286295
2,0.0,0.0,2.0,2000.0
3,0.0,0.0,3.0,0.37420946983897857
4,0.0,1.0,0.0,0.10929832895812316
5,0.0,1.0,1.0,130.96284580988305
6,0.0,1.0,2.0,2000.0
7,0.0,1.0,3.0,0.36356257183145646
8,0.0,2.0,0.0,0.17381568806497566
9,0.0,2.0,1.0,131.0831079787984
10,0.0,2.0,2.0,2000.0
11,0.0,2.0,3.0,0.49222807988473427
