,round,tube,sp,pop_0,final_pop,st_div_H,auc,fc
0,0.0,0.0,11.0,13.0,529.0,-0.0,43735.0,40.69227639055662
1,0.0,1.0,11.0,13.0,581.0,-0.0,46160.0,44.692273313635916
2,0.0,2.0,11.0,13.0,579.0,-0.0,42424.0,44.538427278132865
