,round,tube,sp_div_H,tot_pop_0,tot_final_pop,tot_auc,mean_fc,deg_score,nut_score
0,0.0,0.0,-0.0,23.0,272.0,51367.0,11.826081814747038,0.04717868397920244,0.3991240636256185
1,0.0,1.0,-0.0,23.0,277.0,51626.0,12.043473024576945,0.04838576862598909,0.39912143249197474
2,0.0,2.0,-0.0,23.0,258.0,50006.0,11.217386427223293,0.045443983189318526,0.399118720596379
