,round,tube,nut,amount
0,0.0,0.0,0.0,2000.0
1,0.0,0.0,1.0,0.14726965637680067
2,0.0,0.0,2.0,0.19966998299372274
3,0.0,0.0,3.0,2000.0
4,0.0,1.0,0.0,2000.0
5,0.0,1.0,1.0,0.97274273469995
6,0.0,1.0,2.0,0.39173327587508566
7,0.0,1.0,3.0,2000.0
8,0.0,2.0,0.0,2000.0
9,0.0,2.0,1.0,0.6708542314351762
10,0.0,2.0,2.0,0.4480487505081577
11,0.0,2.0,3.0,2000.0
