,round,tube,sp,pop_0,final_pop,st_div_H,auc,fc
0,0.0,0.0,8.0,21.0,458.0,1.585474311050401,44547.0,21.809513424041228
1,0.0,1.0,8.0,21.0,446.0,1.359606600237437,39983.0,21.23808512472137
2,0.0,2.0,8.0,21.0,436.0,1.3270021010000004,41734.0,20.761894875288156
