,round,tube,sp_div_H,tot_pop_0,tot_final_pop,tot_auc,mean_fc,deg_score,nut_score
0,0.0,0.0,-0.0,9.0,115.0,9164.0,12.77776358026269,0.20438652358266263,0.13397459401462175
1,0.0,1.0,-0.0,9.0,99.0,8572.0,10.99998777779136,0.20584955460142607,0.13397459456728
2,0.0,2.0,-0.0,9.0,103.0,9220.0,11.44443172840919,0.20702606294629766,0.13397459385533095
