,round,tube,sp_div_H,tot_pop_0,tot_final_pop,tot_auc,mean_fc,deg_score,nut_score
0,0.0,0.0,-0.0,6.0,14.0,684.0,2.3333294444509263,0.07072545973478883,0.06865866121229292
1,0.0,1.0,-0.0,6.0,16.0,765.0,2.66666222222963,0.07869808053181038,0.0762878552223315
2,0.0,2.0,-0.0,6.0,18.0,970.0,2.9999950000083335,0.09879160793738262,0.09557912969900628
