,round,tube,sp_div_H,tot_pop_0,tot_final_pop,tot_auc,mean_fc,deg_score,nut_score
0,0.0,0.0,-0.0,6.0,288.0,21024.0,47.999920000133336,0.18377848682765852,0.29289320967277443
1,0.0,1.0,-0.0,6.0,266.0,21079.0,44.333259444567595,0.18006049007039038,0.2928931798173856
2,0.0,2.0,-0.0,6.0,269.0,20992.0,44.83325861123565,0.17642059984706948,0.2928931970676154
