,round,tube,nut,amount
0,0.0,0.0,0.0,0.3309831330812978
1,0.0,0.0,1.0,2000.0
2,0.0,0.0,2.0,0.38351212134697205
3,0.0,0.0,3.0,350.65871840288395
4,0.0,1.0,0.0,0.5058455107386882
5,0.0,1.0,1.0,2000.0
6,0.0,1.0,2.0,0.4285034793435264
7,0.0,1.0,3.0,350.69582857100505
8,0.0,2.0,0.0,0.4410610605681527
9,0.0,2.0,1.0,2000.0
10,0.0,2.0,2.0,0.3249134035714933
11,0.0,2.0,3.0,350.610384492431
