,round,tube,sp,pop_0,final_pop,st_div_H,auc,fc
0,0.0,0.0,11.0,11.0,592.0,1.5549350020248471,45717.0,53.818132892606464
1,0.0,1.0,11.0,11.0,609.0,1.1162348196556544,44618.0,55.36358603310361
2,0.0,2.0,11.0,11.0,599.0,1.2678401884687776,45514.0,54.45449595045823
