,round,tube,sp_div_H,tot_pop_0,tot_final_pop,tot_auc,mean_fc,deg_score,nut_score
0,0.0,0.0,-0.0,7.0,1.0,259.0,0.14285693877580175,0.02884134644240044,0.028943680460232435
1,0.0,1.0,-0.0,7.0,4.0,434.0,0.571427755103207,0.046529649564767905,0.04713915023389048
2,0.0,2.0,-0.0,7.0,4.0,399.0,0.571427755103207,0.04303444110887478,0.04321893497872853
