,round,tube,sp,pop_0,final_pop,st_div_H,auc,fc
0,0.0,0.0,13.0,7.0,87.0,0.7436570671668945,11116.0,12.428553673494752
1,0.0,1.0,13.0,7.0,97.0,0.5569090272273383,9831.0,13.85712306125277
2,0.0,2.0,13.0,7.0,84.0,0.7127169591787059,11285.0,11.999982857167348
