,round,tube,sp_div_H,tot_pop_0,tot_final_pop,tot_auc,mean_fc,deg_score,nut_score
0,0.0,0.0,-0.0,14.0,624.0,57634.0,44.57139673471662,0.22456084374344942,0.29289320735104896
1,0.0,1.0,-0.0,14.0,592.0,55408.0,42.28568408165423,0.21951088215131298,0.29289320199776714
2,0.0,2.0,-0.0,14.0,610.0,54149.0,43.57139744900182,0.22033811060953357,0.29289320189140455
