,round,tube,nut,amount
0,0.0,0.0,0.0,0.6402945325372478
1,0.0,0.0,1.0,0.2555845943053922
2,0.0,0.0,2.0,2000.0
3,0.0,0.0,3.0,1336.0162645938503
4,0.0,1.0,0.0,0.6053869518362567
5,0.0,1.0,1.0,0.2731373681154544
6,0.0,1.0,2.0,2000.0
7,0.0,1.0,3.0,1336.0046718495475
8,0.0,2.0,0.0,0.23200089505051885
9,0.0,2.0,1.0,0.29640822961871766
10,0.0,2.0,2.0,2000.0
11,0.0,2.0,3.0,0.9195840535652688
