,round,tube,sp_div_H,tot_pop_0,tot_final_pop,tot_auc,mean_fc,deg_score,nut_score
0,0.0,0.0,-0.0,6.0,198.0,28491.0,32.99994500009167,0.1917116374043072,0.2928931824872013
1,0.0,1.0,-0.0,6.0,193.0,28781.0,32.16661305564491,0.19597160461472551,0.292893195205178
2,0.0,2.0,-0.0,6.0,182.0,28838.0,30.33328277786204,0.1927771261828548,0.2928931645289845
