,round,tube,sp,pop_0,final_pop,st_div_H,auc,fc
0,0.0,0.0,7.0,31.0,618.0,0.19420469238607702,61748.0,19.93547744016857
1,0.0,1.0,7.0,31.0,557.0,0.3361940566005105,61308.0,17.967736139439957
2,0.0,2.0,7.0,31.0,591.0,0.3491057476866976,63974.0,19.06450997919033
