,round,tube,nut,amount
0,0.0,0.0,0.0,0.2945092120424784
1,0.0,0.0,1.0,0.9464270129109311
2,0.0,0.0,2.0,2000.0
3,0.0,0.0,3.0,2000.0
4,0.0,1.0,0.0,0.5046103037159098
5,0.0,1.0,1.0,0.9981339725878218
6,0.0,1.0,2.0,2000.0
7,0.0,1.0,3.0,2000.0
8,0.0,2.0,0.0,0.11486329635211234
9,0.0,2.0,1.0,0.21334227921212723
10,0.0,2.0,2.0,2000.0
11,0.0,2.0,3.0,2000.0
