,round,tube,sp_div_H,tot_pop_0,tot_final_pop,tot_auc,mean_fc,deg_score,nut_score
0,0.0,0.0,-0.0,11.0,878.0,99797.0,79.81810925626432,0.10753096389903283,0.29289320265273633
1,0.0,1.0,-0.0,11.0,865.0,97012.0,78.63629214882532,0.1061047954370945,0.2928932111942947
2,0.0,2.0,-0.0,11.0,905.0,94506.0,82.27265247940684,0.1093449272152216,0.2928931899220891
