,round,tube,sp_div_H,tot_pop_0,tot_final_pop,tot_auc,mean_fc,deg_score,nut_score
0,0.0,0.0,-0.0,9.0,106.0,11482.0,11.777764691372566,0.16129713877750007,0.133974596101888
1,0.0,1.0,-0.0,9.0,98.0,10450.0,10.8888767901369,0.16095443461394032,0.13397458569318688
2,0.0,2.0,-0.0,9.0,108.0,9389.0,11.999986666681481,0.15845603928088114,0.13397457731783602
