,round,tube,nut,amount
0,0.0,0.0,0.0,2000.0
1,0.0,0.0,1.0,2000.0
2,0.0,0.0,2.0,0.11020439304044993
3,0.0,0.0,3.0,1072.1795125680635
4,0.0,1.0,0.0,2000.0
5,0.0,1.0,1.0,2000.0
6,0.0,1.0,2.0,0.5108393941759533
7,0.0,1.0,3.0,352.545332693308
8,0.0,2.0,0.0,2000.0
9,0.0,2.0,1.0,2000.0
10,0.0,2.0,2.0,0.7538537809947982
11,0.0,2.0,3.0,31.39262526531025
