,round,tube,nut,amount
0,0.0,0.0,0.0,938.2249252533544
1,0.0,0.0,1.0,402.82975524717375
2,0.0,0.0,2.0,2000.0
3,0.0,0.0,3.0,2000.0
4,0.0,1.0,0.0,760.695043715345
5,0.0,1.0,1.0,135.78125214056277
6,0.0,1.0,2.0,2000.0
7,0.0,1.0,3.0,2000.0
8,0.0,2.0,0.0,925.2496272261372
9,0.0,2.0,1.0,383.31172320934945
10,0.0,2.0,2.0,2000.0
11,0.0,2.0,3.0,2000.0
