,round,tube,nut,amount
0,0.0,0.0,0.0,0.19999166226084042
1,0.0,0.0,1.0,2000.0
2,0.0,0.0,2.0,0.7539230547274871
3,0.0,0.0,3.0,2000.0
4,0.0,1.0,0.0,0.31563090615404743
5,0.0,1.0,1.0,2000.0
6,0.0,1.0,2.0,0.40647274614920015
7,0.0,1.0,3.0,2000.0
8,0.0,2.0,0.0,0.3670789641485881
9,0.0,2.0,1.0,2000.0
10,0.0,2.0,2.0,0.19858856848562745
11,0.0,2.0,3.0,2000.0
