,round,tube,nut,amount
0,0.0,0.0,0.0,2000.0
1,0.0,0.0,1.0,0.848868753867932
2,0.0,0.0,2.0,2000.0
3,0.0,0.0,3.0,0.0562639818096482
4,0.0,1.0,0.0,2000.0
5,0.0,1.0,1.0,0.908420066483437
6,0.0,1.0,2.0,2000.0
7,0.0,1.0,3.0,0.2610494726857837
8,0.0,2.0,0.0,2000.0
9,0.0,2.0,1.0,0.6134071602673195
10,0.0,2.0,2.0,2000.0
11,0.0,2.0,3.0,0.11298445061056483
