,round,tube,sp,pop_0,final_pop,st_div_H,auc,fc
0,0.0,0.0,7.0,27.0,553.0,1.0612197174917017,65199.0,20.48147389575041
1,0.0,1.0,7.0,27.0,476.0,1.1538947619702293,61948.0,17.629623100139593
2,0.0,2.0,7.0,27.0,530.0,1.4196867623136258,64730.0,19.629622359399125
