,round,tube,sp,pop_0,final_pop,st_div_H,auc,fc
0,0.0,0.0,11.0,10.0,35.0,-0.0,22448.0,3.4999965000035003
1,0.0,1.0,11.0,10.0,36.0,-0.0,18489.0,3.5999964000036
2,0.0,2.0,11.0,10.0,45.0,-0.0,19366.0,4.4999955000045
