,round,tube,sp_div_H,tot_pop_0,tot_final_pop,tot_auc,mean_fc,deg_score,nut_score
0,0.0,0.0,-0.0,9.0,206.0,34178.0,22.88886345681838,0.17211983722846902,0.29289321677733215
1,0.0,1.0,-0.0,9.0,173.0,30921.0,19.222200864221264,0.17504389779968776,0.29289318476490045
2,0.0,2.0,-0.0,9.0,157.0,31302.0,17.444425061749932,0.17646363356797934,0.29289318522296626
