,round,tube,nut,amount
0,0.0,0.0,0.0,2000.0
1,0.0,0.0,1.0,2000.0
2,0.0,0.0,2.0,1951.5086468607801
3,0.0,0.0,3.0,220.17081937134978
4,0.0,1.0,0.0,2000.0
5,0.0,1.0,1.0,2000.0
6,0.0,1.0,2.0,1956.0511851109757
7,0.0,1.0,3.0,386.90038265262467
8,0.0,2.0,0.0,2000.0
9,0.0,2.0,1.0,2000.0
10,0.0,2.0,2.0,1530.5891326234052
11,0.0,2.0,3.0,0.720851939816185
