,round,tube,sp_div_H,tot_pop_0,tot_final_pop,tot_auc,mean_fc,deg_score,nut_score
0,0.0,0.0,-0.0,10.0,310.0,14641.0,30.999969000031,0.14308580529653903,0.24849861964535935
1,0.0,1.0,-0.0,10.0,381.0,17188.0,38.0999619000381,0.1462867954128123,0.2657657661683942
2,0.0,2.0,-0.0,10.0,480.0,20775.0,47.999952000048005,0.14799037412008287,0.27882810770972066
