,round,tube,sp,pop_0,final_pop,st_div_H,auc,fc
0,0.0,0.0,8.0,7.0,257.0,-0.0,10631.0,36.714233265381054
1,0.0,1.0,8.0,7.0,257.0,-0.0,9013.0,36.714233265381054
2,0.0,2.0,8.0,7.0,272.0,-0.0,8492.0,38.85708734701808
