,round,tube,sp_div_H,tot_pop_0,tot_final_pop,tot_auc,mean_fc,deg_score,nut_score
0,0.0,0.0,-0.0,12.0,122.0,12037.0,10.166658194451506,0.19490153071411276,0.13397458785167893
1,0.0,1.0,-0.0,12.0,115.0,10930.0,9.583325347228877,0.1966581935658065,0.13397459471510187
2,0.0,2.0,-0.0,12.0,132.0,12320.0,10.999990833340972,0.19636595958050762,0.13397459331587003
