,round,tube,nut,amount
0,0.0,0.0,0.0,2000.0
1,0.0,0.0,1.0,0.7638007611928592
2,0.0,0.0,2.0,2000.0
3,0.0,0.0,3.0,0.5508104762629351
4,0.0,1.0,0.0,2000.0
5,0.0,1.0,1.0,0.62623682062794
6,0.0,1.0,2.0,2000.0
7,0.0,1.0,3.0,0.48146947001128115
8,0.0,2.0,0.0,2000.0
9,0.0,2.0,1.0,0.837481001719377
10,0.0,2.0,2.0,2000.0
11,0.0,2.0,3.0,0.7847273942401021
