,round,tube,sp_div_H,tot_pop_0,tot_final_pop,tot_auc,mean_fc,deg_score,nut_score
0,0.0,0.0,-0.0,4.0,367.0,13702.0,91.74977062557345,0.012150855173494679,0.23894098905380534
1,0.0,1.0,-0.0,4.0,405.0,16254.0,101.24974687563282,0.013470423711301693,0.255821830768152
2,0.0,2.0,-0.0,4.0,404.0,16302.0,100.99974750063126,0.013864406954118724,0.255041987662883
