,round,tube,sp_div_H,tot_pop_0,tot_final_pop,tot_auc,mean_fc,deg_score,nut_score
0,0.0,0.0,-0.0,18.0,479.0,49572.0,26.611096327168706,0.16123653624629797,0.2928931788596212
1,0.0,1.0,-0.0,18.0,522.0,51876.0,28.99998388889784,0.1610648300757963,0.29289320410126896
2,0.0,2.0,-0.0,18.0,495.0,48189.0,27.49998472223071,0.16135508464720938,0.2928931897113578
