,round,tube,sp,st,final_pop
0,0,0,12,"(0.1431438549521808, 0.059639017060476036, 0.0, 0.0, 0.0, 0.0, 0.12271375148622075, 0.03136034292200992, 0.0, 0.057272911791666214)",79
1,0,0,12,"(0.1431438549521808, 0.07199807317032848, 0.0, 0.0, 0.0, 0.0, 0.12271375148622075, 0.05107774537518032, 0.0, 0.08114048126625345)",6
2,0,1,12,"(0.1431438549521808, 0.07098421666459682, 0.0, 0.0, 0.0, 0.0, 0.12271375148622075, 0.05107774537518032, 0.0, 0.057272911791666214)",53
3,0,1,12,"(0.1431438549521808, 0.07199807317032848, 0.0, 0.0, 0.0, 0.0, 0.12271375148622075, 0.05107774537518032, 0.0, 0.08114048126625345)",17
4,0,1,12,"(0.1431438549521808, 0.059639017060476036, 0.0, 0.0, 0.0, 0.0, 0.12271375148622075, 0.03136034292200992, 0.0, 0.057272911791666214)",33
5,0,2,12,"(0.1431438549521808, 0.07098421666459682, 0.0, 0.0, 0.0, 0.0, 0.12271375148622075, 0.05107774537518032, 0.0, 0.057272911791666214)",4
6,0,2,12,"(0.1431438549521808, 0.059639017060476036, 0.0, 0.0, 0.0, 0.0, 0.12271375148622075, 0.03136034292200992, 0.0, 0.057272911791666214)",129
7,0,2,12,"(0.1431438549521808, 0.07199807317032848, 0.0, 0.0, 0.0, 0.0, 0.12271375148622075, 0.05107774537518032, 0.0, 0.08114048126625345)",4
