,round,tube,nut,amount
0,0.0,0.0,0.0,2000.0
1,0.0,0.0,1.0,1991.6428606572035
2,0.0,0.0,2.0,1998.1086850599113
3,0.0,0.0,3.0,1998.2484542840912
4,0.0,1.0,0.0,2000.0
5,0.0,1.0,1.0,1996.5178586071681
6,0.0,1.0,2.0,1999.2119521082964
7,0.0,1.0,3.0,1999.270189285038
8,0.0,2.0,0.0,2000.0
9,0.0,2.0,1.0,1241.3705068392103
10,0.0,2.0,2.0,1828.313584881779
11,0.0,2.0,3.0,1841.001306283683
