,round,tube,sp_div_H,tot_pop_0,tot_final_pop,tot_auc,mean_fc,deg_score,nut_score
0,0.0,0.0,-0.0,19.0,538.0,66298.0,28.31577457064496,0.14461614053705973,0.2928932089021762
1,0.0,1.0,-0.0,19.0,532.0,63659.0,27.99998526316565,0.1465620477644347,0.2928932079340534
2,0.0,2.0,-0.0,19.0,492.0,64025.0,25.89472321330357,0.14694650802251152,0.2928932158302665
