,round,tube,sp,pop_0,final_pop,st_div_H,auc,fc
0,0.0,0.0,12.0,8.0,201.0,-0.0,9369.0,25.12496859378926
1,0.0,1.0,12.0,8.0,148.0,-0.0,3449.0,18.499976875028906
2,0.0,2.0,12.0,8.0,205.0,-0.0,8060.0,25.624967968790042
