,round,tube,nut,amount
0,0.0,0.0,0.0,1740.7505770387293
1,0.0,0.0,1.0,1747.0265295515885
2,0.0,0.0,2.0,2000.0
3,0.0,0.0,3.0,2000.0
4,0.0,1.0,0.0,1760.024934205129
5,0.0,1.0,1.0,1765.8342899213278
6,0.0,1.0,2.0,2000.0
7,0.0,1.0,3.0,2000.0
8,0.0,2.0,0.0,1827.3501489647626
9,0.0,2.0,1.0,1831.529684849832
10,0.0,2.0,2.0,2000.0
11,0.0,2.0,3.0,2000.0
