,round,tube,sp_div_H,tot_pop_0,tot_final_pop,tot_auc,mean_fc,deg_score,nut_score
0,0.0,0.0,-0.0,8.0,38.0,1738.0,4.749994062507422,0.10707219117345967,0.10325726086968112
1,0.0,1.0,-0.0,8.0,4.0,413.0,0.4999993750007813,0.0297455602808957,0.03180525241344434
2,0.0,2.0,0.0,8.0,0.0,237.0,0.0,0.017513415055795067,0.01856830109505858
