,round,tube,nut,amount
0,0.0,0.0,0.0,1955.8736428582217
1,0.0,0.0,1.0,1811.3510775968107
2,0.0,0.0,2.0,1700.5111160658298
3,0.0,0.0,3.0,2000.0
4,0.0,1.0,0.0,1929.4198956068906
5,0.0,1.0,1.0,1698.2560650977184
6,0.0,1.0,2.0,1520.9675563126013
7,0.0,1.0,3.0,2000.0
8,0.0,2.0,0.0,1984.9806433723127
9,0.0,2.0,1.0,1935.7892736556687
10,0.0,2.0,2.0,1898.062504018098
11,0.0,2.0,3.0,2000.0
