,round,tube,sp,pop_0,final_pop,st_div_H,auc,fc
0,0.0,0.0,12.0,12.0,200.0,-0.0,27804.0,16.666652777789352
1,0.0,1.0,12.0,12.0,177.0,-0.0,28425.0,14.749987708343577
2,0.0,2.0,12.0,12.0,180.0,-0.0,29515.0,14.999987500010418
