,round,tube,sp_div_H,tot_pop_0,tot_final_pop,tot_auc,mean_fc,deg_score,nut_score
0,0.0,0.0,-0.0,11.0,168.0,17010.0,15.272713388442375,0.1123400992246324,0.13397458977714982
1,0.0,1.0,-0.0,11.0,168.0,18221.0,15.272713388442375,0.10398683007925358,0.1339745831967626
2,0.0,2.0,-0.0,11.0,163.0,17070.0,14.818168347119684,0.10819337372672033,0.13397457212609676
