,round,tube,nut,amount
0,0.0,0.0,0.0,0.26693909671473526
1,0.0,0.0,1.0,130.94214710592115
2,0.0,0.0,2.0,2000.0
3,0.0,0.0,3.0,0.34141754249096296
4,0.0,1.0,0.0,0.2909454349753139
5,0.0,1.0,1.0,0.7545927114668382
6,0.0,1.0,2.0,2000.0
7,0.0,1.0,3.0,0.20464751472619142
8,0.0,2.0,0.0,0.32338019968625387
9,0.0,2.0,1.0,0.8017335086485636
10,0.0,2.0,2.0,2000.0
11,0.0,2.0,3.0,0.27203018224349657
