,round,tube,sp,st,final_pop
0,0,0,11,"(0.0, 0.0, 0.09864539577037362, 0.03787588914346826, 0.0, 0.030645849071221472, 0.16773790467281977, 0.08028238650273146, 0.026121609841380632, 0.0)",469
1,0,0,11,"(0.0, 0.0, 0.09864539577037362, 0.03787588914346826, 0.0, 0.030645849071221472, 0.18958278877051327, 0.058825245315854834, 0.021347154825713407, 0.0)",211
2,0,1,11,"(0.0, 0.0, 0.09864539577037362, 0.03787588914346826, 0.0, 0.030645849071221472, 0.16773790467281977, 0.08028238650273146, 0.026121609841380632, 0.0)",495
3,0,1,11,"(0.0, 0.0, 0.09864539577037362, 0.03787588914346826, 0.0, 0.030645849071221472, 0.18958278877051327, 0.058825245315854834, 0.021347154825713407, 0.0)",169
4,0,2,11,"(0.0, 0.0, 0.09864539577037362, 0.03787588914346826, 0.0, 0.030645849071221472, 0.18958278877051327, 0.058825245315854834, 0.021347154825713407, 0.0)",40
5,0,2,11,"(0.0, 0.0, 0.09864539577037362, 0.03787588914346826, 0.0, 0.030645849071221472, 0.16773790467281977, 0.08028238650273146, 0.026121609841380632, 0.0)",616
