,round,tube,sp,pop_0,final_pop,st_div_H,auc,fc
0,0.0,0.0,1.0,7.0,493.0,1.3043081460307735,64309.0,70.42847081647027
1,0.0,1.0,1.0,7.0,440.0,1.4489282034710218,59936.0,62.85705306135277
2,0.0,2.0,1.0,7.0,517.0,1.41887427132828,65517.0,73.8570373470895
