,round,tube,sp,pop_0,final_pop,st_div_H,auc,fc
0,0.0,0.0,13.0,7.0,350.0,0.824906257846926,43652.0,49.99992857153062
1,0.0,1.0,13.0,7.0,358.0,0.6692205203299628,44557.0,51.14278408173703
2,0.0,2.0,13.0,7.0,325.0,0.6927636995855564,36681.0,46.428505102135574
