,round,tube,sp_div_H,tot_pop_0,tot_final_pop,tot_auc,mean_fc,deg_score,nut_score
0,0.0,0.0,-0.0,2.0,310.0,6361.0,154.99922500387498,0.26272505299975013,0.4288927699037792
1,0.0,1.0,-0.0,2.0,155.0,3092.0,77.49961250193749,0.16481635684849005,0.2718293249334547
2,0.0,2.0,-0.0,2.0,186.0,3537.0,92.99953500232499,0.1831924776276821,0.3049910493971072
