,round,tube,sp,st,final_pop
0,0,0,11,"(0.09033430006888621, 0.14970886995698662, 0.0, 0.0, 0.0, 0.04688669779969397, 0.0, 0.08279881135943302, 0.0, 0.01812760691895582)",456
1,0,0,11,"(0.09033430006888621, 0.2058498788984815, 0.0, 0.0, 0.0, 0.04688669779969397, 0.0, 0.08279881135943302, 0.0, 0.01812760691895582)",10
2,0,0,11,"(0.09033430006888621, 0.14970886995698662, 0.0, 0.0, 0.0, 0.04688669779969397, 0.0, 0.09628925256273213, 0.0, 0.01812760691895582)",95
3,0,1,11,"(0.09033430006888621, 0.2058498788984815, 0.0, 0.0, 0.0, 0.04688669779969397, 0.0, 0.08279881135943302, 0.0, 0.01812760691895582)",22
4,0,1,11,"(0.09033430006888621, 0.14970886995698662, 0.0, 0.0, 0.0, 0.04688669779969397, 0.0, 0.09628925256273213, 0.0, 0.01812760691895582)",196
5,0,1,11,"(0.09033430006888621, 0.14970886995698662, 0.0, 0.0, 0.0, 0.04688669779969397, 0.0, 0.08279881135943302, 0.0, 0.01812760691895582)",293
6,0,2,11,"(0.09033430006888621, 0.14970886995698662, 0.0, 0.0, 0.0, 0.04688669779969397, 0.0, 0.09628925256273213, 0.0, 0.01812760691895582)",102
7,0,2,11,"(0.09033430006888621, 0.2058498788984815, 0.0, 0.0, 0.0, 0.04688669779969397, 0.0, 0.08279881135943302, 0.0, 0.01812760691895582)",50
8,0,2,11,"(0.09033430006888621, 0.14970886995698662, 0.0, 0.0, 0.0, 0.04688669779969397, 0.0, 0.08279881135943302, 0.0, 0.01812760691895582)",363
