,round,tube,sp_div_H,tot_pop_0,tot_final_pop,tot_auc,mean_fc,deg_score,nut_score
0,0.0,0.0,-0.0,12.0,63.0,13281.0,5.249995625003646,0.14258060411834028,0.13397457225465448
1,0.0,1.0,-0.0,12.0,68.0,14022.0,5.6666619444483795,0.1454978305841701,0.1339745955193895
2,0.0,2.0,-0.0,12.0,50.0,12741.0,4.166663194447338,0.1452977868275468,0.13397456170240707
