,round,tube,sp,pop_0,final_pop,st_div_H,auc,fc
0,0.0,0.0,13.0,7.0,91.0,-0.0,7837.0,12.99998142859796
1,0.0,1.0,13.0,7.0,92.0,-0.0,8402.0,13.142838367373761
2,0.0,2.0,13.0,7.0,88.0,-0.0,8870.0,12.571410612270554
