,round,tube,sp_div_H,tot_pop_0,tot_final_pop,tot_auc,mean_fc,deg_score,nut_score
0,0.0,0.0,0.0,10.0,0.0,168.0,0.0,0.02129420712223229,0.01871833902224107
1,0.0,1.0,-0.0,10.0,1.0,369.0,0.0999999000001,0.04520172049774629,0.040228235544058744
2,0.0,2.0,-0.0,10.0,1.0,290.0,0.0999999000001,0.03595248223814562,0.031976974790126844
