,round,tube,sp,st,final_pop
0,0,0,8,"(0.16017755797320565, 0.046525949225991035, 0.0, 0.0, 0.07022106556493442, 0.0, 0.08319516954615302, 0.14831598040398378, 0.0, 0.0)",220
1,0,1,8,"(0.16017755797320565, 0.046525949225991035, 0.0, 0.0, 0.07022106556493442, 0.0, 0.08319516954615302, 0.14831598040398378, 0.0, 0.0)",253
2,0,2,8,"(0.16017755797320565, 0.046525949225991035, 0.0, 0.0, 0.07022106556493442, 0.0, 0.08319516954615302, 0.14831598040398378, 0.0, 0.0)",254
