,round,tube,sp_div_H,tot_pop_0,tot_final_pop,tot_auc,mean_fc,deg_score,nut_score
0,0.0,0.0,-0.0,12.0,273.0,22168.0,22.749981041682467,0.014112906248581192,0.2791110849313967
1,0.0,1.0,-0.0,12.0,374.0,21206.0,31.16664069446609,0.01487780807520489,0.27613609701537545
2,0.0,2.0,-0.0,12.0,268.0,22798.0,22.33331472223773,0.014379843251218216,0.2830890720700602
