,round,tube,sp,pop_0,final_pop,st_div_H,auc,fc
0,0.0,0.0,11.0,25.0,622.0,0.4588700906257825,57972.0,24.879990048003982
1,0.0,1.0,11.0,25.0,629.0,0.3614873542548279,59939.0,25.159989936004028
2,0.0,2.0,11.0,25.0,595.0,0.3202205836332184,58581.0,23.799990480003807
