,round,tube,nut,amount
0,0.0,0.0,0.0,0.3358208449037545
1,0.0,0.0,1.0,0.11346202535069522
2,0.0,0.0,2.0,812.8878530611945
3,0.0,0.0,3.0,0.5596968878184845
4,0.0,1.0,0.0,0.47987253436907085
5,0.0,1.0,1.0,0.27720789738683876
6,0.0,1.0,2.0,1677.470000830108
7,0.0,1.0,3.0,1456.7661690885932
8,0.0,2.0,0.0,0.4067296304282666
9,0.0,2.0,1.0,0.07478489950322392
10,0.0,2.0,2.0,812.8275889482339
11,0.0,2.0,3.0,0.45819468637383526
