,round,tube,sp,pop_0,final_pop,st_div_H,auc,fc
0,0.0,0.0,1.0,28.0,520.0,0.5824922438849605,47915.0,18.571421938777878
1,0.0,1.0,1.0,28.0,527.0,0.536487122338361,46383.0,18.821421849492197
2,0.0,2.0,1.0,28.0,533.0,0.5699334044749863,44906.0,19.035707487247326
