,round,tube,sp_div_H,tot_pop_0,tot_final_pop,tot_auc,mean_fc,deg_score,nut_score
0,0.0,0.0,-0.0,3.0,92.0,6906.0,30.666564444785184,0.16763321580592938,0.13397458661912165
1,0.0,1.0,-0.0,3.0,109.0,6226.0,36.333212222625924,0.17150373660567375,0.1339745954435746
2,0.0,2.0,-0.0,3.0,95.0,7436.0,31.66656111146296,0.17008588149670134,0.13397457227643694
