,round,tube,nut,amount
0,0.0,0.0,0.0,0.4072459645813753
1,0.0,0.0,1.0,2000.0
2,0.0,0.0,2.0,0.24256807262808344
3,0.0,0.0,3.0,2000.0
4,0.0,1.0,0.0,0.9672631551247743
5,0.0,1.0,1.0,2000.0
6,0.0,1.0,2.0,0.48638820903514096
7,0.0,1.0,3.0,2000.0
8,0.0,2.0,0.0,0.5640609253792959
9,0.0,2.0,1.0,2000.0
10,0.0,2.0,2.0,0.00882085094381413
11,0.0,2.0,3.0,2000.0
