,round,tube,sp_div_H,tot_pop_0,tot_final_pop,tot_auc,mean_fc,deg_score,nut_score
0,0.0,0.0,-0.0,4.0,889.0,85757.0,222.24944437638908,0.13245987695299533,0.2928932065530656
1,0.0,1.0,-0.0,4.0,909.0,81867.0,227.24943187642032,0.13428695608842012,0.29289321392321455
2,0.0,2.0,-0.0,4.0,993.0,82635.0,248.2493793765516,0.1232853618440537,0.29289318181236257
