,round,tube,sp_div_H,tot_pop_0,tot_final_pop,tot_auc,mean_fc,deg_score,nut_score
0,0.0,0.0,-0.0,3.0,938.0,91192.0,312.6656244479185,0.1168286534287003,0.29289317695060624
1,0.0,1.0,-0.0,3.0,900.0,87963.0,299.9990000033333,0.11735059057103026,0.29289319303979033
2,0.0,2.0,-0.0,3.0,941.0,86809.0,313.66562111459626,0.1135558086551659,0.2928931793204699
