,round,tube,nut,amount
0,0.0,0.0,0.0,1589.4073460517288
1,0.0,0.0,1.0,2000.0
2,0.0,0.0,2.0,2000.0
3,0.0,0.0,3.0,1818.7537909823945
4,0.0,1.0,0.0,1609.5357594605089
5,0.0,1.0,1.0,2000.0
6,0.0,1.0,2.0,2000.0
7,0.0,1.0,3.0,1827.6389928699637
8,0.0,2.0,0.0,1556.1682454717647
9,0.0,2.0,1.0,2000.0
10,0.0,2.0,2.0,2000.0
11,0.0,2.0,3.0,1804.0811929382191
