,round,tube,sp_div_H,tot_pop_0,tot_final_pop,tot_auc,mean_fc,deg_score,nut_score
0,0.0,0.0,-0.0,12.0,495.0,55765.0,41.24996562502865,0.14988498026488895,0.4445571257260965
1,0.0,1.0,-0.0,12.0,989.0,83078.0,82.41659798616834,0.1630669415228041,0.796801767106482
2,0.0,2.0,-0.0,12.0,909.0,80288.0,75.74993687505261,0.16385855618751266,0.7967682332836097
