,round,tube,sp,st,final_pop
0,0,0,9,"(0.07837901232899364, 0.16514218036350897, 0.0, 0.0, 0.0, 0.08425309772632815, 0.0, 0.0, 0.11018301950735518, 0.14588650624901553)",20
1,0,0,9,"(0.0943621242618549, 0.16514218036350897, 0.0, 0.0, 0.0, 0.08425309772632815, 0.0, 0.0, 0.11018301950735518, 0.14588650624901553)",62
2,0,1,9,"(0.0943621242618549, 0.16514218036350897, 0.0, 0.0, 0.0, 0.08425309772632815, 0.0, 0.0, 0.11018301950735518, 0.14588650624901553)",55
3,0,1,9,"(0.07837901232899364, 0.16514218036350897, 0.0, 0.0, 0.0, 0.08425309772632815, 0.0, 0.0, 0.11018301950735518, 0.14588650624901553)",21
4,0,2,9,"(0.0943621242618549, 0.16514218036350897, 0.0, 0.0, 0.0, 0.08425309772632815, 0.0, 0.0, 0.11018301950735518, 0.14588650624901553)",59
5,0,2,9,"(0.07837901232899364, 0.16514218036350897, 0.0, 0.0, 0.0, 0.08425309772632815, 0.0, 0.0, 0.11018301950735518, 0.14588650624901553)",52
