,round,tube,sp,pop_0,final_pop,st_div_H,auc,fc
0,0.0,0.0,4.0,13.0,43.0,-0.0,1977.0,3.3076897633155666
1,0.0,1.0,4.0,13.0,27.0,-0.0,1237.0,2.07692147929117
2,0.0,2.0,4.0,13.0,54.0,-0.0,2152.0,4.15384295858234
