,round,tube,sp,pop_0,final_pop,st_div_H,auc,fc
0,0.0,0.0,9.0,13.0,109.0,0.12602328734947899,9961.0,8.384608934916205
1,0.0,1.0,9.0,13.0,102.0,0.22371807606583377,9174.0,7.8461478106555305
2,0.0,2.0,9.0,13.0,111.0,-0.0,10937.0,8.538454970419254
