,round,tube,sp_div_H,tot_pop_0,tot_final_pop,tot_auc,mean_fc,deg_score,nut_score
0,0.0,0.0,-0.0,11.0,408.0,21368.0,37.09087537193148,0.15928375884633805,0.2925692037458859
1,0.0,1.0,-0.0,11.0,403.0,24442.0,36.63633033060879,0.16355267838451448,0.29286428214156257
2,0.0,2.0,-0.0,11.0,396.0,26128.0,35.999967272757026,0.1632633672938516,0.2928805306894473
