,round,tube,sp,pop_0,final_pop,st_div_H,auc,fc
0,0.0,0.0,14.0,16.0,4.0,-0.0,740.0,0.24999984375009765
1,0.0,1.0,14.0,16.0,10.0,-0.0,1063.0,0.6249996093752441
2,0.0,2.0,14.0,16.0,5.0,-0.0,752.0,0.31249980468762206
