,round,tube,nut,amount
0,0.0,0.0,0.0,0.18972538191229638
1,0.0,0.0,1.0,0.5898179859066777
2,0.0,0.0,2.0,2000.0
3,0.0,0.0,3.0,2000.0
4,0.0,1.0,0.0,0.9529856258065335
5,0.0,1.0,1.0,0.20554860017818322
6,0.0,1.0,2.0,2000.0
7,0.0,1.0,3.0,2000.0
8,0.0,2.0,0.0,0.80518526814486
9,0.0,2.0,1.0,0.3531679318132445
10,0.0,2.0,2.0,2000.0
11,0.0,2.0,3.0,2000.0
