,round,tube,sp,pop_0,final_pop,st_div_H,auc,fc
0,0.0,0.0,3.0,8.0,503.0,0.31936686489458477,27166.0,62.87492140634824
1,0.0,1.0,3.0,8.0,477.0,0.6274370336771098,22879.0,59.624925468843166
2,0.0,2.0,3.0,8.0,423.0,0.3388856117085273,25322.0,52.87493390633262
