,round,tube,nut,amount
0,0.0,0.0,0.0,0.2790451148242372
1,0.0,0.0,1.0,0.230211798791066
2,0.0,0.0,2.0,2000.0
3,0.0,0.0,3.0,2000.0
4,0.0,1.0,0.0,0.4915073215212742
5,0.0,1.0,1.0,0.1677259657474397
6,0.0,1.0,2.0,2000.0
7,0.0,1.0,3.0,2000.0
8,0.0,2.0,0.0,0.4278029758466668
9,0.0,2.0,1.0,0.1871554035114824
10,0.0,2.0,2.0,2000.0
11,0.0,2.0,3.0,2000.0
