,round,tube,sp_div_H,tot_pop_0,tot_final_pop,tot_auc,mean_fc,deg_score,nut_score
0,0.0,0.0,0.0,9.0,0.0,253.0,0.0,0.03228674171895363,0.03024627622635323
1,0.0,1.0,-0.0,9.0,1.0,299.0,0.11111098765445816,0.037880455739273566,0.03549081203619475
2,0.0,2.0,-0.0,9.0,2.0,307.0,0.22222197530891633,0.03874638368045169,0.03612714797316596
