,round,tube,nut,amount
0,0.0,0.0,0.0,1921.1994684495048
1,0.0,0.0,1.0,1912.4023737829946
2,0.0,0.0,2.0,2000.0
3,0.0,0.0,3.0,1923.139703595186
4,0.0,1.0,0.0,1907.4467312598722
5,0.0,1.0,1.0,1897.1143153385337
6,0.0,1.0,2.0,2000.0
7,0.0,1.0,3.0,1909.725587776741
8,0.0,2.0,0.0,1905.7761840857863
9,0.0,2.0,1.0,1895.2572724474016
10,0.0,2.0,2.0,2000.0
11,0.0,2.0,3.0,1908.0961729944702
