,round,tube,nut,amount
0,0.0,0.0,0.0,2000.0
1,0.0,0.0,1.0,1246.1803417935064
2,0.0,0.0,2.0,621.8716103327118
3,0.0,0.0,3.0,2000.0
4,0.0,1.0,0.0,2000.0
5,0.0,1.0,1.0,1311.3236211243895
6,0.0,1.0,2.0,740.9661466247322
7,0.0,1.0,3.0,2000.0
8,0.0,2.0,0.0,2000.0
9,0.0,2.0,1.0,1208.7889938107865
10,0.0,2.0,2.0,553.5129815520305
11,0.0,2.0,3.0,2000.0
