,round,tube,sp,pop_0,final_pop,st_div_H,auc,fc
0,0.0,0.0,8.0,12.0,218.0,0.29590790350314244,15468.0,18.166651527790393
1,0.0,1.0,8.0,12.0,245.0,0.4244750132152966,14401.0,20.416649652791957
2,0.0,2.0,8.0,12.0,230.0,0.44822111110173146,15689.0,19.166650694457754
