,round,tube,sp_div_H,tot_pop_0,tot_final_pop,tot_auc,mean_fc,deg_score,nut_score
0,0.0,0.0,-0.0,7.0,282.0,16427.0,40.2856567347761,0.2146097318693253,0.49862832272628177
1,0.0,1.0,-0.0,7.0,310.0,13909.0,44.28565102049854,0.21405055832675723,0.498632519906294
2,0.0,2.0,-0.0,7.0,280.0,12410.0,39.99994285722449,0.21704029248726386,0.49863230721470575
