,round,tube,sp,pop_0,final_pop,st_div_H,auc,fc
0,0.0,0.0,8.0,24.0,505.0,1.6714882563533218,45000.0,21.041657899309207
1,0.0,1.0,8.0,24.0,460.0,1.6499817640415022,42502.0,19.166658680558882
2,0.0,2.0,8.0,24.0,466.0,1.6533722112220408,43606.0,19.416658576392262
