,round,tube,sp_div_H,tot_pop_0,tot_final_pop,tot_auc,mean_fc,deg_score,nut_score
0,0.0,0.0,-0.0,2.0,116.0,16504.0,57.99971000144999,0.0981291811519186,0.13397459325021088
1,0.0,1.0,-0.0,2.0,119.0,16066.0,59.49970250148749,0.10055457889310282,0.13397458343765323
2,0.0,2.0,-0.0,2.0,125.0,17686.0,62.49968750156249,0.09829377012170593,0.13397457043530725
