,round,tube,sp,st,final_pop
0,0,0,13,"(0.008454230104447302, 0.0, 0.0, 0.015729601905918704, 0.021013017110921725, 3.170207648739196e-05, 0.007207709811237389, 0.0, 0.0044564780171912986, 0.013558837205131282)",448
1,0,1,13,"(0.008454230104447302, 0.0, 0.0, 0.015729601905918704, 0.021013017110921725, 3.170207648739196e-05, 0.007207709811237389, 0.0, 0.0044564780171912986, 0.013558837205131282)",426
2,0,2,13,"(0.008454230104447302, 0.0, 0.0, 0.015729601905918704, 0.021013017110921725, 3.170207648739196e-05, 0.007207709811237389, 0.0, 0.0044564780171912986, 0.013558837205131282)",444
