,round,tube,sp,pop_0,final_pop,st_div_H,auc,fc
0,0.0,0.0,11.0,4.0,304.0,0.6806294878916634,20293.0,75.99981000047501
1,0.0,1.0,11.0,4.0,298.0,0.5567373465730988,16623.0,74.49981375046563
2,0.0,2.0,11.0,4.0,316.0,0.668407143430424,16843.0,78.99980250049376
