,round,tube,sp_div_H,tot_pop_0,tot_final_pop,tot_auc,mean_fc,deg_score,nut_score
0,0.0,0.0,-0.0,8.0,85.0,15086.0,10.624986718766602,0.1374428874119078,0.13397459385460508
1,0.0,1.0,-0.0,8.0,65.0,15249.0,8.124989843762696,0.1424747216808877,0.13397459225583197
2,0.0,2.0,-0.0,8.0,69.0,14443.0,8.624989218763478,0.13921152878310183,0.13397456798577234
