,round,tube,sp_div_H,tot_pop_0,tot_final_pop,tot_auc,mean_fc,deg_score,nut_score
0,0.0,0.0,-0.0,11.0,432.0,61424.0,39.272691570280394,0.1506890931393955,0.4603774245933966
1,0.0,1.0,-0.0,11.0,457.0,60849.0,41.54541677689384,0.1538929930451367,0.46038843652801664
2,0.0,2.0,-0.0,11.0,467.0,64506.0,42.45450685953922,0.1566731303573402,0.49999994073483445
