,round,tube,sp_div_H,tot_pop_0,tot_final_pop,tot_auc,mean_fc,deg_score,nut_score
0,0.0,0.0,-0.0,10.0,497.0,19027.0,49.6999503000497,0.2844797147349062,0.33792338200563876
1,0.0,1.0,-0.0,10.0,498.0,20435.0,49.7999502000498,0.2859507751814119,0.3394330090595551
2,0.0,2.0,-0.0,10.0,471.0,18476.0,47.0999529000471,0.2832420692660721,0.33923201508289524
