,round,tube,sp,pop_0,final_pop,st_div_H,auc,fc
0,0.0,0.0,11.0,26.0,600.0,1.2778952407497788,56434.0,23.076914201186845
1,0.0,1.0,11.0,26.0,626.0,0.9085268419599442,58381.0,24.076913816571608
2,0.0,2.0,11.0,26.0,615.0,1.4603641842019603,60149.0,23.653837056216517
