,round,tube,sp_div_H,tot_pop_0,tot_final_pop,tot_auc,mean_fc,deg_score,nut_score
0,0.0,0.0,-0.0,10.0,368.0,40447.0,36.7999632000368,0.04444049014996798,0.13397459489455954
1,0.0,1.0,-0.0,10.0,427.0,45344.0,42.699957300042705,0.04291361831419227,0.13397459483142649
2,0.0,2.0,-0.0,10.0,422.0,43545.0,42.1999578000422,0.04563904129034202,0.1339745778156416
