,round,tube,nut,amount
0,0.0,0.0,0.0,2000.0
1,0.0,0.0,1.0,0.2550380913328283
2,0.0,0.0,2.0,0.04138673397543524
3,0.0,0.0,3.0,2000.0
4,0.0,1.0,0.0,2000.0
5,0.0,1.0,1.0,0.13159568681714973
6,0.0,1.0,2.0,0.5344184043476614
7,0.0,1.0,3.0,2000.0
8,0.0,2.0,0.0,2000.0
9,0.0,2.0,1.0,0.19540237459822052
10,0.0,2.0,2.0,0.8258858652779252
11,0.0,2.0,3.0,2000.0
