,round,tube,nut,amount
0,0.0,0.0,0.0,0.8110761610974304
1,0.0,0.0,1.0,2000.0
2,0.0,0.0,2.0,10.622018240156352
3,0.0,0.0,3.0,2000.0
4,0.0,1.0,0.0,0.14957397059804567
5,0.0,1.0,1.0,2000.0
6,0.0,1.0,2.0,32.360123920408874
7,0.0,1.0,3.0,2000.0
8,0.0,2.0,0.0,0.4805252836629421
9,0.0,2.0,1.0,2000.0
10,0.0,2.0,2.0,0.8970803658270657
11,0.0,2.0,3.0,2000.0
