,round,tube,sp_div_H,tot_pop_0,tot_final_pop,tot_auc,mean_fc,deg_score,nut_score
0,0.0,0.0,-0.0,10.0,289.0,48771.0,28.8999711000289,0.053072807933986055,0.39912610728381215
1,0.0,1.0,-0.0,10.0,293.0,48791.0,29.299970700029302,0.05279671979356815,0.3991188373503397
2,0.0,2.0,-0.0,10.0,325.0,47602.0,32.499967500032504,0.05389750916152247,0.3991179393832248
