,round,tube,sp,pop_0,final_pop,st_div_H,auc,fc
0,0.0,0.0,2.0,10.0,100.0,-0.0,3442.0,9.99999000001
1,0.0,1.0,2.0,10.0,98.0,-0.0,4570.0,9.7999902000098
2,0.0,2.0,2.0,10.0,58.0,-0.0,1453.0,5.7999942000058
