,round,tube,sp,pop_0,final_pop,st_div_H,auc,fc
0,0.0,0.0,1.0,38.0,853.0,0.5620129306540627,89699.0,22.447362513851967
1,0.0,1.0,1.0,38.0,922.0,0.6565225791321014,95697.0,24.263151509696968
2,0.0,2.0,1.0,38.0,824.0,0.6802606436219856,87663.0,21.6842048199461
