,round,tube,sp,pop_0,final_pop,st_div_H,auc,fc
0,0.0,0.0,11.0,20.0,492.0,1.4215937971544317,57487.0,24.59998770000615
1,0.0,1.0,11.0,20.0,542.0,1.410725310296003,60417.0,27.099986450006774
2,0.0,2.0,11.0,20.0,530.0,1.2102978501960753,56912.0,26.499986750006624
