,round,tube,sp,pop_0,final_pop,st_div_H,auc,fc
0,0.0,0.0,1.0,25.0,850.0,1.706812445232559,83934.0,33.99998640000544
1,0.0,1.0,1.0,25.0,834.0,1.8088484345255276,83446.0,33.35998665600534
2,0.0,2.0,1.0,25.0,811.0,1.6550926722713806,80138.0,32.43998702400519
