,round,tube,sp_div_H,tot_pop_0,tot_final_pop,tot_auc,mean_fc,deg_score,nut_score
0,0.0,0.0,-0.0,19.0,38.0,6827.0,1.9999989473689752,0.10915503985817998,0.13397387641659586
1,0.0,1.0,-0.0,19.0,58.0,7416.0,3.0526299723000148,0.10196634531851989,0.13397456266341934
2,0.0,2.0,-0.0,19.0,37.0,8119.0,1.9473673961224232,0.10668454079459122,0.13397456694896637
