,round,tube,nut,amount
0,0.0,0.0,0.0,28.5590139085004
1,0.0,0.0,1.0,2000.0
2,0.0,0.0,2.0,2000.0
3,0.0,0.0,3.0,0.30421556795018434
4,0.0,1.0,0.0,0.8934949592607077
5,0.0,1.0,1.0,2000.0
6,0.0,1.0,2.0,2000.0
7,0.0,1.0,3.0,0.14378181706840093
8,0.0,2.0,0.0,6.182825941577652
9,0.0,2.0,1.0,2000.0
10,0.0,2.0,2.0,2000.0
11,0.0,2.0,3.0,0.29283918059148184
