,round,tube,sp,st,final_pop
0,0,0,1,"(0.0, 0.0, 0.10922905711608999, 0.0, 0.0, 0.07577624578880941, 0.0, 0.0, 0.0, 0.09965925051150999)",774
1,0,1,1,"(0.0, 0.0, 0.10922905711608999, 0.0, 0.0, 0.07577624578880941, 0.0, 0.0, 0.0, 0.09965925051150999)",825
