,round,tube,nut,amount
0,0.0,0.0,0.0,1691.5635253833111
1,0.0,0.0,1.0,2000.0
2,0.0,0.0,2.0,0.8889253869378247
3,0.0,0.0,3.0,0.12733550288448559
4,0.0,1.0,0.0,1691.517673871697
5,0.0,1.0,1.0,2000.0
6,0.0,1.0,2.0,0.5917417779790254
7,0.0,1.0,3.0,0.519851260536112
8,0.0,2.0,0.0,1691.8245532320425
9,0.0,2.0,1.0,2000.0
10,0.0,2.0,2.0,2.580760517096875
11,0.0,2.0,3.0,0.6293285719689865
