,round,tube,sp_div_H,tot_pop_0,tot_final_pop,tot_auc,mean_fc,deg_score,nut_score
0,0.0,0.0,-0.0,13.0,141.0,30273.0,10.846145502964998,0.19864840120532512,0.2928932027622152
1,0.0,1.0,-0.0,13.0,172.0,31331.0,13.230759053262267,0.19879757952084864,0.2928931801691981
2,0.0,2.0,-0.0,13.0,166.0,29423.0,12.769220946753117,0.19494401610352563,0.29289320412000697
