,round,tube,sp_div_H,tot_pop_0,tot_final_pop,tot_auc,mean_fc,deg_score,nut_score
0,0.0,0.0,-0.0,10.0,12.0,950.0,1.1999988000012,0.11029604203379761,0.10268268891922361
1,0.0,1.0,-0.0,10.0,12.0,1003.0,1.1999988000012,0.11577579738981858,0.10707785919370894
2,0.0,2.0,-0.0,10.0,18.0,962.0,1.7999982000018,0.11092090466160043,0.10346568746997975
