,round,tube,sp,pop_0,final_pop,st_div_H,auc,fc
0,0.0,0.0,8.0,11.0,278.0,1.0716694018593413,51075.0,25.272704297541548
1,0.0,1.0,8.0,11.0,321.0,1.334319447608963,47577.0,29.18179165291668
2,0.0,2.0,8.0,11.0,283.0,1.349325928413994,46987.0,25.727249338864237
