,round,tube,sp,pop_0,final_pop,st_div_H,auc,fc
0,0.0,0.0,13.0,8.0,67.0,-0.0,4250.0,8.374989531263086
1,0.0,1.0,13.0,8.0,67.0,-0.0,2150.0,8.374989531263086
2,0.0,2.0,13.0,8.0,56.0,-0.0,3871.0,6.999991250010938
