,round,tube,nut,amount
0,0.0,0.0,0.0,0.91237027789248
1,0.0,0.0,1.0,1933.095728517921
2,0.0,0.0,2.0,2000.0
3,0.0,0.0,3.0,0.2611540773639533
4,0.0,1.0,0.0,0.6666613566570253
5,0.0,1.0,1.0,1933.0875052784168
6,0.0,1.0,2.0,2000.0
7,0.0,1.0,3.0,0.2068820242049958
8,0.0,2.0,0.0,0.8376106109115873
9,0.0,2.0,1.0,1933.093226506007
10,0.0,2.0,2.0,2000.0
11,0.0,2.0,3.0,0.47223501698612713
