,round,tube,sp,st,final_pop
0,0,0,8,"(0.0, 0.016643627919484913, 0.033108231007081046, 0.0, 0.0, 0.0, 0.0002697464015991044, 0.0, 0.0, 0.0)",25
1,0,0,8,"(0.0, 0.016643627919484913, 0.02852076469392659, 0.0, 0.0, 0.0, 0.00026087500255182283, 0.0, 0.0, 0.0)",244
2,0,0,8,"(0.0, 0.013406695285201439, 0.02852076469392659, 0.0, 0.0, 0.0, 0.00026087500255182283, 0.0, 0.0, 0.0)",41
3,0,1,8,"(0.0, 0.013406695285201439, 0.02852076469392659, 0.0, 0.0, 0.0, 0.00026087500255182283, 0.0, 0.0, 0.0)",30
4,0,1,8,"(0.0, 0.016643627919484913, 0.02852076469392659, 0.0, 0.0, 0.0, 0.00026087500255182283, 0.0, 0.0, 0.0)",219
5,0,1,8,"(0.0, 0.016643627919484913, 0.033108231007081046, 0.0, 0.0, 0.0, 0.0002697464015991044, 0.0, 0.0, 0.0)",6
6,0,2,8,"(0.0, 0.016643627919484913, 0.02852076469392659, 0.0, 0.0, 0.0, 0.00026087500255182283, 0.0, 0.0, 0.0)",303
7,0,2,8,"(0.0, 0.016643627919484913, 0.033108231007081046, 0.0, 0.0, 0.0, 0.0002697464015991044, 0.0, 0.0, 0.0)",48
8,0,2,8,"(0.0, 0.013406695285201439, 0.02852076469392659, 0.0, 0.0, 0.0, 0.00026087500255182283, 0.0, 0.0, 0.0)",67
