,round,tube,sp_div_H,tot_pop_0,tot_final_pop,tot_auc,mean_fc,deg_score,nut_score
0,0.0,0.0,-0.0,27.0,779.0,86618.0,28.851841165984755,0.13205030120084782,0.29289321151178316
1,0.0,1.0,-0.0,27.0,812.0,88832.0,30.074062935532247,0.13759337691591844,0.2928931871769985
2,0.0,2.0,-0.0,27.0,699.0,85103.0,25.888879300415073,0.12678611205091794,0.2928931748485354
