,round,tube,sp_div_H,tot_pop_0,tot_final_pop,tot_auc,mean_fc,deg_score,nut_score
0,0.0,0.0,-0.0,1.0,236.0,4030.0,235.99764002359976,0.2135236516056126,0.26909296341626876
1,0.0,1.0,-0.0,1.0,235.0,3769.0,234.99765002349974,0.20640200552403698,0.25581824429066746
2,0.0,2.0,-0.0,1.0,314.0,6010.0,313.99686003139965,0.24012776389688817,0.3048270417029919
