,round,tube,sp,pop_0,final_pop,st_div_H,auc,fc
0,0.0,0.0,11.0,10.0,624.0,1.327237619930271,47899.0,62.3999376000624
1,0.0,1.0,11.0,10.0,669.0,1.157385973902533,47828.0,66.8999331000669
2,0.0,2.0,11.0,10.0,559.0,1.2496121463179224,47669.0,55.899944100055905
