,round,tube,sp_div_H,tot_pop_0,tot_final_pop,tot_auc,mean_fc,deg_score,nut_score
0,0.0,0.0,-0.0,11.0,2.0,598.0,0.1818180165290759,0.04820923691145562,0.047941021042267495
1,0.0,1.0,-0.0,11.0,15.0,878.0,1.363635123968069,0.06743298478292004,0.06480927662118685
2,0.0,2.0,-0.0,11.0,2.0,395.0,0.1818180165290759,0.03257976730211953,0.03401425388539303
