,round,tube,sp,pop_0,final_pop,st_div_H,auc,fc
0,0.0,0.0,8.0,13.0,451.0,1.3200118979008018,38881.0,34.69228100593769
1,0.0,1.0,8.0,13.0,477.0,1.22589316552893,40052.0,36.692279467477334
2,0.0,2.0,8.0,13.0,415.0,1.2434542189780704,35109.0,31.923052366882796
