,round,tube,sp,pop_0,final_pop,st_div_H,auc,fc
0,0.0,0.0,2.0,6.0,195.0,-0.0,6183.0,32.49994583342361
1,0.0,1.0,2.0,6.0,171.0,-0.0,7392.0,28.499952500079168
2,0.0,2.0,2.0,6.0,195.0,-0.0,6479.0,32.49994583342361
