,round,tube,sp_div_H,tot_pop_0,tot_final_pop,tot_auc,mean_fc,deg_score,nut_score
0,0.0,0.0,-0.0,7.0,1.0,258.0,0.14285693877580175,0.03278584377918914,0.03080595176784362
1,0.0,1.0,-0.0,7.0,2.0,237.0,0.2857138775516035,0.030036272414261656,0.02816073693588128
2,0.0,2.0,0.0,7.0,0.0,115.0,0.0,0.0148479591004953,0.013455277199569737
