,round,tube,nut,amount
0,0.0,0.0,0.0,0.9281333193076731
1,0.0,0.0,1.0,1933.0962560659827
2,0.0,0.0,2.0,2000.0
3,0.0,0.0,3.0,0.4696808169747253
4,0.0,1.0,0.0,0.7718567960657168
5,0.0,1.0,1.0,1933.09102589659
6,0.0,1.0,2.0,2000.0
7,0.0,1.0,3.0,0.25523486152306174
8,0.0,2.0,0.0,0.9263622692994775
9,0.0,2.0,1.0,1933.096196793537
10,0.0,2.0,2.0,2000.0
11,0.0,2.0,3.0,0.5337815091333733
