,round,tube,sp,pop_0,final_pop,st_div_H,auc,fc
0,0.0,0.0,1.0,23.0,484.0,1.4052685431862095,44567.0,21.04346911153517
1,0.0,1.0,1.0,23.0,518.0,1.2094920176484216,46124.0,22.52172933837855
2,0.0,2.0,1.0,23.0,475.0,1.146022630368408,43730.0,20.652164933841334
