,round,tube,nut,amount
0,0.0,0.0,0.0,0.16271830738716317
1,0.0,0.0,1.0,0.948662682835071
2,0.0,0.0,2.0,2000.0
3,0.0,0.0,3.0,2000.0
4,0.0,1.0,0.0,0.4353472692258678
5,0.0,1.0,1.0,0.9973197438884231
6,0.0,1.0,2.0,2000.0
7,0.0,1.0,3.0,2000.0
8,0.0,2.0,0.0,0.45322852804018654
9,0.0,2.0,1.0,0.45640599260752945
10,0.0,2.0,2.0,2000.0
11,0.0,2.0,3.0,2000.0
