,round,tube,nut,amount
0,0.0,0.0,0.0,2000.0
1,0.0,0.0,1.0,2000.0
2,0.0,0.0,2.0,0.9987946619474641
3,0.0,0.0,3.0,0.6570457348252017
4,0.0,1.0,0.0,2000.0
5,0.0,1.0,1.0,2000.0
6,0.0,1.0,2.0,0.7437080273417398
7,0.0,1.0,3.0,0.3699463699298169
8,0.0,2.0,0.0,2000.0
9,0.0,2.0,1.0,2000.0
10,0.0,2.0,2.0,0.06892529527054592
11,0.0,2.0,3.0,0.06488709762199685
