,round,tube,sp_div_H,tot_pop_0,tot_final_pop,tot_auc,mean_fc,deg_score,nut_score
0,0.0,0.0,-0.0,28.0,461.0,65611.0,16.464279834185774,0.13468649385194298,0.29289321123752265
1,0.0,1.0,-0.0,28.0,499.0,67941.0,17.821422206634928,0.13328080862229286,0.2928932060976178
2,0.0,2.0,-0.0,28.0,564.0,72842.0,20.14284994898216,0.12869798199087712,0.29289321682970304
