,round,tube,sp,pop_0,final_pop,st_div_H,auc,fc
0,0.0,0.0,8.0,18.0,448.0,1.3842762588349649,41657.0,24.888875061736076
1,0.0,1.0,8.0,18.0,444.0,1.2796295568871021,42541.0,24.666652962970577
2,0.0,2.0,8.0,18.0,477.0,1.596782692786265,44123.0,26.499985277785957
