,round,tube,sp,pop_0,final_pop,st_div_H,auc,fc
0,0.0,0.0,0.0,7.0,1.0,-0.0,351.0,0.14285693877580175
1,0.0,1.0,0.0,7.0,3.0,-0.0,423.0,0.4285708163274053
2,0.0,2.0,0.0,7.0,1.0,-0.0,373.0,0.14285693877580175
