,round,tube,nut,amount
0,0.0,0.0,0.0,3.661069861320146
1,0.0,0.0,1.0,0.21592167225585537
2,0.0,0.0,2.0,2000.0
3,0.0,0.0,3.0,2000.0
4,0.0,1.0,0.0,28.04531182799115
5,0.0,1.0,1.0,0.2986811411872895
6,0.0,1.0,2.0,2000.0
7,0.0,1.0,3.0,2000.0
8,0.0,2.0,0.0,11.168297763394767
9,0.0,2.0,1.0,0.22037027685835867
10,0.0,2.0,2.0,2000.0
11,0.0,2.0,3.0,2000.0
