,round,tube,nut,amount
0,0.0,0.0,0.0,0.5775550615710738
1,0.0,0.0,1.0,912.2153377726708
2,0.0,0.0,2.0,0.275735297863382
3,0.0,0.0,3.0,0.3387998225428115
4,0.0,1.0,0.0,0.4589652225415506
5,0.0,1.0,1.0,912.1508190371145
6,0.0,1.0,2.0,0.005792577595176596
7,0.0,1.0,3.0,0.12311653635038233
8,0.0,2.0,0.0,0.6228500369590666
9,0.0,2.0,1.0,912.239980478682
10,0.0,2.0,2.0,0.01222097512434317
11,0.0,2.0,3.0,0.2643610960648015
