,round,tube,sp,st,final_pop
0,0,0,3,"(0.15978083447096003, 0.0, 0.0, 0.0, 0.0, 0.1610216772562336, 0.06691639675777526, 0.0, 0.15205687907066928, 0.01880975459289378)",420
1,0,1,3,"(0.15978083447096003, 0.0, 0.0, 0.0, 0.0, 0.1610216772562336, 0.06691639675777526, 0.0, 0.15205687907066928, 0.01880975459289378)",428
2,0,2,3,"(0.15978083447096003, 0.0, 0.0, 0.0, 0.0, 0.1610216772562336, 0.06691639675777526, 0.0, 0.15205687907066928, 0.01880975459289378)",446
