,round,tube,sp_div_H,tot_pop_0,tot_final_pop,tot_auc,mean_fc,deg_score,nut_score
0,0.0,0.0,-0.0,28.0,666.0,74807.0,23.78570579081936,0.17301730115501035,0.29289316803538334
1,0.0,1.0,-0.0,28.0,668.0,74360.0,23.857134336737737,0.1723525447816393,0.2928932049382983
2,0.0,2.0,-0.0,28.0,685.0,76282.0,24.464276977043937,0.17359148502958976,0.29289318630736716
