,round,tube,sp,pop_0,final_pop,st_div_H,auc,fc
0,0.0,0.0,8.0,8.0,562.0,-0.0,45294.0,70.24991218760977
1,0.0,1.0,8.0,8.0,549.0,-0.0,42307.0,68.62491421885723
2,0.0,2.0,8.0,8.0,495.0,-0.0,39022.0,61.87492265634668
