,round,tube,nut,amount
0,0.0,0.0,0.0,0.3025993250765491
1,0.0,0.0,1.0,0.38587808036569893
2,0.0,0.0,2.0,812.7298478033608
3,0.0,0.0,3.0,0.29357032061006283
4,0.0,1.0,0.0,0.5904662364654212
5,0.0,1.0,1.0,0.37048130419842895
6,0.0,1.0,2.0,1677.4878400036694
7,0.0,1.0,3.0,1456.7962154180257
8,0.0,2.0,0.0,0.6312987497038423
9,0.0,2.0,1.0,0.4134669300091165
10,0.0,2.0,2.0,1677.4944264392313
11,0.0,2.0,3.0,1456.8073088810474
