,round,tube,sp,st,final_pop
0,0,0,0,"(0.0, 0.0, 0.0, 0.0463897589569582, 0.04356372842177486, 0.0, 0.03024899928614814, 0.0, 0.07098281781122052, 0.0)",296
1,0,0,0,"(0.0, 0.0, 0.0, 0.06373288382390217, 0.04356372842177486, 0.0, 0.03683897489672214, 0.0, 0.07098281781122052, 0.0)",79
2,0,1,0,"(0.0, 0.0, 0.0, 0.0463897589569582, 0.04356372842177486, 0.0, 0.03024899928614814, 0.0, 0.07098281781122052, 0.0)",322
3,0,1,0,"(0.0, 0.0, 0.0, 0.06373288382390217, 0.04356372842177486, 0.0, 0.03683897489672214, 0.0, 0.07098281781122052, 0.0)",52
4,0,2,0,"(0.0, 0.0, 0.0, 0.0463897589569582, 0.04356372842177486, 0.0, 0.03024899928614814, 0.0, 0.07098281781122052, 0.0)",360
