,round,tube,nut,amount
0,0.0,0.0,0.0,0.9455483332254339
1,0.0,0.0,1.0,0.5437111898703495
2,0.0,0.0,2.0,2000.0
3,0.0,0.0,3.0,2000.0
4,0.0,1.0,0.0,0.9576018479333664
5,0.0,1.0,1.0,0.2406680225154667
6,0.0,1.0,2.0,2000.0
7,0.0,1.0,3.0,2000.0
8,0.0,2.0,0.0,0.9455898740068539
9,0.0,2.0,1.0,0.25933931814921235
10,0.0,2.0,2.0,2000.0
11,0.0,2.0,3.0,2000.0
