,round,tube,sp_div_H,tot_pop_0,tot_final_pop,tot_auc,mean_fc,deg_score,nut_score
0,0.0,0.0,-0.0,5.0,99.0,7009.0,19.7999604000792,0.18321552017298004,0.13397459547532076
1,0.0,1.0,-0.0,5.0,103.0,7319.0,20.5999588000824,0.17951359993691596,0.13397459225705266
2,0.0,2.0,-0.0,5.0,118.0,5675.0,23.599952800094403,0.17880742340089684,0.1339745746036839
