,round,tube,sp,pop_0,final_pop,st_div_H,auc,fc
0,0.0,0.0,10.0,12.0,3.0,-0.0,475.0,0.24999979166684028
1,0.0,1.0,10.0,12.0,3.0,-0.0,603.0,0.24999979166684028
2,0.0,2.0,10.0,12.0,2.0,-0.0,346.0,0.16666652777789354
