,round,tube,sp_div_H,tot_pop_0,tot_final_pop,tot_auc,mean_fc,deg_score,nut_score
0,0.0,0.0,-0.0,17.0,531.0,47343.0,31.235275743955444,0.2370666389811351,0.2928931948930199
1,0.0,1.0,-0.0,17.0,528.0,49023.0,31.05880525952632,0.23978282531773665,0.2928932092586347
2,0.0,2.0,-0.0,17.0,547.0,44699.0,32.176451660910786,0.24030382682652973,0.2928931897016134
