,round,tube,sp_div_H,tot_pop_0,tot_final_pop,tot_auc,mean_fc,deg_score,nut_score
0,0.0,0.0,-0.0,9.0,268.0,15674.0,29.777744691394787,0.22925770459142913,0.49862915980964806
1,0.0,1.0,-0.0,9.0,244.0,8073.0,27.111080987687792,0.2252123992454883,0.47131478739039734
2,0.0,2.0,-0.0,9.0,299.0,13870.0,33.222185308682995,0.2313936185978639,0.4986319078498047
