,round,tube,sp_div_H,tot_pop_0,tot_final_pop,tot_auc,mean_fc,deg_score,nut_score
0,0.0,0.0,-0.0,11.0,176.0,20514.0,15.999985454558677,0.11477666106689877,0.2928931586080811
1,0.0,1.0,-0.0,11.0,166.0,19717.0,15.090895371913298,0.11589949263247545,0.29289317689977545
2,0.0,2.0,-0.0,11.0,166.0,20414.0,15.090895371913298,0.1129112303146711,0.2928931517814999
