,round,tube,nut,amount
0,0.0,0.0,0.0,1866.260467407061
1,0.0,0.0,1.0,0.47960765429014574
2,0.0,0.0,2.0,165.38243768850674
3,0.0,0.0,3.0,2000.0
4,0.0,1.0,0.0,1871.9689730429966
5,0.0,1.0,1.0,75.69880909788098
6,0.0,1.0,2.0,243.69080688342595
7,0.0,1.0,3.0,2000.0
8,0.0,2.0,0.0,1867.249908279106
9,0.0,2.0,1.0,4.771455307700792
10,0.0,2.0,2.0,178.95542964930405
11,0.0,2.0,3.0,2000.0
