,round,tube,nut,amount
0,0.0,0.0,0.0,2000.0
1,0.0,0.0,1.0,2000.0
2,0.0,0.0,2.0,0.38840727971758005
3,0.0,0.0,3.0,0.31437118407387904
4,0.0,1.0,0.0,2000.0
5,0.0,1.0,1.0,2000.0
6,0.0,1.0,2.0,0.874773343552633
7,0.0,1.0,3.0,0.03817495964403861
8,0.0,2.0,0.0,2000.0
9,0.0,2.0,1.0,2000.0
10,0.0,2.0,2.0,0.9594488700662985
11,0.0,2.0,3.0,0.2894426688433924
