,round,tube,nut,amount
0,0.0,0.0,0.0,1093.4559087691282
1,0.0,0.0,1.0,0.7227068162197213
2,0.0,0.0,2.0,322.47302239019274
3,0.0,0.0,3.0,2000.0
4,0.0,1.0,0.0,1148.6521122128258
5,0.0,1.0,1.0,0.3263674722796959
6,0.0,1.0,2.0,424.6115959401218
7,0.0,1.0,3.0,2000.0
8,0.0,2.0,0.0,1181.1302293237982
9,0.0,2.0,1.0,0.24700128757468498
10,0.0,2.0,2.0,484.7111742867748
11,0.0,2.0,3.0,2000.0
