,round,tube,sp,st,final_pop
0,0,0,0,"(0.0, 0.09059708024140342, 0.10770163902136713, 0.001896680106801195, 0.09487564939009988, 0.07860599818325885, 0.1234553286915525, 0.0, 0.0, 0.0)",44
1,0,0,0,"(0.0, 0.09059708024140342, 0.10770163902136713, 0.0014770025711726064, 0.09487564939009988, 0.07860599818325885, 0.1234553286915525, 0.0, 0.0, 0.0)",54
2,0,0,0,"(0.0, 0.09059708024140342, 0.13101230034132796, 0.001896680106801195, 0.09487564939009988, 0.07860599818325885, 0.1234553286915525, 0.0, 0.0, 0.0)",9
3,0,1,0,"(0.0, 0.09059708024140342, 0.10770163902136713, 0.0014770025711726064, 0.09487564939009988, 0.07860599818325885, 0.1234553286915525, 0.0, 0.0, 0.0)",74
4,0,1,0,"(0.0, 0.09059708024140342, 0.13101230034132796, 0.001896680106801195, 0.09487564939009988, 0.07860599818325885, 0.1234553286915525, 0.0, 0.0, 0.0)",21
5,0,1,0,"(0.0, 0.09059708024140342, 0.10770163902136713, 0.001896680106801195, 0.09487564939009988, 0.07860599818325885, 0.1234553286915525, 0.0, 0.0, 0.0)",17
6,0,2,0,"(0.0, 0.09059708024140342, 0.13101230034132796, 0.001896680106801195, 0.09487564939009988, 0.07860599818325885, 0.1234553286915525, 0.0, 0.0, 0.0)",7
7,0,2,0,"(0.0, 0.09059708024140342, 0.10770163902136713, 0.001896680106801195, 0.09487564939009988, 0.07860599818325885, 0.1234553286915525, 0.0, 0.0, 0.0)",6
8,0,2,0,"(0.0, 0.09059708024140342, 0.10770163902136713, 0.0014770025711726064, 0.09487564939009988, 0.07860599818325885, 0.1234553286915525, 0.0, 0.0, 0.0)",76
