,round,tube,sp,pop_0,final_pop,st_div_H,auc,fc
0,0.0,0.0,13.0,43.0,1096.0,1.6415983042640787,113478.0,25.488366165496238
1,0.0,1.0,13.0,43.0,1034.0,1.657391218798929,111486.0,24.046506035696268
2,0.0,2.0,13.0,43.0,1072.0,1.4455438885338743,111856.0,24.930226760412378
