,round,tube,sp,pop_0,final_pop,st_div_H,auc,fc
0,0.0,0.0,8.0,7.0,1074.0,-0.0,74273.0,153.42835224521107
1,0.0,1.0,8.0,7.0,994.0,-0.0,73629.0,141.99979714314694
2,0.0,2.0,8.0,7.0,1036.0,-0.0,74794.0,147.99978857173062
