,round,tube,nut,amount
0,0.0,0.0,0.0,0.16471301000760974
1,0.0,0.0,1.0,2000.0
2,0.0,0.0,2.0,1332.989732925745
3,0.0,0.0,3.0,0.5201243444838752
4,0.0,1.0,0.0,0.2250487056495274
5,0.0,1.0,1.0,2000.0
6,0.0,1.0,2.0,1333.0098568473106
7,0.0,1.0,3.0,0.5804493172492045
8,0.0,2.0,0.0,0.23982372176375844
9,0.0,2.0,1.0,2000.0
10,0.0,2.0,2.0,1333.0147847968847
11,0.0,2.0,3.0,0.5952217075436153
