,round,tube,sp,pop_0,final_pop,st_div_H,auc,fc
0,0.0,0.0,13.0,13.0,402.0,0.05577279621184249,44291.0,30.923053136112973
1,0.0,1.0,13.0,13.0,431.0,0.09238659574176572,47598.0,33.15382065090719
2,0.0,2.0,13.0,13.0,408.0,0.209904040611741,46379.0,31.384591242622122
