,round,tube,sp_div_H,tot_pop_0,tot_final_pop,tot_auc,mean_fc,deg_score,nut_score
0,0.0,0.0,-0.0,11.0,253.0,15059.0,22.9999790909281,0.2600987049455258,0.29289320795454876
1,0.0,1.0,-0.0,11.0,194.0,14767.0,17.63634760332036,0.2568637731493356,0.29289321762599796
2,0.0,2.0,-0.0,11.0,199.0,16030.0,18.090892644643052,0.26036612049310515,0.2928931997681855
