,round,tube,nut,amount
0,0.0,0.0,0.0,2000.0
1,0.0,0.0,1.0,0.11976892972544695
2,0.0,0.0,2.0,2000.0
3,0.0,0.0,3.0,0.11819041083334092
4,0.0,1.0,0.0,2000.0
5,0.0,1.0,1.0,0.0507142925427857
6,0.0,1.0,2.0,2000.0
7,0.0,1.0,3.0,0.36234270097939714
8,0.0,2.0,0.0,2000.0
9,0.0,2.0,1.0,0.0221261949339282
10,0.0,2.0,2.0,2000.0
11,0.0,2.0,3.0,0.3377482443560904
