,round,tube,nut,amount
0,0.0,0.0,0.0,1874.8483631888048
1,0.0,0.0,1.0,1853.8782753534954
2,0.0,0.0,2.0,2000.0
3,0.0,0.0,3.0,1931.1813397104725
4,0.0,1.0,0.0,1891.323546947942
5,0.0,1.0,1.0,1873.1139987214997
6,0.0,1.0,2.0,2000.0
7,0.0,1.0,3.0,1940.2407503839281
8,0.0,2.0,0.0,1916.2257558558906
9,0.0,2.0,1.0,1902.1887579963368
10,0.0,2.0,2.0,2000.0
11,0.0,2.0,3.0,1953.9340323813526
