,round,tube,sp_div_H,tot_pop_0,tot_final_pop,tot_auc,mean_fc,deg_score,nut_score
0,0.0,0.0,-0.0,2.0,708.0,24297.0,353.99823000884993,0.1928610868968872,0.31091891972691954
1,0.0,1.0,-0.0,2.0,543.0,8777.0,271.49864250678746,0.15384125634300672,0.25887924661834216
2,0.0,2.0,-0.0,2.0,715.0,23885.0,357.49821250893746,0.2038059359440908,0.3130951285811818
