,round,tube,sp,pop_0,final_pop,st_div_H,auc,fc
0,0.0,0.0,1.0,33.0,529.0,1.317645912538603,44334.0,16.030298172636915
1,0.0,1.0,1.0,33.0,481.0,1.4426499299331121,42970.0,14.575753158862678
2,0.0,2.0,1.0,33.0,539.0,1.19074755846135,46330.0,16.33332838383988
