,round,tube,sp_div_H,tot_pop_0,tot_final_pop,tot_auc,mean_fc,deg_score,nut_score
0,0.0,0.0,-0.0,46.0,833.0,87269.0,18.1086917155018,0.17633325961991642,0.4923700243135305
1,0.0,1.0,-0.0,46.0,815.0,87198.0,17.717387452741857,0.17703389012605975,0.4923760083882939
2,0.0,2.0,-0.0,46.0,797.0,87109.0,17.326083189981915,0.17988485307219704,0.4923685971752012
