,round,tube,nut,amount
0,0.0,0.0,0.0,0.4857158127840908
1,0.0,0.0,1.0,1.5389818236690909
2,0.0,0.0,2.0,2000.0
3,0.0,0.0,3.0,2000.0
4,0.0,1.0,0.0,0.3294150320358695
5,0.0,1.0,1.0,0.7754776998383807
6,0.0,1.0,2.0,2000.0
7,0.0,1.0,3.0,2000.0
8,0.0,2.0,0.0,0.2350725595456816
9,0.0,2.0,1.0,0.5694349592887694
10,0.0,2.0,2.0,2000.0
11,0.0,2.0,3.0,2000.0
