,round,tube,sp,pop_0,final_pop,st_div_H,auc,fc
0,0.0,0.0,12.0,11.0,272.0,-0.0,12544.0,24.72725024795432
1,0.0,1.0,12.0,11.0,261.0,-0.0,13513.0,23.727251157044403
2,0.0,2.0,12.0,11.0,255.0,-0.0,15081.0,23.181797107457175
