,round,tube,nut,amount
0,0.0,0.0,0.0,1094.4576838271216
1,0.0,0.0,1.0,197.48093258332008
2,0.0,0.0,2.0,204.73838491163497
3,0.0,0.0,3.0,2000.0
4,0.0,1.0,0.0,1079.7712538799494
5,0.0,1.0,1.0,168.24699228118857
6,0.0,1.0,2.0,175.62214873366725
7,0.0,1.0,3.0,2000.0
8,0.0,2.0,0.0,991.412480806379
9,0.0,2.0,1.0,0.20349991409446455
10,0.0,2.0,2.0,0.448541910174995
11,0.0,2.0,3.0,2000.0
