,round,tube,nut,amount
0,0.0,0.0,0.0,0.27484388466212806
1,0.0,0.0,1.0,2000.0
2,0.0,0.0,2.0,0.2952591671205891
3,0.0,0.0,3.0,2000.0
4,0.0,1.0,0.0,0.5326088554930892
5,0.0,1.0,1.0,2000.0
6,0.0,1.0,2.0,0.3696767002614578
7,0.0,1.0,3.0,2000.0
8,0.0,2.0,0.0,0.12235182056897864
9,0.0,2.0,1.0,2000.0
10,0.0,2.0,2.0,0.511907198788083
11,0.0,2.0,3.0,2000.0
