,round,tube,nut,amount
0,0.0,0.0,0.0,0.2952352064033474
1,0.0,0.0,1.0,2000.0
2,0.0,0.0,2.0,0.9180105397358743
3,0.0,0.0,3.0,0.3723554647820883
4,0.0,1.0,0.0,0.23048041789000023
5,0.0,1.0,1.0,2000.0
6,0.0,1.0,2.0,0.9986071799717166
7,0.0,1.0,3.0,0.08925374530645203
8,0.0,2.0,0.0,0.4141660496915443
9,0.0,2.0,1.0,2000.0
10,0.0,2.0,2.0,207.18915663423024
11,0.0,2.0,3.0,0.37409342996265527
