,round,tube,sp_div_H,tot_pop_0,tot_final_pop,tot_auc,mean_fc,deg_score,nut_score
0,0.0,0.0,-0.0,19.0,413.0,36558.0,21.736830664825966,0.2701029820043118,0.29289320385224504
1,0.0,1.0,-0.0,19.0,415.0,36366.0,21.84209376731907,0.27188016966809536,0.29289320500180926
2,0.0,2.0,-0.0,19.0,382.0,32738.0,20.105252576182856,0.27213940982378193,0.29289320055518575
