,round,tube,nut,amount
0,0.0,0.0,0.0,2000.0
1,0.0,0.0,1.0,0.4572882852325
2,0.0,0.0,2.0,2000.0
3,0.0,0.0,3.0,0.3459413409044956
4,0.0,1.0,0.0,2000.0
5,0.0,1.0,1.0,0.7958118284061397
6,0.0,1.0,2.0,2000.0
7,0.0,1.0,3.0,0.4419976236263512
8,0.0,2.0,0.0,2000.0
9,0.0,2.0,1.0,0.6801592466482487
10,0.0,2.0,2.0,2000.0
11,0.0,2.0,3.0,0.0430267194203493
