,round,tube,nut,amount
0,0.0,0.0,0.0,2000.0
1,0.0,0.0,1.0,0.7919561883220523
2,0.0,0.0,2.0,2000.0
3,0.0,0.0,3.0,0.6449233998269754
4,0.0,1.0,0.0,2000.0
5,0.0,1.0,1.0,0.5685266447854387
6,0.0,1.0,2.0,2000.0
7,0.0,1.0,3.0,0.6342396395657932
8,0.0,2.0,0.0,2000.0
9,0.0,2.0,1.0,0.6849435346448391
10,0.0,2.0,2.0,2000.0
11,0.0,2.0,3.0,0.1957870543287541
