,round,tube,sp,st,final_pop
0,0,0,13,"(0.0, 0.0, 0.11679612853536596, 0.06920069129515957, 0.105112286246251, 0.06922928689014188, 0.0, 0.0, 0.14899621190854193, 0.0)",33
1,0,0,13,"(0.0, 0.0, 0.11679612853536596, 0.06920069129515957, 0.09172770611919409, 0.07489992963210028, 0.0, 0.0, 0.14899621190854193, 0.0)",31
2,0,0,13,"(0.0, 0.0, 0.11679612853536596, 0.06920069129515957, 0.09172770611919409, 0.07489992963210028, 0.0, 0.0, 0.13247439591565816, 0.0)",11
3,0,1,13,"(0.0, 0.0, 0.11679612853536596, 0.06920069129515957, 0.09172770611919409, 0.07489992963210028, 0.0, 0.0, 0.14899621190854193, 0.0)",20
4,0,1,13,"(0.0, 0.0, 0.11679612853536596, 0.06920069129515957, 0.09172770611919409, 0.07489992963210028, 0.0, 0.0, 0.13247439591565816, 0.0)",11
5,0,1,13,"(0.0, 0.0, 0.11679612853536596, 0.06920069129515957, 0.105112286246251, 0.06922928689014188, 0.0, 0.0, 0.14899621190854193, 0.0)",45
6,0,2,13,"(0.0, 0.0, 0.11679612853536596, 0.06920069129515957, 0.09172770611919409, 0.07489992963210028, 0.0, 0.0, 0.14899621190854193, 0.0)",31
7,0,2,13,"(0.0, 0.0, 0.11679612853536596, 0.06920069129515957, 0.105112286246251, 0.06922928689014188, 0.0, 0.0, 0.14899621190854193, 0.0)",32
8,0,2,13,"(0.0, 0.0, 0.11679612853536596, 0.06920069129515957, 0.09172770611919409, 0.07489992963210028, 0.0, 0.0, 0.13247439591565816, 0.0)",13
