,round,tube,sp,st,final_pop
0,0,0,11,"(0.09033430006888621, 0.12880082092342063, 0.0, 0.0, 0.0, 0.03364721364788594, 0.0, 0.08279881135943302, 0.0, 0.01812760691895582)",565
1,0,1,11,"(0.09033430006888621, 0.12880082092342063, 0.0, 0.0, 0.0, 0.03364721364788594, 0.0, 0.08279881135943302, 0.0, 0.01812760691895582)",550
2,0,1,11,"(0.206961274886749, 0.12880082092342063, 0.0, 0.0, 0.0, 0.03364721364788594, 0.0, 0.08279881135943302, 0.0, 0.0060192824619927305)",10
3,0,2,11,"(0.09033430006888621, 0.12880082092342063, 0.0, 0.0, 0.0, 0.03364721364788594, 0.0, 0.08279881135943302, 0.0, 0.01812760691895582)",519
4,0,2,11,"(0.206961274886749, 0.12880082092342063, 0.0, 0.0, 0.0, 0.03364721364788594, 0.0, 0.08279881135943302, 0.0, 0.0060192824619927305)",15
