,round,tube,sp_div_H,tot_pop_0,tot_final_pop,tot_auc,mean_fc,deg_score,nut_score
0,0.0,0.0,-0.0,8.0,340.0,33171.0,42.49994687506641,0.12037552707541932,0.29289321545167857
1,0.0,1.0,-0.0,8.0,299.0,32084.0,37.3749532813084,0.1267929985525168,0.29289318368276973
2,0.0,2.0,-0.0,8.0,304.0,29771.0,37.99995250005938,0.13072792556049895,0.2928931855388446
