,round,tube,nut,amount
0,0.0,0.0,0.0,0.43757567824701504
1,0.0,0.0,1.0,0.41575171494806823
2,0.0,0.0,2.0,2000.0
3,0.0,0.0,3.0,1335.948942029649
4,0.0,1.0,0.0,0.5286593090211129
5,0.0,1.0,1.0,0.24559838279928264
6,0.0,1.0,2.0,2000.0
7,0.0,1.0,3.0,1335.9791907383935
8,0.0,2.0,0.0,0.3419719468897997
9,0.0,2.0,1.0,0.2769103230033821
10,0.0,2.0,2.0,2000.0
11,0.0,2.0,3.0,0.9898030276349822
