,round,tube,sp_div_H,tot_pop_0,tot_final_pop,tot_auc,mean_fc,deg_score,nut_score
0,0.0,0.0,-0.0,10.0,2.0,362.0,0.1999998000002,0.04551016086630166,0.04262313450800859
1,0.0,1.0,-0.0,10.0,2.0,300.0,0.1999998000002,0.037880455739273566,0.03584819280126805
2,0.0,2.0,-0.0,10.0,3.0,360.0,0.2999997000003,0.04514306873156715,0.04244834260955066
