,round,tube,nut,amount
0,0.0,0.0,0.0,1888.6987841713242
1,0.0,0.0,1.0,1876.273394229442
2,0.0,0.0,2.0,2000.0
3,0.0,0.0,3.0,1891.4392546536671
4,0.0,1.0,0.0,1906.5085644980384
5,0.0,1.0,1.0,1896.0714139809527
6,0.0,1.0,2.0,2000.0
7,0.0,1.0,3.0,1908.8105206576145
8,0.0,2.0,0.0,1889.1588692978992
9,0.0,2.0,1.0,1876.7848421112394
10,0.0,2.0,2.0,2000.0
11,0.0,2.0,3.0,1891.8880115148772
