,round,tube,nut,amount
0,0.0,0.0,0.0,0.3076637832471464
1,0.0,0.0,1.0,2000.0
2,0.0,0.0,2.0,0.9164771477329915
3,0.0,0.0,3.0,0.39064053282329303
4,0.0,1.0,0.0,0.49013298601140187
5,0.0,1.0,1.0,2000.0
6,0.0,1.0,2.0,207.25726791250494
7,0.0,1.0,3.0,0.26874849134730605
8,0.0,2.0,0.0,0.2141499246040809
9,0.0,2.0,1.0,2000.0
10,0.0,2.0,2.0,0.2598691825718945
11,0.0,2.0,3.0,0.20041768720331826
