,round,tube,nut,amount
0,0.0,0.0,0.0,2000.0
1,0.0,0.0,1.0,0.41521671733251964
2,0.0,0.0,2.0,0.6315185481154053
3,0.0,0.0,3.0,2000.0
4,0.0,1.0,0.0,2000.0
5,0.0,1.0,1.0,0.3796499163572804
6,0.0,1.0,2.0,0.8418300778375851
7,0.0,1.0,3.0,2000.0
8,0.0,2.0,0.0,2000.0
9,0.0,2.0,1.0,0.12794527059755367
10,0.0,2.0,2.0,0.18977627273232045
11,0.0,2.0,3.0,2000.0
