,round,tube,sp_div_H,tot_pop_0,tot_final_pop,tot_auc,mean_fc,deg_score,nut_score
0,0.0,0.0,-0.0,8.0,126.0,3498.0,15.74998031252461,0.2116466995339562,0.24326338146279491
1,0.0,1.0,-0.0,8.0,44.0,1530.0,5.499993125008594,0.13492882591368083,0.14645431130771103
2,0.0,2.0,-0.0,8.0,85.0,2273.0,10.624986718766602,0.17579686178245668,0.1980495206454752
