,round,tube,sp_div_H,tot_pop_0,tot_final_pop,tot_auc,mean_fc,deg_score,nut_score
0,0.0,0.0,-0.0,13.0,269.0,20567.0,20.692291775160175,0.19069568545702764,0.29289318221438443
1,0.0,1.0,-0.0,13.0,266.0,21278.0,20.4615227219056,0.19331766990407595,0.29289320340837677
2,0.0,2.0,-0.0,13.0,267.0,20969.0,20.538445739657124,0.18802199613294424,0.2928931581101335
