,round,tube,sp,pop_0,final_pop,st_div_H,auc,fc
0,0.0,0.0,8.0,16.0,239.0,0.33507960700941347,13437.0,14.937490664068335
1,0.0,1.0,8.0,16.0,221.0,0.14051456460343872,11953.0,13.812491367192896
2,0.0,2.0,8.0,16.0,234.0,-0.0,13386.0,14.624990859380713
