,round,tube,sp_div_H,tot_pop_0,tot_final_pop,tot_auc,mean_fc,deg_score,nut_score
0,0.0,0.0,-0.0,23.0,432.0,31694.0,18.78260052930412,0.14167479681265116,0.2928931553585573
1,0.0,1.0,-0.0,23.0,443.0,32356.0,19.260861190929916,0.13811970036340482,0.292893181327779
2,0.0,2.0,-0.0,23.0,430.0,35571.0,18.695644045372156,0.13444804190991955,0.2928931534430058
