,round,tube,sp_div_H,tot_pop_0,tot_final_pop,tot_auc,mean_fc,deg_score,nut_score
0,0.0,0.0,-0.0,2.0,89.0,1165.0,44.49977750111249,0.06186321661617511,0.09373499652193473
1,0.0,1.0,-0.0,2.0,287.0,11222.0,143.49928250358747,0.2603135245097663,0.2928931772954573
2,0.0,2.0,-0.0,2.0,258.0,13087.0,128.999355003225,0.25806756645918894,0.29289317876652965
