,round,tube,sp,pop_0,final_pop,st_div_H,auc,fc
0,0.0,0.0,9.0,7.0,62.0,-0.0,4649.0,8.85713020409971
1,0.0,1.0,9.0,7.0,111.0,-0.0,2680.0,15.857120204113995
2,0.0,2.0,9.0,7.0,88.0,-0.0,4506.0,12.571410612270554
