,round,tube,nut,amount
0,0.0,0.0,0.0,1803.0777727529296
1,0.0,0.0,1.0,2000.0
2,0.0,0.0,2.0,1947.6577836762576
3,0.0,0.0,3.0,1804.937022971269
4,0.0,1.0,0.0,1722.713732073667
5,0.0,1.0,1.0,2000.0
6,0.0,1.0,2.0,1926.29690399959
7,0.0,1.0,3.0,1725.3317430589748
8,0.0,2.0,0.0,1919.4213167171238
9,0.0,2.0,1.0,2000.0
10,0.0,2.0,2.0,1978.5820680050385
11,0.0,2.0,3.0,1920.1821040420514
