,round,tube,sp_div_H,tot_pop_0,tot_final_pop,tot_auc,mean_fc,deg_score,nut_score
0,0.0,0.0,-0.0,3.0,490.0,54731.0,163.33278889070368,0.0570867307928441,0.49999767681513485
1,0.0,1.0,-0.0,3.0,426.0,45931.0,141.99952666824444,0.05135747140653646,0.399118642918843
2,0.0,2.0,-0.0,3.0,382.0,46492.0,127.3329088903037,0.051296415875172086,0.3991258691231121
