,round,tube,sp,st,final_pop
0,0,0,11,"(0.0746362647089983, 0.14970886995698662, 0.0, 0.0, 0.0, 0.038917787752050265, 0.0, 0.08279881135943302, 0.0, 0.01812760691895582)",354
1,0,0,11,"(0.09033430006888621, 0.14970886995698662, 0.0, 0.0, 0.0, 0.04688669779969397, 0.0, 0.08279881135943302, 0.0, 0.01812760691895582)",221
2,0,1,11,"(0.0746362647089983, 0.14970886995698662, 0.0, 0.0, 0.0, 0.038917787752050265, 0.0, 0.08279881135943302, 0.0, 0.01812760691895582)",265
3,0,1,11,"(0.09033430006888621, 0.14970886995698662, 0.0, 0.0, 0.0, 0.04688669779969397, 0.0, 0.08279881135943302, 0.0, 0.01812760691895582)",240
4,0,2,11,"(0.0746362647089983, 0.14970886995698662, 0.0, 0.0, 0.0, 0.038917787752050265, 0.0, 0.08279881135943302, 0.0, 0.01812760691895582)",387
5,0,2,11,"(0.09033430006888621, 0.14970886995698662, 0.0, 0.0, 0.0, 0.04688669779969397, 0.0, 0.08279881135943302, 0.0, 0.01812760691895582)",176
