,round,tube,sp,pop_0,final_pop,st_div_H,auc,fc
0,0.0,0.0,11.0,29.0,646.0,0.9469579305422029,59816.0,22.275854387636418
1,0.0,1.0,11.0,29.0,586.0,1.0681546222146538,58610.0,20.206889583831178
2,0.0,2.0,11.0,29.0,640.0,1.07742347673545,60959.0,22.068957907255893
