,round,tube,nut,amount
0,0.0,0.0,0.0,29.069005826047757
1,0.0,0.0,1.0,2000.0
2,0.0,0.0,2.0,2000.0
3,0.0,0.0,3.0,0.2302523790769187
4,0.0,1.0,0.0,48.489801228759
5,0.0,1.0,1.0,2000.0
6,0.0,1.0,2.0,2000.0
7,0.0,1.0,3.0,0.2743507139237549
8,0.0,2.0,0.0,32.787891514259655
9,0.0,2.0,1.0,2000.0
10,0.0,2.0,2.0,2000.0
11,0.0,2.0,3.0,0.37112930137345623
