,round,tube,sp,pop_0,final_pop,st_div_H,auc,fc
0,0.0,0.0,1.0,5.0,4.0,-0.0,395.0,0.7999984000032001
1,0.0,1.0,1.0,5.0,7.0,-0.0,577.0,1.3999972000056
2,0.0,2.0,1.0,5.0,29.0,-0.0,1248.0,5.7999884000232
