,round,tube,sp_div_H,tot_pop_0,tot_final_pop,tot_auc,mean_fc,deg_score,nut_score
0,0.0,0.0,-0.0,22.0,464.0,59019.0,21.09089950413659,0.15347567434247278,0.44456663095874327
1,0.0,1.0,-0.0,22.0,799.0,90376.0,36.31816530992486,0.16842457059705918,0.7967950503477591
2,0.0,2.0,-0.0,22.0,426.0,59784.0,19.36362756198747,0.15379644355595146,0.4445592435060055
