,round,tube,nut,amount
0,0.0,0.0,0.0,2000.0
1,0.0,0.0,1.0,2000.0
2,0.0,0.0,2.0,0.9264345355702375
3,0.0,0.0,3.0,0.08424354084588614
4,0.0,1.0,0.0,2000.0
5,0.0,1.0,1.0,2000.0
6,0.0,1.0,2.0,0.9799162657202685
7,0.0,1.0,3.0,0.03510345731310771
8,0.0,2.0,0.0,2000.0
9,0.0,2.0,1.0,2000.0
10,0.0,2.0,2.0,0.9645797018155944
11,0.0,2.0,3.0,0.46987560715849597
