,round,tube,nut,amount
0,0.0,0.0,0.0,1718.7016373385613
1,0.0,0.0,1.0,0.6144432120822518
2,0.0,0.0,2.0,2000.0
3,0.0,0.0,3.0,0.4547620559285394
4,0.0,1.0,0.0,539.3849365750425
5,0.0,1.0,1.0,0.37732124599455164
6,0.0,1.0,2.0,2000.0
7,0.0,1.0,3.0,0.3569721465765448
8,0.0,2.0,0.0,1567.5321560603008
9,0.0,2.0,1.0,0.3999547365812898
10,0.0,2.0,2.0,2000.0
11,0.0,2.0,3.0,0.2873332642551751
