,round,tube,sp_div_H,tot_pop_0,tot_final_pop,tot_auc,mean_fc,deg_score,nut_score
0,0.0,0.0,-0.0,2.0,116.0,16309.0,57.99971000144999,0.09930057628631939,0.13397456506291694
1,0.0,1.0,-0.0,2.0,123.0,15630.0,61.49969250153749,0.09971986065754967,0.1339745926603133
2,0.0,2.0,-0.0,2.0,133.0,17715.0,66.49966750166249,0.10048521538878474,0.1339745844241459
