,round,tube,sp,pop_0,final_pop,st_div_H,auc,fc
0,0.0,0.0,4.0,21.0,334.0,0.4569291023166341,52284.0,15.904754331069366
1,0.0,1.0,4.0,21.0,416.0,0.2337916587064593,57960.0,19.809514376421728
2,0.0,2.0,4.0,21.0,352.0,0.4285772054472978,53974.0,16.761896780049153
