,round,tube,sp,pop_0,final_pop,st_div_H,auc,fc
0,0.0,0.0,4.0,32.0,414.0,0.8012860543429005,59917.0,12.937495957032512
1,0.0,1.0,4.0,32.0,304.0,0.5893577971874541,47845.0,9.499997031250928
2,0.0,2.0,4.0,32.0,408.0,0.5426889799406339,61713.0,12.749996015626245
