,round,tube,sp,pop_0,final_pop,st_div_H,auc,fc
0,0.0,0.0,11.0,3.0,351.0,-0.0,11698.0,116.9996100013
1,0.0,1.0,11.0,3.0,328.0,-0.0,15752.0,109.3329688901037
2,0.0,2.0,11.0,3.0,317.0,-0.0,17855.0,105.66631444561851
