,round,tube,sp_div_H,tot_pop_0,tot_final_pop,tot_auc,mean_fc,deg_score,nut_score
0,0.0,0.0,-0.0,4.0,1.0,135.0,0.24999937500156252,0.017087061886671195,0.015334975698310105
1,0.0,1.0,-0.0,4.0,2.0,358.0,0.49999875000312505,0.04367186894452535,0.04154485750351755
2,0.0,2.0,-0.0,4.0,2.0,228.0,0.49999875000312505,0.02837246474907329,0.026234739738836388
