,round,tube,sp_div_H,tot_pop_0,tot_final_pop,tot_auc,mean_fc,deg_score,nut_score
0,0.0,0.0,-0.0,14.0,194.0,11919.0,13.857132959190745,0.3196366351939639,0.3046223822844475
1,0.0,1.0,-0.0,14.0,208.0,10956.0,14.85713224490554,0.3194311627039176,0.39129787401897753
2,0.0,2.0,-0.0,14.0,210.0,12733.0,14.99998928572194,0.31796045988588784,0.3046214468361911
