,round,tube,nut,amount
0,0.0,0.0,0.0,0.511531200915763
1,0.0,0.0,1.0,0.8197029091112459
2,0.0,0.0,2.0,2000.0
3,0.0,0.0,3.0,2000.0
4,0.0,1.0,0.0,0.28420259191006136
5,0.0,1.0,1.0,0.6605234721193542
6,0.0,1.0,2.0,2000.0
7,0.0,1.0,3.0,2000.0
8,0.0,2.0,0.0,0.23850967751037783
9,0.0,2.0,1.0,0.7465312164811995
10,0.0,2.0,2.0,2000.0
11,0.0,2.0,3.0,2000.0
