,round,tube,sp,pop_0,final_pop,st_div_H,auc,fc
0,0.0,0.0,10.0,9.0,106.0,-0.0,18489.0,11.777764691372566
1,0.0,1.0,10.0,9.0,91.0,-0.0,16433.0,10.111099876555693
2,0.0,2.0,10.0,9.0,97.0,-0.0,16809.0,10.777765802482442
