,round,tube,sp,st,final_pop
0,0,0,9,"(0.04629656935712937, 0.11226550367035669, 0.0, 0.0, 0.0, 0.05964717490902346, 0.0, 0.0, 0.14433189408039082, 0.1025753404294793)",18
1,0,0,9,"(0.04629656935712937, 0.16514218036350897, 0.0, 0.0, 0.0, 0.05964717490902346, 0.0, 0.0, 0.14433189408039082, 0.11562826080524391)",61
2,0,1,9,"(0.08463596568914969, 0.16514218036350897, 0.0, 0.0, 0.0, 0.05964717490902346, 0.0, 0.0, 0.14433189408039082, 0.11562826080524391)",6
3,0,1,9,"(0.04629656935712937, 0.11226550367035669, 0.0, 0.0, 0.0, 0.05964717490902346, 0.0, 0.0, 0.14433189408039082, 0.1025753404294793)",22
4,0,1,9,"(0.04629656935712937, 0.16514218036350897, 0.0, 0.0, 0.0, 0.05964717490902346, 0.0, 0.0, 0.14433189408039082, 0.11562826080524391)",60
5,0,2,9,"(0.04629656935712937, 0.16514218036350897, 0.0, 0.0, 0.0, 0.05964717490902346, 0.0, 0.0, 0.14433189408039082, 0.11562826080524391)",71
6,0,2,9,"(0.08463596568914969, 0.16514218036350897, 0.0, 0.0, 0.0, 0.05964717490902346, 0.0, 0.0, 0.14433189408039082, 0.11562826080524391)",2
7,0,2,9,"(0.04629656935712937, 0.11226550367035669, 0.0, 0.0, 0.0, 0.05964717490902346, 0.0, 0.0, 0.14433189408039082, 0.1025753404294793)",6
