,round,tube,sp,pop_0,final_pop,st_div_H,auc,fc
0,0.0,0.0,11.0,7.0,47.0,0.6975256810231072,19992.0,6.714276122462683
1,0.0,1.0,11.0,7.0,34.0,0.9231156207338844,20128.0,4.85713591837726
2,0.0,2.0,11.0,7.0,37.0,0.6142439731753446,19322.0,5.285706734704665
