,round,tube,nut,amount
0,0.0,0.0,0.0,2000.0
1,0.0,0.0,1.0,0.4013661005563325
2,0.0,0.0,2.0,0.20469081535133027
3,0.0,0.0,3.0,2000.0
4,0.0,1.0,0.0,2000.0
5,0.0,1.0,1.0,0.8834772966564395
6,0.0,1.0,2.0,0.3515579339052506
7,0.0,1.0,3.0,2000.0
8,0.0,2.0,0.0,2000.0
9,0.0,2.0,1.0,0.9231217351188121
10,0.0,2.0,2.0,0.2761031338171591
11,0.0,2.0,3.0,2000.0
