,round,tube,sp_div_H,tot_pop_0,tot_final_pop,tot_auc,mean_fc,deg_score,nut_score
0,0.0,0.0,-0.0,34.0,558.0,56032.0,16.411759878894152,0.2164314867174678,0.29289319262695435
1,0.0,1.0,-0.0,34.0,537.0,54292.0,15.79411300173147,0.2174631964777599,0.29289319978781414
2,0.0,2.0,-0.0,34.0,552.0,57788.0,16.235289342561956,0.2169256078614079,0.29289318394634556
