,round,tube,sp_div_H,tot_pop_0,tot_final_pop,tot_auc,mean_fc,deg_score,nut_score
0,0.0,0.0,-0.0,11.0,1.0,362.0,0.09090900826453795,0.04535590986910176,0.04016836994846473
1,0.0,1.0,0.0,11.0,0.0,176.0,0.0,0.02301964044445881,0.020419222561766426
2,0.0,2.0,-0.0,11.0,2.0,361.0,0.1818180165290759,0.04496781309749842,0.039224120800612994
