,round,tube,sp_div_H,tot_pop_0,tot_final_pop,tot_auc,mean_fc,deg_score,nut_score
0,0.0,0.0,-0.0,11.0,163.0,21288.0,14.818168347119684,0.2495606020831268,0.2928932080138513
1,0.0,1.0,-0.0,11.0,181.0,18663.0,16.454530495881368,0.25261714583342054,0.2928931762851902
2,0.0,2.0,-0.0,11.0,202.0,19158.0,18.363619669436666,0.2555728697747722,0.29289320492732096
