,round,tube,sp,pop_0,final_pop,st_div_H,auc,fc
0,0.0,0.0,6.0,10.0,151.0,1.1417950886706256,20234.0,15.0999849000151
1,0.0,1.0,6.0,10.0,162.0,0.9887797884511571,21384.0,16.199983800016202
2,0.0,2.0,6.0,10.0,142.0,0.9032464058318281,18441.0,14.1999858000142
