,round,tube,sp,pop_0,final_pop,st_div_H,auc,fc
0,0.0,0.0,6.0,10.0,160.0,0.39123929720724643,20740.0,15.999984000016001
1,0.0,1.0,6.0,10.0,172.0,0.9557943682835868,21750.0,17.1999828000172
2,0.0,2.0,6.0,10.0,162.0,0.5417104888146196,22447.0,16.199983800016202
