,round,tube,sp,st,final_pop
0,0,0,6,"(0.03426039533065134, 0.013880788085927149, 0.0, 0.030181603934096246, 0.007141450562650341, 0.0, 0.014284285686566348, 0.0, 0.018533941744612273, 0.025990522589530586)",144
1,0,0,6,"(0.03426039533065134, 0.013880788085927149, 0.0, 0.05296637307134229, 0.005422768956954101, 0.0, 0.010946759650088084, 0.0, 0.028146417112716555, 0.05874522297052942)",6
2,0,0,6,"(0.03426039533065134, 0.013880788085927149, 0.0, 0.030181603934096246, 0.007141450562650341, 0.0, 0.030161870803921815, 0.0, 0.027306860504527602, 0.025990522589530586)",10
3,0,1,6,"(0.03426039533065134, 0.013880788085927149, 0.0, 0.030181603934096246, 0.007141450562650341, 0.0, 0.030161870803921815, 0.0, 0.027306860504527602, 0.025990522589530586)",58
4,0,1,6,"(0.03426039533065134, 0.013880788085927149, 0.0, 0.030181603934096246, 0.007141450562650341, 0.0, 0.014284285686566348, 0.0, 0.018533941744612273, 0.025990522589530586)",93
5,0,1,6,"(0.03426039533065134, 0.013880788085927149, 0.0, 0.05296637307134229, 0.005422768956954101, 0.0, 0.010946759650088084, 0.0, 0.028146417112716555, 0.05874522297052942)",21
6,0,2,6,"(0.03426039533065134, 0.013880788085927149, 0.0, 0.030181603934096246, 0.007141450562650341, 0.0, 0.014284285686566348, 0.0, 0.018533941744612273, 0.025990522589530586)",133
7,0,2,6,"(0.03426039533065134, 0.013880788085927149, 0.0, 0.030181603934096246, 0.007141450562650341, 0.0, 0.030161870803921815, 0.0, 0.027306860504527602, 0.025990522589530586)",25
8,0,2,6,"(0.03426039533065134, 0.013880788085927149, 0.0, 0.05296637307134229, 0.005422768956954101, 0.0, 0.010946759650088084, 0.0, 0.028146417112716555, 0.05874522297052942)",4
