,round,tube,sp_div_H,tot_pop_0,tot_final_pop,tot_auc,mean_fc,deg_score,nut_score
0,0.0,0.0,-0.0,15.0,126.0,15303.0,8.399994400003733,0.08515558092050579,0.13397459618135776
1,0.0,1.0,-0.0,15.0,149.0,14837.0,9.933326711115527,0.08831648540595927,0.13397458827413722
2,0.0,2.0,-0.0,15.0,141.0,15694.0,9.399993733337512,0.08420566964505427,0.13397458903162618
