,round,tube,nut,amount
0,0.0,0.0,0.0,0.21354742905690405
1,0.0,0.0,1.0,2000.0
2,0.0,0.0,2.0,0.34274972706825846
3,0.0,0.0,3.0,350.62509640584125
4,0.0,1.0,0.0,0.5178929535660757
5,0.0,1.0,1.0,2000.0
6,0.0,1.0,2.0,0.4248646749537113
7,0.0,1.0,3.0,350.6928271803243
8,0.0,2.0,0.0,0.19858531267787605
9,0.0,2.0,1.0,2000.0
10,0.0,2.0,2.0,0.3441374771374994
11,0.0,2.0,3.0,350.6262410620765
