,round,tube,sp,pop_0,final_pop,st_div_H,auc,fc
0,0.0,0.0,13.0,9.0,65.0,-0.0,4148.0,7.222214197539781
1,0.0,1.0,13.0,9.0,70.0,-0.0,4714.0,7.777769135812072
2,0.0,2.0,13.0,9.0,67.0,-0.0,3870.0,7.444436172848697
