,round,tube,sp_div_H,tot_pop_0,tot_final_pop,tot_auc,mean_fc,deg_score,nut_score
0,0.0,0.0,-0.0,2.0,116.0,6707.0,57.99971000144999,0.17715323026105956,0.1339745961878821
1,0.0,1.0,-0.0,2.0,98.0,7587.0,48.99975500122499,0.17662910755376748,0.13397459607074347
2,0.0,2.0,-0.0,2.0,107.0,8698.0,53.49973250133749,0.17781840466861054,0.13397456162543175
