,round,tube,nut,amount
0,0.0,0.0,0.0,2000.0
1,0.0,0.0,1.0,0.9103517727717554
2,0.0,0.0,2.0,2000.0
3,0.0,0.0,3.0,0.4910083286573963
4,0.0,1.0,0.0,2000.0
5,0.0,1.0,1.0,0.36389282789179855
6,0.0,1.0,2.0,2000.0
7,0.0,1.0,3.0,0.7312443346798916
8,0.0,2.0,0.0,2000.0
9,0.0,2.0,1.0,0.34973488272815567
10,0.0,2.0,2.0,2000.0
11,0.0,2.0,3.0,0.3358984327999306
