,round,tube,sp_div_H,tot_pop_0,tot_final_pop,tot_auc,mean_fc,deg_score,nut_score
0,0.0,0.0,-0.0,29.0,547.0,44745.0,18.862062461357773,0.16333997346592444,0.2928587955409926
1,0.0,1.0,-0.0,29.0,506.0,43889.0,17.448269845424193,0.16333997346592444,0.29286776466670317
2,0.0,2.0,-0.0,29.0,568.0,46890.0,19.586200142689606,0.16333997346592444,0.29286947516064554
