,round,tube,nut,amount
0,0.0,0.0,0.0,1691.5560806035032
1,0.0,0.0,1.0,2000.0
2,0.0,0.0,2.0,0.8406725277340757
3,0.0,0.0,3.0,0.2904951159092539
4,0.0,1.0,0.0,1691.8804345185415
5,0.0,1.0,1.0,2000.0
6,0.0,1.0,2.0,2.9429514636347953
7,0.0,1.0,3.0,0.4557999621700075
8,0.0,2.0,0.0,1691.5559127719675
9,0.0,2.0,1.0,2000.0
10,0.0,2.0,2.0,0.839584738506866
11,0.0,2.0,3.0,0.5210841247462246
