,round,tube,sp_div_H,tot_pop_0,tot_final_pop,tot_auc,mean_fc,deg_score,nut_score
0,0.0,0.0,-0.0,8.0,286.0,9338.0,35.74995531255586,0.22867749154218708,0.4676532042744632
1,0.0,1.0,-0.0,8.0,268.0,10093.0,33.499958125052345,0.23381494811121395,0.48218875561565033
2,0.0,2.0,-0.0,8.0,273.0,10880.0,34.124957343803324,0.23758697805756224,0.48844566438374226
