,round,tube,nut,amount
0,0.0,0.0,0.0,1662.3453774926095
1,0.0,0.0,1.0,1865.4177851799855
2,0.0,0.0,2.0,2000.0
3,0.0,0.0,3.0,2000.0
4,0.0,1.0,0.0,1662.532697621169
5,0.0,1.0,1.0,1865.4924471455006
6,0.0,1.0,2.0,2000.0
7,0.0,1.0,3.0,2000.0
8,0.0,2.0,0.0,1553.665364974379
9,0.0,2.0,1.0,1822.100158775958
10,0.0,2.0,2.0,2000.0
11,0.0,2.0,3.0,2000.0
