,round,tube,sp,pop_0,final_pop,st_div_H,auc,fc
0,0.0,0.0,13.0,11.0,82.0,-0.0,5761.0,7.454538677692112
1,0.0,1.0,13.0,11.0,80.0,-0.0,6777.0,7.272720661163036
2,0.0,2.0,13.0,11.0,75.0,-0.0,6656.0,6.818175619840346
