,round,tube,sp,pop_0,final_pop,st_div_H,auc,fc
0,0.0,0.0,13.0,63.0,1015.0,1.3751278801284086,113727.0,16.111108553792292
1,0.0,1.0,13.0,63.0,1021.0,1.4578129336060424,116347.0,16.20634663391323
2,0.0,2.0,13.0,63.0,944.0,1.6312206338365547,111679.0,14.984124605694506
