,round,tube,nut,amount
0,0.0,0.0,0.0,1353.1950627902995
1,0.0,0.0,1.0,2000.0
2,0.0,0.0,2.0,1828.078300677439
3,0.0,0.0,3.0,1359.3019011982415
4,0.0,1.0,0.0,1262.716886256934
5,0.0,1.0,1.0,2000.0
6,0.0,1.0,2.0,1804.029068882261
7,0.0,1.0,3.0,1269.677978508256
8,0.0,2.0,0.0,1049.9913719939786
9,0.0,2.0,1.0,2000.0
10,0.0,2.0,2.0,1747.4863157314742
11,0.0,2.0,3.0,1058.9609219210508
