,round,tube,nut,amount
0,0.0,0.0,0.0,0.6957663705369865
1,0.0,0.0,1.0,0.30820949256793795
2,0.0,0.0,2.0,2000.0
3,0.0,0.0,3.0,1336.0346866907362
4,0.0,1.0,0.0,0.4390837701664663
5,0.0,1.0,1.0,0.27978113859143927
6,0.0,1.0,2.0,2000.0
7,0.0,1.0,3.0,1335.9494428642565
8,0.0,2.0,0.0,0.7393634792564622
9,0.0,2.0,1.0,0.2516463743989106
10,0.0,2.0,2.0,2000.0
11,0.0,2.0,3.0,1336.0491652115488
