,round,tube,nut,amount
0,0.0,0.0,0.0,0.41972662612177913
1,0.0,0.0,1.0,2000.0
2,0.0,0.0,2.0,0.19151186366053263
3,0.0,0.0,3.0,0.02523804853065237
4,0.0,1.0,0.0,0.1071377707934893
5,0.0,1.0,1.0,2000.0
6,0.0,1.0,2.0,1332.970529706391
7,0.0,1.0,3.0,0.4625593375624497
8,0.0,2.0,0.0,0.22587684257779728
9,0.0,2.0,1.0,2000.0
10,0.0,2.0,2.0,1333.0101330579764
11,0.0,2.0,3.0,0.5812773070017201
