,round,tube,nut,amount
0,0.0,0.0,0.0,0.2998360362257123
1,0.0,0.0,1.0,0.5414798525520892
2,0.0,0.0,2.0,2000.0
3,0.0,0.0,3.0,0.2901800480924965
4,0.0,1.0,0.0,0.35048662883240034
5,0.0,1.0,1.0,131.10286339676657
6,0.0,1.0,2.0,2000.0
7,0.0,1.0,3.0,0.51336391099019
8,0.0,2.0,0.0,0.27182012862234595
9,0.0,2.0,1.0,0.7593597639330216
10,0.0,2.0,2.0,2000.0
11,0.0,2.0,3.0,0.11376501029737812
