,round,tube,sp_div_H,tot_pop_0,tot_final_pop,tot_auc,mean_fc,deg_score,nut_score
0,0.0,0.0,-0.0,2.0,124.0,6793.0,61.99969000154999,0.17774471359839328,0.13397459501197084
1,0.0,1.0,0.0,2.0,0.0,18.0,0.0,0.001279413874549662,0.0014309616699123007
2,0.0,2.0,-0.0,2.0,53.0,805.0,26.499867500662496,0.05193610136847304,0.06524951759209996
