,round,tube,sp_div_H,tot_pop_0,tot_final_pop,tot_auc,mean_fc,deg_score,nut_score
0,0.0,0.0,-0.0,9.0,149.0,21759.0,16.555537160514266,0.057375684855414444,0.4999984039326506
1,0.0,1.0,-0.0,9.0,112.0,17580.0,12.444430617299314,0.054848015130834815,0.3663523508379233
2,0.0,2.0,-0.0,9.0,208.0,21482.0,23.1110854321273,0.05740503224788085,0.4999930320869276
