,round,tube,nut,amount
0,0.0,0.0,0.0,2000.0
1,0.0,0.0,1.0,0.2784734294835296
2,0.0,0.0,2.0,2000.0
3,0.0,0.0,3.0,807.0587021016217
4,0.0,1.0,0.0,2000.0
5,0.0,1.0,1.0,0.7835885451802334
6,0.0,1.0,2.0,2000.0
7,0.0,1.0,3.0,23.42991688377909
8,0.0,2.0,0.0,2000.0
9,0.0,2.0,1.0,0.26541673678210653
10,0.0,2.0,2.0,2000.0
11,0.0,2.0,3.0,962.4747600435912
