,round,tube,nut,amount
0,0.0,0.0,0.0,1.7807775745709271
1,0.0,0.0,1.0,2000.0
2,0.0,0.0,2.0,2000.0
3,0.0,0.0,3.0,0.16556493493634827
4,0.0,1.0,0.0,0.5926055009667921
5,0.0,1.0,1.0,2000.0
6,0.0,1.0,2.0,2000.0
7,0.0,1.0,3.0,0.348828351957565
8,0.0,2.0,0.0,0.9590967579976373
9,0.0,2.0,1.0,2000.0
10,0.0,2.0,2.0,2000.0
11,0.0,2.0,3.0,0.28340966933561784
