,round,tube,sp,pop_0,final_pop,st_div_H,auc,fc
0,0.0,0.0,6.0,7.0,1.0,-0.0,222.0,0.14285693877580175
1,0.0,1.0,6.0,7.0,1.0,-0.0,258.0,0.14285693877580175
2,0.0,2.0,6.0,7.0,1.0,-0.0,253.0,0.14285693877580175
