,round,tube,sp,pop_0,final_pop,st_div_H,auc,fc
0,0.0,0.0,2.0,16.0,141.0,-0.0,15358.0,8.812494492190943
1,0.0,1.0,2.0,16.0,137.0,-0.0,15193.0,8.562494648440845
2,0.0,2.0,2.0,16.0,130.0,-0.0,14825.0,8.124994921878175
