,round,tube,sp,st,final_pop
0,0,0,8,"(0.0, 0.016643627919484913, 0.020763267786998038, 0.0, 0.0, 0.0, 0.0005539719281682069, 0.0, 0.0, 0.0)",113
1,0,0,8,"(0.0, 0.014153994229055528, 0.028825619219131734, 0.0, 0.0, 0.0, 0.00026087500255182283, 0.0, 0.0, 0.0)",99
2,0,0,8,"(0.0, 0.016643627919484913, 0.02852076469392659, 0.0, 0.0, 0.0, 0.00026087500255182283, 0.0, 0.0, 0.0)",208
3,0,1,8,"(0.0, 0.014153994229055528, 0.028825619219131734, 0.0, 0.0, 0.0, 0.00026087500255182283, 0.0, 0.0, 0.0)",42
4,0,1,8,"(0.0, 0.016643627919484913, 0.02852076469392659, 0.0, 0.0, 0.0, 0.00026087500255182283, 0.0, 0.0, 0.0)",99
5,0,1,8,"(0.0, 0.016643627919484913, 0.020763267786998038, 0.0, 0.0, 0.0, 0.0005539719281682069, 0.0, 0.0, 0.0)",199
6,0,2,8,"(0.0, 0.016643627919484913, 0.02852076469392659, 0.0, 0.0, 0.0, 0.00026087500255182283, 0.0, 0.0, 0.0)",151
7,0,2,8,"(0.0, 0.014153994229055528, 0.028825619219131734, 0.0, 0.0, 0.0, 0.00026087500255182283, 0.0, 0.0, 0.0)",24
8,0,2,8,"(0.0, 0.016643627919484913, 0.020763267786998038, 0.0, 0.0, 0.0, 0.0005539719281682069, 0.0, 0.0, 0.0)",86
