,round,tube,sp_div_H,tot_pop_0,tot_final_pop,tot_auc,mean_fc,deg_score,nut_score
0,0.0,0.0,-0.0,8.0,626.0,40175.0,78.24990218762227,0.16333997346592444,0.29264468701084545
1,0.0,1.0,-0.0,8.0,653.0,32749.0,81.62489796887755,0.16333997346592444,0.29251546931863537
2,0.0,2.0,-0.0,8.0,600.0,38307.0,74.99990625011719,0.16333997346592444,0.2928031793440957
