,round,tube,sp,pop_0,final_pop,st_div_H,auc,fc
0,0.0,0.0,13.0,52.0,931.0,1.5193439036447425,103452.0,17.903842710799477
1,0.0,1.0,13.0,52.0,916.0,1.3247338517162033,105460.0,17.6153812278113
2,0.0,2.0,13.0,52.0,904.0,1.3685004453957073,100627.0,17.38461204142076
