,round,tube,sp_div_H,tot_pop_0,tot_final_pop,tot_auc,mean_fc,deg_score,nut_score
0,0.0,0.0,-0.0,12.0,112.0,9472.0,9.333325555562038,0.14326847391911834,0.13397458871433043
1,0.0,1.0,-0.0,12.0,128.0,10344.0,10.666657777785186,0.14592111472822977,0.13397457349661135
2,0.0,2.0,-0.0,12.0,131.0,9638.0,10.916657569452026,0.14608406639495708,0.13397458453925715
