,round,tube,sp_div_H,tot_pop_0,tot_final_pop,tot_auc,mean_fc,deg_score,nut_score
0,0.0,0.0,-0.0,3.0,894.0,87374.0,297.99900666997775,0.11544004002358577,0.2928931620490749
1,0.0,1.0,-0.0,3.0,891.0,93268.0,296.9990100033,0.1161160471515501,0.29289321580846783
2,0.0,2.0,-0.0,3.0,987.0,91507.0,328.99890333698886,0.1180320413544842,0.2928932000562605
