,round,tube,sp,pop_0,final_pop,st_div_H,auc,fc
0,0.0,0.0,9.0,9.0,101.0,-0.0,3137.0,11.222209753100275
1,0.0,1.0,9.0,9.0,121.0,-0.0,3635.0,13.444429506189438
2,0.0,2.0,9.0,9.0,104.0,-0.0,2848.0,11.55554271606365
