,round,tube,sp_div_H,tot_pop_0,tot_final_pop,tot_auc,mean_fc,deg_score,nut_score
0,0.0,0.0,-0.0,8.0,250.0,22681.0,31.24996093754883,0.13062385504536111,0.2928931939536892
1,0.0,1.0,-0.0,8.0,274.0,22245.0,34.24995718755352,0.13158665395559777,0.29289317758905453
2,0.0,2.0,-0.0,8.0,239.0,23724.0,29.87496265629668,0.12923775237637214,0.29289318383624563
