,round,tube,sp_div_H,tot_pop_0,tot_final_pop,tot_auc,mean_fc,deg_score,nut_score
0,0.0,0.0,-0.0,11.0,291.0,17706.0,26.454521404980543,0.3095343040726327,0.29289320814157305
1,0.0,1.0,-0.0,11.0,305.0,19916.0,27.727247520684074,0.30868380809789564,0.2928931891459039
2,0.0,2.0,-0.0,11.0,298.0,20303.0,27.090884462832307,0.3102567365620571,0.29289319799301106
