,round,tube,sp_div_H,tot_pop_0,tot_final_pop,tot_auc,mean_fc,deg_score,nut_score
0,0.0,0.0,-0.0,12.0,264.0,17707.0,21.999981666681943,0.3222108350696278,0.29289321556349834
1,0.0,1.0,-0.0,12.0,274.0,16895.0,22.833314305571413,0.3247873657466157,0.29289321435383575
2,0.0,2.0,-0.0,12.0,270.0,17152.0,22.499981250015626,0.32250826428495094,0.2928932024650799
