,round,tube,sp,pop_0,final_pop,st_div_H,auc,fc
0,0.0,0.0,0.0,10.0,2.0,-0.0,355.0,0.1999998000002
1,0.0,1.0,0.0,10.0,0.0,,273.0,0.0
2,0.0,2.0,0.0,10.0,1.0,-0.0,365.0,0.0999999000001
