,round,tube,sp_div_H,tot_pop_0,tot_final_pop,tot_auc,mean_fc,deg_score,nut_score
0,0.0,0.0,-0.0,13.0,329.0,32266.0,25.307672840251662,0.11092133432440776,0.2928931726542703
1,0.0,1.0,-0.0,13.0,341.0,35689.0,26.23074905326996,0.11290821432872067,0.29289319759984
2,0.0,2.0,-0.0,13.0,342.0,35465.0,26.307672071021486,0.1120768704403482,0.2928931808968155
