,round,tube,sp,pop_0,final_pop,st_div_H,auc,fc
0,0.0,0.0,8.0,1.0,980.0,-0.0,85211.0,979.9902000979989
1,0.0,1.0,8.0,1.0,1081.0,-0.0,79330.0,1080.989190108099
2,0.0,2.0,8.0,1.0,927.0,-0.0,87254.0,926.990730092699
