,round,tube,sp,pop_0,final_pop,st_div_H,auc,fc
0,0.0,0.0,5.0,20.0,575.0,1.9617826703212689,76622.0,28.749985625007188
1,0.0,1.0,5.0,20.0,632.0,2.0501671467908276,83707.0,31.5999842000079
2,0.0,2.0,5.0,20.0,614.0,1.7549960601487538,80199.0,30.699984650007675
