,round,tube,sp,pop_0,final_pop,st_div_H,auc,fc
0,0.0,0.0,5.0,7.0,19.0,-0.0,893.0,2.7142818367402333
1,0.0,1.0,5.0,7.0,8.0,-0.0,573.0,1.142855510206414
2,0.0,2.0,5.0,7.0,5.0,-0.0,519.0,0.7142846938790088
