,round,tube,nut,amount
0,0.0,0.0,0.0,1860.1953658657326
1,0.0,0.0,1.0,1402.307480500636
2,0.0,0.0,2.0,1051.135499103951
3,0.0,0.0,3.0,2000.0
4,0.0,1.0,0.0,1918.2085251401334
5,0.0,1.0,1.0,1650.3252343150996
6,0.0,1.0,2.0,1444.875147014635
7,0.0,1.0,3.0,2000.0
8,0.0,2.0,0.0,1866.579259301981
9,0.0,2.0,1.0,1429.5998901961598
10,0.0,2.0,2.0,1094.4634609892512
11,0.0,2.0,3.0,2000.0
