,round,tube,sp_div_H,tot_pop_0,tot_final_pop,tot_auc,mean_fc,deg_score,nut_score
0,0.0,0.0,-0.0,7.0,167.0,38487.0,23.857108775558892,0.16177460631811402,0.29289319088598165
1,0.0,1.0,-0.0,7.0,156.0,34973.0,22.285682449025074,0.16023392225000654,0.29289318348100124
2,0.0,2.0,-0.0,7.0,175.0,39587.0,24.99996428576531,0.1628509565052979,0.2928931887372034
