,round,tube,sp,pop_0,final_pop,st_div_H,auc,fc
0,0.0,0.0,0.0,3.0,107.0,-0.0,17232.0,35.66654777817407
1,0.0,1.0,0.0,3.0,104.0,-0.0,16175.0,34.6665511114963
2,0.0,2.0,0.0,3.0,93.0,-0.0,15369.0,30.99989666701111
