,round,tube,nut,amount
0,0.0,0.0,0.0,0.07625530811201453
1,0.0,0.0,1.0,2000.0
2,0.0,0.0,2.0,0.30224183788609116
3,0.0,0.0,3.0,350.59168433192366
4,0.0,1.0,0.0,0.5105171458377384
5,0.0,1.0,1.0,2000.0
6,0.0,1.0,2.0,0.31534855554046554
7,0.0,1.0,3.0,350.60249513020256
8,0.0,2.0,0.0,0.5326466199572243
9,0.0,2.0,1.0,2000.0
10,0.0,2.0,2.0,0.3855412156471296
11,0.0,2.0,3.0,350.660392058283
