,round,tube,sp_div_H,tot_pop_0,tot_final_pop,tot_auc,mean_fc,deg_score,nut_score
0,0.0,0.0,-0.0,11.0,157.0,6525.0,14.272714297532458,0.3008533723701664,0.4307717021565758
1,0.0,1.0,-0.0,11.0,10.0,791.0,0.9090900826453795,0.06898996176353078,0.07878412105880317
2,0.0,2.0,-0.0,11.0,150.0,5082.0,13.636351239680693,0.28628768386823145,0.3991731544096302
