,round,tube,sp_div_H,tot_pop_0,tot_final_pop,tot_auc,mean_fc,deg_score,nut_score
0,0.0,0.0,-0.0,15.0,1178.0,107857.0,78.53328097781268,0.2560613498192448,0.4973229820649576
1,0.0,1.0,-0.0,15.0,1183.0,112406.0,78.86661408892394,0.25597545645906594,0.49732500830824733
2,0.0,2.0,-0.0,15.0,1261.0,115963.0,84.06661062225959,0.25708515355619677,0.4999999546641247
