,round,tube,nut,amount
0,0.0,0.0,0.0,647.7174289533567
1,0.0,0.0,1.0,0.10174126364887662
2,0.0,0.0,2.0,0.39068644984782286
3,0.0,0.0,3.0,2000.0
4,0.0,1.0,0.0,159.69258058464922
5,0.0,1.0,1.0,0.3401141838285402
6,0.0,1.0,2.0,0.21996443837268775
7,0.0,1.0,3.0,2000.0
8,0.0,2.0,0.0,1048.6912003025977
9,0.0,2.0,1.0,106.38087273166818
10,0.0,2.0,2.0,114.00511970500712
11,0.0,2.0,3.0,2000.0
