,round,tube,sp_div_H,tot_pop_0,tot_final_pop,tot_auc,mean_fc,deg_score,nut_score
0,0.0,0.0,-0.0,70.0,875.0,110321.0,12.499998214285968,0.25279497983649357,0.49999995702988886
1,0.0,1.0,-0.0,70.0,902.0,113016.0,12.885712444898221,0.25443637236177186,0.4999999621143477
2,0.0,2.0,-0.0,70.0,891.0,111494.0,12.72856961020434,0.25150403706812097,0.4973237447063025
