,round,tube,sp,pop_0,final_pop,st_div_H,auc,fc
0,0.0,0.0,8.0,7.0,286.0,1.2342534221007126,50807.0,40.857084489879306
1,0.0,1.0,8.0,7.0,338.0,1.1995198643486182,45658.0,48.28564530622099
2,0.0,2.0,8.0,7.0,321.0,1.1164433016619273,46517.0,45.857077347032366
