,round,tube,sp_div_H,tot_pop_0,tot_final_pop,tot_auc,mean_fc,deg_score,nut_score
0,0.0,0.0,-0.0,20.0,386.0,43528.0,19.299990350004826,0.04098348302909871,0.13397458516424932
1,0.0,1.0,-0.0,20.0,417.0,45410.0,20.849989575005214,0.04421430221104672,0.13397459499553954
2,0.0,2.0,-0.0,20.0,422.0,45027.0,21.099989450005275,0.04211252283865441,0.13397458002469365
