,round,tube,sp,st,final_pop
0,0,0,6,"(0.01518563380317624, 0.0, 0.0, 0.004544187563910698, 0.0, 0.10451474945474147, 0.045631964960317475, 0.0, 0.0, 0.0)",131
1,0,1,6,"(0.01518563380317624, 0.0, 0.0, 0.004544187563910698, 0.0, 0.10451474945474147, 0.045631964960317475, 0.0, 0.0, 0.0)",81
2,0,1,6,"(0.01518563380317624, 0.0, 0.0, 0.004424537510356821, 0.0, 0.10451474945474147, 0.045631964960317475, 0.0, 0.0, 0.0)",31
3,0,2,6,"(0.01518563380317624, 0.0, 0.0, 0.004544187563910698, 0.0, 0.10451474945474147, 0.045631964960317475, 0.0, 0.0, 0.0)",69
4,0,2,6,"(0.01518563380317624, 0.0, 0.0, 0.004424537510356821, 0.0, 0.10451474945474147, 0.045631964960317475, 0.0, 0.0, 0.0)",31
