,round,tube,sp_div_H,tot_pop_0,tot_final_pop,tot_auc,mean_fc,deg_score,nut_score
0,0.0,0.0,-0.0,10.0,310.0,37387.0,30.999969000031,0.15485257338901348,0.491550905175433
1,0.0,1.0,-0.0,10.0,370.0,45876.0,36.999963000037,0.1754950230775263,0.7720058110084298
2,0.0,2.0,-0.0,10.0,220.0,37595.0,21.999978000022,0.14834327094166644,0.49154775553053454
