,round,tube,sp,pop_0,final_pop,st_div_H,auc,fc
0,0.0,0.0,12.0,4.0,185.0,0.9948917925389282,34369.0,46.249884375289064
1,0.0,1.0,12.0,4.0,204.0,0.8720129648555074,34545.0,50.99987250031875
2,0.0,2.0,12.0,4.0,176.0,0.6934933393434773,35488.0,43.999890000275
