,round,tube,nut,amount
0,0.0,0.0,0.0,0.16428078354426762
1,0.0,0.0,1.0,0.9407170733888215
2,0.0,0.0,2.0,2000.0
3,0.0,0.0,3.0,2000.0
4,0.0,1.0,0.0,0.19759662768111746
5,0.0,1.0,1.0,0.6857389758784629
6,0.0,1.0,2.0,2000.0
7,0.0,1.0,3.0,2000.0
8,0.0,2.0,0.0,0.4308559246872755
9,0.0,2.0,1.0,0.7027808504394064
10,0.0,2.0,2.0,2000.0
11,0.0,2.0,3.0,2000.0
