,round,tube,nut,amount
0,0.0,0.0,0.0,2000.0
1,0.0,0.0,1.0,0.16507905946289547
2,0.0,0.0,2.0,1229.648448131092
3,0.0,0.0,3.0,1286.5778555329468
4,0.0,1.0,0.0,2000.0
5,0.0,1.0,1.0,0.3526904721482378
6,0.0,1.0,2.0,1113.802395093232
7,0.0,1.0,3.0,1179.292890135261
8,0.0,2.0,0.0,2000.0
9,0.0,2.0,1.0,0.20706047823427592
10,0.0,2.0,2.0,0.38482033408526994
11,0.0,2.0,3.0,148.1574923485401
