,round,tube,nut,amount
0,0.0,0.0,0.0,1885.4562018363079
1,0.0,0.0,1.0,278.4113159471633
2,0.0,0.0,2.0,428.70645881065707
3,0.0,0.0,3.0,2000.0
4,0.0,1.0,0.0,1932.6944565214262
5,0.0,1.0,1.0,988.4003858406356
6,0.0,1.0,2.0,1076.7132970133646
7,0.0,1.0,3.0,2000.0
8,0.0,2.0,0.0,1899.2867487527603
9,0.0,2.0,1.0,486.2838803927542
10,0.0,2.0,2.0,618.4316939550301
11,0.0,2.0,3.0,2000.0
