,round,tube,nut,amount
0,0.0,0.0,0.0,0.10343921393026956
1,0.0,0.0,1.0,0.29086897143531965
2,0.0,0.0,2.0,530.704419848976
3,0.0,0.0,3.0,0.5927561189274994
4,0.0,1.0,0.0,0.0997821140725017
5,0.0,1.0,1.0,0.40037834566017066
6,0.0,1.0,2.0,530.5229968315238
7,0.0,1.0,3.0,0.34587693396446584
8,0.0,2.0,0.0,0.4060964338621479
9,0.0,2.0,1.0,0.29546779339916185
10,0.0,2.0,2.0,762.5329599582893
11,0.0,2.0,3.0,316.0634270272935
