,round,tube,nut,amount
0,0.0,0.0,0.0,0.19516761050385867
1,0.0,0.0,1.0,2000.0
2,0.0,0.0,2.0,0.17558155014580457
3,0.0,0.0,3.0,0.22168451413947227
4,0.0,1.0,0.0,0.1053108654209402
5,0.0,1.0,1.0,2000.0
6,0.0,1.0,2.0,0.7398547052283054
7,0.0,1.0,3.0,0.27034842430691924
8,0.0,2.0,0.0,0.2940896204999194
9,0.0,2.0,1.0,2000.0
10,0.0,2.0,2.0,0.996927155311213
11,0.0,2.0,3.0,0.28496292670303736
