,round,tube,sp_div_H,tot_pop_0,tot_final_pop,tot_auc,mean_fc,deg_score,nut_score
0,0.0,0.0,-0.0,6.0,2.0,276.0,0.33333277777870374,0.033672392891630265,0.02963006075858332
1,0.0,1.0,0.0,6.0,0.0,249.0,0.0,0.03065005421023037,0.027477154417438254
2,0.0,2.0,-0.0,6.0,2.0,270.0,0.33333277777870374,0.03294797744974998,0.029924637522987352
