,round,tube,nut,amount
0,0.0,0.0,0.0,50.73769315219352
1,0.0,0.0,1.0,1934.7632526817997
2,0.0,0.0,2.0,2000.0
3,0.0,0.0,3.0,0.42408380783893007
4,0.0,1.0,0.0,8.232823560972449
5,0.0,1.0,1.0,1933.3407250786245
6,0.0,1.0,2.0,2000.0
7,0.0,1.0,3.0,0.4733054546762625
8,0.0,2.0,0.0,656.4983790106344
9,0.0,2.0,1.0,1955.0364897211762
10,0.0,2.0,2.0,2000.0
11,0.0,2.0,3.0,0.5741993108831569
