,round,tube,sp,pop_0,final_pop,st_div_H,auc,fc
0,0.0,0.0,0.0,7.0,78.0,0.6450331516760341,15921.0,11.142841224512537
1,0.0,1.0,0.0,7.0,64.0,0.6690268361602776,15669.0,9.142844081651312
2,0.0,2.0,0.0,7.0,53.0,0.6274370336771098,14976.0,7.571417755117493
