,round,tube,sp,pop_0,final_pop,st_div_H,auc,fc
0,0.0,0.0,8.0,9.0,325.0,0.7654820793895358,49620.0,36.1110709876989
1,0.0,1.0,8.0,9.0,293.0,0.7692341996299888,48978.0,32.555519382756245
2,0.0,2.0,8.0,9.0,315.0,0.45310682484572884,46413.0,34.99996111115432
