,round,tube,sp_div_H,tot_pop_0,tot_final_pop,tot_auc,mean_fc,deg_score,nut_score
0,0.0,0.0,-0.0,10.0,172.0,30763.0,17.1999828000172,0.2047939415614115,0.29289321398074664
1,0.0,1.0,-0.0,10.0,160.0,28831.0,15.999984000016001,0.20879434127691876,0.29289319374841705
2,0.0,2.0,-0.0,10.0,125.0,25598.0,12.4999875000125,0.2065607852535165,0.2928932067027462
