,round,tube,nut,amount
0,0.0,0.0,0.0,2000.0
1,0.0,0.0,1.0,0.593480272802644
2,0.0,0.0,2.0,0.8188118336996286
3,0.0,0.0,3.0,2000.0
4,0.0,1.0,0.0,2000.0
5,0.0,1.0,1.0,0.16054283069325415
6,0.0,1.0,2.0,0.6710599976110281
7,0.0,1.0,3.0,2000.0
8,0.0,2.0,0.0,2000.0
9,0.0,2.0,1.0,0.4125350660520848
10,0.0,2.0,2.0,0.2455638739252386
11,0.0,2.0,3.0,2000.0
