,round,tube,sp,pop_0,final_pop,st_div_H,auc,fc
0,0.0,0.0,4.0,12.0,401.0,-0.0,14714.0,33.41663881946765
1,0.0,1.0,4.0,12.0,438.0,-0.0,18421.0,36.499969583358684
2,0.0,2.0,4.0,12.0,419.0,-0.0,15973.0,34.91663756946869
