,round,tube,sp,pop_0,final_pop,st_div_H,auc,fc
0,0.0,0.0,2.0,12.0,231.0,-0.0,12817.0,19.249983958346704
1,0.0,1.0,2.0,12.0,252.0,-0.0,13945.0,20.999982500014585
2,0.0,2.0,2.0,12.0,244.0,-0.0,12562.0,20.33331638890301
