,round,tube,sp,pop_0,final_pop,st_div_H,auc,fc
0,0.0,0.0,6.0,4.0,190.0,0.9221980357393442,17629.0,47.49988125029688
1,0.0,1.0,6.0,4.0,190.0,0.24953541788381384,19870.0,47.49988125029688
2,0.0,2.0,6.0,4.0,167.0,0.8467875652463704,18854.0,41.74989562526094
