,round,tube,sp_div_H,tot_pop_0,tot_final_pop,tot_auc,mean_fc,deg_score,nut_score
0,0.0,0.0,-0.0,4.0,85.0,15408.0,21.249946875132814,0.12940418324066227,0.1339745937994432
1,0.0,1.0,-0.0,4.0,86.0,13879.0,21.499946250134375,0.1288184882357436,0.13397459471367723
2,0.0,2.0,-0.0,4.0,70.0,15620.0,17.499956250109378,0.1288184882357436,0.13397459471367723
