,round,tube,sp,st,final_pop
0,0,0,5,"(0.06821915277273262, 0.03775482593710799, 0.0, 0.06339445944252166, 0.05489171928405071, 0.0, 0.05196530257504701, 0.0841018434912883, 0.0, 0.0)",188
1,0,0,5,"(0.06821915277273262, 0.03775482593710799, 0.0, 0.05031026592059595, 0.05489171928405071, 0.0, 0.05196530257504701, 0.0841018434912883, 0.0, 0.0)",3
2,0,1,5,"(0.06821915277273262, 0.03775482593710799, 0.0, 0.06339445944252166, 0.05489171928405071, 0.0, 0.05196530257504701, 0.0841018434912883, 0.0, 0.0)",97
3,0,1,5,"(0.06821915277273262, 0.03775482593710799, 0.0, 0.05031026592059595, 0.05489171928405071, 0.0, 0.05196530257504701, 0.0841018434912883, 0.0, 0.0)",34
4,0,2,5,"(0.06821915277273262, 0.03775482593710799, 0.0, 0.05031026592059595, 0.05489171928405071, 0.0, 0.05196530257504701, 0.0841018434912883, 0.0, 0.0)",59
5,0,2,5,"(0.06821915277273262, 0.03775482593710799, 0.0, 0.06339445944252166, 0.05489171928405071, 0.0, 0.05196530257504701, 0.0841018434912883, 0.0, 0.0)",103
