,round,tube,sp_div_H,tot_pop_0,tot_final_pop,tot_auc,mean_fc,deg_score,nut_score
0,0.0,0.0,-0.0,24.0,802.0,80147.0,33.416652743061356,0.18711292619695585,0.7968070285598532
1,0.0,1.0,-0.0,24.0,498.0,54817.0,20.74999135417027,0.17906223314982528,0.4445652680482164
2,0.0,2.0,-0.0,24.0,482.0,55437.0,20.083324965281264,0.17855355358542435,0.44455239405464253
