,round,tube,sp_div_H,tot_pop_0,tot_final_pop,tot_auc,mean_fc,deg_score,nut_score
0,0.0,0.0,-0.0,4.0,85.0,3381.0,21.249946875132814,0.14147727218207085,0.13395997202754983
1,0.0,1.0,-0.0,4.0,119.0,3818.0,29.74992562518594,0.1403690663188586,0.13397458418971564
2,0.0,2.0,-0.0,4.0,101.0,5611.0,25.249936875157815,0.137599149056976,0.1339745934555706
