,round,tube,sp_div_H,tot_pop_0,tot_final_pop,tot_auc,mean_fc,deg_score,nut_score
0,0.0,0.0,-0.0,11.0,77.0,5316.0,6.999993636369422,0.18550223944084798,0.13397458275080343
1,0.0,1.0,-0.0,11.0,95.0,4627.0,8.636355785131105,0.18439487860537007,0.13397458565666598
2,0.0,2.0,-0.0,11.0,91.0,5095.0,8.272719752072954,0.18680620450015262,0.13397458118761785
