,round,tube,sp_div_H,tot_pop_0,tot_final_pop,tot_auc,mean_fc,deg_score,nut_score
0,0.0,0.0,-0.0,12.0,57.0,3796.0,4.749996041669966,0.16058749273542205,0.13397458385025007
1,0.0,1.0,-0.0,12.0,75.0,4755.0,6.249994791671007,0.16196064279054823,0.13397458925651407
2,0.0,2.0,-0.0,12.0,80.0,4789.0,6.666661111115741,0.16247335198954527,0.13397459065754325
