,round,tube,sp,st,final_pop
0,0,0,0,"(0.04917942092166094, 0.0, 0.0, 0.0, 0.0, 0.01908015593542263, 0.05150401950678025, 0.027851292321045006, 0.0, 0.0)",182
1,0,0,0,"(0.04917942092166094, 0.0, 0.0, 0.0, 0.0, 0.017098731129875016, 0.05150401950678025, 0.027851292321045006, 0.0, 0.0)",122
2,0,1,0,"(0.04917942092166094, 0.0, 0.0, 0.0, 0.0, 0.017098731129875016, 0.05150401950678025, 0.027851292321045006, 0.0, 0.0)",54
3,0,1,0,"(0.04917942092166094, 0.0, 0.0, 0.0, 0.0, 0.01908015593542263, 0.05150401950678025, 0.027851292321045006, 0.0, 0.0)",240
4,0,2,0,"(0.04917942092166094, 0.0, 0.0, 0.0, 0.0, 0.01908015593542263, 0.05150401950678025, 0.027851292321045006, 0.0, 0.0)",191
5,0,2,0,"(0.04917942092166094, 0.0, 0.0, 0.0, 0.0, 0.017098731129875016, 0.05150401950678025, 0.027851292321045006, 0.0, 0.0)",103
