,round,tube,sp_div_H,tot_pop_0,tot_final_pop,tot_auc,mean_fc,deg_score,nut_score
0,0.0,0.0,-0.0,11.0,272.0,10725.0,24.72725024795432,0.2413768017299729,0.4976339887489005
1,0.0,1.0,-0.0,11.0,283.0,13755.0,25.727249338864237,0.24309600779007923,0.49863176514674057
2,0.0,2.0,-0.0,11.0,264.0,10930.0,23.999978181838017,0.24217939047590542,0.49834687567234337
