,round,tube,sp,pop_0,final_pop,st_div_H,auc,fc
0,0.0,0.0,8.0,4.0,983.0,-0.0,77098.0,245.74938562653597
1,0.0,1.0,8.0,4.0,1024.0,-0.0,81545.0,255.99936000160002
2,0.0,2.0,8.0,4.0,1005.0,-0.0,77865.0,251.24937187657034
