,round,tube,sp_div_H,tot_pop_0,tot_final_pop,tot_auc,mean_fc,deg_score,nut_score
0,0.0,0.0,-0.0,10.0,172.0,16631.0,17.1999828000172,0.06964165407632872,0.133974567382944
1,0.0,1.0,-0.0,10.0,153.0,16069.0,15.299984700015301,0.0682091310982097,0.13397456887820747
2,0.0,2.0,-0.0,10.0,177.0,16161.0,17.6999823000177,0.07059317137380705,0.13397458195916967
