,round,tube,sp,pop_0,final_pop,st_div_H,auc,fc
0,0.0,0.0,12.0,4.0,164.0,0.6924777866865668,30645.0,40.99989750025625
1,0.0,1.0,12.0,4.0,185.0,0.6605190089402211,29272.0,46.249884375289064
2,0.0,2.0,12.0,4.0,188.0,0.594752779279681,32731.0,46.99988250029375
