,round,tube,nut,amount
0,0.0,0.0,0.0,1474.252518821347
1,0.0,0.0,1.0,0.5244167592407487
2,0.0,0.0,2.0,1027.1233449990154
3,0.0,0.0,3.0,2000.0
4,0.0,1.0,0.0,1360.3820980556964
5,0.0,1.0,1.0,0.769778071545654
6,0.0,1.0,2.0,816.4102592992317
7,0.0,1.0,3.0,2000.0
8,0.0,2.0,0.0,1408.63998038645
9,0.0,2.0,1.0,0.36347179793589557
10,0.0,2.0,2.0,905.709721151381
11,0.0,2.0,3.0,2000.0
