,round,tube,sp,pop_0,final_pop,st_div_H,auc,fc
0,0.0,0.0,2.0,10.0,148.0,-0.0,13360.0,14.7999852000148
1,0.0,1.0,2.0,10.0,147.0,-0.0,15732.0,14.699985300014701
2,0.0,2.0,2.0,10.0,176.0,-0.0,15553.0,17.599982400017602
