,round,tube,sp,pop_0,final_pop,st_div_H,auc,fc
0,0.0,0.0,0.0,5.0,363.0,0.8581400336887974,32359.0,72.5998548002904
1,0.0,1.0,0.0,5.0,304.0,1.0939141749407433,30049.0,60.7998784002432
2,0.0,2.0,0.0,5.0,292.0,1.0173229495704497,30815.0,58.3998832002336
