,round,tube,sp_div_H,tot_pop_0,tot_final_pop,tot_auc,mean_fc,deg_score,nut_score
0,0.0,0.0,-0.0,9.0,258.0,10752.0,28.666634814850205,0.24224417522473485,0.4979521781375682
1,0.0,1.0,-0.0,9.0,250.0,11347.0,27.777746913614543,0.24350482660386585,0.4986234499910347
2,0.0,2.0,-0.0,9.0,244.0,8894.0,27.111080987687792,0.23182359155925958,0.48879245512776814
