,round,tube,sp_div_H,tot_pop_0,tot_final_pop,tot_auc,mean_fc,deg_score,nut_score
0,0.0,0.0,-0.0,7.0,55.0,5419.0,7.8571316326690965,0.10330702939946923,0.1339048478621888
1,0.0,1.0,-0.0,7.0,51.0,6003.0,7.28570387756589,0.10663183738379545,0.1339382351239201
2,0.0,2.0,-0.0,7.0,83.0,4106.0,11.857125918391546,0.08868021167752571,0.12791739096231192
