,round,tube,sp_div_H,tot_pop_0,tot_final_pop,tot_auc,mean_fc,deg_score,nut_score
0,0.0,0.0,-0.0,12.0,7.0,532.0,0.5833328472226273,0.05769710322362742,0.05743266607640485
1,0.0,1.0,0.0,12.0,0.0,516.0,0.0,0.057221621554988444,0.05712338232670133
2,0.0,2.0,-0.0,12.0,1.0,302.0,0.08333326388894677,0.03477088714183241,0.033541437694300846
