,round,tube,sp_div_H,tot_pop_0,tot_final_pop,tot_auc,mean_fc,deg_score,nut_score
0,0.0,0.0,-0.0,10.0,392.0,21859.0,39.1999608000392,0.2435728657949977,0.345147351732196
1,0.0,1.0,-0.0,10.0,354.0,21517.0,35.3999646000354,0.24416562042968215,0.3451478041570094
2,0.0,2.0,-0.0,10.0,410.0,20978.0,40.999959000041,0.24519721643785264,0.3451527451022045
