,round,tube,sp,st,final_pop
0,0,0,7,"(0.0, 0.0, 0.0, 0.0, 0.12373145590177116, 0.0, 0.0, 0.03940563154383918, 0.0, 0.08101184852789502)",540
1,0,1,7,"(0.0, 0.0, 0.0, 0.0, 0.12373145590177116, 0.0, 0.0, 0.025101983934604635, 0.0, 0.07716020978858437)",20
2,0,1,7,"(0.0, 0.0, 0.0, 0.0, 0.12373145590177116, 0.0, 0.0, 0.03940563154383918, 0.0, 0.08101184852789502)",537
3,0,2,7,"(0.0, 0.0, 0.0, 0.0, 0.12373145590177116, 0.0, 0.0, 0.025101983934604635, 0.0, 0.07716020978858437)",11
4,0,2,7,"(0.0, 0.0, 0.0, 0.0, 0.12373145590177116, 0.0, 0.0, 0.03940563154383918, 0.0, 0.08101184852789502)",531
