,round,tube,sp_div_H,tot_pop_0,tot_final_pop,tot_auc,mean_fc,deg_score,nut_score
0,0.0,0.0,-0.0,9.0,455.0,22981.0,50.555499382778464,0.23616371325407792,0.44970899536063247
1,0.0,1.0,-0.0,9.0,434.0,20394.0,48.222168642034845,0.23602322093285732,0.44969749710903706
2,0.0,2.0,-0.0,9.0,430.0,21453.0,47.77772469141701,0.2349032393080911,0.4497064245053286
