,round,tube,sp,st,final_pop
0,0,0,10,"(0.0644179544034621, 0.003983248689718548, 0.056036839333078514, 0.0, 0.10772597225744233, 0.0, 0.0, 0.0022730731527826477, 0.0, 0.0)",114
1,0,1,10,"(0.0644179544034621, 0.003983248689718548, 0.056036839333078514, 0.0, 0.10772597225744233, 0.0, 0.0, 0.0022730731527826477, 0.0, 0.0)",109
2,0,1,10,"(0.04730217514183828, 0.003983248689718548, 0.056036839333078514, 0.0, 0.055867284522905326, 0.0, 0.0, 0.0022730731527826477, 0.0, 0.0)",15
3,0,2,10,"(0.0644179544034621, 0.003983248689718548, 0.056036839333078514, 0.0, 0.10772597225744233, 0.0, 0.0, 0.0022730731527826477, 0.0, 0.0)",100
