,round,tube,sp,pop_0,final_pop,st_div_H,auc,fc
0,0.0,0.0,14.0,5.0,0.0,,86.0,0.0
1,0.0,1.0,14.0,5.0,10.0,0.6730116670092565,480.0,1.9999960000080002
2,0.0,2.0,14.0,5.0,11.0,-0.0,515.0,2.1999956000088003
