,round,tube,sp,pop_0,final_pop,st_div_H,auc,fc
0,0.0,0.0,13.0,62.0,964.0,2.1289469135379706,113845.0,15.548384588970226
1,0.0,1.0,13.0,62.0,1005.0,1.7301381388969317,113540.0,16.20967480489116
2,0.0,2.0,13.0,62.0,964.0,2.1485109111348106,110717.0,15.548384588970226
