,round,tube,sp_div_H,tot_pop_0,tot_final_pop,tot_auc,mean_fc,deg_score,nut_score
0,0.0,0.0,-0.0,7.0,82.0,4683.0,11.714268979615744,0.18370380471862502,0.13397457281419878
1,0.0,1.0,-0.0,7.0,151.0,10073.0,21.571397755146066,0.17902808556092098,0.13397459403213385
2,0.0,2.0,-0.0,7.0,119.0,8085.0,16.99997571432041,0.18318175025526484,0.1339745635168016
