,round,tube,sp_div_H,tot_pop_0,tot_final_pop,tot_auc,mean_fc,deg_score,nut_score
0,0.0,0.0,-0.0,2.0,177.0,14354.0,88.49955750221248,0.08217412022920068,0.13397459120898925
1,0.0,1.0,-0.0,2.0,170.0,11327.0,84.99957500212498,0.08300397692490813,0.1339745708778305
2,0.0,2.0,-0.0,2.0,175.0,12345.0,87.49956250218749,0.0882874553226608,0.13397459501826614
