,round,tube,sp,st,final_pop
0,0,0,8,"(0.0, 0.014677265758456012, 0.02852076469392659, 0.0, 0.0, 0.0, 0.00026087500255182283, 0.0, 0.0, 0.0)",4
1,0,0,8,"(0.0, 0.016643627919484913, 0.02852076469392659, 0.0, 0.0, 0.0, 0.00026087500255182283, 0.0, 0.0, 0.0)",284
2,0,0,8,"(0.0, 0.014925775229659918, 0.02852076469392659, 0.0, 0.0, 0.0, 0.0007492202352605278, 0.0, 0.0, 0.0)",18
3,0,1,8,"(0.0, 0.014925775229659918, 0.02852076469392659, 0.0, 0.0, 0.0, 0.0007492202352605278, 0.0, 0.0, 0.0)",50
4,0,1,8,"(0.0, 0.014677265758456012, 0.02852076469392659, 0.0, 0.0, 0.0, 0.00026087500255182283, 0.0, 0.0, 0.0)",14
5,0,1,8,"(0.0, 0.016643627919484913, 0.02852076469392659, 0.0, 0.0, 0.0, 0.00026087500255182283, 0.0, 0.0, 0.0)",325
6,0,2,8,"(0.0, 0.014925775229659918, 0.02852076469392659, 0.0, 0.0, 0.0, 0.0007492202352605278, 0.0, 0.0, 0.0)",45
7,0,2,8,"(0.0, 0.016643627919484913, 0.02852076469392659, 0.0, 0.0, 0.0, 0.00026087500255182283, 0.0, 0.0, 0.0)",187
8,0,2,8,"(0.0, 0.014677265758456012, 0.02852076469392659, 0.0, 0.0, 0.0, 0.00026087500255182283, 0.0, 0.0, 0.0)",29
