,round,tube,sp,pop_0,final_pop,st_div_H,auc,fc
0,0.0,0.0,7.0,10.0,281.0,-0.0,9562.0,28.099971900028102
1,0.0,1.0,7.0,10.0,245.0,-0.0,10565.0,24.4999755000245
2,0.0,2.0,7.0,10.0,271.0,-0.0,8002.0,27.0999729000271
