,round,tube,nut,amount
0,0.0,0.0,0.0,2000.0
1,0.0,0.0,1.0,0.16610349933150514
2,0.0,0.0,2.0,2000.0
3,0.0,0.0,3.0,0.4835768615038276
4,0.0,1.0,0.0,2000.0
5,0.0,1.0,1.0,0.9302129495773799
6,0.0,1.0,2.0,2000.0
7,0.0,1.0,3.0,0.002480910571437178
8,0.0,2.0,0.0,2000.0
9,0.0,2.0,1.0,0.563357615030089
10,0.0,2.0,2.0,2000.0
11,0.0,2.0,3.0,0.41511778141052247
