,round,tube,sp_div_H,tot_pop_0,tot_final_pop,tot_auc,mean_fc,deg_score,nut_score
0,0.0,0.0,-0.0,11.0,400.0,28964.0,36.363603305815175,0.14298359395569626,0.2928861186678995
1,0.0,1.0,-0.0,11.0,499.0,32008.0,45.36359512400443,0.13552829730846283,0.2928488377418822
2,0.0,2.0,-0.0,11.0,460.0,28770.0,41.818143801687455,0.14603104001754041,0.2928737509981548
