,round,tube,sp_div_H,tot_pop_0,tot_final_pop,tot_auc,mean_fc,deg_score,nut_score
0,0.0,0.0,-0.0,10.0,5.0,702.0,0.49999950000050003,0.06706520075588807,0.06168629222515254
1,0.0,1.0,-0.0,10.0,2.0,561.0,0.1999998000002,0.055076632789289204,0.051340620908871815
2,0.0,2.0,-0.0,10.0,9.0,774.0,0.8999991000009,0.07272082756923881,0.06691878619289082
