,round,tube,nut,amount
0,0.0,0.0,0.0,2000.0
1,0.0,0.0,1.0,480.6912268097183
2,0.0,0.0,2.0,0.10943747271619131
3,0.0,0.0,3.0,2000.0
4,0.0,1.0,0.0,2000.0
5,0.0,1.0,1.0,668.3200157547805
6,0.0,1.0,2.0,0.4156754889481622
7,0.0,1.0,3.0,2000.0
8,0.0,2.0,0.0,2000.0
9,0.0,2.0,1.0,678.5255026707285
10,0.0,2.0,2.0,0.6130190467770014
11,0.0,2.0,3.0,2000.0
