,round,tube,sp,pop_0,final_pop,st_div_H,auc,fc
0,0.0,0.0,8.0,33.0,828.0,0.17120761409109417,101538.0,25.090901487605606
1,0.0,1.0,8.0,33.0,864.0,0.13174180108443498,100385.0,26.181810247936287
2,0.0,2.0,8.0,33.0,845.0,0.06628823972940978,101782.0,25.60605284665065
