,round,tube,sp,pop_0,final_pop,st_div_H,auc,fc
0,0.0,0.0,8.0,22.0,812.0,0.5091167033922316,92448.0,36.909074132239034
1,0.0,1.0,8.0,22.0,423.0,0.55638007239371,58336.0,19.22726398760728
2,0.0,2.0,8.0,22.0,438.0,0.8095689877552668,61841.0,19.909081859508245
