,round,tube,sp,pop_0,final_pop,st_div_H,auc,fc
0,0.0,0.0,9.0,2.0,175.0,-0.0,5952.0,87.49956250218749
1,0.0,1.0,9.0,2.0,119.0,-0.0,6334.0,59.49970250148749
2,0.0,2.0,9.0,2.0,163.0,-0.0,5622.0,81.49959250203749
