,round,tube,sp,pop_0,final_pop,st_div_H,auc,fc
0,0.0,0.0,5.0,15.0,584.0,-0.0,50851.0,38.93330737779508
1,0.0,1.0,5.0,15.0,578.0,-0.0,51833.0,38.53330764446157
2,0.0,2.0,5.0,15.0,600.0,-0.0,49498.0,39.999973333351114
