,round,tube,sp,pop_0,final_pop,st_div_H,auc,fc
0,0.0,0.0,12.0,12.0,162.0,1.1114773635163586,29113.0,13.499988750009376
1,0.0,1.0,12.0,12.0,142.0,1.4365407792086469,27488.0,11.83332347223044
2,0.0,2.0,12.0,12.0,142.0,1.1486609460978567,25029.0,11.83332347223044
