,round,tube,sp,pop_0,final_pop,st_div_H,auc,fc
0,0.0,0.0,2.0,20.0,240.0,0.6762461938040951,18804.0,11.999994000003
1,0.0,1.0,2.0,20.0,245.0,0.6192638567334593,18601.0,12.249993875003062
2,0.0,2.0,2.0,20.0,254.0,0.6546761749076786,19659.0,12.699993650003176
