,round,tube,sp_div_H,tot_pop_0,tot_final_pop,tot_auc,mean_fc,deg_score,nut_score
0,0.0,0.0,-0.0,9.0,58.0,3778.0,6.444437283958574,0.16420311514481645,0.13397456914941996
1,0.0,1.0,-0.0,9.0,66.0,3404.0,7.333325185194239,0.1588372426173189,0.13397459619324525
2,0.0,2.0,-0.0,9.0,58.0,3514.0,6.444437283958574,0.16236106880162793,0.13397459484316665
