,round,tube,sp_div_H,tot_pop_0,tot_final_pop,tot_auc,mean_fc,deg_score,nut_score
0,0.0,0.0,-0.0,11.0,11.0,907.0,0.9999990909099173,0.10667374524372342,0.10403958305709649
1,0.0,1.0,-0.0,11.0,5.0,567.0,0.45454504132268975,0.07045931955332885,0.06611898889963497
2,0.0,2.0,-0.0,11.0,15.0,1097.0,1.363635123968069,0.12475852481561645,0.12439278593473235
