,round,tube,sp,pop_0,final_pop,st_div_H,auc,fc
0,0.0,0.0,6.0,4.0,182.0,0.8267380640491879,17429.0,45.499886250284376
1,0.0,1.0,6.0,4.0,150.0,1.1553694007090982,15922.0,37.499906250234375
2,0.0,2.0,6.0,4.0,152.0,1.1363541831209871,18621.0,37.999905000237504
