,round,tube,sp_div_H,tot_pop_0,tot_final_pop,tot_auc,mean_fc,deg_score,nut_score
0,0.0,0.0,-0.0,14.0,6.0,769.0,0.42857112244919826,0.08628292085833833,0.08743256452470771
1,0.0,1.0,-0.0,14.0,5.0,585.0,0.35714260204099857,0.0681562901343552,0.0669019897647255
2,0.0,2.0,-0.0,14.0,3.0,564.0,0.21428556122459913,0.06617539008041462,0.06388423512037911
