,round,tube,sp,st,final_pop
0,0,0,1,"(0.0, 0.0, 0.032662619197534354, 0.0, 0.0, 0.07577624578880941, 0.0, 0.0, 0.0, 0.09202335446445435)",423
1,0,0,1,"(0.0, 0.0, 0.10922905711608999, 0.0, 0.0, 0.07577624578880941, 0.0, 0.0, 0.0, 0.09965925051150999)",72
2,0,1,1,"(0.0, 0.0, 0.10922905711608999, 0.0, 0.0, 0.07577624578880941, 0.0, 0.0, 0.0, 0.09965925051150999)",86
3,0,1,1,"(0.0, 0.0, 0.032662619197534354, 0.0, 0.0, 0.07577624578880941, 0.0, 0.0, 0.0, 0.09202335446445435)",397
4,0,2,1,"(0.0, 0.0, 0.10922905711608999, 0.0, 0.0, 0.07577624578880941, 0.0, 0.0, 0.0, 0.09965925051150999)",101
5,0,2,1,"(0.0, 0.0, 0.032662619197534354, 0.0, 0.0, 0.07577624578880941, 0.0, 0.0, 0.0, 0.09202335446445435)",374
