,round,tube,sp_div_H,tot_pop_0,tot_final_pop,tot_auc,mean_fc,deg_score,nut_score
0,0.0,0.0,-0.0,2.0,1011.0,85824.0,505.49747251263744,0.11443947560388423,0.29289316129795784
1,0.0,1.0,-0.0,2.0,1081.0,86750.0,540.4972975135124,0.11745087237657958,0.29289320727797363
2,0.0,2.0,-0.0,2.0,905.0,88660.0,452.49773751131244,0.11401610738743595,0.29289318136689335
