,round,tube,sp_div_H,tot_pop_0,tot_final_pop,tot_auc,mean_fc,deg_score,nut_score
0,0.0,0.0,0.0,7.0,0.0,140.0,0.0,0.017819812320546413,0.016097314979138688
1,0.0,1.0,0.0,7.0,0.0,187.0,0.0,0.023634420932724942,0.021017010531806046
2,0.0,2.0,0.0,7.0,0.0,252.0,0.0,0.03153244747345685,0.028765752416969215
