,round,tube,sp,pop_0,final_pop,st_div_H,auc,fc
0,0.0,0.0,13.0,18.0,390.0,0.32015200137221433,42900.0,21.666654629636316
1,0.0,1.0,13.0,18.0,401.0,0.2576600656397995,45657.0,22.277765401241446
2,0.0,2.0,13.0,18.0,391.0,0.1962745745586225,43823.0,21.722210154327694
