,round,tube,sp_div_H,tot_pop_0,tot_final_pop,tot_auc,mean_fc,deg_score,nut_score
0,0.0,0.0,-0.0,13.0,2.0,490.0,0.15384603550304962,0.06078556628805032,0.05178383105747786
1,0.0,1.0,-0.0,13.0,2.0,480.0,0.15384603550304962,0.059591892425720716,0.05038111412576851
2,0.0,2.0,-0.0,13.0,1.0,405.0,0.07692301775152481,0.050687654114682235,0.044126887651085966
