,round,tube,sp,pop_0,final_pop,st_div_H,auc,fc
0,0.0,0.0,9.0,8.0,359.0,-0.0,14846.0,44.87494390632012
1,0.0,1.0,9.0,8.0,329.0,-0.0,13242.0,41.12494859381426
2,0.0,2.0,9.0,8.0,341.0,-0.0,13536.0,42.6249467188166
