,round,tube,sp,pop_0,final_pop,st_div_H,auc,fc
0,0.0,0.0,13.0,13.0,95.0,1.2987939130162864,12485.0,7.307686686394857
1,0.0,1.0,13.0,13.0,88.0,1.3662234771175,10344.0,6.769225562134183
2,0.0,2.0,13.0,13.0,82.0,1.318849203891802,10648.0,6.307687455625034
