,round,tube,sp_div_H,tot_pop_0,tot_final_pop,tot_auc,mean_fc,deg_score,nut_score
0,0.0,0.0,-0.0,13.0,572.0,61429.0,43.999966153872194,0.14771294615465014,0.29289321333449503
1,0.0,1.0,-0.0,13.0,523.0,64734.0,40.230738284047476,0.1466266409371011,0.29289318230178674
2,0.0,2.0,-0.0,13.0,520.0,61963.0,39.9999692307929,0.15002529648227292,0.292893191159455
