,round,tube,sp_div_H,tot_pop_0,tot_final_pop,tot_auc,mean_fc,deg_score,nut_score
0,0.0,0.0,-0.0,19.0,9.0,1117.0,0.4736839612189678,0.13396605243450166,0.12115675701735629
1,0.0,1.0,-0.0,19.0,9.0,814.0,0.4736839612189678,0.10134043786873959,0.09042245517651915
2,0.0,2.0,-0.0,19.0,5.0,725.0,0.2631577562327599,0.09159542647136465,0.08180377379646575
