,round,tube,sp,pop_0,final_pop,st_div_H,auc,fc
0,0.0,0.0,5.0,38.0,443.0,0.8239247592541217,50191.0,11.657891668975875
1,0.0,1.0,5.0,38.0,440.0,0.7944516569007442,53574.0,11.578944321330441
2,0.0,2.0,5.0,38.0,407.0,0.7164659025326449,48375.0,10.710523497230657
