,round,tube,sp,pop_0,final_pop,st_div_H,auc,fc
0,0.0,0.0,12.0,8.0,192.0,-0.0,34273.0,23.9999700000375
1,0.0,1.0,12.0,8.0,151.0,-0.0,31274.0,18.874976406279494
2,0.0,2.0,12.0,8.0,192.0,-0.0,34585.0,23.9999700000375
