,round,tube,sp_div_H,tot_pop_0,tot_final_pop,tot_auc,mean_fc,deg_score,nut_score
0,0.0,0.0,-0.0,9.0,167.0,21536.0,18.555534938294514,0.12032891609846519,0.2928931523003486
1,0.0,1.0,-0.0,9.0,175.0,21258.0,19.44442283953018,0.1208719270223867,0.29289317191222286
2,0.0,2.0,-0.0,9.0,150.0,19405.0,16.666648148168726,0.11762546833220966,0.2928928464441053
