,round,tube,sp,pop_0,final_pop,st_div_H,auc,fc
0,0.0,0.0,7.0,5.0,8.0,-0.0,286.0,1.5999968000064002
1,0.0,1.0,7.0,5.0,4.0,-0.0,426.0,0.7999984000032001
2,0.0,2.0,7.0,5.0,1.0,-0.0,252.0,0.19999960000080003
