,round,tube,nut,amount
0,0.0,0.0,0.0,1976.2215481094493
1,0.0,0.0,1.0,1968.5091526665287
2,0.0,0.0,2.0,2000.0
3,0.0,0.0,3.0,1929.6683811081245
4,0.0,1.0,0.0,1981.1608485825768
5,0.0,1.0,1.0,1975.050485039625
6,0.0,1.0,2.0,2000.0
7,0.0,1.0,3.0,1944.2777846163096
8,0.0,2.0,0.0,1982.4664405808574
9,0.0,2.0,1.0,1976.779537817606
10,0.0,2.0,2.0,2000.0
11,0.0,2.0,3.0,1948.1394489195084
