,round,tube,sp,pop_0,final_pop,st_div_H,auc,fc
0,0.0,0.0,6.0,13.0,182.0,1.0225379340430634,20283.0,13.999989230777516
1,0.0,1.0,6.0,13.0,143.0,1.3134805182014102,19749.0,10.999991538468048
2,0.0,2.0,6.0,13.0,154.0,1.2992743664005062,20306.0,11.846144733734821
