,round,tube,sp,pop_0,final_pop,st_div_H,auc,fc
0,0.0,0.0,13.0,9.0,85.0,-0.0,9934.0,9.444433950628945
1,0.0,1.0,13.0,9.0,75.0,-0.0,7767.0,8.333324074084363
2,0.0,2.0,13.0,9.0,71.0,0.2547305455495607,9095.0,7.88888012346653
