,round,tube,sp,pop_0,final_pop,st_div_H,auc,fc
0,0.0,0.0,8.0,54.0,794.0,0.8932850311312384,98586.0,14.703700980796114
1,0.0,1.0,8.0,54.0,785.0,0.952077495045186,97164.0,14.53703434499364
2,0.0,2.0,8.0,54.0,865.0,0.6960702544694113,101174.0,16.01851555212675
