,round,tube,sp,pop_0,final_pop,st_div_H,auc,fc
0,0.0,0.0,0.0,6.0,265.0,1.065026760133496,22628.0,44.16659305567824
1,0.0,1.0,0.0,6.0,248.0,0.793478569747146,23262.0,41.33326444455926
2,0.0,2.0,0.0,6.0,258.0,1.1520426791944443,20406.0,42.99992833345278
