,round,tube,nut,amount
0,0.0,0.0,0.0,0.20773212163065757
1,0.0,0.0,1.0,0.18958774081999152
2,0.0,0.0,2.0,2000.0
3,0.0,0.0,3.0,0.30440280414393395
4,0.0,1.0,0.0,0.2439999995720612
5,0.0,1.0,1.0,0.26585258387450805
6,0.0,1.0,2.0,2000.0
7,0.0,1.0,3.0,0.31144863969976555
8,0.0,2.0,0.0,0.40595857423250203
9,0.0,2.0,1.0,0.4043249935233979
10,0.0,2.0,2.0,2000.0
11,0.0,2.0,3.0,0.09988176465709309
