,round,tube,sp_div_H,tot_pop_0,tot_final_pop,tot_auc,mean_fc,deg_score,nut_score
0,0.0,0.0,-0.0,10.0,5.0,577.0,0.49999950000050003,0.060146051082859975,0.06146048564706341
1,0.0,1.0,-0.0,10.0,5.0,720.0,0.49999950000050003,0.07291365927059834,0.07722560874445816
2,0.0,2.0,-0.0,10.0,4.0,490.0,0.3999996000004,0.05200860725126577,0.0521224826772021
