,round,tube,sp,pop_0,final_pop,st_div_H,auc,fc
0,0.0,0.0,14.0,22.0,571.0,0.40938301188391835,34453.0,25.954533657030158
1,0.0,1.0,14.0,22.0,608.0,0.2337916587064593,29484.0,27.636351074385875
2,0.0,2.0,14.0,22.0,586.0,0.23552114255215154,34522.0,26.636351528931122
