,round,tube,nut,amount
0,0.0,0.0,0.0,2000.0
1,0.0,0.0,1.0,2000.0
2,0.0,0.0,2.0,1972.4157201293747
3,0.0,0.0,3.0,987.5451382143599
4,0.0,1.0,0.0,2000.0
5,0.0,1.0,1.0,2000.0
6,0.0,1.0,2.0,1956.9663791328776
7,0.0,1.0,3.0,420.49171225398504
8,0.0,2.0,0.0,2000.0
9,0.0,2.0,1.0,2000.0
10,0.0,2.0,2.0,1976.640435883608
11,0.0,2.0,3.0,1142.6093278578048
