,round,tube,sp,pop_0,final_pop,st_div_H,auc,fc
0,0.0,0.0,12.0,5.0,234.0,-0.0,6974.0,46.799906400187204
1,0.0,1.0,12.0,5.0,225.0,-0.0,6845.0,44.99991000018
2,0.0,2.0,12.0,5.0,171.0,-0.0,4340.0,34.1999316001368
