,round,tube,sp_div_H,tot_pop_0,tot_final_pop,tot_auc,mean_fc,deg_score,nut_score
0,0.0,0.0,-0.0,9.0,1.0,343.0,0.11111098765445816,0.043538108468546666,0.03937838145935768
1,0.0,1.0,-0.0,9.0,3.0,322.0,0.3333329629633745,0.040697560997545956,0.03648433462867817
2,0.0,2.0,-0.0,9.0,8.0,688.0,0.8888879012356653,0.08369421579578606,0.07631310752896903
