,round,tube,nut,amount
0,0.0,0.0,0.0,1775.286120307161
1,0.0,0.0,1.0,2000.0
2,0.0,0.0,2.0,2000.0
3,0.0,0.0,3.0,1900.805485884087
4,0.0,1.0,0.0,1792.260206817852
5,0.0,1.0,1.0,2000.0
6,0.0,1.0,2.0,2000.0
7,0.0,1.0,3.0,1908.298286356797
8,0.0,2.0,0.0,1550.8031109963206
9,0.0,2.0,1.0,2000.0
10,0.0,2.0,2.0,2000.0
11,0.0,2.0,3.0,1801.7128839215131
