,round,tube,sp,pop_0,final_pop,st_div_H,auc,fc
0,0.0,0.0,13.0,12.0,394.0,-0.0,42021.0,32.83330597224502
1,0.0,1.0,13.0,12.0,395.0,-0.0,42726.0,32.91663923613397
2,0.0,2.0,13.0,12.0,420.0,-0.0,45203.0,34.99997083335764
