,round,tube,nut,amount
0,0.0,0.0,0.0,2000.0
1,0.0,0.0,1.0,1890.6323206989423
2,0.0,0.0,2.0,1800.05469197314
3,0.0,0.0,3.0,2000.0
4,0.0,1.0,0.0,2000.0
5,0.0,1.0,1.0,1837.5694275014293
6,0.0,1.0,2.0,1703.045442138292
7,0.0,1.0,3.0,2000.0
8,0.0,2.0,0.0,2000.0
9,0.0,2.0,1.0,1782.5747629418922
10,0.0,2.0,2.0,1602.50453996807
11,0.0,2.0,3.0,2000.0
