,round,tube,nut,amount
0,0.0,0.0,0.0,0.45376661322717493
1,0.0,0.0,1.0,2000.0
2,0.0,0.0,2.0,0.4671907080482143
3,0.0,0.0,3.0,350.72773891165434
4,0.0,1.0,0.0,0.44567132746048227
5,0.0,1.0,1.0,2000.0
6,0.0,1.0,2.0,0.21668241173110703
7,0.0,1.0,3.0,0.21947740010776617
8,0.0,2.0,0.0,0.46863140073837206
9,0.0,2.0,1.0,2000.0
10,0.0,2.0,2.0,0.33291389988730913
11,0.0,2.0,3.0,350.61698353220885
