,round,tube,sp,pop_0,final_pop,st_div_H,auc,fc
0,0.0,0.0,2.0,1.0,181.0,-0.0,12219.0,180.99819001809982
1,0.0,1.0,2.0,1.0,197.0,-0.0,10736.0,196.9980300196998
2,0.0,2.0,2.0,1.0,220.0,-0.0,9863.0,219.99780002199978
