,round,tube,nut,amount
0,0.0,0.0,0.0,991.4710311020804
1,0.0,0.0,1.0,0.17003335123275137
2,0.0,0.0,2.0,0.5646194214534547
3,0.0,0.0,3.0,2000.0
4,0.0,1.0,0.0,567.5746204045676
5,0.0,1.0,1.0,0.3882120327140266
6,0.0,1.0,2.0,0.19289689786304387
7,0.0,1.0,3.0,2000.0
8,0.0,2.0,0.0,11.556632003908723
9,0.0,2.0,1.0,0.37813232446660716
10,0.0,2.0,2.0,0.18285777337819353
11,0.0,2.0,3.0,2000.0
