,round,tube,nut,amount
0,0.0,0.0,0.0,49.458086766796804
1,0.0,0.0,1.0,2000.0
2,0.0,0.0,2.0,2000.0
3,0.0,0.0,3.0,0.38464069215607044
4,0.0,1.0,0.0,30.57961290075842
5,0.0,1.0,1.0,2000.0
6,0.0,1.0,2.0,2000.0
7,0.0,1.0,3.0,0.19935930005527164
8,0.0,2.0,0.0,34.0551125790449
9,0.0,2.0,1.0,2000.0
10,0.0,2.0,2.0,2000.0
11,0.0,2.0,3.0,0.20643122007023618
