,round,tube,sp_div_H,tot_pop_0,tot_final_pop,tot_auc,mean_fc,deg_score,nut_score
0,0.0,0.0,-0.0,10.0,3.0,570.0,0.2999997000003,0.05812055697172913,0.05325498397481898
1,0.0,1.0,-0.0,10.0,4.0,353.0,0.3999996000004,0.03723941017882948,0.03373347619770595
2,0.0,2.0,-0.0,10.0,11.0,729.0,1.0999989000011001,0.07143013331952197,0.06604150631504069
