,round,tube,sp,pop_0,final_pop,st_div_H,auc,fc
0,0.0,0.0,13.0,21.0,1098.0,1.6330817198191256,110587.0,52.28568938776696
1,0.0,1.0,13.0,21.0,1183.0,1.6945714337255398,118527.0,56.33330650794928
2,0.0,2.0,13.0,21.0,1118.0,1.9945971249586714,109349.0,53.23806988663339
