,round,tube,sp,pop_0,final_pop,st_div_H,auc,fc
0,0.0,0.0,4.0,7.0,466.0,-0.0,55824.0,66.57133346952362
1,0.0,1.0,4.0,7.0,417.0,-0.0,49617.0,59.57134346950933
2,0.0,2.0,4.0,7.0,490.0,-0.0,56385.0,69.99990000014286
