,round,tube,sp,pop_0,final_pop,st_div_H,auc,fc
0,0.0,0.0,6.0,10.0,142.0,0.32197722382432675,19799.0,14.1999858000142
1,0.0,1.0,6.0,10.0,184.0,0.6003905361002175,20879.0,18.3999816000184
2,0.0,2.0,6.0,10.0,130.0,0.3078447159601636,19795.0,12.999987000013
