,round,tube,sp_div_H,tot_pop_0,tot_final_pop,tot_auc,mean_fc,deg_score,nut_score
0,0.0,0.0,-0.0,5.0,120.0,7353.0,23.999952000096002,0.20156274234239357,0.1339745959039469
1,0.0,1.0,-0.0,5.0,120.0,7945.0,23.999952000096002,0.2053359400660455,0.13397458362033954
2,0.0,2.0,-0.0,5.0,110.0,7929.0,21.999956000088,0.2069957955806736,0.1339745861682673
