,round,tube,sp,pop_0,final_pop,st_div_H,auc,fc
0,0.0,0.0,13.0,11.0,80.0,0.6931471805599453,10527.0,7.272720661163036
1,0.0,1.0,13.0,11.0,92.0,0.6931471805599453,9801.0,8.363628760337491
2,0.0,2.0,13.0,11.0,79.0,0.6834216514972256,9324.0,7.181811652898498
