,round,tube,nut,amount
0,0.0,0.0,0.0,0.8635154982092316
1,0.0,0.0,1.0,1933.0940934753146
2,0.0,0.0,2.0,2000.0
3,0.0,0.0,3.0,0.26046736953681204
4,0.0,1.0,0.0,0.9431535651543524
5,0.0,1.0,1.0,1933.0967587546068
6,0.0,1.0,2.0,2000.0
7,0.0,1.0,3.0,0.31050945031824284
8,0.0,2.0,0.0,0.9653031845993713
9,0.0,2.0,1.0,1933.097500044848
10,0.0,2.0,2.0,2000.0
11,0.0,2.0,3.0,0.59010297530621
