,round,tube,sp,pop_0,final_pop,st_div_H,auc,fc
0,0.0,0.0,2.0,14.0,214.0,0.3412068948196237,12020.0,15.285703367354738
1,0.0,1.0,2.0,14.0,222.0,0.2589660740952966,10426.0,15.857131530620336
2,0.0,2.0,2.0,14.0,192.0,-0.0,10563.0,13.714275918374344
