,round,tube,nut,amount
0,0.0,0.0,0.0,2000.0
1,0.0,0.0,1.0,1851.2502005928238
2,0.0,0.0,2.0,2000.0
3,0.0,0.0,3.0,1673.3441116358053
4,0.0,1.0,0.0,2000.0
5,0.0,1.0,1.0,1852.81752448493
6,0.0,1.0,2.0,2000.0
7,0.0,1.0,3.0,1676.7859689046563
8,0.0,2.0,0.0,2000.0
9,0.0,2.0,1.0,1811.4338725005312
10,0.0,2.0,2.0,2000.0
11,0.0,2.0,3.0,1585.9070994433566
