,round,tube,sp_div_H,tot_pop_0,tot_final_pop,tot_auc,mean_fc,deg_score,nut_score
0,0.0,0.0,-0.0,8.0,160.0,34897.0,19.999975000031252,0.1795677168776656,0.29289318065871583
1,0.0,1.0,-0.0,8.0,157.0,31671.0,19.624975468780665,0.18435083786048456,0.2928932079114511
2,0.0,2.0,-0.0,8.0,183.0,34400.0,22.874971406285745,0.181029713927516,0.29289321163221527
