,round,tube,nut,amount
0,0.0,0.0,0.0,0.4961829119329613
1,0.0,0.0,1.0,2000.0
2,0.0,0.0,2.0,207.26269222217942
3,0.0,0.0,3.0,0.2255906812066924
4,0.0,1.0,0.0,0.22914018239794165
5,0.0,1.0,1.0,2000.0
6,0.0,1.0,2.0,0.3056888607623869
7,0.0,1.0,3.0,0.12770589943184263
8,0.0,2.0,0.0,0.49901396224588185
9,0.0,2.0,1.0,2000.0
10,0.0,2.0,2.0,207.26523051667004
11,0.0,2.0,3.0,0.3119090606062064
