,round,tube,nut,amount
0,0.0,0.0,0.0,2000.0
1,0.0,0.0,1.0,0.5690056222784925
2,0.0,0.0,2.0,0.22038176343074528
3,0.0,0.0,3.0,148.00520587956896
4,0.0,1.0,0.0,2000.0
5,0.0,1.0,1.0,0.2641483506786948
6,0.0,1.0,2.0,9.479783945587196
7,0.0,1.0,3.0,156.58033309940663
8,0.0,2.0,0.0,2000.0
9,0.0,2.0,1.0,0.24132831981624747
10,0.0,2.0,2.0,0.4093161396290163
11,0.0,2.0,3.0,148.18017790046162
