,round,tube,sp,pop_0,final_pop,st_div_H,auc,fc
0,0.0,0.0,6.0,11.0,315.0,0.3618341233531461,22658.0,28.63633760332945
1,0.0,1.0,6.0,11.0,336.0,0.48691270946460224,21549.0,30.54542677688475
2,0.0,2.0,6.0,11.0,312.0,0.45056120886630463,19984.0,28.363610578535837
