,round,tube,sp_div_H,tot_pop_0,tot_final_pop,tot_auc,mean_fc,deg_score,nut_score
0,0.0,0.0,0.0,10.0,0.0,183.0,0.0,0.02354979407018143,0.02101900431830661
1,0.0,1.0,0.0,10.0,0.0,199.0,0.0,0.02558533745489222,0.022876268609926198
2,0.0,2.0,0.0,10.0,0.0,209.0,0.0,0.02685558418093814,0.023867951880182425
