,round,tube,nut,amount
0,0.0,0.0,0.0,1937.8234383149586
1,0.0,0.0,1.0,1927.405292831175
2,0.0,0.0,2.0,2000.0
3,0.0,0.0,3.0,1965.8102140283734
4,0.0,1.0,0.0,1932.2998292415534
5,0.0,1.0,1.0,1920.956161963661
6,0.0,1.0,2.0,2000.0
7,0.0,1.0,3.0,1962.7728795908818
8,0.0,2.0,0.0,1929.348467020518
9,0.0,2.0,1.0,1917.5102770453066
10,0.0,2.0,2.0,2000.0
11,0.0,2.0,3.0,1961.1499779712526
