,round,tube,sp,pop_0,final_pop,st_div_H,auc,fc
0,0.0,0.0,10.0,4.0,101.0,0.3229020413662712,16196.0,25.249936875157815
1,0.0,1.0,10.0,4.0,116.0,0.3508192649455675,18648.0,28.99992750018125
2,0.0,2.0,10.0,4.0,123.0,0.6365141682948128,18171.0,30.74992312519219
