,round,tube,sp,pop_0,final_pop,st_div_H,auc,fc
0,0.0,0.0,3.0,8.0,3.0,-0.0,374.0,0.37499953125058594
1,0.0,1.0,3.0,8.0,0.0,,190.0,0.0
2,0.0,2.0,3.0,8.0,1.0,-0.0,312.0,0.12499984375019532
