,round,tube,nut,amount
0,0.0,0.0,0.0,10.349556162641267
1,0.0,0.0,1.0,2000.0
2,0.0,0.0,2.0,0.48583109300197336
3,0.0,0.0,3.0,2000.0
4,0.0,1.0,0.0,22.0260817114107
5,0.0,1.0,1.0,2000.0
6,0.0,1.0,2.0,0.3676928992925075
7,0.0,1.0,3.0,2000.0
8,0.0,2.0,0.0,22.862120087270153
9,0.0,2.0,1.0,2000.0
10,0.0,2.0,2.0,0.06482767283847268
11,0.0,2.0,3.0,2000.0
