,round,tube,sp_div_H,tot_pop_0,tot_final_pop,tot_auc,mean_fc,deg_score,nut_score
0,0.0,0.0,-0.0,4.0,174.0,19157.0,43.49989125027188,0.11793795375938998,0.2928931607407226
1,0.0,1.0,-0.0,4.0,189.0,19035.0,47.249881875295316,0.11813378793886398,0.29289314124982024
2,0.0,2.0,-0.0,4.0,187.0,17889.0,46.74988312529219,0.11773783371853441,0.29289318864558644
