,round,tube,nut,amount
0,0.0,0.0,0.0,0.5984950079865632
1,0.0,0.0,1.0,2000.0
2,0.0,0.0,2.0,0.9776705254692227
3,0.0,0.0,3.0,2000.0
4,0.0,1.0,0.0,0.9461017749362877
5,0.0,1.0,1.0,2000.0
6,0.0,1.0,2.0,0.9273382231446944
7,0.0,1.0,3.0,2000.0
8,0.0,2.0,0.0,0.06437769120806269
9,0.0,2.0,1.0,2000.0
10,0.0,2.0,2.0,0.8236967972193877
11,0.0,2.0,3.0,2000.0
