,round,tube,sp_div_H,tot_pop_0,tot_final_pop,tot_auc,mean_fc,deg_score,nut_score
0,0.0,0.0,-0.0,10.0,61.0,14111.0,6.0999939000061,0.14538334988547763,0.1339745723750726
1,0.0,1.0,-0.0,10.0,56.0,14477.0,5.5999944000056,0.13854209729194755,0.13397458856819922
2,0.0,2.0,-0.0,10.0,59.0,13429.0,5.8999941000059,0.1384338863677237,0.1339745713639886
