,round,tube,sp,st,final_pop
0,0,0,11,"(0.0, 0.0, 0.04413503348860809, 0.01650583712158267, 0.0, 0.030645849071221472, 0.16773790467281977, 0.08028238650273146, 0.02105446333864078, 0.0)",249
1,0,0,11,"(0.0, 0.0, 0.09864539577037362, 0.01650583712158267, 0.0, 0.030645849071221472, 0.16773790467281977, 0.08028238650273146, 0.026121609841380632, 0.0)",454
2,0,1,11,"(0.0, 0.0, 0.04413503348860809, 0.01650583712158267, 0.0, 0.030645849071221472, 0.16773790467281977, 0.08028238650273146, 0.02105446333864078, 0.0)",281
3,0,1,11,"(0.0, 0.0, 0.09864539577037362, 0.01650583712158267, 0.0, 0.030645849071221472, 0.16773790467281977, 0.08028238650273146, 0.026121609841380632, 0.0)",223
4,0,1,11,"(0.0, 0.0, 0.04413503348860809, 0.01650583712158267, 0.0, 0.030645849071221472, 0.16773790467281977, 0.08028238650273146, 0.039183168771020245, 0.0)",98
5,0,2,11,"(0.0, 0.0, 0.04413503348860809, 0.01650583712158267, 0.0, 0.030645849071221472, 0.16773790467281977, 0.08028238650273146, 0.02105446333864078, 0.0)",216
6,0,2,11,"(0.0, 0.0, 0.09864539577037362, 0.01650583712158267, 0.0, 0.030645849071221472, 0.16773790467281977, 0.08028238650273146, 0.026121609841380632, 0.0)",261
7,0,2,11,"(0.0, 0.0, 0.04413503348860809, 0.01650583712158267, 0.0, 0.030645849071221472, 0.16773790467281977, 0.08028238650273146, 0.039183168771020245, 0.0)",162
