,round,tube,sp,pop_0,final_pop,st_div_H,auc,fc
0,0.0,0.0,11.0,6.0,703.0,0.6500056839436889,35580.0,117.16647138921437
1,0.0,1.0,11.0,6.0,602.0,1.0190219303119687,36076.0,100.33316611138982
2,0.0,2.0,11.0,6.0,639.0,1.0802635018287887,35340.0,106.49982250029583
