,round,tube,sp_div_H,tot_pop_0,tot_final_pop,tot_auc,mean_fc,deg_score,nut_score
0,0.0,0.0,-0.0,9.0,25.0,1075.0,2.7777746913614543,0.10367658882998843,0.09265172021557866
1,0.0,1.0,-0.0,9.0,18.0,967.0,1.999997777780247,0.09429467528046998,0.08475778824916635
2,0.0,2.0,-0.0,9.0,37.0,1391.0,4.1111065432149525,0.13104414349166937,0.10976057443026
