,round,tube,sp_div_H,tot_pop_0,tot_final_pop,tot_auc,mean_fc,deg_score,nut_score
0,0.0,0.0,-0.0,7.0,71.0,16178.0,10.142842653081924,0.12244550656360942,0.13397456199850666
1,0.0,1.0,-0.0,7.0,62.0,15725.0,8.85713020409971,0.12383315801827033,0.13397456250615336
2,0.0,2.0,-0.0,7.0,71.0,14684.0,10.142842653081924,0.12444996543444942,0.1339745700096051
