,round,tube,sp_div_H,tot_pop_0,tot_final_pop,tot_auc,mean_fc,deg_score,nut_score
0,0.0,0.0,-0.0,9.0,2.0,481.0,0.22222197530891633,0.04681553367523139,0.0423613772945759
1,0.0,1.0,-0.0,9.0,3.0,502.0,0.3333329629633745,0.04867999960158853,0.044708729851101636
2,0.0,2.0,0.0,9.0,0.0,387.0,0.0,0.03814221135462714,0.034458213709547936
