,round,tube,sp_div_H,tot_pop_0,tot_final_pop,tot_auc,mean_fc,deg_score,nut_score
0,0.0,0.0,-0.0,12.0,74.0,5674.0,6.16666152778206,0.21313355606000217,0.28896378321309224
1,0.0,1.0,-0.0,12.0,76.0,6979.0,6.333328055559954,0.21210794097203456,0.2928931806481355
2,0.0,2.0,-0.0,12.0,86.0,6565.0,7.166660694449422,0.2125880072372024,0.29289316881544436
