,round,tube,sp,pop_0,final_pop,st_div_H,auc,fc
0,0.0,0.0,13.0,66.0,971.0,1.6884127180230006,113057.0,14.712118983012274
1,0.0,1.0,13.0,66.0,1000.0,1.604175672182867,116187.0,15.151512855831385
2,0.0,2.0,13.0,66.0,956.0,1.7520347402113967,113145.0,14.484846290174804
