,round,tube,sp,pop_0,final_pop,st_div_H,auc,fc
0,0.0,0.0,6.0,8.0,132.0,0.16114321393173753,15697.0,16.49997937502578
1,0.0,1.0,6.0,8.0,143.0,0.17411775156185527,15197.0,17.87497765627793
2,0.0,2.0,6.0,8.0,163.0,0.34741226035820866,16667.0,20.374974531281836
