,round,tube,sp,pop_0,final_pop,st_div_H,auc,fc
0,0.0,0.0,11.0,13.0,222.0,-0.0,20567.0,17.076909940838508
1,0.0,1.0,11.0,13.0,182.0,-0.0,19639.0,13.999989230777516
2,0.0,2.0,11.0,13.0,189.0,-0.0,20215.0,14.538450355038188
