,round,tube,nut,amount
0,0.0,0.0,0.0,0.9378222081191822
1,0.0,0.0,1.0,0.429434738815901
2,0.0,0.0,2.0,2000.0
3,0.0,0.0,3.0,2000.0
4,0.0,1.0,0.0,0.7244769819153771
5,0.0,1.0,1.0,0.5488861377520373
6,0.0,1.0,2.0,2000.0
7,0.0,1.0,3.0,2000.0
8,0.0,2.0,0.0,0.8918171155010663
9,0.0,2.0,1.0,0.16734713116941752
10,0.0,2.0,2.0,2000.0
11,0.0,2.0,3.0,2000.0
