,round,tube,sp_div_H,tot_pop_0,tot_final_pop,tot_auc,mean_fc,deg_score,nut_score
0,0.0,0.0,-0.0,11.0,95.0,8294.0,8.636355785131105,0.17735338364416542,0.13397458374145887
1,0.0,1.0,-0.0,11.0,94.0,7078.0,8.545446776866568,0.177760817711763,0.13397458310227717
2,0.0,2.0,-0.0,11.0,102.0,8847.0,9.27271884298287,0.17903018388369685,0.13397459542102175
