,round,tube,nut,amount
0,0.0,0.0,0.0,0.011428982306252777
1,0.0,0.0,1.0,2000.0
2,0.0,0.0,2.0,0.08127586474231241
3,0.0,0.0,3.0,0.36686755846915986
4,0.0,1.0,0.0,0.06584703449026108
5,0.0,1.0,1.0,2000.0
6,0.0,1.0,2.0,0.8210302578041491
7,0.0,1.0,3.0,0.4212759394621699
8,0.0,2.0,0.0,0.33243395795165753
9,0.0,2.0,1.0,2000.0
10,0.0,2.0,2.0,1333.045673329942
11,0.0,2.0,3.0,0.6878154850114164
