,round,tube,sp_div_H,tot_pop_0,tot_final_pop,tot_auc,mean_fc,deg_score,nut_score
0,0.0,0.0,-0.0,21.0,580.0,70460.0,27.619034467126443,0.2404388314257757,0.4999999525675225
1,0.0,1.0,-0.0,21.0,558.0,68979.0,26.571415918373372,0.24003603839639787,0.4999999356509973
2,0.0,2.0,-0.0,21.0,618.0,72239.0,29.42855741497266,0.23941469507572477,0.49999992675951166
