,round,tube,nut,amount
0,0.0,0.0,0.0,0.3296303375289684
1,0.0,0.0,1.0,0.21486326807286682
2,0.0,0.0,2.0,2000.0
3,0.0,0.0,3.0,0.7772369606321669
4,0.0,1.0,0.0,0.35981403178468807
5,0.0,1.0,1.0,0.13318779697936473
6,0.0,1.0,2.0,2000.0
7,0.0,1.0,3.0,0.9393502977845479
8,0.0,2.0,0.0,0.28841798927913426
9,0.0,2.0,1.0,0.4433547702409024
10,0.0,2.0,2.0,2000.0
11,0.0,2.0,3.0,0.9445101960663961
