,round,tube,sp,pop_0,final_pop,st_div_H,auc,fc
0,0.0,0.0,0.0,3.0,82.0,-0.0,16171.0,27.333242222525925
1,0.0,1.0,0.0,3.0,83.0,-0.0,15311.0,27.66657444475185
2,0.0,2.0,0.0,3.0,90.0,-0.0,16207.0,29.99990000033333
