,round,tube,sp_div_H,tot_pop_0,tot_final_pop,tot_auc,mean_fc,deg_score,nut_score
0,0.0,0.0,-0.0,6.0,68.0,12239.0,11.333314444475926,0.14274714557326762,0.13397459602830086
1,0.0,1.0,-0.0,6.0,57.0,12952.0,9.499984166693055,0.14471214966841772,0.133974590093345
2,0.0,2.0,-0.0,6.0,65.0,13294.0,10.833315277807872,0.14603931668125636,0.13397458991258326
