,round,tube,nut,amount
0,0.0,0.0,0.0,446.46681154882623
1,0.0,0.0,1.0,1948.0072785948878
2,0.0,0.0,2.0,2000.0
3,0.0,0.0,3.0,0.24219740469156353
4,0.0,1.0,0.0,1067.3147106643353
5,0.0,1.0,1.0,1968.7854454815877
6,0.0,1.0,2.0,2000.0
7,0.0,1.0,3.0,409.91118984529317
8,0.0,2.0,0.0,848.5835353653891
9,0.0,2.0,1.0,1961.4650810732346
10,0.0,2.0,2.0,2000.0
11,0.0,2.0,3.0,37.00727654076332
