,round,tube,nut,amount
0,0.0,0.0,0.0,2000.0
1,0.0,0.0,1.0,0.6343374574604459
2,0.0,0.0,2.0,2000.0
3,0.0,0.0,3.0,0.17425882777185375
4,0.0,1.0,0.0,2000.0
5,0.0,1.0,1.0,0.18475397776049185
6,0.0,1.0,2.0,2000.0
7,0.0,1.0,3.0,0.7524771704069106
8,0.0,2.0,0.0,2000.0
9,0.0,2.0,1.0,0.0031193047490871706
10,0.0,2.0,2.0,2000.0
11,0.0,2.0,3.0,0.22338477277960167
