,round,tube,sp_div_H,tot_pop_0,tot_final_pop,tot_auc,mean_fc,deg_score,nut_score
0,0.0,0.0,-0.0,9.0,60.0,15315.0,6.66665925926749,0.12461014890184752,0.13397458473996016
1,0.0,1.0,-0.0,9.0,62.0,17525.0,6.888881234576406,0.12401933471463278,0.13397458685996
2,0.0,2.0,-0.0,9.0,96.0,17549.0,10.666654814827984,0.1276452023909872,0.13397456641754524
