,round,tube,sp,pop_0,final_pop,st_div_H,auc,fc
0,0.0,0.0,6.0,12.0,15.0,-0.0,1022.0,1.2499989583342015
1,0.0,1.0,6.0,12.0,6.0,-0.0,679.0,0.49999958333368055
2,0.0,2.0,6.0,12.0,12.0,-0.0,793.0,0.9999991666673611
