,round,tube,sp_div_H,tot_pop_0,tot_final_pop,tot_auc,mean_fc,deg_score,nut_score
0,0.0,0.0,-0.0,55.0,1049.0,114709.0,19.072723804959306,0.26789198976570183,0.4999999969136525
1,0.0,1.0,-0.0,55.0,1061.0,114429.0,19.290905583471712,0.2734885084488503,0.49999997065610624
2,0.0,2.0,-0.0,55.0,978.0,111172.0,17.781814948760918,0.2654017624911469,0.49732420414654566
