,round,tube,sp_div_H,tot_pop_0,tot_final_pop,tot_auc,mean_fc,deg_score,nut_score
0,0.0,0.0,-0.0,15.0,582.0,32122.0,38.79997413335058,0.36855256666520275,0.8673792250612865
1,0.0,1.0,-0.0,15.0,615.0,35087.0,40.99997266668489,0.3634282878976698,0.8673505689402412
2,0.0,2.0,-0.0,15.0,616.0,30973.0,41.06663928890714,0.3661207210733659,0.8673877812121453
