,round,tube,sp_div_H,tot_pop_0,tot_final_pop,tot_auc,mean_fc,deg_score,nut_score
0,0.0,0.0,-0.0,10.0,32.0,15606.0,3.1999968000032,0.08833864166336003,0.13397459498374797
1,0.0,1.0,-0.0,10.0,34.0,14605.0,3.3999966000034,0.08743378555659775,0.13397456385329476
2,0.0,2.0,-0.0,10.0,29.0,14861.0,2.8999971000029,0.0856765300055864,0.13397459295109226
