,round,tube,nut,amount
0,0.0,0.0,0.0,0.7455007250567856
1,0.0,0.0,1.0,0.39412954948788453
2,0.0,0.0,2.0,2000.0
3,0.0,0.0,3.0,1336.0512033797545
4,0.0,1.0,0.0,0.5076445634944841
5,0.0,1.0,1.0,0.30661727797646693
6,0.0,1.0,2.0,2000.0
7,0.0,1.0,3.0,1335.9722117794863
8,0.0,2.0,0.0,0.526341379621599
9,0.0,2.0,1.0,0.2473547840837929
10,0.0,2.0,2.0,2000.0
11,0.0,2.0,3.0,1335.978420958245
