,round,tube,sp,pop_0,final_pop,st_div_H,auc,fc
0,0.0,0.0,6.0,7.0,1.0,-0.0,258.0,0.14285693877580175
1,0.0,1.0,6.0,7.0,2.0,-0.0,263.0,0.2857138775516035
2,0.0,2.0,6.0,7.0,4.0,-0.0,349.0,0.571427755103207
