,round,tube,nut,amount
0,0.0,0.0,0.0,2000.0
1,0.0,0.0,1.0,373.6694741048744
2,0.0,0.0,2.0,0.6164020864804054
3,0.0,0.0,3.0,2000.0
4,0.0,1.0,0.0,2000.0
5,0.0,1.0,1.0,627.1882177570878
6,0.0,1.0,2.0,0.45606200733330543
7,0.0,1.0,3.0,2000.0
8,0.0,2.0,0.0,2000.0
9,0.0,2.0,1.0,349.25222911244333
10,0.0,2.0,2.0,0.7323604573384148
11,0.0,2.0,3.0,2000.0
