,round,tube,sp_div_H,tot_pop_0,tot_final_pop,tot_auc,mean_fc,deg_score,nut_score
0,0.0,0.0,-0.0,8.0,109.0,9130.0,13.62498296877129,0.2022923790020713,0.13397456134382812
1,0.0,1.0,-0.0,8.0,119.0,9292.0,14.874981406273243,0.20427369038588028,0.13397456673581754
2,0.0,2.0,-0.0,8.0,96.0,8951.0,11.99998500001875,0.2028030728121043,0.13397456452735879
