,round,tube,nut,amount
0,0.0,0.0,0.0,53.718277965035846
1,0.0,0.0,1.0,2000.0
2,0.0,0.0,2.0,2000.0
3,0.0,0.0,3.0,0.14131275745882138
4,0.0,1.0,0.0,54.47947964978986
5,0.0,1.0,1.0,2000.0
6,0.0,1.0,2.0,2000.0
7,0.0,1.0,3.0,0.20902405316829104
8,0.0,2.0,0.0,65.53751562299341
9,0.0,2.0,1.0,2000.0
10,0.0,2.0,2.0,2000.0
11,0.0,2.0,3.0,0.4415068389138664
