,round,tube,sp,pop_0,final_pop,st_div_H,auc,fc
0,0.0,0.0,8.0,21.0,783.0,0.190349476936088,95009.0,37.2856965306207
1,0.0,1.0,8.0,21.0,814.0,0.2505135588795845,96244.0,38.76188630386367
2,0.0,2.0,8.0,21.0,806.0,0.13396500921285162,96679.0,38.38093410431709
