,round,tube,nut,amount
0,0.0,0.0,0.0,0.08714725958571307
1,0.0,0.0,1.0,2000.0
2,0.0,0.0,2.0,0.7572129593658214
3,0.0,0.0,3.0,2000.0
4,0.0,1.0,0.0,0.5028131395991169
5,0.0,1.0,1.0,2000.0
6,0.0,1.0,2.0,0.07013132995252258
7,0.0,1.0,3.0,2000.0
8,0.0,2.0,0.0,0.14165855078212286
9,0.0,2.0,1.0,2000.0
10,0.0,2.0,2.0,0.8712234506057062
11,0.0,2.0,3.0,2000.0
