,round,tube,sp,pop_0,final_pop,st_div_H,auc,fc
0,0.0,0.0,6.0,15.0,184.0,0.8924717546571621,22660.0,12.266658488894342
1,0.0,1.0,6.0,15.0,175.0,0.9158926384982836,23285.0,11.666658888894075
2,0.0,2.0,6.0,15.0,158.0,1.0365786905606589,20133.0,10.533326311115793
