,round,tube,sp_div_H,tot_pop_0,tot_final_pop,tot_auc,mean_fc,deg_score,nut_score
0,0.0,0.0,-0.0,18.0,528.0,56056.0,29.33331703704609,0.21457103409534328,0.29289320689760845
1,0.0,1.0,-0.0,18.0,596.0,62485.0,33.1110927160596,0.2135309712783261,0.2928932104501265
2,0.0,2.0,-0.0,18.0,555.0,58815.0,30.83331620371322,0.21340672858863463,0.2928932163638406
