,round,tube,sp,pop_0,final_pop,st_div_H,auc,fc
0,0.0,0.0,7.0,12.0,35.0,-0.0,1895.0,2.9166642361131365
1,0.0,1.0,7.0,12.0,21.0,-0.0,1304.0,1.749998541667882
2,0.0,2.0,7.0,12.0,18.0,-0.0,1253.0,1.4999987500010417
