,round,tube,sp,st,final_pop
0,0,0,13,"(0.0, 0.0, 0.04198794063234867, 0.0, 0.10087429390457471, 0.013875811363790319, 0.02271982369941325, 0.0, 0.11811188615698948, 0.022854187839533902)",1118
1,0,1,13,"(0.0, 0.0, 0.04198794063234867, 0.0, 0.0708183977350535, 0.013875811363790319, 0.02271982369941325, 0.0, 0.11811188615698948, 0.022854187839533902)",36
2,0,1,13,"(0.0, 0.0, 0.04198794063234867, 0.0, 0.10087429390457471, 0.013875811363790319, 0.02271982369941325, 0.0, 0.11811188615698948, 0.022854187839533902)",1205
3,0,2,13,"(0.0, 0.0, 0.04198794063234867, 0.0, 0.10087429390457471, 0.013875811363790319, 0.02271982369941325, 0.0, 0.11811188615698948, 0.022854187839533902)",1158
