,round,tube,nut,amount
0,0.0,0.0,0.0,2000.0
1,0.0,0.0,1.0,0.43128099531793396
2,0.0,0.0,2.0,0.3417390540433658
3,0.0,0.0,3.0,2000.0
4,0.0,1.0,0.0,2000.0
5,0.0,1.0,1.0,0.5160194907027993
6,0.0,1.0,2.0,0.6932490291552895
7,0.0,1.0,3.0,2000.0
8,0.0,2.0,0.0,2000.0
9,0.0,2.0,1.0,0.1730179862774719
10,0.0,2.0,2.0,0.5939904023304621
11,0.0,2.0,3.0,2000.0
