,round,tube,sp_div_H,tot_pop_0,tot_final_pop,tot_auc,mean_fc,deg_score,nut_score
0,0.0,0.0,-0.0,16.0,308.0,12674.0,19.24998796875752,0.23070391572625482,0.3860125581922028
1,0.0,1.0,-0.0,16.0,326.0,14222.0,20.37498726563296,0.2339929220916398,0.41945574941770225
2,0.0,2.0,-0.0,16.0,282.0,11426.0,17.624988984381886,0.22706333389087163,0.3589495604577869
