,round,tube,nut,amount
0,0.0,0.0,0.0,96.5470141941575
1,0.0,0.0,1.0,2000.0
2,0.0,0.0,2.0,0.7472041962532098
3,0.0,0.0,3.0,2000.0
4,0.0,1.0,0.0,44.078196263280454
5,0.0,1.0,1.0,2000.0
6,0.0,1.0,2.0,0.2928018563347403
7,0.0,1.0,3.0,2000.0
8,0.0,2.0,0.0,15.578529197204324
9,0.0,2.0,1.0,2000.0
10,0.0,2.0,2.0,0.6844093399147404
11,0.0,2.0,3.0,2000.0
