,round,tube,sp,pop_0,final_pop,st_div_H,auc,fc
0,0.0,0.0,13.0,8.0,98.0,-0.0,11658.0,12.249984687519142
1,0.0,1.0,13.0,8.0,102.0,-0.0,11005.0,12.749984062519923
2,0.0,2.0,13.0,8.0,98.0,-0.0,12301.0,12.249984687519142
