,round,tube,sp_div_H,tot_pop_0,tot_final_pop,tot_auc,mean_fc,deg_score,nut_score
0,0.0,0.0,-0.0,9.0,142.0,17825.0,15.77776024693306,0.06285818404877708,0.366345876036158
1,0.0,1.0,-0.0,9.0,210.0,21399.0,23.333307407436216,0.06399189823704832,0.4807516099227491
2,0.0,2.0,-0.0,9.0,105.0,17147.0,11.666653703718108,0.06254282896324637,0.36634989172004284
