,round,tube,sp_div_H,tot_pop_0,tot_final_pop,tot_auc,mean_fc,deg_score,nut_score
0,0.0,0.0,-0.0,9.0,222.0,9151.0,24.666639259289713,0.2457529117517484,0.3869460200393561
1,0.0,1.0,-0.0,9.0,250.0,10114.0,27.777746913614543,0.24928051471436263,0.41312329430027017
2,0.0,2.0,-0.0,9.0,245.0,9399.0,27.222191975342252,0.24633317019965684,0.397069815521496
