,round,tube,nut,amount
0,0.0,0.0,0.0,2000.0
1,0.0,0.0,1.0,0.901833433868748
2,0.0,0.0,2.0,0.3541161335748355
3,0.0,0.0,3.0,2000.0
4,0.0,1.0,0.0,2000.0
5,0.0,1.0,1.0,0.7412985974821609
6,0.0,1.0,2.0,0.5291598082733024
7,0.0,1.0,3.0,2000.0
8,0.0,2.0,0.0,2000.0
9,0.0,2.0,1.0,0.9277715978574573
10,0.0,2.0,2.0,0.7046602998258393
11,0.0,2.0,3.0,2000.0
