,round,tube,sp,st,final_pop
0,0,0,6,"(0.03426039533065134, 0.012062133861462175, 0.0, 0.030181603934096246, 0.005951968092326732, 0.0, 0.019795240631728064, 0.0, 0.028146417112716555, 0.05874522297052942)",175
1,0,0,6,"(0.03426039533065134, 0.012062133861462175, 0.0, 0.030181603934096246, 0.005951968092326732, 0.0, 0.019795240631728064, 0.0, 0.010795280547882377, 0.05874522297052942)",9
2,0,1,6,"(0.03426039533065134, 0.012062133861462175, 0.0, 0.030181603934096246, 0.005951968092326732, 0.0, 0.019795240631728064, 0.0, 0.028146417112716555, 0.05874522297052942)",118
3,0,1,6,"(0.03426039533065134, 0.012062133861462175, 0.0, 0.030181603934096246, 0.005951968092326732, 0.0, 0.019795240631728064, 0.0, 0.010795280547882377, 0.05874522297052942)",56
4,0,2,6,"(0.03426039533065134, 0.012062133861462175, 0.0, 0.030181603934096246, 0.005951968092326732, 0.0, 0.019795240631728064, 0.0, 0.010795280547882377, 0.05874522297052942)",3
5,0,2,6,"(0.03426039533065134, 0.012062133861462175, 0.0, 0.030181603934096246, 0.005951968092326732, 0.0, 0.019795240631728064, 0.0, 0.028146417112716555, 0.05874522297052942)",132
