,round,tube,nut,amount
0,0.0,0.0,0.0,0.17363074795505185
1,0.0,0.0,1.0,2000.0
2,0.0,0.0,2.0,0.5275866277058368
3,0.0,0.0,3.0,350.77755520603364
4,0.0,1.0,0.0,0.31318361792634164
5,0.0,1.0,1.0,2000.0
6,0.0,1.0,2.0,0.4583751225555879
7,0.0,1.0,3.0,350.72046756283055
8,0.0,2.0,0.0,0.44041749320784085
9,0.0,2.0,1.0,2000.0
10,0.0,2.0,2.0,0.3591033772235727
11,0.0,2.0,3.0,350.63858536758613
