,round,tube,nut,amount
0,0.0,0.0,0.0,1259.2725700105145
1,0.0,0.0,1.0,1597.0076562492281
2,0.0,0.0,2.0,0.3656005864944163
3,0.0,0.0,3.0,0.27267756896389983
4,0.0,1.0,0.0,0.5441400159441754
5,0.0,1.0,1.0,912.1971583357896
6,0.0,1.0,2.0,0.24807606550773365
7,0.0,1.0,3.0,0.13978613300687437
8,0.0,2.0,0.0,1259.3491526275122
9,0.0,2.0,1.0,1597.0493209791464
10,0.0,2.0,2.0,0.5723395692193272
11,0.0,2.0,3.0,0.008538026446572644
