,round,tube,sp,pop_0,final_pop,st_div_H,auc,fc
0,0.0,0.0,4.0,8.0,173.0,-0.0,4712.0,21.62497296878379
1,0.0,1.0,4.0,8.0,142.0,-0.0,4057.0,17.749977812527735
2,0.0,2.0,4.0,8.0,121.0,-0.0,3435.0,15.124981093773634
