,round,tube,sp,pop_0,final_pop,st_div_H,auc,fc
0,0.0,0.0,9.0,11.0,50.0,-0.0,1734.0,4.545450413226897
1,0.0,1.0,9.0,11.0,54.0,-0.0,2557.0,4.909086446285049
2,0.0,2.0,9.0,11.0,64.0,-0.0,2755.0,5.818176528930429
