,round,tube,sp,pop_0,final_pop,st_div_H,auc,fc
0,0.0,0.0,1.0,29.0,421.0,0.5766755859719606,34986.0,14.517236373366767
1,0.0,1.0,1.0,29.0,413.0,0.4048163596680644,36643.0,14.24137439952607
2,0.0,2.0,1.0,29.0,361.0,0.926874447943073,35579.0,12.448271569561529
