,round,tube,sp_div_H,tot_pop_0,tot_final_pop,tot_auc,mean_fc,deg_score,nut_score
0,0.0,0.0,-0.0,11.0,75.0,2574.0,6.818175619840346,0.14774920268588265,0.12379252195207757
1,0.0,1.0,-0.0,11.0,80.0,4906.0,7.272720661163036,0.18442211305097478,0.13397456989672907
2,0.0,2.0,-0.0,11.0,72.0,4905.0,6.545448595046732,0.1819223936050578,0.13397458059726375
