,round,tube,sp,pop_0,final_pop,st_div_H,auc,fc
0,0.0,0.0,4.0,10.0,35.0,-0.0,1499.0,3.4999965000035003
1,0.0,1.0,4.0,10.0,41.0,-0.0,1888.0,4.0999959000041
2,0.0,2.0,4.0,10.0,47.0,-0.0,2419.0,4.699995300004701
