,round,tube,sp_div_H,tot_pop_0,tot_final_pop,tot_auc,mean_fc,deg_score,nut_score
0,0.0,0.0,-0.0,29.0,503.0,40707.0,17.34482160523393,0.16333997346592444,0.29280292709747346
1,0.0,1.0,-0.0,29.0,572.0,44540.0,19.724131129609955,0.16333997346592444,0.29282742992078703
2,0.0,2.0,-0.0,29.0,534.0,44652.0,18.41378675386664,0.16333997346592444,0.29281463397373475
