,round,tube,sp,st,final_pop
0,0,0,12,"(0.12253205263853229, 0.07098421666459682, 0.0, 0.0, 0.0, 0.0, 0.20188557309394728, 0.0429759755626197, 0.0, 0.057272911791666214)",76
1,0,0,12,"(0.12253205263853229, 0.07098421666459682, 0.0, 0.0, 0.0, 0.0, 0.20188557309394728, 0.05107774537518032, 0.0, 0.057272911791666214)",19
2,0,1,12,"(0.12253205263853229, 0.07098421666459682, 0.0, 0.0, 0.0, 0.0, 0.20188557309394728, 0.0429759755626197, 0.0, 0.057272911791666214)",28
3,0,1,12,"(0.12253205263853229, 0.07098421666459682, 0.0, 0.0, 0.0, 0.0, 0.20188557309394728, 0.05107774537518032, 0.0, 0.057272911791666214)",60
4,0,2,12,"(0.12253205263853229, 0.07098421666459682, 0.0, 0.0, 0.0, 0.0, 0.20188557309394728, 0.05107774537518032, 0.0, 0.057272911791666214)",72
5,0,2,12,"(0.12253205263853229, 0.07098421666459682, 0.0, 0.0, 0.0, 0.0, 0.20188557309394728, 0.0429759755626197, 0.0, 0.057272911791666214)",24
