,round,tube,sp_div_H,tot_pop_0,tot_final_pop,tot_auc,mean_fc,deg_score,nut_score
0,0.0,0.0,-0.0,14.0,677.0,53366.0,48.3571083163512,0.2336310625657393,0.39870248279424125
1,0.0,1.0,-0.0,14.0,678.0,49500.0,48.428536836759406,0.23394076670448216,0.39870665496058133
2,0.0,2.0,-0.0,14.0,668.0,50125.0,47.71425163267741,0.23375118000976647,0.3987087289035651
