,round,tube,sp_div_H,tot_pop_0,tot_final_pop,tot_auc,mean_fc,deg_score,nut_score
0,0.0,0.0,-0.0,22.0,617.0,71212.0,28.045441797526458,0.11556045914394442,0.2928932033957442
1,0.0,1.0,-0.0,22.0,616.0,72416.0,27.99998727273306,0.11329250871719232,0.29289318281833876
2,0.0,2.0,-0.0,22.0,625.0,73239.0,28.409077995873638,0.11910116507321322,0.29289318499317707
