,round,tube,sp,pop_0,final_pop,st_div_H,auc,fc
0,0.0,0.0,11.0,6.0,33.0,1.048872013427051,17271.0,5.499990833348612
1,0.0,1.0,11.0,6.0,38.0,0.4361623253853443,19019.0,6.333322777795371
2,0.0,2.0,11.0,6.0,41.0,0.6420013838572223,16878.0,6.833321944463426
