,round,tube,sp_div_H,tot_pop_0,tot_final_pop,tot_auc,mean_fc,deg_score,nut_score
0,0.0,0.0,-0.0,12.0,123.0,19449.0,10.249991458340451,0.11921224099492322,0.29289318227574246
1,0.0,1.0,-0.0,12.0,131.0,20058.0,10.916657569452026,0.1174743932082758,0.29289318295734734
2,0.0,2.0,-0.0,12.0,170.0,23084.0,14.16665486112095,0.11586897910294358,0.29289318302359024
