,round,tube,sp_div_H,tot_pop_0,tot_final_pop,tot_auc,mean_fc,deg_score,nut_score
0,0.0,0.0,-0.0,29.0,428.0,25558.0,14.758615600477379,0.22511988895061907,0.3153988072953503
1,0.0,1.0,-0.0,29.0,461.0,28597.0,15.896546242570261,0.22521190310515105,0.31648072195866583
2,0.0,2.0,-0.0,29.0,441.0,25991.0,15.206891307968515,0.22516886706771377,0.31460545044209853
