,round,tube,nut,amount
0,0.0,0.0,0.0,2000.0
1,0.0,0.0,1.0,2000.0
2,0.0,0.0,2.0,1352.6948199252336
3,0.0,0.0,3.0,0.3627230079456411
4,0.0,1.0,0.0,2000.0
5,0.0,1.0,1.0,2000.0
6,0.0,1.0,2.0,1176.3792786602373
7,0.0,1.0,3.0,0.8099998709492183
8,0.0,2.0,0.0,2000.0
9,0.0,2.0,1.0,2000.0
10,0.0,2.0,2.0,1389.7367187289958
11,0.0,2.0,3.0,0.6498885211409877
