,round,tube,sp_div_H,tot_pop_0,tot_final_pop,tot_auc,mean_fc,deg_score,nut_score
0,0.0,0.0,-0.0,4.0,296.0,7893.0,73.9998150004625,0.2188291024414849,0.26990088358234543
1,0.0,1.0,-0.0,4.0,301.0,9131.0,75.24981187547031,0.22369463129778377,0.28222937617176547
2,0.0,2.0,-0.0,4.0,276.0,9431.0,68.99982750043125,0.22573348574241148,0.2852527423257656
