,round,tube,sp_div_H,tot_pop_0,tot_final_pop,tot_auc,mean_fc,deg_score,nut_score
0,0.0,0.0,-0.0,20.0,262.0,18622.0,13.099993450003275,0.31940467048270493,0.29289319681513015
1,0.0,1.0,-0.0,20.0,263.0,20043.0,13.149993425003288,0.31698469528954387,0.29289320835026134
2,0.0,2.0,-0.0,20.0,247.0,18389.0,12.349993825003088,0.31833019079001246,0.2928931984612766
