,round,tube,sp_div_H,tot_pop_0,tot_final_pop,tot_auc,mean_fc,deg_score,nut_score
0,0.0,0.0,-0.0,45.0,1023.0,111477.0,22.733328281482603,0.26085974592594785,0.49999998360632747
1,0.0,1.0,-0.0,45.0,1125.0,116153.0,24.999994444445676,0.26316301744429393,0.49999993295202916
2,0.0,2.0,-0.0,45.0,1074.0,114007.0,23.86666136296414,0.2584303909479999,0.49732375603947965
