,round,tube,nut,amount
0,0.0,0.0,0.0,2000.0
1,0.0,0.0,1.0,0.46291571340923565
2,0.0,0.0,2.0,2000.0
3,0.0,0.0,3.0,0.3056462570117251
4,0.0,1.0,0.0,2000.0
5,0.0,1.0,1.0,0.7995799767458411
6,0.0,1.0,2.0,2000.0
7,0.0,1.0,3.0,0.5465804467903581
8,0.0,2.0,0.0,2000.0
9,0.0,2.0,1.0,0.999288747434539
10,0.0,2.0,2.0,2000.0
11,0.0,2.0,3.0,0.502025952930679
