,round,tube,nut,amount
0,0.0,0.0,0.0,827.6296645089329
1,0.0,0.0,1.0,1960.7638094313415
2,0.0,0.0,2.0,2000.0
3,0.0,0.0,3.0,1.2840631919118302
4,0.0,1.0,0.0,225.28791142538395
5,0.0,1.0,1.0,1940.6049951932196
6,0.0,1.0,2.0,2000.0
7,0.0,1.0,3.0,0.49882949269662835
8,0.0,2.0,0.0,35.12602821354634
9,0.0,2.0,1.0,1934.240770798655
10,0.0,2.0,2.0,2000.0
11,0.0,2.0,3.0,0.5128167929668537
