,round,tube,sp_div_H,tot_pop_0,tot_final_pop,tot_auc,mean_fc,deg_score,nut_score
0,0.0,0.0,-0.0,33.0,707.0,83979.0,21.424235932049715,0.17963566427593203,0.7967861020350642
1,0.0,1.0,-0.0,33.0,400.0,56901.0,12.12120844811865,0.16657546334524265,0.44456058449223834
2,0.0,2.0,-0.0,33.0,415.0,58266.0,12.5757537649231,0.16582411497798466,0.4445619130576808
