,round,tube,sp_div_H,tot_pop_0,tot_final_pop,tot_auc,mean_fc,deg_score,nut_score
0,0.0,0.0,-0.0,22.0,588.0,58188.0,26.72726057851792,0.21907625648770068,0.29289318349719384
1,0.0,1.0,-0.0,22.0,597.0,58732.0,27.1363513016585,0.21738070570853596,0.2928931863871702
2,0.0,2.0,-0.0,22.0,631.0,57753.0,28.681805144634026,0.22371302595860265,0.29289321041445404
