,round,tube,nut,amount
0,0.0,0.0,0.0,0.49306416211538107
1,0.0,0.0,1.0,2000.0
2,0.0,0.0,2.0,0.12060795939285596
3,0.0,0.0,3.0,811.818512741669
4,0.0,1.0,0.0,0.5263571331795474
5,0.0,1.0,1.0,2000.0
6,0.0,1.0,2.0,0.2172142635889358
7,0.0,1.0,3.0,811.8382966649775
8,0.0,2.0,0.0,0.44031003891295484
9,0.0,2.0,1.0,2000.0
10,0.0,2.0,2.0,0.18200196421915038
11,0.0,2.0,3.0,811.7871642769863
