,round,tube,sp,pop_0,final_pop,st_div_H,auc,fc
0,0.0,0.0,9.0,11.0,254.0,-0.0,11578.0,23.09088809919264
1,0.0,1.0,9.0,11.0,297.0,-0.0,11061.0,26.99997545456777
2,0.0,2.0,9.0,11.0,250.0,-0.0,9749.0,22.727252066134486
