,round,tube,nut,amount
0,0.0,0.0,0.0,1854.247280860433
1,0.0,0.0,1.0,0.44208480560721974
2,0.0,0.0,2.0,0.5874620335723706
3,0.0,0.0,3.0,2000.0
4,0.0,1.0,0.0,1854.272108906012
5,0.0,1.0,1.0,0.33388719058245997
6,0.0,1.0,2.0,0.9280492000881909
7,0.0,1.0,3.0,2000.0
8,0.0,2.0,0.0,1854.238981405378
9,0.0,2.0,1.0,0.4123645621897717
10,0.0,2.0,2.0,0.4736114337655738
11,0.0,2.0,3.0,2000.0
