,round,tube,sp,st,final_pop
0,0,0,4,"(0.4051061607698391, 0.0, 0.0, 0.05305371719279086, 0.0, 0.0, 0.0, 0.0, 0.0, 0.20317178261613428)",63
1,0,0,4,"(0.32089571515038867, 0.0, 0.0, 0.05305371719279086, 0.0, 0.0, 0.0, 0.0, 0.0, 0.18090907355177954)",25
2,0,0,4,"(0.20686096975648033, 0.0, 0.0, 0.05305371719279086, 0.0, 0.0, 0.0, 0.0, 0.0, 0.20317178261613428)",322
3,0,1,4,"(0.20686096975648033, 0.0, 0.0, 0.05305371719279086, 0.0, 0.0, 0.0, 0.0, 0.0, 0.20317178261613428)",307
4,0,1,4,"(0.32089571515038867, 0.0, 0.0, 0.05305371719279086, 0.0, 0.0, 0.0, 0.0, 0.0, 0.18090907355177954)",15
5,0,1,4,"(0.4051061607698391, 0.0, 0.0, 0.05305371719279086, 0.0, 0.0, 0.0, 0.0, 0.0, 0.20317178261613428)",54
6,0,2,4,"(0.32089571515038867, 0.0, 0.0, 0.05305371719279086, 0.0, 0.0, 0.0, 0.0, 0.0, 0.18090907355177954)",5
7,0,2,4,"(0.4051061607698391, 0.0, 0.0, 0.05305371719279086, 0.0, 0.0, 0.0, 0.0, 0.0, 0.20317178261613428)",8
8,0,2,4,"(0.20686096975648033, 0.0, 0.0, 0.05305371719279086, 0.0, 0.0, 0.0, 0.0, 0.0, 0.20317178261613428)",388
