,round,tube,nut,amount
0,0.0,0.0,0.0,919.3525198520335
1,0.0,0.0,1.0,0.13958713849560478
2,0.0,0.0,2.0,0.301012637026468
3,0.0,0.0,3.0,2000.0
4,0.0,1.0,0.0,919.3556460030226
5,0.0,1.0,1.0,0.0416691142999952
6,0.0,1.0,2.0,0.30679746612419195
7,0.0,1.0,3.0,2000.0
8,0.0,2.0,0.0,919.4172769964237
9,0.0,2.0,1.0,0.3802764710741068
10,0.0,2.0,2.0,0.42084338518977255
11,0.0,2.0,3.0,2000.0
