,round,tube,sp_div_H,tot_pop_0,tot_final_pop,tot_auc,mean_fc,deg_score,nut_score
0,0.0,0.0,-0.0,1.0,149.0,1884.0,148.99851001489984,0.12382836524322427,0.14261703703463202
1,0.0,1.0,-0.0,1.0,307.0,6934.0,306.9969300306997,0.24978533830036886,0.3132871282215671
2,0.0,2.0,-0.0,1.0,170.0,2731.0,169.99830001699982,0.1685266029283542,0.19977325312616723
