,round,tube,sp_div_H,tot_pop_0,tot_final_pop,tot_auc,mean_fc,deg_score,nut_score
0,0.0,0.0,-0.0,11.0,457.0,67768.0,41.54541677689384,0.12121850991469418,0.4445536362471487
1,0.0,1.0,-0.0,11.0,747.0,91734.0,67.90902917360984,0.13472270475525705,0.7968062500468389
2,0.0,2.0,-0.0,11.0,511.0,68716.0,46.45450322317889,0.12019054858680689,0.4445696246471763
