,round,tube,sp,pop_0,final_pop,st_div_H,auc,fc
0,0.0,0.0,14.0,13.0,3.0,-0.0,570.0,0.23076905325457442
1,0.0,1.0,14.0,13.0,1.0,-0.0,577.0,0.07692301775152481
2,0.0,2.0,14.0,13.0,1.0,-0.0,354.0,0.07692301775152481
