,round,tube,nut,amount
0,0.0,0.0,0.0,2000.0
1,0.0,0.0,1.0,0.26444092700693067
2,0.0,0.0,2.0,0.2768539764782466
3,0.0,0.0,3.0,2000.0
4,0.0,1.0,0.0,2000.0
5,0.0,1.0,1.0,0.7975279814260055
6,0.0,1.0,2.0,0.0836116558998401
7,0.0,1.0,3.0,2000.0
8,0.0,2.0,0.0,2000.0
9,0.0,2.0,1.0,0.8106950920451628
10,0.0,2.0,2.0,0.3252243561742115
11,0.0,2.0,3.0,2000.0
