,round,tube,sp,pop_0,final_pop,st_div_H,auc,fc
0,0.0,0.0,1.0,14.0,544.0,0.9451697662651172,39790.0,38.85711510206064
1,0.0,1.0,1.0,14.0,520.0,0.8416915842950513,42572.0,37.14283061226385
2,0.0,2.0,1.0,14.0,532.0,0.6716817225728038,42606.0,37.99997285716225
