,round,tube,sp,pop_0,final_pop,st_div_H,auc,fc
0,0.0,0.0,4.0,32.0,497.0,0.6101289011660551,36163.0,15.53124514648589
1,0.0,1.0,4.0,32.0,526.0,0.833058941910792,36552.0,16.437494863282854
2,0.0,2.0,4.0,32.0,552.0,0.7720073851754049,36658.0,17.24999460937668
