,round,tube,sp_div_H,tot_pop_0,tot_final_pop,tot_auc,mean_fc,deg_score,nut_score
0,0.0,0.0,-0.0,2.0,130.0,16444.0,64.999675001625,0.09892680350750527,0.13397459296194658
1,0.0,1.0,-0.0,2.0,102.0,16206.0,50.999745001274995,0.09815270568037293,0.13397459615030594
2,0.0,2.0,-0.0,2.0,115.0,16820.0,57.49971250143749,0.09678178192303666,0.13397458334111567
