,round,tube,sp,pop_0,final_pop,st_div_H,auc,fc
0,0.0,0.0,0.0,3.0,282.0,0.6922415200669709,19706.0,93.9996866677111
1,0.0,1.0,0.0,3.0,319.0,0.6848647395704119,17974.0,106.33297889007036
2,0.0,2.0,0.0,3.0,329.0,0.641317327350994,18083.0,109.66630111232962
