,round,tube,nut,amount
0,0.0,0.0,0.0,2000.0
1,0.0,0.0,1.0,0.8495274914871993
2,0.0,0.0,2.0,0.24967306846839726
3,0.0,0.0,3.0,2000.0
4,0.0,1.0,0.0,2000.0
5,0.0,1.0,1.0,0.1175256879959461
6,0.0,1.0,2.0,0.45170267692993726
7,0.0,1.0,3.0,2000.0
8,0.0,2.0,0.0,2000.0
9,0.0,2.0,1.0,0.9981905578846804
10,0.0,2.0,2.0,0.40909578916263845
11,0.0,2.0,3.0,2000.0
