,round,tube,sp_div_H,tot_pop_0,tot_final_pop,tot_auc,mean_fc,deg_score,nut_score
0,0.0,0.0,-0.0,10.0,14.0,1064.0,1.3999986000014,0.12176624073252917,0.11455341102483818
1,0.0,1.0,-0.0,10.0,8.0,814.0,0.7999992000008,0.09697304907690463,0.08938821966058585
2,0.0,2.0,-0.0,10.0,17.0,835.0,1.6999983000017,0.09803376504754624,0.09082147121136819
