,round,tube,sp,pop_0,final_pop,st_div_H,auc,fc
0,0.0,0.0,11.0,38.0,612.0,0.6786379802996481,61670.0,16.105258919668703
1,0.0,1.0,11.0,38.0,572.0,0.6654502974510088,60475.0,15.052627617729573
2,0.0,2.0,11.0,38.0,590.0,0.6914858179123828,59036.0,15.526311703602182
