,round,tube,sp_div_H,tot_pop_0,tot_final_pop,tot_auc,mean_fc,deg_score,nut_score
0,0.0,0.0,-0.0,4.0,189.0,19592.0,47.249881875295316,0.11147671525491454,0.292893180778263
1,0.0,1.0,-0.0,4.0,153.0,19974.0,38.24990437523907,0.10836334778587131,0.292893179171848
2,0.0,2.0,-0.0,4.0,191.0,22367.0,47.74988062529844,0.11284588808726326,0.29289317448973606
