,round,tube,sp,pop_0,final_pop,st_div_H,auc,fc
0,0.0,0.0,12.0,9.0,17.0,-0.0,1085.0,1.8888867901257889
1,0.0,1.0,12.0,9.0,5.0,-0.0,471.0,0.5555549382722909
2,0.0,2.0,12.0,9.0,3.0,-0.0,686.0,0.3333329629633745
