,round,tube,sp_div_H,tot_pop_0,tot_final_pop,tot_auc,mean_fc,deg_score,nut_score
0,0.0,0.0,-0.0,10.0,2.0,213.0,0.1999998000002,0.026570178280243884,0.023727185864441558
1,0.0,1.0,0.0,10.0,0.0,209.0,0.0,0.026326401898499108,0.023443855152547988
2,0.0,2.0,0.0,10.0,0.0,253.0,0.0,0.031652636525094424,0.028313674101149267
