,round,tube,nut,amount
0,0.0,0.0,0.0,2000.0
1,0.0,0.0,1.0,2000.0
2,0.0,0.0,2.0,0.9289558199777828
3,0.0,0.0,3.0,0.2953247049186931
4,0.0,1.0,0.0,2000.0
5,0.0,1.0,1.0,2000.0
6,0.0,1.0,2.0,0.7577787221841863
7,0.0,1.0,3.0,0.1864271286742749
8,0.0,2.0,0.0,2000.0
9,0.0,2.0,1.0,2000.0
10,0.0,2.0,2.0,0.70849897598139
11,0.0,2.0,3.0,0.021701963887354125
