,round,tube,nut,amount
0,0.0,0.0,0.0,0.42417434066895177
1,0.0,0.0,1.0,1933.0793898677102
2,0.0,0.0,2.0,2000.0
3,0.0,0.0,3.0,0.22226920841713482
4,0.0,1.0,0.0,0.46553852193436174
5,0.0,1.0,1.0,1933.080774219432
6,0.0,1.0,2.0,2000.0
7,0.0,1.0,3.0,0.10542413049201066
8,0.0,2.0,0.0,0.8681914419975182
9,0.0,2.0,1.0,1933.0942499670161
10,0.0,2.0,2.0,2000.0
11,0.0,2.0,3.0,0.23864417850667963
