,round,tube,sp,st,final_pop
0,0,0,12,"(0.1431438549521808, 0.07182245535148613, 0.0, 0.0, 0.0, 0.0, 0.1009166917349168, 0.05107774537518032, 0.0, 0.051439753081296044)",139
1,0,1,12,"(0.1431438549521808, 0.07182245535148613, 0.0, 0.0, 0.0, 0.0, 0.1009166917349168, 0.05107774537518032, 0.0, 0.051439753081296044)",117
2,0,2,12,"(0.1431438549521808, 0.07182245535148613, 0.0, 0.0, 0.0, 0.0, 0.1009166917349168, 0.05107774537518032, 0.0, 0.051439753081296044)",151
