,round,tube,nut,amount
0,0.0,0.0,0.0,0.5959630357144223
1,0.0,0.0,1.0,0.08495379942424269
2,0.0,0.0,2.0,1677.4887266577437
3,0.0,0.0,3.0,1456.7977087999848
4,0.0,1.0,0.0,0.45804758509692123
5,0.0,1.0,1.0,0.21961038488442952
6,0.0,1.0,2.0,1677.4664803849705
7,0.0,1.0,3.0,1456.7602396404857
8,0.0,2.0,0.0,0.44262225933130406
9,0.0,2.0,1.0,0.37870157299677215
10,0.0,2.0,2.0,1677.4639922228134
11,0.0,2.0,3.0,1456.7560488555594
