,round,tube,sp_div_H,tot_pop_0,tot_final_pop,tot_auc,mean_fc,deg_score,nut_score
0,0.0,0.0,-0.0,27.0,434.0,47804.0,16.074068120715513,0.1616270356149775,0.2928931744332465
1,0.0,1.0,-0.0,27.0,440.0,47930.0,16.29629026063324,0.1603508397710116,0.2928931911337562
2,0.0,2.0,-0.0,27.0,417.0,45956.0,15.444438724281953,0.15946001978299562,0.2928931920836705
