,round,tube,sp,pop_0,final_pop,st_div_H,auc,fc
0,0.0,0.0,0.0,8.0,118.0,-0.0,6359.0,14.749981562523047
1,0.0,1.0,0.0,8.0,98.0,-0.0,6588.0,12.249984687519142
2,0.0,2.0,0.0,8.0,102.0,-0.0,8035.0,12.749984062519923
