,round,tube,sp,pop_0,final_pop,st_div_H,auc,fc
0,0.0,0.0,5.0,39.0,612.0,1.4144211518264322,58228.0,15.692303668640085
1,0.0,1.0,5.0,39.0,415.0,0.8361985045451658,49162.0,10.641022912558226
2,0.0,2.0,5.0,39.0,426.0,1.4879440554775816,48906.0,10.923074122288686
