,round,tube,nut,amount
0,0.0,0.0,0.0,0.249669086130402
1,0.0,0.0,1.0,0.5438119384390754
2,0.0,0.0,2.0,2000.0
3,0.0,0.0,3.0,0.31715730326950686
4,0.0,1.0,0.0,0.2517482743336336
5,0.0,1.0,1.0,0.5014589370442286
6,0.0,1.0,2.0,2000.0
7,0.0,1.0,3.0,0.30892481499874835
8,0.0,2.0,0.0,0.3177385082700962
9,0.0,2.0,1.0,0.8721240250234761
10,0.0,2.0,2.0,2000.0
11,0.0,2.0,3.0,0.31532262203069095
