,round,tube,sp,pop_0,final_pop,st_div_H,auc,fc
0,0.0,0.0,5.0,8.0,13.0,-0.0,848.0,1.624997968752539
1,0.0,1.0,5.0,8.0,12.0,-0.0,716.0,1.4999981250023438
2,0.0,2.0,5.0,8.0,25.0,-0.0,1260.0,3.124996093754883
