,round,tube,sp_div_H,tot_pop_0,tot_final_pop,tot_auc,mean_fc,deg_score,nut_score
0,0.0,0.0,-0.0,7.0,204.0,7623.0,29.14281551026356,0.329305533223636,0.29287934419506656
1,0.0,1.0,-0.0,7.0,123.0,2506.0,17.571403469423615,0.19603037937012813,0.1961557401814764
2,0.0,2.0,-0.0,7.0,201.0,5673.0,28.714244693936152,0.32325554457106354,0.2891143600470959
