,round,tube,sp,st,final_pop
0,0,0,1,"(0.0, 0.020831763870362313, 0.044588638878710875, 0.0, 0.02359104653242904, 0.0, 0.0, 0.0, 0.0, 0.02168617307986083)",17
1,0,0,1,"(0.0, 0.04020110878775217, 0.044588638878710875, 0.0, 0.03178021430551317, 0.0, 0.0, 0.0, 0.0, 0.02168617307986083)",24
2,0,0,1,"(0.0, 0.020831763870362313, 0.044588638878710875, 0.0, 0.04534124512712074, 0.0, 0.0, 0.0, 0.0, 0.02168617307986083)",363
3,0,1,1,"(0.0, 0.04020110878775217, 0.044588638878710875, 0.0, 0.03178021430551317, 0.0, 0.0, 0.0, 0.0, 0.02168617307986083)",45
4,0,1,1,"(0.0, 0.020831763870362313, 0.044588638878710875, 0.0, 0.04534124512712074, 0.0, 0.0, 0.0, 0.0, 0.02168617307986083)",344
5,0,1,1,"(0.0, 0.020831763870362313, 0.044588638878710875, 0.0, 0.02359104653242904, 0.0, 0.0, 0.0, 0.0, 0.02168617307986083)",26
6,0,2,1,"(0.0, 0.020831763870362313, 0.044588638878710875, 0.0, 0.04534124512712074, 0.0, 0.0, 0.0, 0.0, 0.02168617307986083)",322
7,0,2,1,"(0.0, 0.04020110878775217, 0.044588638878710875, 0.0, 0.03178021430551317, 0.0, 0.0, 0.0, 0.0, 0.02168617307986083)",83
8,0,2,1,"(0.0, 0.020831763870362313, 0.044588638878710875, 0.0, 0.02359104653242904, 0.0, 0.0, 0.0, 0.0, 0.02168617307986083)",15
