,round,tube,sp,st,final_pop
0,0,0,14,"(0.0, 0.018930614544276508, 0.0, 0.0, 0.0, 0.0, 0.1096916615896246, 0.05839021085959871, 0.046122302997569024, 0.0)",2
1,0,0,14,"(0.0, 0.017248724174617657, 0.0, 0.0, 0.0, 0.0, 0.1096916615896246, 0.07609886892949795, 0.046122302997569024, 0.0)",629
2,0,1,14,"(0.0, 0.018930614544276508, 0.0, 0.0, 0.0, 0.0, 0.1096916615896246, 0.05839021085959871, 0.046122302997569024, 0.0)",81
3,0,1,14,"(0.0, 0.017248724174617657, 0.0, 0.0, 0.0, 0.0, 0.1096916615896246, 0.07777288982368323, 0.046122302997569024, 0.0)",36
4,0,1,14,"(0.0, 0.017248724174617657, 0.0, 0.0, 0.0, 0.0, 0.1096916615896246, 0.07609886892949795, 0.046122302997569024, 0.0)",451
5,0,2,14,"(0.0, 0.017248724174617657, 0.0, 0.0, 0.0, 0.0, 0.1096916615896246, 0.07777288982368323, 0.046122302997569024, 0.0)",49
6,0,2,14,"(0.0, 0.017248724174617657, 0.0, 0.0, 0.0, 0.0, 0.1096916615896246, 0.07609886892949795, 0.046122302997569024, 0.0)",530
