,round,tube,nut,amount
0,0.0,0.0,0.0,926.776213829716
1,0.0,0.0,1.0,0.20363227383001714
2,0.0,0.0,2.0,14.038289225694884
3,0.0,0.0,3.0,2000.0
4,0.0,1.0,0.0,919.3636729656877
5,0.0,1.0,1.0,0.5523382207137351
6,0.0,1.0,2.0,0.32165106950668604
7,0.0,1.0,3.0,2000.0
8,0.0,2.0,0.0,919.4874123096582
9,0.0,2.0,1.0,0.29427823195524994
10,0.0,2.0,2.0,0.5506262398375771
11,0.0,2.0,3.0,2000.0
