,round,tube,sp,pop_0,final_pop,st_div_H,auc,fc
0,0.0,0.0,2.0,4.0,151.0,0.6091715188311925,5608.0,37.74990562523594
1,0.0,1.0,2.0,4.0,87.0,-0.0,5022.0,21.74994562513594
2,0.0,2.0,2.0,4.0,52.0,-0.0,777.0,12.999967500081251
