,round,tube,sp,pop_0,final_pop,st_div_H,auc,fc
0,0.0,0.0,10.0,4.0,243.0,-0.0,15096.0,60.74984812537969
1,0.0,1.0,10.0,4.0,232.0,-0.0,13975.0,57.9998550003625
2,0.0,2.0,10.0,4.0,278.0,-0.0,10989.0,69.49982625043438
