,round,tube,nut,amount
0,0.0,0.0,0.0,2000.0
1,0.0,0.0,1.0,2000.0
2,0.0,0.0,2.0,0.8287863121908865
3,0.0,0.0,3.0,0.947285372507943
4,0.0,1.0,0.0,2000.0
5,0.0,1.0,1.0,2000.0
6,0.0,1.0,2.0,0.1870162380850573
7,0.0,1.0,3.0,0.8837103768199992
8,0.0,2.0,0.0,2000.0
9,0.0,2.0,1.0,2000.0
10,0.0,2.0,2.0,0.776736225633655
11,0.0,2.0,3.0,233.42324289605648
