,round,tube,sp_div_H,tot_pop_0,tot_final_pop,tot_auc,mean_fc,deg_score,nut_score
0,0.0,0.0,-0.0,2.0,931.0,88801.0,465.4976725116374,0.10961577921180354,0.29289317488377387
1,0.0,1.0,-0.0,2.0,1058.0,83958.0,528.9973550132249,0.1094246014664162,0.29289321110936295
2,0.0,2.0,-0.0,2.0,953.0,88451.0,476.49761751191244,0.10928983103058598,0.29289317610053656
