,round,tube,sp_div_H,tot_pop_0,tot_final_pop,tot_auc,mean_fc,deg_score,nut_score
0,0.0,0.0,-0.0,8.0,118.0,7901.0,14.749981562523047,0.14035146549244648,0.1339745671835767
1,0.0,1.0,-0.0,8.0,137.0,7739.0,17.12497859377676,0.13589270236472328,0.133974591918115
2,0.0,2.0,-0.0,8.0,148.0,9088.0,18.499976875028906,0.1356560221743296,0.13397459470409845
