,round,tube,sp_div_H,tot_pop_0,tot_final_pop,tot_auc,mean_fc,deg_score,nut_score
0,0.0,0.0,-0.0,40.0,930.0,96079.0,23.24999418750145,0.16195263838689444,0.4923737276988015
1,0.0,1.0,-0.0,40.0,857.0,92030.0,21.424994643751337,0.16091999878120677,0.4923742751102276
2,0.0,2.0,-0.0,40.0,853.0,92379.0,21.32499466875133,0.16098368071795333,0.49236751156462233
