,round,tube,nut,amount
0,0.0,0.0,0.0,0.3295767877486022
1,0.0,0.0,1.0,2000.0
2,0.0,0.0,2.0,1333.0447203705312
3,0.0,0.0,3.0,0.6849588225870349
4,0.0,1.0,0.0,0.06159136058839465
5,0.0,1.0,1.0,2000.0
6,0.0,1.0,2.0,0.9045949676620608
7,0.0,1.0,3.0,0.4170210218773036
8,0.0,2.0,0.0,0.36732602465540865
9,0.0,2.0,1.0,2000.0
10,0.0,2.0,2.0,1333.0573109717404
11,0.0,2.0,3.0,0.7227013506890962
