,round,tube,nut,amount
0,0.0,0.0,0.0,0.1327626809237823
1,0.0,0.0,1.0,0.7765817862208756
2,0.0,0.0,2.0,0.22985962358960066
3,0.0,0.0,3.0,0.2524536662791719
4,0.0,1.0,0.0,1259.3691425577506
5,0.0,1.0,1.0,1597.0601964895143
6,0.0,1.0,2.0,0.6263034843457875
7,0.0,1.0,3.0,0.2851013265299591
8,0.0,2.0,0.0,0.5223145622714589
9,0.0,2.0,1.0,912.1852842099493
10,0.0,2.0,2.0,0.32530587137501854
11,0.0,2.0,3.0,0.2075236683583359
