,round,tube,sp,pop_0,final_pop,st_div_H,auc,fc
0,0.0,0.0,8.0,15.0,213.0,0.4617187108054297,15814.0,14.199990533339644
1,0.0,1.0,8.0,15.0,288.0,0.44492923620670766,13626.0,19.199987200008533
2,0.0,2.0,8.0,15.0,256.0,0.3612835722709638,15742.0,17.066655288896474
