,round,tube,sp_div_H,tot_pop_0,tot_final_pop,tot_auc,mean_fc,deg_score,nut_score
0,0.0,0.0,-0.0,4.0,122.0,7683.0,30.49992375019063,0.1959977982467901,0.29264827981123953
1,0.0,1.0,-0.0,4.0,175.0,6046.0,43.749890625273444,0.1866856757960913,0.26801988246055664
2,0.0,2.0,-0.0,4.0,159.0,6796.0,39.74990062524844,0.19116476409950356,0.2842180726050205
