,round,tube,sp_div_H,tot_pop_0,tot_final_pop,tot_auc,mean_fc,deg_score,nut_score
0,0.0,0.0,-0.0,13.0,120.0,15342.0,9.230762130182978,0.105630960925846,0.13397456851519474
1,0.0,1.0,-0.0,13.0,161.0,18961.0,12.384605857995494,0.10916260278511447,0.13397459589999916
2,0.0,2.0,-0.0,13.0,140.0,17869.0,10.769222485213474,0.10691385222123673,0.133974570352154
