,round,tube,nut,amount
0,0.0,0.0,0.0,0.43961201362582614
1,0.0,0.0,1.0,2000.0
2,0.0,0.0,2.0,0.3614044157458949
3,0.0,0.0,3.0,811.7867494843606
4,0.0,1.0,0.0,0.14021079085168253
5,0.0,1.0,1.0,2000.0
6,0.0,1.0,2.0,0.48851866547183387
7,0.0,1.0,3.0,0.41900467340286485
8,0.0,2.0,0.0,0.5962417316252218
9,0.0,2.0,1.0,2000.0
10,0.0,2.0,2.0,0.2639209730283767
11,0.0,2.0,3.0,811.8798246960263
