,round,tube,sp_div_H,tot_pop_0,tot_final_pop,tot_auc,mean_fc,deg_score,nut_score
0,0.0,0.0,-0.0,8.0,8.0,612.0,0.9999987500015626,0.07227128266929173,0.06715517557858208
1,0.0,1.0,-0.0,8.0,18.0,794.0,2.249997187503516,0.09106611211388893,0.0851425647213353
2,0.0,2.0,-0.0,8.0,15.0,781.0,1.8749976562529298,0.09003064030107422,0.08413182323052537
