,round,tube,sp,pop_0,final_pop,st_div_H,auc,fc
0,0.0,0.0,13.0,8.0,117.0,1.341546412213492,11998.0,14.624981718772853
1,0.0,1.0,13.0,8.0,111.0,1.3635948937194224,12562.0,13.87498265627168
2,0.0,2.0,13.0,8.0,102.0,1.2338500271309674,11980.0,12.749984062519923
