,round,tube,sp,pop_0,final_pop,st_div_H,auc,fc
0,0.0,0.0,7.0,6.0,105.0,0.21903252178902116,7396.0,17.499970833381944
1,0.0,1.0,7.0,6.0,129.0,0.5329240503429366,8171.0,21.49996416672639
2,0.0,2.0,7.0,6.0,134.0,0.6860016081176223,8454.0,22.333296111173148
