,round,tube,nut,amount
0,0.0,0.0,0.0,0.20697895155431367
1,0.0,0.0,1.0,2000.0
2,0.0,0.0,2.0,0.14498614474158544
3,0.0,0.0,3.0,0.23990339198134952
4,0.0,1.0,0.0,0.06975339787122858
5,0.0,1.0,1.0,2000.0
6,0.0,1.0,2.0,0.8336203364575532
7,0.0,1.0,3.0,0.3757151610457582
8,0.0,2.0,0.0,0.5038581928720003
9,0.0,2.0,1.0,2000.0
10,0.0,2.0,2.0,207.2695738107064
11,0.0,2.0,3.0,0.16748929127202122
