,round,tube,nut,amount
0,0.0,0.0,0.0,0.6701452788409209
1,0.0,0.0,1.0,2000.0
2,0.0,0.0,2.0,0.8572018822120099
3,0.0,0.0,3.0,2000.0
4,0.0,1.0,0.0,0.14630200612498534
5,0.0,1.0,1.0,2000.0
6,0.0,1.0,2.0,257.21218547375787
7,0.0,1.0,3.0,2000.0
8,0.0,2.0,0.0,0.3789869710566993
9,0.0,2.0,1.0,2000.0
10,0.0,2.0,2.0,0.8704583259495119
11,0.0,2.0,3.0,2000.0
