,round,tube,sp_div_H,tot_pop_0,tot_final_pop,tot_auc,mean_fc,deg_score,nut_score
0,0.0,0.0,-0.0,9.0,81.0,8381.0,8.999990000011111,0.17934681180933676,0.1339745827615828
1,0.0,1.0,-0.0,9.0,87.0,8640.0,9.66665592593786,0.1787473440920847,0.13397457955278513
2,0.0,2.0,-0.0,9.0,81.0,8278.0,8.999990000011111,0.18172777073730095,0.1339745888379743
