,round,tube,sp,pop_0,final_pop,st_div_H,auc,fc
0,0.0,0.0,8.0,10.0,909.0,0.07494250707897757,98551.0,90.89990910009091
1,0.0,1.0,8.0,10.0,815.0,0.1809828537099021,95808.0,81.4999185000815
2,0.0,2.0,8.0,10.0,865.0,0.35572094371266855,96551.0,86.4999135000865
