,round,tube,sp,pop_0,final_pop,st_div_H,auc,fc
0,0.0,0.0,1.0,29.0,542.0,1.093159050680011,43672.0,18.689648727707336
1,0.0,1.0,1.0,29.0,510.0,1.2541127661306992,44807.0,17.58620083234454
2,0.0,2.0,1.0,29.0,518.0,1.0291609777564146,41052.0,17.86206280618524
