,round,tube,sp_div_H,tot_pop_0,tot_final_pop,tot_auc,mean_fc,deg_score,nut_score
0,0.0,0.0,-0.0,4.0,173.0,11079.0,43.249891875270315,0.12213703648787833,0.13397458248741412
1,0.0,1.0,-0.0,4.0,158.0,10337.0,39.49990125024688,0.11791922459511306,0.13397458316129074
2,0.0,2.0,-0.0,4.0,155.0,7272.0,38.74990312524219,0.1207698505101964,0.133974562163944
