,round,tube,nut,amount
0,0.0,0.0,0.0,13.850480791476613
1,0.0,0.0,1.0,2000.0
2,0.0,0.0,2.0,2000.0
3,0.0,0.0,3.0,0.3262922053101569
4,0.0,1.0,0.0,40.6789161997409
5,0.0,1.0,1.0,2000.0
6,0.0,1.0,2.0,2000.0
7,0.0,1.0,3.0,0.14166137671049778
8,0.0,2.0,0.0,18.55738716780614
9,0.0,2.0,1.0,2000.0
10,0.0,2.0,2.0,2000.0
11,0.0,2.0,3.0,0.1539229599859357
