,round,tube,sp,pop_0,final_pop,st_div_H,auc,fc
0,0.0,0.0,13.0,7.0,102.0,-0.0,13060.0,14.57140775513178
1,0.0,1.0,13.0,7.0,103.0,-0.0,11368.0,14.71426469390758
2,0.0,2.0,13.0,7.0,95.0,-0.0,12850.0,13.571409183701167
