,round,tube,sp_div_H,tot_pop_0,tot_final_pop,tot_auc,mean_fc,deg_score,nut_score
0,0.0,0.0,-0.0,33.0,609.0,62740.0,18.454539862260646,0.21320705800589457,0.29289319143800174
1,0.0,1.0,-0.0,33.0,607.0,61557.0,18.393933820020052,0.21277763725742838,0.2928932048160261
2,0.0,2.0,-0.0,33.0,579.0,59499.0,17.545449228651748,0.21196369426037265,0.292893206408848
