,round,tube,sp,pop_0,final_pop,st_div_H,auc,fc
0,0.0,0.0,8.0,26.0,802.0,1.642737198484717,91492.0,30.846141982253084
1,0.0,1.0,8.0,26.0,753.0,1.5800191441584452,88268.0,28.96152732248949
2,0.0,2.0,8.0,26.0,751.0,1.4449940402909878,92152.0,28.884604275152203
