,round,tube,sp_div_H,tot_pop_0,tot_final_pop,tot_auc,mean_fc,deg_score,nut_score
0,0.0,0.0,-0.0,7.0,98.0,12891.0,13.999980000028572,0.15514304461873663,0.13397459610577578
1,0.0,1.0,-0.0,7.0,90.0,12049.0,12.857124489822159,0.15363063906131813,0.13397457440832505
2,0.0,2.0,-0.0,7.0,105.0,11845.0,14.999978571459184,0.15251048637217912,0.13397459610568974
