,round,tube,sp,pop_0,final_pop,st_div_H,auc,fc
0,0.0,0.0,9.0,7.0,260.0,-0.0,9589.0,37.142804081708455
1,0.0,1.0,9.0,7.0,239.0,-0.0,8434.0,34.14280836741662
2,0.0,2.0,9.0,7.0,219.0,-0.0,7155.0,31.285669591900586
