,round,tube,sp,pop_0,final_pop,st_div_H,auc,fc
0,0.0,0.0,4.0,11.0,447.0,-0.0,56736.0,40.63632669424846
1,0.0,1.0,4.0,11.0,479.0,-0.0,58325.0,43.54541495871368
2,0.0,2.0,4.0,11.0,454.0,-0.0,58760.0,41.27268975210023
