,round,tube,sp_div_H,tot_pop_0,tot_final_pop,tot_auc,mean_fc,deg_score,nut_score
0,0.0,0.0,-0.0,11.0,84.0,5797.0,7.636356694221187,0.17393251762994932,0.2918628546752263
1,0.0,1.0,-0.0,11.0,96.0,5683.0,8.727264793395642,0.1743571739258346,0.29250361365328403
2,0.0,2.0,-0.0,11.0,86.0,4448.0,7.818174710750263,0.17036986253116504,0.2543401823734309
