,round,tube,sp_div_H,tot_pop_0,tot_final_pop,tot_auc,mean_fc,deg_score,nut_score
0,0.0,0.0,-0.0,12.0,126.0,9979.0,10.499991250007293,0.13852868402154817,0.13397458112461724
1,0.0,1.0,-0.0,12.0,136.0,10457.0,11.333323888896759,0.13959851129123602,0.13397459615556084
2,0.0,2.0,-0.0,12.0,117.0,9686.0,9.74999187500677,0.13654250470523865,0.13397459360626895
