,round,tube,sp,pop_0,final_pop,st_div_H,auc,fc
0,0.0,0.0,13.0,9.0,103.0,0.6722164968930116,11643.0,11.44443172840919
1,0.0,1.0,13.0,9.0,68.0,0.44258461300917384,9081.0,7.5555471605031554
2,0.0,2.0,13.0,9.0,91.0,0.6080450810538184,9587.0,10.111099876555693
