,round,tube,sp,pop_0,final_pop,st_div_H,auc,fc
0,0.0,0.0,3.0,14.0,18.0,0.6869615765973234,1354.0,1.285713367347595
1,0.0,1.0,3.0,14.0,24.0,0.6036372515003262,1756.0,1.714284489796793
2,0.0,2.0,3.0,14.0,17.0,0.6914160776171183,1317.0,1.214284846939395
