,round,tube,sp_div_H,tot_pop_0,tot_final_pop,tot_auc,mean_fc,deg_score,nut_score
0,0.0,0.0,-0.0,12.0,32.0,19815.0,2.6666644444462966,0.07015192434284823,0.13397459171147075
1,0.0,1.0,-0.0,12.0,33.0,20348.0,2.749997708335243,0.06836664726897013,0.13397456704096566
2,0.0,2.0,-0.0,12.0,32.0,19671.0,2.6666644444462966,0.07164552731439866,0.1339745670807857
