,round,tube,sp,pop_0,final_pop,st_div_H,auc,fc
0,0.0,0.0,1.0,10.0,12.0,-0.0,777.0,1.1999988000012
1,0.0,1.0,1.0,10.0,14.0,-0.0,905.0,1.3999986000014
2,0.0,2.0,1.0,10.0,33.0,-0.0,1535.0,3.2999967000033
