,round,tube,sp_div_H,tot_pop_0,tot_final_pop,tot_auc,mean_fc,deg_score,nut_score
0,0.0,0.0,-0.0,10.0,19.0,990.0,1.8999981000019002,0.09975840743808573,0.09881395942126558
1,0.0,1.0,-0.0,10.0,18.0,1033.0,1.7999982000018,0.10399326271989029,0.09998458785457875
2,0.0,2.0,-0.0,10.0,24.0,1247.0,2.3999976000024,0.12363120340032618,0.12035648562896306
