,round,tube,sp,pop_0,final_pop,st_div_H,auc,fc
0,0.0,0.0,3.0,13.0,13.0,-0.0,1084.0,0.9999992307698226
1,0.0,1.0,3.0,13.0,17.0,-0.0,1280.0,1.3076913017759217
2,0.0,2.0,3.0,13.0,9.0,-0.0,865.0,0.6923071597637233
