,round,tube,nut,amount
0,0.0,0.0,0.0,2000.0
1,0.0,0.0,1.0,0.04422309801203106
2,0.0,0.0,2.0,2000.0
3,0.0,0.0,3.0,0.25357150151516095
4,0.0,1.0,0.0,2000.0
5,0.0,1.0,1.0,0.9332136153046993
6,0.0,1.0,2.0,2000.0
7,0.0,1.0,3.0,0.33410297102025766
8,0.0,2.0,0.0,2000.0
9,0.0,2.0,1.0,0.058908832351113105
10,0.0,2.0,2.0,2000.0
11,0.0,2.0,3.0,0.4183208838570138
