,round,tube,sp,pop_0,final_pop,st_div_H,auc,fc
0,0.0,0.0,10.0,9.0,2.0,-0.0,398.0,0.22222197530891633
1,0.0,1.0,10.0,9.0,12.0,-0.0,743.0,1.333331851853498
2,0.0,2.0,10.0,9.0,1.0,-0.0,367.0,0.11111098765445816
