,round,tube,sp,pop_0,final_pop,st_div_H,auc,fc
0,0.0,0.0,6.0,4.0,166.0,-0.0,20051.0,41.499896250259376
1,0.0,1.0,6.0,4.0,190.0,-0.0,19662.0,47.49988125029688
2,0.0,2.0,6.0,4.0,192.0,-0.0,20591.0,47.9998800003
