,round,tube,nut,amount
0,0.0,0.0,0.0,0.039978481929608733
1,0.0,0.0,1.0,2000.0
2,0.0,0.0,2.0,0.11557636590961806
3,0.0,0.0,3.0,0.18239519104686175
4,0.0,1.0,0.0,0.534896056395155
5,0.0,1.0,1.0,2000.0
6,0.0,1.0,2.0,0.12640182763545482
7,0.0,1.0,3.0,811.8433708111618
8,0.0,2.0,0.0,0.3929778994085389
9,0.0,2.0,1.0,2000.0
10,0.0,2.0,2.0,0.1452448583950492
11,0.0,2.0,3.0,811.759037756938
