,round,tube,sp_div_H,tot_pop_0,tot_final_pop,tot_auc,mean_fc,deg_score,nut_score
0,0.0,0.0,-0.0,42.0,1166.0,125663.0,27.76189815192901,0.25912931053518184,0.4999999584011733
1,0.0,1.0,-0.0,42.0,1161.0,119298.0,27.642850561226055,0.25610832794270266,0.49732549352761446
2,0.0,2.0,-0.0,42.0,1130.0,122868.0,26.904755498867736,0.2588121755962344,0.49999993411224486
