,round,tube,nut,amount
0,0.0,0.0,0.0,0.2096216806905744
1,0.0,0.0,1.0,2000.0
2,0.0,0.0,2.0,0.3891667298228114
3,0.0,0.0,3.0,0.5584167100171804
4,0.0,1.0,0.0,0.21200246634951014
5,0.0,1.0,1.0,2000.0
6,0.0,1.0,2.0,0.4484038413000988
7,0.0,1.0,3.0,0.9767730358056574
8,0.0,2.0,0.0,0.237746142961754
9,0.0,2.0,1.0,2000.0
10,0.0,2.0,2.0,0.20252841616711947
11,0.0,2.0,3.0,0.9839006549232456
