,round,tube,sp,st,final_pop
0,0,0,4,"(0.03136505589717127, 0.0, 0.0, 0.03489453547797517, 0.0, 0.0007443166727574958, 0.00968281340040363, 0.0171698243634653, 0.005662088617961285, 0.017363411526092432)",16
1,0,0,4,"(0.03136505589717127, 0.0, 0.0, 0.03248678328236583, 0.0, 0.0014291004804860002, 0.01586352477703272, 0.027620616827367193, 0.005662088617961285, 0.022790005137129168)",87
2,0,0,4,"(0.03136505589717127, 0.0, 0.0, 0.03489453547797517, 0.0, 0.0007443166727574958, 0.00968281340040363, 0.027620616827367193, 0.005662088617961285, 0.017363411526092432)",372
3,0,1,4,"(0.03136505589717127, 0.0, 0.0, 0.03489453547797517, 0.0, 0.0007443166727574958, 0.00968281340040363, 0.0171698243634653, 0.005662088617961285, 0.017363411526092432)",5
4,0,1,4,"(0.03136505589717127, 0.0, 0.0, 0.03489453547797517, 0.0, 0.0007443166727574958, 0.00968281340040363, 0.027620616827367193, 0.005662088617961285, 0.017363411526092432)",350
5,0,1,4,"(0.03136505589717127, 0.0, 0.0, 0.03248678328236583, 0.0, 0.0014291004804860002, 0.01586352477703272, 0.027620616827367193, 0.005662088617961285, 0.022790005137129168)",2
6,0,2,4,"(0.03136505589717127, 0.0, 0.0, 0.03489453547797517, 0.0, 0.0007443166727574958, 0.00968281340040363, 0.027620616827367193, 0.005662088617961285, 0.017363411526092432)",350
7,0,2,4,"(0.03136505589717127, 0.0, 0.0, 0.03489453547797517, 0.0, 0.0007443166727574958, 0.00968281340040363, 0.0171698243634653, 0.005662088617961285, 0.017363411526092432)",32
8,0,2,4,"(0.03136505589717127, 0.0, 0.0, 0.03248678328236583, 0.0, 0.0014291004804860002, 0.01586352477703272, 0.027620616827367193, 0.005662088617961285, 0.022790005137129168)",20
