,round,tube,sp_div_H,tot_pop_0,tot_final_pop,tot_auc,mean_fc,deg_score,nut_score
0,0.0,0.0,-0.0,13.0,390.0,42210.0,29.999976923094675,0.049452940065633055,0.13397459616326757
1,0.0,1.0,-0.0,13.0,373.0,41988.0,28.692285621318753,0.04915239509044711,0.13397458331644074
2,0.0,2.0,-0.0,13.0,417.0,44416.0,32.076898402385844,0.0506939215942428,0.13397456980139066
