,round,tube,nut,amount
0,0.0,0.0,0.0,0.9118622740916424
1,0.0,0.0,1.0,2000.0
2,0.0,0.0,2.0,0.9266235542480771
3,0.0,0.0,3.0,2000.0
4,0.0,1.0,0.0,0.1691567077345283
5,0.0,1.0,1.0,2000.0
6,0.0,1.0,2.0,0.8841543119762271
7,0.0,1.0,3.0,2000.0
8,0.0,2.0,0.0,0.4647684164357093
9,0.0,2.0,1.0,2000.0
10,0.0,2.0,2.0,0.820657180630196
11,0.0,2.0,3.0,2000.0
