,round,tube,sp_div_H,tot_pop_0,tot_final_pop,tot_auc,mean_fc,deg_score,nut_score
0,0.0,0.0,-0.0,9.0,118.0,9431.0,13.111096543226063,0.1915610808512489,0.13397456700330013
1,0.0,1.0,-0.0,9.0,96.0,5244.0,10.666654814827984,0.19497127388749436,0.13397457408708668
2,0.0,2.0,-0.0,9.0,106.0,7634.0,11.777764691372566,0.19027187221101693,0.13397456707303346
