,round,tube,sp,st,final_pop
0,0,0,4,"(0.4458487278594829, 0.0, 0.0, 0.0393058238676604, 0.0, 0.0, 0.0, 0.0, 0.0, 0.19564515366205473)",28
1,0,0,4,"(0.44052786659280646, 0.0, 0.0, 0.03219907290136074, 0.0, 0.0, 0.0, 0.0, 0.0, 0.19564515366205473)",366
2,0,1,4,"(0.44052786659280646, 0.0, 0.0, 0.03219907290136074, 0.0, 0.0, 0.0, 0.0, 0.0, 0.19564515366205473)",346
3,0,1,4,"(0.4458487278594829, 0.0, 0.0, 0.0393058238676604, 0.0, 0.0, 0.0, 0.0, 0.0, 0.19564515366205473)",40
4,0,2,4,"(0.44052786659280646, 0.0, 0.0, 0.03219907290136074, 0.0, 0.0, 0.0, 0.0, 0.0, 0.19564515366205473)",427
5,0,2,4,"(0.4458487278594829, 0.0, 0.0, 0.0393058238676604, 0.0, 0.0, 0.0, 0.0, 0.0, 0.19564515366205473)",33
