,round,tube,sp,st,final_pop
0,0,0,10,"(0.009815679088368565, 0.10737727367446145, 0.0, 0.0, 0.0, 0.0, 0.0, 0.0, 0.0, 0.0)",2
1,0,0,10,"(0.010930127561874522, 0.10737727367446145, 0.0, 0.0, 0.0, 0.0, 0.0, 0.0, 0.0, 0.0)",237
2,0,1,10,"(0.010930127561874522, 0.10737727367446145, 0.0, 0.0, 0.0, 0.0, 0.0, 0.0, 0.0, 0.0)",233
3,0,2,10,"(0.009815679088368565, 0.10737727367446145, 0.0, 0.0, 0.0, 0.0, 0.0, 0.0, 0.0, 0.0)",23
4,0,2,10,"(0.010930127561874522, 0.10737727367446145, 0.0, 0.0, 0.0, 0.0, 0.0, 0.0, 0.0, 0.0)",211
