,round,tube,sp_div_H,tot_pop_0,tot_final_pop,tot_auc,mean_fc,deg_score,nut_score
0,0.0,0.0,-0.0,9.0,143.0,4769.0,15.888871234587517,0.23178048475375423,0.2591449283376671
1,0.0,1.0,-0.0,9.0,25.0,929.0,2.7777746913614543,0.08817970335703029,0.09285954286715203
2,0.0,2.0,-0.0,9.0,156.0,4109.0,17.333314074095473,0.22032840548588672,0.25119510305098014
