,round,tube,sp,pop_0,final_pop,st_div_H,auc,fc
0,0.0,0.0,1.0,8.0,539.0,-0.0,28139.0,67.37491578135527
1,0.0,1.0,1.0,8.0,467.0,-0.0,29902.0,58.374927031341215
2,0.0,2.0,1.0,8.0,492.0,-0.0,29038.0,61.499923125096096
