,round,tube,sp_div_H,tot_pop_0,tot_final_pop,tot_auc,mean_fc,deg_score,nut_score
0,0.0,0.0,-0.0,18.0,519.0,65019.0,28.833317314823713,0.13172311981191054,0.2928931912693338
1,0.0,1.0,-0.0,18.0,568.0,67405.0,31.555538024701097,0.1289514609049911,0.2928931836554841
2,0.0,2.0,-0.0,18.0,527.0,66232.0,29.277761512354715,0.13465320128236324,0.2928931902194669
