,round,tube,sp_div_H,tot_pop_0,tot_final_pop,tot_auc,mean_fc,deg_score,nut_score
0,0.0,0.0,-0.0,5.0,163.0,7093.0,32.599934800130406,0.17464305516244394,0.13397456588085888
1,0.0,1.0,-0.0,5.0,148.0,7055.0,29.599940800118404,0.17355881404474738,0.13397456951361197
2,0.0,2.0,-0.0,5.0,147.0,8261.0,29.399941200117603,0.1758908170181087,0.1339745613499166
