,round,tube,nut,amount
0,0.0,0.0,0.0,0.10926148349376041
1,0.0,0.0,1.0,2000.0
2,0.0,0.0,2.0,0.526439349540152
3,0.0,0.0,3.0,2000.0
4,0.0,1.0,0.0,0.17924833462566758
5,0.0,1.0,1.0,2000.0
6,0.0,1.0,2.0,0.8951112415715835
7,0.0,1.0,3.0,2000.0
8,0.0,2.0,0.0,0.15876749618333014
9,0.0,2.0,1.0,2000.0
10,0.0,2.0,2.0,0.862763395676191
11,0.0,2.0,3.0,2000.0
