,round,tube,nut,amount
0,0.0,0.0,0.0,2000.0
1,0.0,0.0,1.0,1833.5808408904556
2,0.0,0.0,2.0,1695.7535330146748
3,0.0,0.0,3.0,2000.0
4,0.0,1.0,0.0,2000.0
5,0.0,1.0,1.0,1759.1085964477481
6,0.0,1.0,2.0,1559.6038409876369
7,0.0,1.0,3.0,2000.0
8,0.0,2.0,0.0,2000.0
9,0.0,2.0,1.0,1701.7229414010985
10,0.0,2.0,2.0,1454.6917449465207
11,0.0,2.0,3.0,2000.0
