,round,tube,sp,pop_0,final_pop,st_div_H,auc,fc
0,0.0,0.0,11.0,24.0,560.0,1.8913482435398565,57715.0,23.333323611115162
1,0.0,1.0,11.0,24.0,568.0,1.6776977793699164,58383.0,23.666656805559665
2,0.0,2.0,11.0,24.0,621.0,1.8719610449986384,60338.0,25.874989218754493
