,round,tube,sp_div_H,tot_pop_0,tot_final_pop,tot_auc,mean_fc,deg_score,nut_score
0,0.0,0.0,-0.0,9.0,484.0,65422.0,53.77771802475775,0.14367068463205968,0.4603860280532768
1,0.0,1.0,-0.0,9.0,465.0,61603.0,51.666609259323046,0.1470098418411051,0.46037709325172316
2,0.0,2.0,-0.0,9.0,476.0,61048.0,52.888830123522084,0.15197869150433063,0.4999999383750231
