,round,tube,sp,pop_0,final_pop,st_div_H,auc,fc
0,0.0,0.0,14.0,1.0,393.0,-0.0,5718.0,392.9960700392996
1,0.0,1.0,14.0,1.0,677.0,-0.0,17984.0,676.9932300676993
2,0.0,2.0,14.0,1.0,594.0,-0.0,11486.0,593.9940600593993
