,round,tube,sp,pop_0,final_pop,st_div_H,auc,fc
0,0.0,0.0,1.0,39.0,835.0,1.1516044290355296,79042.0,21.41025092044848
1,0.0,1.0,1.0,39.0,857.0,0.935360357060891,79008.0,21.9743533399094
2,0.0,2.0,1.0,39.0,824.0,1.0666350386529908,76924.0,21.12819971071802
