,round,tube,sp_div_H,tot_pop_0,tot_final_pop,tot_auc,mean_fc,deg_score,nut_score
0,0.0,0.0,-0.0,7.0,528.0,22642.0,75.42846367362333,0.1482984215666835,0.29216246609415286
1,0.0,1.0,-0.0,7.0,521.0,23899.0,74.42846510219272,0.14745342749891344,0.29267906006427913
2,0.0,2.0,-0.0,7.0,555.0,26964.0,79.28560102056997,0.14802355778598042,0.2927367265341708
