,round,tube,sp,st,final_pop
0,0,0,4,"(0.6150534142155257, 0.0, 0.0, 0.05305371719279086, 0.0, 0.0, 0.0, 0.0, 0.0, 0.1309426474320843)",14
1,0,0,4,"(0.46269762916105595, 0.0, 0.0, 0.027184235458349, 0.0, 0.0, 0.0, 0.0, 0.0, 0.1309426474320843)",182
2,0,0,4,"(0.31723892766780215, 0.0, 0.0, 0.04196957297833462, 0.0, 0.0, 0.0, 0.0, 0.0, 0.1309426474320843)",332
3,0,1,4,"(0.31723892766780215, 0.0, 0.0, 0.04196957297833462, 0.0, 0.0, 0.0, 0.0, 0.0, 0.1309426474320843)",342
4,0,1,4,"(0.6150534142155257, 0.0, 0.0, 0.05305371719279086, 0.0, 0.0, 0.0, 0.0, 0.0, 0.1309426474320843)",10
5,0,1,4,"(0.46269762916105595, 0.0, 0.0, 0.027184235458349, 0.0, 0.0, 0.0, 0.0, 0.0, 0.1309426474320843)",169
6,0,2,4,"(0.6150534142155257, 0.0, 0.0, 0.05305371719279086, 0.0, 0.0, 0.0, 0.0, 0.0, 0.1309426474320843)",3
7,0,2,4,"(0.31723892766780215, 0.0, 0.0, 0.04196957297833462, 0.0, 0.0, 0.0, 0.0, 0.0, 0.1309426474320843)",357
8,0,2,4,"(0.46269762916105595, 0.0, 0.0, 0.027184235458349, 0.0, 0.0, 0.0, 0.0, 0.0, 0.1309426474320843)",195
