,round,tube,sp,st,final_pop
0,0,0,1,"(0.0, 0.0, 0.10922905711608999, 0.0, 0.0, 0.07577624578880941, 0.0, 0.0, 0.0, 0.09965925051150999)",437
1,0,0,1,"(0.0, 0.0, 0.10922905711608999, 0.0, 0.0, 0.05745580175954384, 0.0, 0.0, 0.0, 0.09965925051150999)",63
2,0,1,1,"(0.0, 0.0, 0.10922905711608999, 0.0, 0.0, 0.07577624578880941, 0.0, 0.0, 0.0, 0.09965925051150999)",517
3,0,1,1,"(0.0, 0.0, 0.10922905711608999, 0.0, 0.0, 0.05745580175954384, 0.0, 0.0, 0.0, 0.09965925051150999)",49
4,0,2,1,"(0.0, 0.0, 0.10922905711608999, 0.0, 0.0, 0.07577624578880941, 0.0, 0.0, 0.0, 0.09965925051150999)",460
5,0,2,1,"(0.0, 0.0, 0.10922905711608999, 0.0, 0.0, 0.05745580175954384, 0.0, 0.0, 0.0, 0.09965925051150999)",49
