,round,tube,sp_div_H,tot_pop_0,tot_final_pop,tot_auc,mean_fc,deg_score,nut_score
0,0.0,0.0,-0.0,9.0,270.0,21901.0,29.999966666703706,0.19614736664594146,0.2928931885265301
1,0.0,1.0,-0.0,9.0,273.0,19874.0,30.333299629667078,0.1962555045018134,0.29289320249235595
2,0.0,2.0,-0.0,9.0,276.0,21650.0,30.666632592630453,0.19198545735708472,0.2928932076898372
