,round,tube,sp_div_H,tot_pop_0,tot_final_pop,tot_auc,mean_fc,deg_score,nut_score
0,0.0,0.0,-0.0,11.0,67.0,8701.0,6.090903553724043,0.1789322751716731,0.13397457343823382
1,0.0,1.0,-0.0,11.0,72.0,7587.0,6.545448595046732,0.17456709212362398,0.13397459620646102
2,0.0,2.0,-0.0,11.0,86.0,7936.0,7.818174710750263,0.17483005484619296,0.13397458759992098
