,round,tube,nut,amount
0,0.0,0.0,0.0,0.6533506641720113
1,0.0,0.0,1.0,0.2554164644780529
2,0.0,0.0,2.0,2000.0
3,0.0,0.0,3.0,1336.02060051151
4,0.0,1.0,0.0,0.5775432881659
5,0.0,1.0,1.0,0.21758434059125978
6,0.0,1.0,2.0,2000.0
7,0.0,1.0,3.0,1335.9954250193018
8,0.0,2.0,0.0,0.6631922388210554
9,0.0,2.0,1.0,0.2852447002022222
10,0.0,2.0,2.0,2000.0
11,0.0,2.0,3.0,1336.0238688806176
