,round,tube,sp,pop_0,final_pop,st_div_H,auc,fc
0,0.0,0.0,8.0,33.0,356.0,1.3535430783533269,60604.0,10.787875518825599
1,0.0,1.0,8.0,33.0,416.0,1.1968386969964653,63150.0,12.606056786043396
2,0.0,2.0,8.0,33.0,411.0,1.370973115977581,63405.0,12.454541680441913
