,round,tube,sp,pop_0,final_pop,st_div_H,auc,fc
0,0.0,0.0,2.0,25.0,390.0,0.7768184198618163,30289.0,15.599993760002496
1,0.0,1.0,2.0,25.0,356.0,0.7382023854094395,28597.0,14.239994304002279
2,0.0,2.0,2.0,25.0,387.0,0.7690311172997879,32671.0,15.479993808002478
