,round,tube,sp,pop_0,final_pop,st_div_H,auc,fc
0,0.0,0.0,13.0,1.0,415.0,-0.0,32883.0,414.9958500414996
1,0.0,1.0,13.0,1.0,1078.0,-0.0,12676.0,1077.989220107799
2,0.0,2.0,13.0,1.0,0.0,,2.0,0.0
