,round,tube,sp_div_H,tot_pop_0,tot_final_pop,tot_auc,mean_fc,deg_score,nut_score
0,0.0,0.0,-0.0,11.0,232.0,8776.0,21.090889917372802,0.2806624824605438,0.4379965662495816
1,0.0,1.0,-0.0,11.0,208.0,6438.0,18.909073719023894,0.2670968231521602,0.41867932600507907
2,0.0,2.0,-0.0,11.0,159.0,5022.0,14.454532314061533,0.25445426157021744,0.3786205796241159
