,round,tube,sp,pop_0,final_pop,st_div_H,auc,fc
0,0.0,0.0,1.0,25.0,964.0,1.079642471424546,69743.0,38.55998457600617
1,0.0,1.0,1.0,25.0,999.0,1.1785654653444164,70333.0,39.959984016006395
2,0.0,2.0,1.0,25.0,998.0,1.0722237071377798,66858.0,39.91998403200639
