,round,tube,sp,pop_0,final_pop,st_div_H,auc,fc
0,0.0,0.0,7.0,12.0,536.0,0.7614393887169164,48839.0,44.66662944447546
1,0.0,1.0,7.0,12.0,527.0,0.9153217383304805,46443.0,43.91663006947494
2,0.0,2.0,7.0,12.0,565.0,0.7279299260919814,45012.0,47.08329409725492
