,round,tube,nut,amount
0,0.0,0.0,0.0,0.40515176677610776
1,0.0,0.0,1.0,912.1215418566194
2,0.0,0.0,2.0,0.03569792372863212
3,0.0,0.0,3.0,0.11714931974962095
4,0.0,1.0,0.0,0.4594766309993543
5,0.0,1.0,1.0,912.1510972685926
6,0.0,1.0,2.0,0.2943430071613675
7,0.0,1.0,3.0,0.10331863986578149
8,0.0,2.0,0.0,1259.348143268252
9,0.0,2.0,1.0,1597.0487718378063
10,0.0,2.0,2.0,0.5696147484419789
11,0.0,2.0,3.0,0.09839347164331791
