,round,tube,nut,amount
0,0.0,0.0,0.0,2000.0
1,0.0,0.0,1.0,0.18156779491026054
2,0.0,0.0,2.0,242.84877486707023
3,0.0,0.0,3.0,372.7032260193989
4,0.0,1.0,0.0,2000.0
5,0.0,1.0,1.0,0.5139122026190837
6,0.0,1.0,2.0,0.45928510137985046
7,0.0,1.0,3.0,148.22645412819642
8,0.0,2.0,0.0,2000.0
9,0.0,2.0,1.0,0.29130114809510843
10,0.0,2.0,2.0,0.24977059504855598
11,0.0,2.0,3.0,148.03242286021134
