,round,tube,sp,pop_0,final_pop,st_div_H,auc,fc
0,0.0,0.0,11.0,23.0,576.0,1.4820810289198558,58864.0,25.04346737240549
1,0.0,1.0,11.0,23.0,552.0,1.3136229592070114,58215.0,23.999989565221927
2,0.0,2.0,11.0,23.0,569.0,1.4685099375315869,58175.0,24.73911967864362
