,round,tube,sp_div_H,tot_pop_0,tot_final_pop,tot_auc,mean_fc,deg_score,nut_score
0,0.0,0.0,0.0,8.0,0.0,295.0,0.0,0.0393570619302791,0.03474442359334051
1,0.0,1.0,-0.0,8.0,2.0,375.0,0.24999968750039064,0.049358810276132425,0.04389381542210269
2,0.0,2.0,-0.0,8.0,1.0,269.0,0.12499984375019532,0.035854064724294865,0.03165814857177773
