,round,tube,nut,amount
0,0.0,0.0,0.0,2000.0
1,0.0,0.0,1.0,0.8007910215425782
2,0.0,0.0,2.0,0.5178409428482544
3,0.0,0.0,3.0,2000.0
4,0.0,1.0,0.0,2000.0
5,0.0,1.0,1.0,0.6421105264887854
6,0.0,1.0,2.0,0.26887068832895444
7,0.0,1.0,3.0,2000.0
8,0.0,2.0,0.0,2000.0
9,0.0,2.0,1.0,0.8115388892159416
10,0.0,2.0,2.0,0.34147653731550687
11,0.0,2.0,3.0,2000.0
