,round,tube,nut,amount
0,0.0,0.0,0.0,1847.7510409090385
1,0.0,0.0,1.0,1951.7126902105422
2,0.0,0.0,2.0,2000.0
3,0.0,0.0,3.0,2000.0
4,0.0,1.0,0.0,1950.6075218651436
5,0.0,1.0,1.0,1984.33467192678
6,0.0,1.0,2.0,2000.0
7,0.0,1.0,3.0,2000.0
8,0.0,2.0,0.0,1859.8915379323403
9,0.0,2.0,1.0,1955.563172632649
10,0.0,2.0,2.0,2000.0
11,0.0,2.0,3.0,2000.0
