,round,tube,nut,amount
0,0.0,0.0,0.0,2000.0
1,0.0,0.0,1.0,0.22631751700467007
2,0.0,0.0,2.0,0.04065813717148714
3,0.0,0.0,3.0,2000.0
4,0.0,1.0,0.0,2000.0
5,0.0,1.0,1.0,0.1086332192655064
6,0.0,1.0,2.0,0.32184409183408746
7,0.0,1.0,3.0,2000.0
8,0.0,2.0,0.0,2000.0
9,0.0,2.0,1.0,0.35753268609678024
10,0.0,2.0,2.0,0.664153976665105
11,0.0,2.0,3.0,2000.0
