,round,tube,nut,amount
0,0.0,0.0,0.0,0.6833965498309555
1,0.0,0.0,1.0,2000.0
2,0.0,0.0,2.0,4.825108935515312
3,0.0,0.0,3.0,2000.0
4,0.0,1.0,0.0,0.2354880334291325
5,0.0,1.0,1.0,2000.0
6,0.0,1.0,2.0,0.2216584602371252
7,0.0,1.0,3.0,2000.0
8,0.0,2.0,0.0,0.5570644451153783
9,0.0,2.0,1.0,2000.0
10,0.0,2.0,2.0,0.8161169839731932
11,0.0,2.0,3.0,2000.0
