,round,tube,sp,pop_0,final_pop,st_div_H,auc,fc
0,0.0,0.0,5.0,14.0,30.0,0.6108643020548935,2981.0,2.142855612245991
1,0.0,1.0,5.0,14.0,37.0,-0.0,1424.0,2.6428552551033895
2,0.0,2.0,5.0,14.0,53.0,0.217518571336808,3272.0,3.7857115816345845
