,round,tube,sp_div_H,tot_pop_0,tot_final_pop,tot_auc,mean_fc,deg_score,nut_score
0,0.0,0.0,-0.0,11.0,312.0,35131.0,28.363610578535837,0.125978107323081,0.29289321800440504
1,0.0,1.0,-0.0,11.0,347.0,35714.0,31.545425867794666,0.12319450866442494,0.2928931903210692
2,0.0,2.0,-0.0,11.0,316.0,30369.0,28.72724661159399,0.1238518941034149,0.2928931942968621
