,round,tube,nut,amount
0,0.0,0.0,0.0,0.33627627106933433
1,0.0,0.0,1.0,0.3419788434805292
2,0.0,0.0,2.0,2000.0
3,0.0,0.0,3.0,2000.0
4,0.0,1.0,0.0,0.9688067633429777
5,0.0,1.0,1.0,0.1117336836290943
6,0.0,1.0,2.0,2000.0
7,0.0,1.0,3.0,2000.0
8,0.0,2.0,0.0,0.5198655230114806
9,0.0,2.0,1.0,0.21957568631162494
10,0.0,2.0,2.0,2000.0
11,0.0,2.0,3.0,2000.0
