,round,tube,nut,amount
0,0.0,0.0,0.0,0.9584614458166492
1,0.0,0.0,1.0,0.09504008385999363
2,0.0,0.0,2.0,2000.0
3,0.0,0.0,3.0,2000.0
4,0.0,1.0,0.0,0.8347351244426382
5,0.0,1.0,1.0,0.03204865946931501
6,0.0,1.0,2.0,2000.0
7,0.0,1.0,3.0,2000.0
8,0.0,2.0,0.0,0.11198843754627186
9,0.0,2.0,1.0,0.38116317647985687
10,0.0,2.0,2.0,2000.0
11,0.0,2.0,3.0,2000.0
