,round,tube,sp_div_H,tot_pop_0,tot_final_pop,tot_auc,mean_fc,deg_score,nut_score
0,0.0,0.0,0.0,13.0,0.0,402.0,0.0,0.048671708569032135,0.04451216170668193
1,0.0,1.0,0.0,13.0,0.0,399.0,0.0,0.04832328598287816,0.044206722708266755
2,0.0,2.0,-0.0,13.0,2.0,626.0,0.15384603550304962,0.0737886450843186,0.06809532062332446
