,round,tube,sp,pop_0,final_pop,st_div_H,auc,fc
0,0.0,0.0,3.0,10.0,60.0,-0.0,2794.0,5.999994000006001
1,0.0,1.0,3.0,10.0,40.0,-0.0,2286.0,3.9999960000040002
2,0.0,2.0,3.0,10.0,55.0,-0.0,3077.0,5.4999945000055
