,round,tube,sp,pop_0,final_pop,st_div_H,auc,fc
0,0.0,0.0,11.0,4.0,46.0,-0.0,16749.0,11.499971250071876
1,0.0,1.0,11.0,4.0,37.0,-0.0,16913.0,9.249976875057813
2,0.0,2.0,11.0,4.0,51.0,-0.0,18042.0,12.749968125079688
