,round,tube,sp,st,final_pop
0,0,0,5,"(0.019349111660996066, 0.03382961956984634, 0.03338342242067488, 0.050560130245311585, 0.0, 0.07137369492218647, 0.0, 0.016276424526555186, 0.0, 0.042068358139173895)",395
1,0,0,5,"(0.019349111660996066, 0.03382961956984634, 0.038441171320884204, 0.050560130245311585, 0.0, 0.07137369492218647, 0.0, 0.016276424526555186, 0.0, 0.042068358139173895)",15
2,0,0,5,"(0.019349111660996066, 0.03382961956984634, 0.04358697255453932, 0.050560130245311585, 0.0, 0.07137369492218647, 0.0, 0.016276424526555186, 0.0, 0.042068358139173895)",3
3,0,1,5,"(0.019349111660996066, 0.03382961956984634, 0.04358697255453932, 0.050560130245311585, 0.0, 0.07137369492218647, 0.0, 0.016276424526555186, 0.0, 0.042068358139173895)",35
4,0,1,5,"(0.019349111660996066, 0.03382961956984634, 0.03338342242067488, 0.050560130245311585, 0.0, 0.07137369492218647, 0.0, 0.016276424526555186, 0.0, 0.042068358139173895)",435
5,0,2,5,"(0.019349111660996066, 0.03382961956984634, 0.04358697255453932, 0.050560130245311585, 0.0, 0.07137369492218647, 0.0, 0.016276424526555186, 0.0, 0.042068358139173895)",3
6,0,2,5,"(0.019349111660996066, 0.03382961956984634, 0.03338342242067488, 0.050560130245311585, 0.0, 0.07137369492218647, 0.0, 0.016276424526555186, 0.0, 0.042068358139173895)",457
7,0,2,5,"(0.019349111660996066, 0.03382961956984634, 0.038441171320884204, 0.050560130245311585, 0.0, 0.07137369492218647, 0.0, 0.016276424526555186, 0.0, 0.042068358139173895)",12
