,round,tube,nut,amount
0,0.0,0.0,0.0,0.6246987475047955
1,0.0,0.0,1.0,0.18195426324888175
2,0.0,0.0,2.0,1677.4933618344462
3,0.0,0.0,3.0,1456.8055157785443
4,0.0,1.0,0.0,0.07636051642827091
5,0.0,1.0,1.0,0.18227942816791864
6,0.0,1.0,2.0,812.8140991659714
7,0.0,1.0,3.0,0.4354739902435551
8,0.0,2.0,0.0,0.3786851808882007
9,0.0,2.0,1.0,0.2279672333367163
10,0.0,2.0,2.0,812.7908720968942
11,0.0,2.0,3.0,0.396352886007342
