,round,tube,nut,amount
0,0.0,0.0,0.0,1547.9515062959683
1,0.0,0.0,1.0,2000.0
2,0.0,0.0,2.0,2000.0
3,0.0,0.0,3.0,1800.4541119084522
4,0.0,1.0,0.0,1475.7700957353072
5,0.0,1.0,1.0,2000.0
6,0.0,1.0,2.0,2000.0
7,0.0,1.0,3.0,1768.5913717939884
8,0.0,2.0,0.0,1214.7959001191691
9,0.0,2.0,1.0,2000.0
10,0.0,2.0,2.0,2000.0
11,0.0,2.0,3.0,1653.3906170995133
