,round,tube,sp,st,final_pop
0,0,0,9,"(0.040418182956797645, 0.12742152889647793, 0.0, 0.0, 0.0, 0.05964717490902346, 0.0, 0.0, 0.17118449629586344, 0.1449089225822706)",137
1,0,1,9,"(0.040418182956797645, 0.12742152889647793, 0.0, 0.0, 0.0, 0.05964717490902346, 0.0, 0.0, 0.17118449629586344, 0.1449089225822706)",110
2,0,2,9,"(0.040418182956797645, 0.12742152889647793, 0.0, 0.0, 0.0, 0.05964717490902346, 0.0, 0.0, 0.17118449629586344, 0.1449089225822706)",118
