,round,tube,sp,st,final_pop
0,0,0,7,"(0.0, 0.0, 0.0, 0.0, 0.1640106010697726, 0.0, 0.0, 0.05924345412590238, 0.0, 0.1842944379780426)",101
1,0,0,7,"(0.0, 0.0, 0.0, 0.0, 0.1640106010697726, 0.0, 0.0, 0.061449911137876935, 0.0, 0.12027730788863018)",481
2,0,1,7,"(0.0, 0.0, 0.0, 0.0, 0.1640106010697726, 0.0, 0.0, 0.061449911137876935, 0.0, 0.12027730788863018)",410
3,0,1,7,"(0.0, 0.0, 0.0, 0.0, 0.1640106010697726, 0.0, 0.0, 0.05924345412590238, 0.0, 0.1842944379780426)",138
4,0,2,7,"(0.0, 0.0, 0.0, 0.0, 0.1640106010697726, 0.0, 0.0, 0.05924345412590238, 0.0, 0.1842944379780426)",160
5,0,2,7,"(0.0, 0.0, 0.0, 0.0, 0.1640106010697726, 0.0, 0.0, 0.061449911137876935, 0.0, 0.12027730788863018)",359
