,round,tube,nut,amount
0,0.0,0.0,0.0,2000.0
1,0.0,0.0,1.0,0.2455012402800255
2,0.0,0.0,2.0,2000.0
3,0.0,0.0,3.0,0.35387257476324807
4,0.0,1.0,0.0,2000.0
5,0.0,1.0,1.0,0.8207879224371579
6,0.0,1.0,2.0,2000.0
7,0.0,1.0,3.0,0.7773270983998062
8,0.0,2.0,0.0,2000.0
9,0.0,2.0,1.0,0.5160978100697866
10,0.0,2.0,2.0,2000.0
11,0.0,2.0,3.0,0.17224642280621172
