,round,tube,sp,pop_0,final_pop,st_div_H,auc,fc
0,0.0,0.0,0.0,10.0,236.0,0.9114276686513554,20261.0,23.5999764000236
1,0.0,1.0,0.0,10.0,233.0,1.054546224480177,22031.0,23.2999767000233
2,0.0,2.0,0.0,10.0,245.0,1.2751172250796297,18793.0,24.4999755000245
