,round,tube,sp,st,final_pop
0,0,0,1,"(0.01423507054326358, 0.0, 0.0, 0.09007764845750801, 0.2667732097353895, 0.0, 0.0, 0.0, 0.24253084167451877, 0.0)",54
1,0,0,1,"(0.01423507054326358, 0.0, 0.0, 0.0686200393991055, 0.2667732097353895, 0.0, 0.0, 0.0, 0.20124388104302962, 0.0)",123
2,0,0,1,"(0.01423507054326358, 0.0, 0.0, 0.0686200393991055, 0.2667732097353895, 0.0, 0.0, 0.0, 0.24253084167451877, 0.0)",905
3,0,1,1,"(0.01423507054326358, 0.0, 0.0, 0.09007764845750801, 0.2667732097353895, 0.0, 0.0, 0.0, 0.24253084167451877, 0.0)",235
4,0,1,1,"(0.01423507054326358, 0.0, 0.0, 0.0686200393991055, 0.2667732097353895, 0.0, 0.0, 0.0, 0.24253084167451877, 0.0)",616
5,0,1,1,"(0.01423507054326358, 0.0, 0.0, 0.0686200393991055, 0.2667732097353895, 0.0, 0.0, 0.0, 0.20124388104302962, 0.0)",277
6,0,2,1,"(0.01423507054326358, 0.0, 0.0, 0.0686200393991055, 0.2667732097353895, 0.0, 0.0, 0.0, 0.24253084167451877, 0.0)",595
7,0,2,1,"(0.01423507054326358, 0.0, 0.0, 0.09007764845750801, 0.2667732097353895, 0.0, 0.0, 0.0, 0.24253084167451877, 0.0)",126
8,0,2,1,"(0.01423507054326358, 0.0, 0.0, 0.0686200393991055, 0.2667732097353895, 0.0, 0.0, 0.0, 0.20124388104302962, 0.0)",435
