,round,tube,sp,pop_0,final_pop,st_div_H,auc,fc
0,0.0,0.0,8.0,6.0,268.0,0.6356485620345299,11562.0,44.666592222346296
1,0.0,1.0,8.0,6.0,273.0,0.23317123607974483,11268.0,45.49992416679306
2,0.0,2.0,8.0,6.0,260.0,0.5862952574916593,12671.0,43.33326111123149
