,round,tube,sp,pop_0,final_pop,st_div_H,auc,fc
0,0.0,0.0,2.0,5.0,1.0,-0.0,234.0,0.19999960000080003
1,0.0,1.0,2.0,5.0,0.0,,63.0,0.0
2,0.0,2.0,2.0,5.0,5.0,-0.0,348.0,0.9999980000040001
