,round,tube,sp,pop_0,final_pop,st_div_H,auc,fc
0,0.0,0.0,4.0,21.0,437.0,1.4125874063956767,57871.0,20.809513900231476
1,0.0,1.0,4.0,21.0,411.0,1.283601872934967,57817.0,19.57141925170512
2,0.0,2.0,4.0,21.0,426.0,1.975433249353028,55464.0,20.28570462585494
