,round,tube,sp,pop_0,final_pop,st_div_H,auc,fc
0,0.0,0.0,14.0,18.0,514.0,-0.0,24843.0,28.55553969136684
1,0.0,1.0,14.0,18.0,539.0,-0.0,21228.0,29.944427808651216
2,0.0,2.0,14.0,18.0,573.0,-0.0,25187.0,31.833315648157974
