,round,tube,sp_div_H,tot_pop_0,tot_final_pop,tot_auc,mean_fc,deg_score,nut_score
0,0.0,0.0,-0.0,10.0,75.0,4051.0,7.4999925000075,0.16373948633972324,0.13397459441630444
1,0.0,1.0,-0.0,10.0,71.0,3158.0,7.0999929000071,0.1622223542179616,0.13397457895791254
2,0.0,2.0,-0.0,10.0,59.0,4652.0,5.8999941000059,0.16206182662004176,0.13397456117362816
