,round,tube,sp_div_H,tot_pop_0,tot_final_pop,tot_auc,mean_fc,deg_score,nut_score
0,0.0,0.0,-0.0,12.0,417.0,42891.0,34.7499710416908,0.048357492763482446,0.13397456290392762
1,0.0,1.0,-0.0,12.0,387.0,41457.0,32.2499731250224,0.050077717021265955,0.13397458357836678
2,0.0,2.0,-0.0,12.0,438.0,42653.0,36.499969583358684,0.05007220408956692,0.1339745913624315
