,round,tube,sp_div_H,tot_pop_0,tot_final_pop,tot_auc,mean_fc,deg_score,nut_score
0,0.0,0.0,-0.0,32.0,697.0,86588.0,21.7812431933615,0.1532970062470257,0.7967813670011796
1,0.0,1.0,-0.0,32.0,749.0,93658.0,23.40624268554916,0.15085303817435003,0.7967804179975758
2,0.0,2.0,-0.0,32.0,619.0,80455.0,19.34374395508001,0.15102337871007587,0.796782178801427
