,round,tube,sp_div_H,tot_pop_0,tot_final_pop,tot_auc,mean_fc,deg_score,nut_score
0,0.0,0.0,-0.0,2.0,85.0,15408.0,42.49978750106249,0.12356443891992042,0.133974562394913
1,0.0,1.0,-0.0,2.0,91.0,14565.0,45.49977250113749,0.12603914972413455,0.13397459381045307
2,0.0,2.0,-0.0,2.0,94.0,15882.0,46.99976500117499,0.12615240520884718,0.1339745631229915
