,round,tube,sp_div_H,tot_pop_0,tot_final_pop,tot_auc,mean_fc,deg_score,nut_score
0,0.0,0.0,-0.0,18.0,504.0,33167.0,27.999984444453087,0.21901250071772504,0.31770843772175705
1,0.0,1.0,-0.0,18.0,554.0,30441.0,30.777760679021846,0.22255475867864338,0.3181731782750934
2,0.0,2.0,-0.0,18.0,554.0,29599.0,30.777760679021846,0.22118550171549123,0.3181715971847112
