,round,tube,sp,pop_0,final_pop,st_div_H,auc,fc
0,0.0,0.0,1.0,51.0,841.0,1.9996893779812033,94823.0,16.490192845060225
1,0.0,1.0,1.0,51.0,834.0,2.043489113939238,90178.0,16.35293797001216
2,0.0,2.0,1.0,51.0,910.0,1.9950956447980621,100345.0,17.84313375624828
