,round,tube,sp_div_H,tot_pop_0,tot_final_pop,tot_auc,mean_fc,deg_score,nut_score
0,0.0,0.0,-0.0,9.0,109.0,8868.0,12.111097654335941,0.14365808405702551,0.13397457368601973
1,0.0,1.0,-0.0,9.0,121.0,7509.0,13.444429506189438,0.14365808405702563,0.13397457368601973
2,0.0,2.0,-0.0,9.0,137.0,8906.0,15.222205308660769,0.14580085110206664,0.1339745868499712
