,round,tube,sp_div_H,tot_pop_0,tot_final_pop,tot_auc,mean_fc,deg_score,nut_score
0,0.0,0.0,-0.0,2.0,134.0,1882.0,66.99966500167498,0.09790906587069148,0.1440345643511325
1,0.0,1.0,-0.0,2.0,256.0,9554.0,127.99936000319998,0.26024448759651886,0.29289321819475056
2,0.0,2.0,-0.0,2.0,284.0,10102.0,141.99929000355,0.2587150448326482,0.29289318121240004
