,round,tube,sp_div_H,tot_pop_0,tot_final_pop,tot_auc,mean_fc,deg_score,nut_score
0,0.0,0.0,-0.0,28.0,404.0,35792.0,14.428566275512045,0.14136255831174882,0.29289314587476256
1,0.0,1.0,-0.0,28.0,434.0,36875.0,15.499994464287692,0.14484674091019356,0.2928931272766303
2,0.0,2.0,-0.0,28.0,349.0,33652.0,12.464281262756693,0.143303192713522,0.2928928004910334
