,round,tube,sp,st,final_pop
0,0,0,1,"(0.0, 0.013519106741275232, 0.0, 0.03830336560546888, 0.0, 0.01411844773738412, 0.0, 0.0, 0.014987708113245771, 0.023187541493778534)",54
1,0,0,1,"(0.0, 0.01819021681934756, 0.0, 0.024584807322582867, 0.0, 0.01498355219082073, 0.0, 0.0, 0.0154164923044359, 0.023187541493778534)",350
2,0,1,1,"(0.0, 0.01819021681934756, 0.0, 0.024584807322582867, 0.0, 0.01498355219082073, 0.0, 0.0, 0.0154164923044359, 0.023187541493778534)",399
3,0,1,1,"(0.0, 0.013519106741275232, 0.0, 0.03830336560546888, 0.0, 0.01411844773738412, 0.0, 0.0, 0.014987708113245771, 0.023187541493778534)",35
4,0,2,1,"(0.0, 0.013519106741275232, 0.0, 0.03830336560546888, 0.0, 0.01411844773738412, 0.0, 0.0, 0.014987708113245771, 0.023187541493778534)",8
5,0,2,1,"(0.0, 0.01819021681934756, 0.0, 0.024584807322582867, 0.0, 0.01498355219082073, 0.0, 0.0, 0.0154164923044359, 0.023187541493778534)",341
