,round,tube,sp,pop_0,final_pop,st_div_H,auc,fc
0,0.0,0.0,5.0,33.0,431.0,0.7217419782142849,48088.0,13.060602102847847
1,0.0,1.0,5.0,33.0,408.0,0.7087761265115873,49111.0,12.363632617081024
2,0.0,2.0,5.0,33.0,390.0,0.8289334095495042,48514.0,11.818178236915685
