,round,tube,sp_div_H,tot_pop_0,tot_final_pop,tot_auc,mean_fc,deg_score,nut_score
0,0.0,0.0,-0.0,12.0,117.0,9384.0,9.74999187500677,0.17683028633618592,0.13397457543421198
1,0.0,1.0,-0.0,12.0,98.0,9821.0,8.166659861116782,0.17411718618965977,0.13397459094350328
2,0.0,2.0,-0.0,12.0,83.0,9002.0,6.916660902782581,0.17618985406859744,0.13397458882364266
