,round,tube,nut,amount
0,0.0,0.0,0.0,0.8515482133104446
1,0.0,0.0,1.0,0.07909630420127911
2,0.0,0.0,2.0,2000.0
3,0.0,0.0,3.0,0.009773545523829696
4,0.0,1.0,0.0,0.6023200774793269
5,0.0,1.0,1.0,0.15309361145747813
6,0.0,1.0,2.0,2000.0
7,0.0,1.0,3.0,0.15188992990166916
8,0.0,2.0,0.0,891.5495680403399
9,0.0,2.0,1.0,0.22617982392962332
10,0.0,2.0,2.0,2000.0
11,0.0,2.0,3.0,0.5484641087963027
