,round,tube,sp_div_H,tot_pop_0,tot_final_pop,tot_auc,mean_fc,deg_score,nut_score
0,0.0,0.0,-0.0,18.0,558.0,25661.0,30.999982777787345,0.21182117207010176,0.3139618352036886
1,0.0,1.0,-0.0,18.0,581.0,27454.0,32.277759845688976,0.2118913864871934,0.3141601568737369
2,0.0,2.0,-0.0,18.0,580.0,28839.0,32.2222043209976,0.21095459657887206,0.31457096608458235
