,round,tube,sp_div_H,tot_pop_0,tot_final_pop,tot_auc,mean_fc,deg_score,nut_score
0,0.0,0.0,-0.0,22.0,336.0,50236.0,15.272720330581668,0.12745916455884132,0.45257735362261997
1,0.0,1.0,-0.0,22.0,441.0,59434.0,20.04544543388844,0.13724331873853735,0.4999999658427473
2,0.0,2.0,-0.0,22.0,449.0,58162.0,20.409081632235623,0.13907717254704066,0.4999999886092821
