,round,tube,nut,amount
0,0.0,0.0,0.0,0.24823051624975673
1,0.0,0.0,1.0,2000.0
2,0.0,0.0,2.0,0.9830305120815649
3,0.0,0.0,3.0,0.3765289683695172
4,0.0,1.0,0.0,0.3736220097197461
5,0.0,1.0,1.0,2000.0
6,0.0,1.0,2.0,207.15280520920712
7,0.0,1.0,3.0,0.31582946091533803
8,0.0,2.0,0.0,0.4580615132519879
9,0.0,2.0,1.0,2000.0
10,0.0,2.0,2.0,207.22851291577405
11,0.0,2.0,3.0,0.2800519241421351
