,round,tube,sp,st,final_pop
0,0,0,7,"(0.0, 0.0, 0.0, 0.0, 0.1640106010697726, 0.0, 0.0, 0.04310419317455639, 0.0, 0.04148653691186489)",216
1,0,0,7,"(0.0, 0.0, 0.0, 0.0, 0.18467398065393473, 0.0, 0.0, 0.04310419317455639, 0.0, 0.03902423459525432)",73
2,0,0,7,"(0.0, 0.0, 0.0, 0.0, 0.1640106010697726, 0.0, 0.0, 0.04310419317455639, 0.0, 0.055698658517937566)",157
3,0,1,7,"(0.0, 0.0, 0.0, 0.0, 0.1640106010697726, 0.0, 0.0, 0.04310419317455639, 0.0, 0.055698658517937566)",166
4,0,1,7,"(0.0, 0.0, 0.0, 0.0, 0.1640106010697726, 0.0, 0.0, 0.04310419317455639, 0.0, 0.04148653691186489)",267
5,0,1,7,"(0.0, 0.0, 0.0, 0.0, 0.18467398065393473, 0.0, 0.0, 0.04310419317455639, 0.0, 0.03902423459525432)",72
6,0,2,7,"(0.0, 0.0, 0.0, 0.0, 0.1640106010697726, 0.0, 0.0, 0.04310419317455639, 0.0, 0.04148653691186489)",194
7,0,2,7,"(0.0, 0.0, 0.0, 0.0, 0.18467398065393473, 0.0, 0.0, 0.04310419317455639, 0.0, 0.03902423459525432)",32
8,0,2,7,"(0.0, 0.0, 0.0, 0.0, 0.1640106010697726, 0.0, 0.0, 0.04310419317455639, 0.0, 0.055698658517937566)",304
