,round,tube,sp,pop_0,final_pop,st_div_H,auc,fc
0,0.0,0.0,5.0,7.0,664.0,-0.0,29860.0,94.85700734713237
1,0.0,1.0,5.0,7.0,633.0,-0.0,27414.0,90.42844224508251
2,0.0,2.0,5.0,7.0,626.0,-0.0,28731.0,89.4284436736519
