,round,tube,sp_div_H,tot_pop_0,tot_final_pop,tot_auc,mean_fc,deg_score,nut_score
0,0.0,0.0,-0.0,2.0,182.0,15435.0,90.99954500227498,0.09739796871764683,0.13397459304353754
1,0.0,1.0,-0.0,2.0,125.0,17801.0,62.49968750156249,0.10110819975230012,0.1339745961898925
2,0.0,2.0,-0.0,2.0,119.0,17039.0,59.49970250148749,0.10027691054494658,0.13397458714587396
