,round,tube,nut,amount
0,0.0,0.0,0.0,837.3719807451433
1,0.0,0.0,1.0,2000.0
2,0.0,0.0,2.0,2000.0
3,0.0,0.0,3.0,897.0396497399064
4,0.0,1.0,0.0,1479.3844583317318
5,0.0,1.0,1.0,2000.0
6,0.0,1.0,2.0,2000.0
7,0.0,1.0,3.0,1506.103163970442
8,0.0,2.0,0.0,853.6450802828716
9,0.0,2.0,1.0,2000.0
10,0.0,2.0,2.0,2000.0
11,0.0,2.0,3.0,912.4775914277841
