,round,tube,nut,amount
0,0.0,0.0,0.0,2000.0
1,0.0,0.0,1.0,0.607873960931558
2,0.0,0.0,2.0,0.17347360536181355
3,0.0,0.0,3.0,2000.0
4,0.0,1.0,0.0,2000.0
5,0.0,1.0,1.0,0.0039590935072677524
6,0.0,1.0,2.0,0.40581210771819887
7,0.0,1.0,3.0,2000.0
8,0.0,2.0,0.0,2000.0
9,0.0,2.0,1.0,0.24940732465841364
10,0.0,2.0,2.0,0.2443376269282247
11,0.0,2.0,3.0,2000.0
