,round,tube,sp,pop_0,final_pop,st_div_H,auc,fc
0,0.0,0.0,12.0,9.0,170.0,0.15268872541180956,35392.0,18.88886790125789
1,0.0,1.0,12.0,9.0,159.0,0.0675401405799532,36426.0,17.666647037058848
2,0.0,2.0,12.0,9.0,141.0,0.2373777983396794,34012.0,15.666649259278602
