,round,tube,sp,st,final_pop
0,0,0,13,"(0.0, 0.02461978404713738, 0.019985466418334694, 0.0, 0.005545155921165296, 0.0351288992291254, 0.0, 0.0, 0.016128449142684298, 0.0036390431210019053)",139
1,0,0,13,"(0.0, 0.02461978404713738, 0.023035932332134326, 0.0, 0.009014269786729522, 0.014808329544411952, 0.0, 0.0, 0.01089208668844536, 0.00476393156717078)",171
2,0,1,13,"(0.0, 0.02461978404713738, 0.023035932332134326, 0.0, 0.009014269786729522, 0.014808329544411952, 0.0, 0.0, 0.01089208668844536, 0.00476393156717078)",126
3,0,1,13,"(0.0, 0.02461978404713738, 0.019985466418334694, 0.0, 0.005545155921165296, 0.0351288992291254, 0.0, 0.0, 0.016128449142684298, 0.0036390431210019053)",89
4,0,2,13,"(0.0, 0.02461978404713738, 0.023035932332134326, 0.0, 0.009014269786729522, 0.014808329544411952, 0.0, 0.0, 0.01089208668844536, 0.00476393156717078)",131
5,0,2,13,"(0.0, 0.02461978404713738, 0.019985466418334694, 0.0, 0.005545155921165296, 0.0351288992291254, 0.0, 0.0, 0.016128449142684298, 0.0036390431210019053)",296
