,round,tube,sp,pop_0,final_pop,st_div_H,auc,fc
0,0.0,0.0,1.0,33.0,888.0,1.65076230530314,90058.0,26.909082754823405
1,0.0,1.0,1.0,33.0,847.0,1.7981977487063956,89191.0,25.666658888891245
2,0.0,2.0,1.0,33.0,903.0,1.7417181593770052,92845.0,27.363628071627854
