,round,tube,nut,amount
0,0.0,0.0,0.0,0.3612068211814127
1,0.0,0.0,1.0,2000.0
2,0.0,0.0,2.0,207.14167386177905
3,0.0,0.0,3.0,0.23917467350777932
4,0.0,1.0,0.0,0.1718641553850931
5,0.0,1.0,1.0,2000.0
6,0.0,1.0,2.0,0.4490125413155679
7,0.0,1.0,3.0,0.27968380582118857
8,0.0,2.0,0.0,0.46542684924200806
9,0.0,2.0,1.0,2000.0
10,0.0,2.0,2.0,207.23511661039433
11,0.0,2.0,3.0,0.12099781122890407
