,round,tube,nut,amount
0,0.0,0.0,0.0,0.3621208827625255
1,0.0,0.0,1.0,2000.0
2,0.0,0.0,2.0,207.14249340125264
3,0.0,0.0,3.0,0.076019825899171
4,0.0,1.0,0.0,0.24397387836626383
5,0.0,1.0,1.0,2000.0
6,0.0,1.0,2.0,0.92242606426613
7,0.0,1.0,3.0,0.04658879731760074
8,0.0,2.0,0.0,0.5112967497427028
9,0.0,2.0,1.0,2000.0
10,0.0,2.0,2.0,207.27624315450296
11,0.0,2.0,3.0,0.13773080144359412
