,round,tube,sp,st,final_pop
0,0,0,6,"(0.03426039533065134, 0.011572197494497125, 0.0, 0.030181603934096246, 0.005422768956954101, 0.0, 0.025265201221120387, 0.0, 0.028146417112716555, 0.05874522297052942)",32
1,0,0,6,"(0.03426039533065134, 0.011572197494497125, 0.0, 0.030181603934096246, 0.005422768956954101, 0.0, 0.01228446395175068, 0.0, 0.028146417112716555, 0.05874522297052942)",105
2,0,1,6,"(0.03426039533065134, 0.011572197494497125, 0.0, 0.030181603934096246, 0.005422768956954101, 0.0, 0.01228446395175068, 0.0, 0.028146417112716555, 0.05874522297052942)",130
3,0,1,6,"(0.03426039533065134, 0.011572197494497125, 0.0, 0.030181603934096246, 0.005422768956954101, 0.0, 0.025265201221120387, 0.0, 0.028146417112716555, 0.05874522297052942)",2
4,0,2,6,"(0.03426039533065134, 0.011572197494497125, 0.0, 0.030181603934096246, 0.005422768956954101, 0.0, 0.01228446395175068, 0.0, 0.028146417112716555, 0.05874522297052942)",174
5,0,2,6,"(0.03426039533065134, 0.011572197494497125, 0.0, 0.030181603934096246, 0.005422768956954101, 0.0, 0.025265201221120387, 0.0, 0.028146417112716555, 0.05874522297052942)",2
