,round,tube,sp,pop_0,final_pop,st_div_H,auc,fc
0,0.0,0.0,7.0,7.0,455.0,-0.0,52084.0,64.9999071429898
1,0.0,1.0,7.0,7.0,559.0,-0.0,57264.0,79.85702877567319
2,0.0,2.0,7.0,7.0,472.0,-0.0,54339.0,67.42847510217842
