,round,tube,sp,pop_0,final_pop,st_div_H,auc,fc
0,0.0,0.0,8.0,28.0,524.0,1.5919147234103004,56272.0,18.714279030614634
1,0.0,1.0,8.0,28.0,515.0,1.3896393598314603,59841.0,18.39285057398194
2,0.0,2.0,8.0,28.0,490.0,1.368277107799184,58149.0,17.499993750002233
