,round,tube,sp,pop_0,final_pop,st_div_H,auc,fc
0,0.0,0.0,1.0,27.0,513.0,-0.0,71649.0,18.99999296296557
1,0.0,1.0,1.0,27.0,406.0,-0.0,65850.0,15.037031467766123
2,0.0,2.0,1.0,27.0,529.0,-0.0,75795.0,19.592585336079505
