,round,tube,sp,pop_0,final_pop,st_div_H,auc,fc
0,0.0,0.0,9.0,8.0,95.0,-0.0,8786.0,11.874985156268556
1,0.0,1.0,9.0,8.0,109.0,-0.0,8654.0,13.62498296877129
2,0.0,2.0,9.0,8.0,85.0,-0.0,7174.0,10.624986718766602
