,round,tube,nut,amount
0,0.0,0.0,0.0,0.5086635453345159
1,0.0,0.0,1.0,2000.0
2,0.0,0.0,2.0,0.541562330417616
3,0.0,0.0,3.0,350.7890827682256
4,0.0,1.0,0.0,0.486405937177496
5,0.0,1.0,1.0,2000.0
6,0.0,1.0,2.0,0.32040819873643034
7,0.0,1.0,3.0,350.6066684696892
8,0.0,2.0,0.0,0.3540913481065237
9,0.0,2.0,1.0,2000.0
10,0.0,2.0,2.0,323.4346879197247
11,0.0,2.0,3.0,617.1206342465563
