,round,tube,sp,pop_0,final_pop,st_div_H,auc,fc
0,0.0,0.0,1.0,11.0,1319.0,0.556642822955997,50806.0,119.90898190092555
1,0.0,1.0,1.0,11.0,1242.0,0.626602132421261,58169.0,112.90898826455613
2,0.0,2.0,1.0,11.0,1201.0,-0.0,37438.0,109.18171892571007
