,round,tube,sp,pop_0,final_pop,st_div_H,auc,fc
0,0.0,0.0,8.0,12.0,271.0,-0.0,51751.0,22.583314513904572
1,0.0,1.0,8.0,12.0,276.0,-0.0,48882.0,22.999980833349305
2,0.0,2.0,8.0,12.0,352.0,-0.0,59510.0,29.33330888890926
