,round,tube,sp_div_H,tot_pop_0,tot_final_pop,tot_auc,mean_fc,deg_score,nut_score
0,0.0,0.0,-0.0,20.0,896.0,71467.0,44.7999776000112,0.1911098700528897,0.4923729868891723
1,0.0,1.0,-0.0,20.0,871.0,68502.0,43.54997822501089,0.19174056394482875,0.49237018399462285
2,0.0,2.0,-0.0,20.0,894.0,72856.0,44.69997765001118,0.19124819635542245,0.4923717028175464
