,round,tube,sp_div_H,tot_pop_0,tot_final_pop,tot_auc,mean_fc,deg_score,nut_score
0,0.0,0.0,-0.0,10.0,181.0,15419.0,18.0999819000181,0.25416507871060456,0.2928931672752131
1,0.0,1.0,-0.0,10.0,181.0,16207.0,18.0999819000181,0.25860901261376346,0.29289316503237384
2,0.0,2.0,-0.0,10.0,219.0,13432.0,21.8999781000219,0.2604285588378785,0.29287992291352694
