,round,tube,sp,pop_0,final_pop,st_div_H,auc,fc
0,0.0,0.0,9.0,9.0,104.0,-0.0,5860.0,11.55554271606365
1,0.0,1.0,9.0,9.0,59.0,-0.0,4031.0,6.5555482716130316
2,0.0,2.0,9.0,9.0,98.0,-0.0,5709.0,10.8888767901369
