,round,tube,sp_div_H,tot_pop_0,tot_final_pop,tot_auc,mean_fc,deg_score,nut_score
0,0.0,0.0,-0.0,1.0,399.0,45146.0,398.9960100398996,0.050971754234380606,0.3991204979167833
1,0.0,1.0,0.0,1.0,0.0,4.0,0.0,2.5955852205217234e-05,0.00014202891840486842
2,0.0,2.0,-0.0,1.0,512.0,39753.0,511.99488005119946,0.05133399273675543,0.3991141318687462
