,round,tube,sp,pop_0,final_pop,st_div_H,auc,fc
0,0.0,0.0,7.0,20.0,461.0,1.7249074509985907,64523.0,23.04998847500576
1,0.0,1.0,7.0,20.0,513.0,1.6826939905391105,66480.0,25.649987175006412
2,0.0,2.0,7.0,20.0,497.0,1.6286404620809467,64550.0,24.849987575006214
