,round,tube,sp,st,final_pop
0,0,0,8,"(0.0, 0.0, 0.0132952402022934, 0.0, 0.022638011874154935, 0.0, 0.0, 0.0, 0.10496992698505436, 0.08985908768428912)",404
1,0,0,8,"(0.0, 0.0, 0.0132952402022934, 0.0, 0.022638011874154935, 0.0, 0.0, 0.0, 0.10496992698505436, 0.08320743885767515)",50
2,0,1,8,"(0.0, 0.0, 0.0132952402022934, 0.0, 0.022638011874154935, 0.0, 0.0, 0.0, 0.10496992698505436, 0.08985908768428912)",708
3,0,1,8,"(0.0, 0.0, 0.0132952402022934, 0.0, 0.022638011874154935, 0.0, 0.0, 0.0, 0.10496992698505436, 0.08320743885767515)",43
4,0,2,8,"(0.0, 0.0, 0.0132952402022934, 0.0, 0.022638011874154935, 0.0, 0.0, 0.0, 0.10496992698505436, 0.08320743885767515)",58
5,0,2,8,"(0.0, 0.0, 0.0132952402022934, 0.0, 0.022638011874154935, 0.0, 0.0, 0.0, 0.10496992698505436, 0.08985908768428912)",431
