,round,tube,sp_div_H,tot_pop_0,tot_final_pop,tot_auc,mean_fc,deg_score,nut_score
0,0.0,0.0,-0.0,7.0,229.0,21467.0,32.7142389796586,0.11983606982362938,0.29289319055341567
1,0.0,1.0,-0.0,7.0,299.0,26331.0,42.714224693964724,0.12633972809258986,0.292893185798738
2,0.0,2.0,-0.0,7.0,237.0,23126.0,33.85709448986502,0.12580537100074285,0.2928931833295807
