,round,tube,sp_div_H,tot_pop_0,tot_final_pop,tot_auc,mean_fc,deg_score,nut_score
0,0.0,0.0,-0.0,16.0,164.0,16590.0,10.249993593754004,0.2555291500702924,0.29289293275845263
1,0.0,1.0,-0.0,16.0,168.0,15328.0,10.499993437504102,0.25491788341856847,0.2928931733747745
2,0.0,2.0,-0.0,16.0,160.0,14982.0,9.999993750003906,0.2566564538902546,0.2928928116789157
