,round,tube,sp_div_H,tot_pop_0,tot_final_pop,tot_auc,mean_fc,deg_score,nut_score
0,0.0,0.0,-0.0,10.0,262.0,14959.0,26.1999738000262,0.32679997433889985,0.2928931808467514
1,0.0,1.0,-0.0,10.0,277.0,17818.0,27.6999723000277,0.32606267337688455,0.2928931745763259
2,0.0,2.0,-0.0,10.0,266.0,18310.0,26.599973400026602,0.3217159113916498,0.2928931887405688
