,round,tube,sp_div_H,tot_pop_0,tot_final_pop,tot_auc,mean_fc,deg_score,nut_score
0,0.0,0.0,-0.0,15.0,103.0,9643.0,6.866662088891941,0.1801174275136651,0.1339745679995925
1,0.0,1.0,-0.0,15.0,86.0,9180.0,5.733329511113659,0.17611742974607658,0.13397458534316753
2,0.0,2.0,-0.0,15.0,100.0,9759.0,6.6666622222251855,0.1765251444333944,0.13397459598026773
