,round,tube,sp_div_H,tot_pop_0,tot_final_pop,tot_auc,mean_fc,deg_score,nut_score
0,0.0,0.0,-0.0,11.0,97.0,12008.0,8.81817380166018,0.1579053167456117,0.1339745935121237
1,0.0,1.0,-0.0,11.0,90.0,10887.0,8.181810743808414,0.15609097190304544,0.13397458168405707
2,0.0,2.0,-0.0,11.0,109.0,13167.0,9.909081900834636,0.15718134251439364,0.13397456805070007
