,round,tube,sp_div_H,tot_pop_0,tot_final_pop,tot_auc,mean_fc,deg_score,nut_score
0,0.0,0.0,-0.0,4.0,104.0,7676.0,25.999935000162502,0.18366089245121542,0.13397458752916414
1,0.0,1.0,-0.0,4.0,93.0,8561.0,23.249941875145314,0.17812962099180918,0.13397457801092216
2,0.0,2.0,-0.0,4.0,94.0,7379.0,23.499941250146875,0.18047772290408648,0.13397459460844108
