,round,tube,sp,pop_0,final_pop,st_div_H,auc,fc
0,0.0,0.0,8.0,27.0,614.0,1.2851378461243665,85346.0,22.74073231824729
1,0.0,1.0,8.0,27.0,656.0,1.0834101426568483,83205.0,24.296287297671373
2,0.0,2.0,8.0,27.0,449.0,0.9340204059558737,62248.0,16.629623470509827
