,round,tube,sp,st,final_pop
0,0,0,11,"(0.05585004290550168, 0.0, 0.0, 0.0, 0.0, 0.0, 0.0, 0.0, 0.02952100057136229, 0.0)",63
1,0,1,11,"(0.08339171233527262, 0.0, 0.0, 0.0, 0.0, 0.0, 0.0, 0.0, 0.06035693396255313, 0.0)",55
2,0,2,11,"(0.05585004290550168, 0.0, 0.0, 0.0, 0.0, 0.0, 0.0, 0.0, 0.02952100057136229, 0.0)",28
3,0,2,11,"(0.08339171233527262, 0.0, 0.0, 0.0, 0.0, 0.0, 0.0, 0.0, 0.06035693396255313, 0.0)",31
