,round,tube,sp_div_H,tot_pop_0,tot_final_pop,tot_auc,mean_fc,deg_score,nut_score
0,0.0,0.0,-0.0,9.0,3.0,335.0,0.3333329629633745,0.04101896994750376,0.03645377666759275
1,0.0,1.0,-0.0,9.0,1.0,177.0,0.11111098765445816,0.02228128388755113,0.019635940511779082
2,0.0,2.0,-0.0,9.0,4.0,388.0,0.44444395061783265,0.04704327195509628,0.04120703560394823
