,round,tube,sp,pop_0,final_pop,st_div_H,auc,fc
0,0.0,0.0,9.0,8.0,103.0,0.2483328967315826,5241.0,12.874983906270117
1,0.0,1.0,9.0,8.0,89.0,-0.0,6164.0,11.124986093767383
2,0.0,2.0,9.0,8.0,89.0,0.21632400270956859,6348.0,11.124986093767383
