,round,tube,sp_div_H,tot_pop_0,tot_final_pop,tot_auc,mean_fc,deg_score,nut_score
0,0.0,0.0,-0.0,27.0,222.0,50381.0,8.22221917695586,0.053675604414916145,0.3991139076747273
1,0.0,1.0,-0.0,27.0,257.0,51431.0,9.518514993142595,0.05518474769424664,0.3991210769178305
2,0.0,2.0,-0.0,27.0,241.0,49795.0,8.92592262002866,0.054738273366672696,0.39911742138276685
