,round,tube,sp,pop_0,final_pop,st_div_H,auc,fc
0,0.0,0.0,11.0,34.0,684.0,1.8989117568941167,67620.0,20.11764114187025
1,0.0,1.0,11.0,34.0,662.0,2.1043736206849206,66177.0,19.4705825086522
2,0.0,2.0,11.0,34.0,696.0,1.6807553475954042,69087.0,20.47058221453464
