,round,tube,sp,pop_0,final_pop,st_div_H,auc,fc
0,0.0,0.0,13.0,45.0,1034.0,0.18054727868737466,127203.0,22.977772671606072
1,0.0,1.0,13.0,45.0,1012.0,0.03631395698277549,123881.0,22.488883891359134
2,0.0,2.0,13.0,45.0,988.0,0.26645480375958475,120182.0,21.95555067654429
