,round,tube,sp_div_H,tot_pop_0,tot_final_pop,tot_auc,mean_fc,deg_score,nut_score
0,0.0,0.0,-0.0,12.0,268.0,17135.0,22.33331472223773,0.30909855720861135,0.30462110463089953
1,0.0,1.0,-0.0,12.0,262.0,16689.0,21.83331513890405,0.31283563089423083,0.3046210676822927
2,0.0,2.0,-0.0,12.0,283.0,11740.0,23.583313680571933,0.30873344886008036,0.30461990378536596
