,round,tube,nut,amount
0,0.0,0.0,0.0,0.09097066009124594
1,0.0,0.0,1.0,2000.0
2,0.0,0.0,2.0,0.7856586316272025
3,0.0,0.0,3.0,2000.0
4,0.0,1.0,0.0,0.2512139971984317
5,0.0,1.0,1.0,2000.0
6,0.0,1.0,2.0,0.4378026438826217
7,0.0,1.0,3.0,2000.0
8,0.0,2.0,0.0,0.3540135333919039
9,0.0,2.0,1.0,2000.0
10,0.0,2.0,2.0,0.7832992807473484
11,0.0,2.0,3.0,2000.0
