,round,tube,sp_div_H,tot_pop_0,tot_final_pop,tot_auc,mean_fc,deg_score,nut_score
0,0.0,0.0,-0.0,13.0,5.0,691.0,0.38461508875762407,0.07040298173284654,0.0739650482403248
1,0.0,1.0,-0.0,13.0,9.0,793.0,0.6923071597637233,0.07872343972868767,0.08568680350174429
2,0.0,2.0,-0.0,13.0,15.0,861.0,1.1538452662728722,0.0837440764478582,0.08715639338778336
