,round,tube,sp,pop_0,final_pop,st_div_H,auc,fc
0,0.0,0.0,3.0,12.0,469.0,-0.0,22942.0,39.08330076391603
1,0.0,1.0,3.0,12.0,409.0,0.4212218340963737,21093.0,34.083304930579224
2,0.0,2.0,3.0,12.0,404.0,0.21143070355126234,24343.0,33.666638611134495
