,round,tube,sp,pop_0,final_pop,st_div_H,auc,fc
0,0.0,0.0,8.0,28.0,531.0,1.7433233340109697,50958.0,18.96427894132895
1,0.0,1.0,8.0,28.0,517.0,1.6772865526072402,49651.0,18.464279119900315
2,0.0,2.0,8.0,28.0,512.0,1.380103187837841,49789.0,18.285707755104372
