,round,tube,sp_div_H,tot_pop_0,tot_final_pop,tot_auc,mean_fc,deg_score,nut_score
0,0.0,0.0,-0.0,2.0,383.0,29077.0,191.49904250478747,0.1370106103137373,0.2928932067472044
1,0.0,1.0,-0.0,2.0,340.0,26897.0,169.99915000424997,0.13351022602905438,0.292893185351929
2,0.0,2.0,-0.0,2.0,367.0,30585.0,183.49908250458748,0.13432822092204033,0.2928931892756358
