,round,tube,sp,st,final_pop
0,0,0,2,"(0.0, 0.09157891924815183, 0.05497067501782922, 0.1442546379822867, 0.048764882788552004, 0.0321943067327653, 0.0, 0.0, 0.1654908027082088, 0.0)",46
1,0,0,2,"(0.0, 0.09157891924815183, 0.05497067501782922, 0.1442546379822867, 0.048764882788552004, 0.021411192735823915, 0.0, 0.0, 0.1654908027082088, 0.0)",257
2,0,1,2,"(0.0, 0.09157891924815183, 0.05713604202998165, 0.1442546379822867, 0.029667664411824446, 0.021411192735823915, 0.0, 0.0, 0.11126420003498845, 0.0)",119
3,0,1,2,"(0.0, 0.09157891924815183, 0.05497067501782922, 0.1442546379822867, 0.048764882788552004, 0.021411192735823915, 0.0, 0.0, 0.1654908027082088, 0.0)",45
4,0,1,2,"(0.0, 0.09157891924815183, 0.05497067501782922, 0.1442546379822867, 0.048764882788552004, 0.0321943067327653, 0.0, 0.0, 0.1654908027082088, 0.0)",153
5,0,2,2,"(0.0, 0.09157891924815183, 0.05713604202998165, 0.1442546379822867, 0.029667664411824446, 0.021411192735823915, 0.0, 0.0, 0.11126420003498845, 0.0)",244
6,0,2,2,"(0.0, 0.09157891924815183, 0.05497067501782922, 0.1442546379822867, 0.048764882788552004, 0.0321943067327653, 0.0, 0.0, 0.1654908027082088, 0.0)",12
7,0,2,2,"(0.0, 0.09157891924815183, 0.05497067501782922, 0.1442546379822867, 0.048764882788552004, 0.021411192735823915, 0.0, 0.0, 0.1654908027082088, 0.0)",56
