,round,tube,sp,pop_0,final_pop,st_div_H,auc,fc
0,0.0,0.0,12.0,11.0,110.0,0.8958507535635474,6255.0,9.999990909099173
1,0.0,1.0,12.0,11.0,105.0,1.0407265943080695,7157.0,9.545445867776484
2,0.0,2.0,12.0,11.0,107.0,0.9610470894126245,7633.0,9.72726388430556
