,round,tube,nut,amount
0,0.0,0.0,0.0,80.42084921319875
1,0.0,0.0,1.0,2000.0
2,0.0,0.0,2.0,2000.0
3,0.0,0.0,3.0,0.45378413701849596
4,0.0,1.0,0.0,78.99743343333158
5,0.0,1.0,1.0,2000.0
6,0.0,1.0,2.0,2000.0
7,0.0,1.0,3.0,0.4537841370197653
8,0.0,2.0,0.0,77.57401765346468
9,0.0,2.0,1.0,2000.0
10,0.0,2.0,2.0,2000.0
11,0.0,2.0,3.0,0.45378413702065146
