,round,tube,sp,pop_0,final_pop,st_div_H,auc,fc
0,0.0,0.0,10.0,8.0,86.0,-0.0,17191.0,10.749986562516797
1,0.0,1.0,10.0,8.0,119.0,-0.0,17616.0,14.874981406273243
2,0.0,2.0,10.0,8.0,99.0,-0.0,17906.0,12.374984531269336
