,round,tube,nut,amount
0,0.0,0.0,0.0,0.39542420027749614
1,0.0,0.0,1.0,0.2643360686180518
2,0.0,0.0,2.0,2000.0
3,0.0,0.0,3.0,0.09596778841915743
4,0.0,1.0,0.0,891.5120191562487
5,0.0,1.0,1.0,0.13056852198335434
6,0.0,1.0,2.0,2000.0
7,0.0,1.0,3.0,0.4807324612772632
8,0.0,2.0,0.0,0.3013796967646094
9,0.0,2.0,1.0,0.327850548796524
10,0.0,2.0,2.0,2000.0
11,0.0,2.0,3.0,0.2829315773532164
