,round,tube,nut,amount
0,0.0,0.0,0.0,1730.9327310467684
1,0.0,0.0,1.0,2000.0
2,0.0,0.0,2.0,2000.0
3,0.0,0.0,3.0,1881.2267535730496
4,0.0,1.0,0.0,1829.8456316547522
5,0.0,1.0,1.0,2000.0
6,0.0,1.0,2.0,2000.0
7,0.0,1.0,3.0,1924.8894642565924
8,0.0,2.0,0.0,1454.5003526299768
9,0.0,2.0,1.0,2000.0
10,0.0,2.0,2.0,2000.0
11,0.0,2.0,3.0,1759.202357481264
