,round,tube,nut,amount
0,0.0,0.0,0.0,0.11741141518151099
1,0.0,0.0,1.0,2000.0
2,0.0,0.0,2.0,0.9406678146179646
3,0.0,0.0,3.0,2000.0
4,0.0,1.0,0.0,0.3120176454358585
5,0.0,1.0,1.0,2000.0
6,0.0,1.0,2.0,0.8550858560327977
7,0.0,1.0,3.0,2000.0
8,0.0,2.0,0.0,0.10910111170864911
9,0.0,2.0,1.0,2000.0
10,0.0,2.0,2.0,0.5763452302987376
11,0.0,2.0,3.0,2000.0
