,round,tube,nut,amount
0,0.0,0.0,0.0,1941.0721278972135
1,0.0,0.0,1.0,1748.0716675526908
2,0.0,0.0,2.0,1600.052127757238
3,0.0,0.0,3.0,2000.0
4,0.0,1.0,0.0,1900.6660038415646
5,0.0,1.0,1.0,1575.3274789242223
6,0.0,1.0,2.0,1325.8127438296358
7,0.0,1.0,3.0,2000.0
8,0.0,2.0,0.0,1891.3572622268769
9,0.0,2.0,1.0,1535.5307635756678
10,0.0,2.0,2.0,1262.63361875351
11,0.0,2.0,3.0,2000.0
