,round,tube,sp_div_H,tot_pop_0,tot_final_pop,tot_auc,mean_fc,deg_score,nut_score
0,0.0,0.0,-0.0,11.0,6.0,614.0,0.5454540495872277,0.07104217285241776,0.07077843265487838
1,0.0,1.0,-0.0,11.0,6.0,671.0,0.5454540495872277,0.0767928480377833,0.07649229372475697
2,0.0,2.0,-0.0,11.0,2.0,326.0,0.1818180165290759,0.03997786339419718,0.036842954580904586
