,round,tube,sp_div_H,tot_pop_0,tot_final_pop,tot_auc,mean_fc,deg_score,nut_score
0,0.0,0.0,0.0,1.0,0.0,7.0,0.0,0.000451315524927165,0.0008748320742302251
1,0.0,1.0,-0.0,1.0,142.0,2456.0,141.99858001419986,0.13459131052541873,0.22155582123687423
2,0.0,2.0,-0.0,1.0,135.0,2618.0,134.99865001349986,0.14308121321672163,0.2327253158446132
