,round,tube,sp,pop_0,final_pop,st_div_H,auc,fc
0,0.0,0.0,8.0,6.0,321.0,-0.0,12672.0,53.49991083348195
1,0.0,1.0,8.0,6.0,301.0,-0.0,13752.0,50.16658305569491
2,0.0,2.0,8.0,6.0,356.0,-0.0,11285.0,59.33323444460926
