,round,tube,nut,amount
0,0.0,0.0,0.0,0.5873378492814627
1,0.0,0.0,1.0,2000.0
2,0.0,0.0,2.0,0.4585079793423432
3,0.0,0.0,3.0,811.8745336775402
4,0.0,1.0,0.0,0.38898880427242855
5,0.0,1.0,1.0,2000.0
6,0.0,1.0,2.0,0.023957098544428845
7,0.0,1.0,3.0,811.7566672880447
8,0.0,2.0,0.0,0.5321798845981078
9,0.0,2.0,1.0,2000.0
10,0.0,2.0,2.0,0.20145298040472248
11,0.0,2.0,3.0,811.8417567607224
