,round,tube,sp,st,final_pop
0,0,0,1,"(0.0, 0.03926162523356134, 0.044588638878710875, 0.0, 0.031488363291038005, 0.0, 0.0, 0.0, 0.0, 0.034480130811573785)",471
1,0,0,1,"(0.0, 0.0666350847615036, 0.044588638878710875, 0.0, 0.031488363291038005, 0.0, 0.0, 0.0, 0.0, 0.03940937273118001)",12
2,0,1,1,"(0.0, 0.0666350847615036, 0.044588638878710875, 0.0, 0.031488363291038005, 0.0, 0.0, 0.0, 0.0, 0.03940937273118001)",11
3,0,1,1,"(0.0, 0.03926162523356134, 0.044588638878710875, 0.0, 0.031488363291038005, 0.0, 0.0, 0.0, 0.0, 0.034480130811573785)",425
4,0,2,1,"(0.0, 0.0666350847615036, 0.044588638878710875, 0.0, 0.031488363291038005, 0.0, 0.0, 0.0, 0.0, 0.03940937273118001)",34
5,0,2,1,"(0.0, 0.03926162523356134, 0.044588638878710875, 0.0, 0.031488363291038005, 0.0, 0.0, 0.0, 0.0, 0.034480130811573785)",456
