,round,tube,sp_div_H,tot_pop_0,tot_final_pop,tot_auc,mean_fc,deg_score,nut_score
0,0.0,0.0,-0.0,15.0,15.0,1071.0,0.9999993333337778,0.12232521355083725,0.12059216278974927
1,0.0,1.0,-0.0,15.0,8.0,719.0,0.5333329777780148,0.08718308938303343,0.0827662670915501
2,0.0,2.0,-0.0,15.0,14.0,1153.0,0.9333327111115259,0.1299825794226933,0.1307464586512136
