,round,tube,sp,pop_0,final_pop,st_div_H,auc,fc
0,0.0,0.0,14.0,26.0,520.0,0.8474134352938404,31915.0,19.999992307695265
1,0.0,1.0,14.0,26.0,535.0,0.719461779143779,36939.0,20.576915162724937
2,0.0,2.0,14.0,26.0,486.0,0.457123840131706,32413.0,18.692300502961345
