,round,tube,nut,amount
0,0.0,0.0,0.0,35.93252844709963
1,0.0,0.0,1.0,2000.0
2,0.0,0.0,2.0,2000.0
3,0.0,0.0,3.0,0.3387438999078883
4,0.0,1.0,0.0,33.912376166924645
5,0.0,1.0,1.0,2000.0
6,0.0,1.0,2.0,2000.0
7,0.0,1.0,3.0,0.5116701879783822
8,0.0,2.0,0.0,12.262844545104215
9,0.0,2.0,1.0,2000.0
10,0.0,2.0,2.0,2000.0
11,0.0,2.0,3.0,0.30619421721828977
