,round,tube,nut,amount
0,0.0,0.0,0.0,2000.0
1,0.0,0.0,1.0,1082.347398541193
2,0.0,0.0,2.0,0.24730948538422481
3,0.0,0.0,3.0,2000.0
4,0.0,1.0,0.0,2000.0
5,0.0,1.0,1.0,794.3812171851184
6,0.0,1.0,2.0,0.30598211892319327
7,0.0,1.0,3.0,2000.0
8,0.0,2.0,0.0,2000.0
9,0.0,2.0,1.0,1209.5648828671017
10,0.0,2.0,2.0,0.4368592891756249
11,0.0,2.0,3.0,2000.0
