,round,tube,sp_div_H,tot_pop_0,tot_final_pop,tot_auc,mean_fc,deg_score,nut_score
0,0.0,0.0,-0.0,4.0,237.0,15569.0,59.24985187537032,0.257781188245791,0.29289316545316113
1,0.0,1.0,0.0,4.0,0.0,63.0,0.0,0.0037552741275984625,0.006832895316146836
2,0.0,2.0,-0.0,4.0,249.0,13414.0,62.24984437538907,0.2589119813002706,0.29289321140160784
