,round,tube,sp_div_H,tot_pop_0,tot_final_pop,tot_auc,mean_fc,deg_score,nut_score
0,0.0,0.0,-0.0,3.0,622.0,20670.0,207.33264222452593,0.13257547337691655,0.28607979918264814
1,0.0,1.0,-0.0,3.0,559.0,25716.0,186.33271222429258,0.13746815004058865,0.2920570625788228
2,0.0,2.0,-0.0,3.0,569.0,27202.0,189.66603444655183,0.13518927788826451,0.2925501920096433
