,round,tube,sp_div_H,tot_pop_0,tot_final_pop,tot_auc,mean_fc,deg_score,nut_score
0,0.0,0.0,-0.0,10.0,1.0,244.0,0.0999999000001,0.029889460616778996,0.027096452429997697
1,0.0,1.0,0.0,10.0,0.0,249.0,0.0,0.03060970074544489,0.02762743705894677
2,0.0,2.0,0.0,10.0,0.0,148.0,0.0,0.018369424482872376,0.016469703070084996
