,round,tube,nut,amount
0,0.0,0.0,0.0,2000.0
1,0.0,0.0,1.0,0.7697894574847912
2,0.0,0.0,2.0,2000.0
3,0.0,0.0,3.0,1373.8413638856318
4,0.0,1.0,0.0,2000.0
5,0.0,1.0,1.0,0.46364141527761094
6,0.0,1.0,2.0,2000.0
7,0.0,1.0,3.0,0.9684929084671835
8,0.0,2.0,0.0,2000.0
9,0.0,2.0,1.0,0.25701592571822984
10,0.0,2.0,2.0,2000.0
11,0.0,2.0,3.0,405.4449865522298
