,round,tube,sp,pop_0,final_pop,st_div_H,auc,fc
0,0.0,0.0,12.0,8.0,301.0,-0.0,19771.0,37.62495296880879
1,0.0,1.0,12.0,8.0,300.0,-0.0,17245.0,37.499953125058596
2,0.0,2.0,12.0,8.0,277.0,-0.0,16405.0,34.6249567188041
