,round,tube,sp,pop_0,final_pop,st_div_H,auc,fc
0,0.0,0.0,13.0,49.0,1011.0,1.4590532795201665,108908.0,20.632648850479825
1,0.0,1.0,13.0,49.0,1026.0,1.5988502841260954,110536.0,20.93877123698546
2,0.0,2.0,13.0,49.0,979.0,1.4456865021041703,105569.0,19.979587759267805
