,round,tube,nut,amount
0,0.0,0.0,0.0,0.4775174020631033
1,0.0,0.0,1.0,0.41639477097370997
2,0.0,0.0,2.0,2000.0
3,0.0,0.0,3.0,1335.9622066037714
4,0.0,1.0,0.0,0.7123744226153708
5,0.0,1.0,1.0,0.2839546302380474
6,0.0,1.0,2.0,2000.0
7,0.0,1.0,3.0,1336.0402021947416
8,0.0,2.0,0.0,0.40070686251128845
9,0.0,2.0,1.0,0.3432031323198369
10,0.0,2.0,2.0,2000.0
11,0.0,2.0,3.0,615.2829764841149
