,round,tube,sp_div_H,tot_pop_0,tot_final_pop,tot_auc,mean_fc,deg_score,nut_score
0,0.0,0.0,-0.0,41.0,799.0,88085.0,19.487800124926796,0.16748104960959642,0.4923762151456259
1,0.0,1.0,-0.0,41.0,833.0,91096.0,20.317068215349213,0.17059694863527664,0.499999984746325
2,0.0,2.0,-0.0,41.0,774.0,83849.0,18.878044176086785,0.16642120954021677,0.49237129587471606
