,round,tube,nut,amount
0,0.0,0.0,0.0,0.24084377382396482
1,0.0,0.0,1.0,2000.0
2,0.0,0.0,2.0,0.4251644529368801
3,0.0,0.0,3.0,350.6930744458365
4,0.0,1.0,0.0,0.24593248031219517
5,0.0,1.0,1.0,2000.0
6,0.0,1.0,2.0,0.11182535079058731
7,0.0,1.0,3.0,0.9574769717147479
8,0.0,2.0,0.0,0.27346298456938456
9,0.0,2.0,1.0,2000.0
10,0.0,2.0,2.0,0.12314358899662353
11,0.0,2.0,3.0,0.8117006692830735
