,round,tube,sp_div_H,tot_pop_0,tot_final_pop,tot_auc,mean_fc,deg_score,nut_score
0,0.0,0.0,-0.0,10.0,369.0,13569.0,36.8999631000369,0.23475246252272985,0.3241685533604858
1,0.0,1.0,-0.0,10.0,380.0,13893.0,37.999962000038,0.23332651469787424,0.3258426379889624
2,0.0,2.0,-0.0,10.0,373.0,15299.0,37.2999627000373,0.23563903824034693,0.33510235602433947
