,round,tube,sp_div_H,tot_pop_0,tot_final_pop,tot_auc,mean_fc,deg_score,nut_score
0,0.0,0.0,-0.0,8.0,288.0,22038.0,35.999955000056254,0.18854379887079642,0.292893199237394
1,0.0,1.0,-0.0,8.0,274.0,18538.0,34.24995718755352,0.19207064652077854,0.29289317612220367
2,0.0,2.0,-0.0,8.0,277.0,16758.0,34.6249567188041,0.18843190480332783,0.2928931984661819
