,round,tube,sp_div_H,tot_pop_0,tot_final_pop,tot_auc,mean_fc,deg_score,nut_score
0,0.0,0.0,-0.0,14.0,66.0,8137.0,4.7142823469411805,0.1780024908983825,0.1339745959690718
1,0.0,1.0,-0.0,14.0,73.0,9187.0,5.214281989798579,0.17696693389293494,0.13397457863383522
2,0.0,2.0,-0.0,14.0,86.0,10304.0,6.142852755105175,0.17749267518342549,0.13397459552831703
