,round,tube,sp_div_H,tot_pop_0,tot_final_pop,tot_auc,mean_fc,deg_score,nut_score
0,0.0,0.0,-0.0,3.0,31.0,1244.0,10.333298889003704,0.1261994420364786,0.10588215192285078
1,0.0,1.0,-0.0,3.0,52.0,1382.0,17.33327555574815,0.1367542673529829,0.1122527665687415
2,0.0,2.0,-0.0,3.0,10.0,398.0,3.333322222259259,0.043362613129191985,0.0408579326366969
