,round,tube,sp_div_H,tot_pop_0,tot_final_pop,tot_auc,mean_fc,deg_score,nut_score
0,0.0,0.0,-0.0,28.0,649.0,52665.0,23.17856315051316,0.2532166344132938,0.3407391586825741
1,0.0,1.0,-0.0,28.0,699.0,55065.0,24.96427679847257,0.26320309018895416,0.4999999871907147
2,0.0,2.0,-0.0,28.0,667.0,53387.0,23.82142006377855,0.2636934554626753,0.49999993769040463
