,round,tube,sp_div_H,tot_pop_0,tot_final_pop,tot_auc,mean_fc,deg_score,nut_score
0,0.0,0.0,-0.0,5.0,877.0,84285.0,175.39964920070162,0.12560500225471494,0.29289317741224274
1,0.0,1.0,-0.0,5.0,906.0,94048.0,181.1996376007248,0.11449081654493576,0.29289320146981535
2,0.0,2.0,-0.0,5.0,929.0,90666.0,185.79962840074322,0.12197382363003595,0.29289317311931673
