,round,tube,sp_div_H,tot_pop_0,tot_final_pop,tot_auc,mean_fc,deg_score,nut_score
0,0.0,0.0,-0.0,8.0,125.0,8356.0,15.624980468774416,0.1756376786760231,0.13397457384238365
1,0.0,1.0,-0.0,8.0,147.0,7208.0,18.37497703127871,0.1737404627218354,0.1339745689242372
2,0.0,2.0,-0.0,8.0,150.0,8321.0,18.749976562529298,0.17674569217665403,0.13397457560662995
