,round,tube,sp_div_H,tot_pop_0,tot_final_pop,tot_auc,mean_fc,deg_score,nut_score
0,0.0,0.0,-0.0,9.0,80.0,9703.0,8.888879012356654,0.1754965333486218,0.13397458190771594
1,0.0,1.0,-0.0,9.0,87.0,8809.0,9.66665592593786,0.17566727914174174,0.13397459102224896
2,0.0,2.0,-0.0,9.0,80.0,9631.0,8.888879012356654,0.1786915491280041,0.13397456588675827
