,round,tube,sp_div_H,tot_pop_0,tot_final_pop,tot_auc,mean_fc,deg_score,nut_score
0,0.0,0.0,-0.0,1.0,2.0,154.0,1.9999800001999979,0.0017642130534134548,0.009891089751143167
1,0.0,1.0,-0.0,1.0,6.0,341.0,5.999940000599993,0.0038776771242718944,0.023823629750458375
2,0.0,2.0,0.0,1.0,0.0,3.0,0.0,3.489666346445652e-05,3.053453014778551e-05
