,round,tube,sp_div_H,tot_pop_0,tot_final_pop,tot_auc,mean_fc,deg_score,nut_score
0,0.0,0.0,-0.0,33.0,916.0,95522.0,27.75756734619171,0.16153391337303313,0.49236743575505504
1,0.0,1.0,-0.0,33.0,915.0,98690.0,27.727264325071413,0.1609518086046393,0.4923672155289508
2,0.0,2.0,-0.0,33.0,862.0,92301.0,26.121204205695694,0.16302515239983129,0.4923686302914664
