,round,tube,nut,amount
0,0.0,0.0,0.0,1987.9822162847674
1,0.0,0.0,1.0,1984.0843216368785
2,0.0,0.0,2.0,2000.0
3,0.0,0.0,3.0,1964.4539439289408
4,0.0,1.0,0.0,1975.2834833355942
5,0.0,1.0,1.0,1967.2668323204289
6,0.0,1.0,2.0,2000.0
7,0.0,1.0,3.0,1926.8937844070965
8,0.0,2.0,0.0,1946.2011725881653
9,0.0,2.0,1.0,1928.7518519479759
10,0.0,2.0,2.0,2000.0
11,0.0,2.0,3.0,1840.874475606061
