,round,tube,sp_div_H,tot_pop_0,tot_final_pop,tot_auc,mean_fc,deg_score,nut_score
0,0.0,0.0,-0.0,11.0,597.0,52932.0,54.27267793392915,0.2527973202334517,0.39871205119889075
1,0.0,1.0,-0.0,11.0,570.0,48513.0,51.81813471078663,0.25093887308134544,0.39870853355100444
2,0.0,2.0,-0.0,11.0,844.0,53798.0,76.72720297527003,0.2576460528814648,0.4934851079413055
