,round,tube,sp,pop_0,final_pop,st_div_H,auc,fc
0,0.0,0.0,0.0,11.0,224.0,0.462339213290101,23755.0,20.3636178512565
1,0.0,1.0,0.0,11.0,272.0,0.6181561099913326,23982.0,24.72725024795432
2,0.0,2.0,0.0,11.0,222.0,0.6931065988893228,21889.0,20.181799834727425
