,round,tube,sp_div_H,tot_pop_0,tot_final_pop,tot_auc,mean_fc,deg_score,nut_score
0,0.0,0.0,-0.0,2.0,104.0,15891.0,51.99974000129999,0.13408085252114588,0.13397456844087618
1,0.0,1.0,-0.0,2.0,126.0,14556.0,62.99968500157499,0.13484387778690698,0.13397456346295644
2,0.0,2.0,-0.0,2.0,112.0,14276.0,55.99972000139999,0.13715226634548205,0.13397459506118292
