,round,tube,sp_div_H,tot_pop_0,tot_final_pop,tot_auc,mean_fc,deg_score,nut_score
0,0.0,0.0,-0.0,14.0,6.0,792.0,0.42857112244919826,0.07888836571386826,0.08240046756848263
1,0.0,1.0,-0.0,14.0,7.0,885.0,0.49999964285739795,0.08626032193786803,0.09285951532008607
2,0.0,2.0,-0.0,14.0,4.0,806.0,0.2857140816327988,0.08020067347520177,0.0856476832094748
