,round,tube,sp_div_H,tot_pop_0,tot_final_pop,tot_auc,mean_fc,deg_score,nut_score
0,0.0,0.0,-0.0,12.0,306.0,33729.0,25.49997875001771,0.143783285937785,0.29289320080226866
1,0.0,1.0,-0.0,12.0,297.0,33729.0,24.749979375017187,0.14614621497114477,0.2928931719996133
2,0.0,2.0,-0.0,12.0,305.0,34374.0,25.41664548612876,0.14549790846948918,0.29289319214974685
