,round,tube,sp_div_H,tot_pop_0,tot_final_pop,tot_auc,mean_fc,deg_score,nut_score
0,0.0,0.0,-0.0,25.0,675.0,63653.0,26.999989200004322,0.22647946675582542,0.292893206702595
1,0.0,1.0,-0.0,25.0,653.0,60900.0,26.119989552004178,0.22388527353735932,0.29289321494340104
2,0.0,2.0,-0.0,25.0,695.0,63432.0,27.79998888000445,0.2254291065336873,0.29289321080965436
