,round,tube,sp_div_H,tot_pop_0,tot_final_pop,tot_auc,mean_fc,deg_score,nut_score
0,0.0,0.0,-0.0,29.0,361.0,51397.0,12.448271569561529,0.11916714161035902,0.45257913418957973
1,0.0,1.0,-0.0,29.0,323.0,51943.0,11.137927193818209,0.1177172377294129,0.45257653767562356
2,0.0,2.0,-0.0,29.0,345.0,49661.0,11.896547621880131,0.1177571315834205,0.45257848299222825
