,round,tube,sp,pop_0,final_pop,st_div_H,auc,fc
0,0.0,0.0,2.0,7.0,6.0,-0.0,478.0,0.8571416326548106
1,0.0,1.0,2.0,7.0,5.0,-0.0,377.0,0.7142846938790088
2,0.0,2.0,2.0,7.0,11.0,-0.0,759.0,1.5714263265338193
