,round,tube,sp,pop_0,final_pop,st_div_H,auc,fc
0,0.0,0.0,0.0,3.0,108.0,-0.0,5888.0,35.9998800004
1,0.0,1.0,0.0,3.0,121.0,-0.0,4999.0,40.333198889337034
2,0.0,2.0,0.0,3.0,83.0,-0.0,4819.0,27.66657444475185
