,round,tube,sp,pop_0,final_pop,st_div_H,auc,fc
0,0.0,0.0,8.0,24.0,246.0,1.5550721951997495,49314.0,10.249995729168447
1,0.0,1.0,8.0,24.0,275.0,1.9221545403004725,47792.0,11.458328559029768
2,0.0,2.0,8.0,24.0,343.0,1.2388624960732284,59001.0,14.291660711808037
