,round,tube,nut,amount
0,0.0,0.0,0.0,22.689812664629358
1,0.0,0.0,1.0,2000.0
2,0.0,0.0,2.0,2000.0
3,0.0,0.0,3.0,0.3895056124032987
4,0.0,1.0,0.0,43.62757325778477
5,0.0,1.0,1.0,2000.0
6,0.0,1.0,2.0,2000.0
7,0.0,1.0,3.0,0.38950561240293957
8,0.0,2.0,0.0,24.933144156752928
9,0.0,2.0,1.0,2000.0
10,0.0,2.0,2.0,2000.0
11,0.0,2.0,3.0,0.3895056124014566
