,round,tube,sp_div_H,tot_pop_0,tot_final_pop,tot_auc,mean_fc,deg_score,nut_score
0,0.0,0.0,-0.0,7.0,184.0,29546.0,26.285676734747522,0.18937163958523962,0.29289319937863334
1,0.0,1.0,-0.0,7.0,184.0,32870.0,26.285676734747522,0.1934438348587726,0.29289315949783534
2,0.0,2.0,-0.0,7.0,185.0,32002.0,26.428533673523326,0.1927682972747814,0.2928931974107227
