,round,tube,nut,amount
0,0.0,0.0,0.0,0.380317632316021
1,0.0,0.0,1.0,0.403044715999697
2,0.0,0.0,2.0,2000.0
3,0.0,0.0,3.0,10.554803506870256
4,0.0,1.0,0.0,0.6077984181746703
5,0.0,1.0,1.0,0.3566758240116593
6,0.0,1.0,2.0,2000.0
7,0.0,1.0,3.0,1336.0054726931462
8,0.0,2.0,0.0,0.6340313963596903
9,0.0,2.0,1.0,0.208511470412698
10,0.0,2.0,2.0,2000.0
11,0.0,2.0,3.0,1336.0141846176703
