,round,tube,nut,amount
0,0.0,0.0,0.0,0.21843192258955924
1,0.0,0.0,1.0,2000.0
2,0.0,0.0,2.0,0.6446079854237352
3,0.0,0.0,3.0,2000.0
4,0.0,1.0,0.0,0.2030132528198179
5,0.0,1.0,1.0,2000.0
6,0.0,1.0,2.0,0.40639072452972635
7,0.0,1.0,3.0,2000.0
8,0.0,2.0,0.0,0.21847099338143394
9,0.0,2.0,1.0,2000.0
10,0.0,2.0,2.0,0.3589601747469593
11,0.0,2.0,3.0,2000.0
