,round,tube,sp_div_H,tot_pop_0,tot_final_pop,tot_auc,mean_fc,deg_score,nut_score
0,0.0,0.0,-0.0,9.0,278.0,11432.0,30.88885456793937,0.24879635947349632,0.498627830668935
1,0.0,1.0,-0.0,9.0,271.0,10754.0,30.111077654358162,0.24603488171899968,0.49841384317942217
2,0.0,2.0,-0.0,9.0,241.0,9960.0,26.777748024724417,0.24346941506305086,0.4940639158514075
