,round,tube,sp,pop_0,final_pop,st_div_H,auc,fc
0,0.0,0.0,4.0,19.0,515.0,0.8201266332834376,40635.0,27.105248891974266
1,0.0,1.0,4.0,19.0,584.0,0.9496152950246852,37486.0,30.736825927986356
2,0.0,2.0,4.0,19.0,528.0,0.8344594755330281,41564.0,27.789459058179443
