,round,tube,sp_div_H,tot_pop_0,tot_final_pop,tot_auc,mean_fc,deg_score,nut_score
0,0.0,0.0,-0.0,9.0,2.0,321.0,0.22222197530891633,0.04047481398998376,0.038438095087262814
1,0.0,1.0,-0.0,9.0,2.0,351.0,0.22222197530891633,0.044163111897618346,0.04174449434198735
2,0.0,2.0,0.0,9.0,0.0,251.0,0.0,0.03203705373896526,0.030074925296059707
