,round,tube,nut,amount
0,0.0,0.0,0.0,2000.0
1,0.0,0.0,1.0,1344.5000660193323
2,0.0,0.0,2.0,2000.0
3,0.0,0.0,3.0,1949.458513502899
4,0.0,1.0,0.0,2000.0
5,0.0,1.0,1.0,0.8098711428172702
6,0.0,1.0,2.0,2000.0
7,0.0,1.0,3.0,1599.6726514741583
8,0.0,2.0,0.0,2000.0
9,0.0,2.0,1.0,475.2502384342887
10,0.0,2.0,2.0,2000.0
11,0.0,2.0,3.0,1882.4361140394874
