,round,tube,sp_div_H,tot_pop_0,tot_final_pop,tot_auc,mean_fc,deg_score,nut_score
0,0.0,0.0,-0.0,13.0,224.0,13092.0,17.230755976341555,0.24504717853386837,0.4986301529454885
1,0.0,1.0,-0.0,13.0,242.0,10625.0,18.615370295869003,0.2421264586663765,0.4972690305085603
2,0.0,2.0,-0.0,13.0,230.0,11608.0,17.692294082850704,0.2405751938839581,0.49862813583361143
