,round,tube,sp,st,final_pop
0,0,0,8,"(0.19235562551390653, 0.046525949225991035, 0.0, 0.0, 0.07022106556493442, 0.0, 0.08319516954615302, 0.1116381245929446, 0.0, 0.0)",269
1,0,1,8,"(0.19235562551390653, 0.046525949225991035, 0.0, 0.0, 0.07022106556493442, 0.0, 0.08319516954615302, 0.08489928646301015, 0.0, 0.0)",38
2,0,1,8,"(0.19235562551390653, 0.046525949225991035, 0.0, 0.0, 0.07022106556493442, 0.0, 0.08319516954615302, 0.1116381245929446, 0.0, 0.0)",201
3,0,2,8,"(0.19235562551390653, 0.046525949225991035, 0.0, 0.0, 0.07022106556493442, 0.0, 0.08319516954615302, 0.08489928646301015, 0.0, 0.0)",96
4,0,2,8,"(0.19235562551390653, 0.046525949225991035, 0.0, 0.0, 0.07022106556493442, 0.0, 0.08319516954615302, 0.1116381245929446, 0.0, 0.0)",124
