,round,tube,nut,amount
0,0.0,0.0,0.0,2000.0
1,0.0,0.0,1.0,1090.409964769343
2,0.0,0.0,2.0,2000.0
3,0.0,0.0,3.0,1864.1433537776825
4,0.0,1.0,0.0,2000.0
5,0.0,1.0,1.0,0.045967963140350676
6,0.0,1.0,2.0,2000.0
7,0.0,1.0,3.0,1497.4165784296367
8,0.0,2.0,0.0,2000.0
9,0.0,2.0,1.0,0.40759433285548585
10,0.0,2.0,2.0,2000.0
11,0.0,2.0,3.0,1102.3578327148973
