,round,tube,sp,pop_0,final_pop,st_div_H,auc,fc
0,0.0,0.0,13.0,7.0,92.0,-0.0,7985.0,13.142838367373761
1,0.0,1.0,13.0,7.0,84.0,-0.0,6103.0,11.999982857167348
2,0.0,2.0,13.0,7.0,93.0,0.44180334801001603,8447.0,13.285695306149563
