,round,tube,sp,pop_0,final_pop,st_div_H,auc,fc
0,0.0,0.0,0.0,11.0,61.0,-0.0,16143.0,5.545449504136815
1,0.0,1.0,0.0,11.0,71.0,-0.0,15844.0,6.454539586782194
2,0.0,2.0,0.0,11.0,71.0,-0.0,15654.0,6.454539586782194
