,round,tube,sp_div_H,tot_pop_0,tot_final_pop,tot_auc,mean_fc,deg_score,nut_score
0,0.0,0.0,0.0,3.0,0.0,17.0,0.0,0.0017291928299362214,0.0015133513363596585
1,0.0,1.0,0.0,3.0,0.0,64.0,0.0,0.006485058031586166,0.005678821553228297
2,0.0,2.0,0.0,3.0,0.0,52.0,0.0,0.00527428191097723,0.004617892483832264
