,round,tube,sp,pop_0,final_pop,st_div_H,auc,fc
0,0.0,0.0,12.0,12.0,155.0,0.7144535837576823,28307.0,12.916655902786749
1,0.0,1.0,12.0,12.0,135.0,0.6076934238709566,27091.0,11.249990625007813
2,0.0,2.0,12.0,12.0,163.0,0.6786440922481902,26479.0,13.583322013898322
