,round,tube,sp,st,final_pop
0,0,0,4,"(0.08702397986623236, 0.04886499162218148, 0.0, 0.04644947549881929, 0.0, 0.0, 0.0, 0.0, 0.13455250836499064, 0.09095299339644046)",6
1,0,0,4,"(0.08702397986623236, 0.04057620985814738, 0.0, 0.044088279107617735, 0.0, 0.0, 0.0, 0.0, 0.13455250836499064, 0.09095299339644046)",65
2,0,0,4,"(0.08702397986623236, 0.04886499162218148, 0.0, 0.044088279107617735, 0.0, 0.0, 0.0, 0.0, 0.13455250836499064, 0.09095299339644046)",401
3,0,1,4,"(0.08702397986623236, 0.04886499162218148, 0.0, 0.044088279107617735, 0.0, 0.0, 0.0, 0.0, 0.13455250836499064, 0.09095299339644046)",360
4,0,1,4,"(0.08702397986623236, 0.04057620985814738, 0.0, 0.044088279107617735, 0.0, 0.0, 0.0, 0.0, 0.13455250836499064, 0.09095299339644046)",61
5,0,1,4,"(0.08702397986623236, 0.04886499162218148, 0.0, 0.04644947549881929, 0.0, 0.0, 0.0, 0.0, 0.13455250836499064, 0.09095299339644046)",33
6,0,2,4,"(0.08702397986623236, 0.04886499162218148, 0.0, 0.044088279107617735, 0.0, 0.0, 0.0, 0.0, 0.13455250836499064, 0.09095299339644046)",464
7,0,2,4,"(0.08702397986623236, 0.04886499162218148, 0.0, 0.04644947549881929, 0.0, 0.0, 0.0, 0.0, 0.13455250836499064, 0.09095299339644046)",21
8,0,2,4,"(0.08702397986623236, 0.04057620985814738, 0.0, 0.044088279107617735, 0.0, 0.0, 0.0, 0.0, 0.13455250836499064, 0.09095299339644046)",27
