,round,tube,sp,pop_0,final_pop,st_div_H,auc,fc
0,0.0,0.0,10.0,8.0,98.0,0.6575285638010246,18499.0,12.249984687519142
1,0.0,1.0,10.0,8.0,111.0,0.09022197136551838,17372.0,13.87498265627168
2,0.0,2.0,10.0,8.0,99.0,1.0531710397272873,16898.0,12.374984531269336
