,round,tube,sp_div_H,tot_pop_0,tot_final_pop,tot_auc,mean_fc,deg_score,nut_score
0,0.0,0.0,-0.0,12.0,746.0,71221.0,62.16661486115429,0.19980863811278549,0.2928932044501934
1,0.0,1.0,-0.0,12.0,685.0,67554.0,57.08328576392853,0.19824692629093288,0.2928931830541728
2,0.0,2.0,-0.0,12.0,740.0,70419.0,61.666615277820604,0.196251316927753,0.29289321394373047
