,round,tube,nut,amount
0,0.0,0.0,0.0,1877.1850637597088
1,0.0,0.0,1.0,154.09644298860692
2,0.0,0.0,2.0,315.24430680945613
3,0.0,0.0,3.0,2000.0
4,0.0,1.0,0.0,1885.537116255789
5,0.0,1.0,1.0,279.62745642085304
6,0.0,1.0,2.0,429.8164299025876
7,0.0,1.0,3.0,2000.0
8,0.0,2.0,0.0,1886.158675743814
9,0.0,2.0,1.0,288.96947055175684
10,0.0,2.0,2.0,438.34288375394334
11,0.0,2.0,3.0,2000.0
