,round,tube,sp,st,final_pop
0,0,0,12,"(0.0, 0.1063989220923299, 0.0015111703434619284, 0.04642784640271252, 0.04551801859687406, 0.0, 0.12675493410285443, 0.19294877208059033, 0.0, 0.10322515837540021)",201
1,0,0,12,"(0.0, 0.1063989220923299, 0.0015111703434619284, 0.04642784640271252, 0.04551801859687406, 0.0, 0.12675493410285443, 0.19294877208059033, 0.0, 0.0791436885416545)",47
2,0,1,12,"(0.0, 0.1063989220923299, 0.0015111703434619284, 0.04642784640271252, 0.04551801859687406, 0.0, 0.12675493410285443, 0.19294877208059033, 0.0, 0.10322515837540021)",248
3,0,1,12,"(0.0, 0.1063989220923299, 0.0015111703434619284, 0.04642784640271252, 0.04551801859687406, 0.0, 0.12675493410285443, 0.19294877208059033, 0.0, 0.0791436885416545)",8
4,0,2,12,"(0.0, 0.1063989220923299, 0.0015111703434619284, 0.04642784640271252, 0.04551801859687406, 0.0, 0.12675493410285443, 0.19294877208059033, 0.0, 0.10322515837540021)",152
5,0,2,12,"(0.0, 0.1063989220923299, 0.0015111703434619284, 0.04642784640271252, 0.04551801859687406, 0.0, 0.12675493410285443, 0.19294877208059033, 0.0, 0.0791436885416545)",120
