,round,tube,sp,pop_0,final_pop,st_div_H,auc,fc
0,0.0,0.0,1.0,17.0,460.0,0.31247990692344146,30363.0,27.05880761246611
1,0.0,1.0,1.0,17.0,395.0,0.27560406548706035,32326.0,23.23528044983503
2,0.0,2.0,1.0,17.0,416.0,0.9021554285895588,31541.0,24.470573840838917
