,round,tube,sp,pop_0,final_pop,st_div_H,auc,fc
0,0.0,0.0,6.0,8.0,186.0,0.5593625693916906,17174.0,23.24997093753633
1,0.0,1.0,6.0,8.0,168.0,-0.0,19083.0,20.999973750032815
2,0.0,2.0,6.0,8.0,159.0,0.4350524486659727,19197.0,19.874975156281057
