,round,tube,sp,pop_0,final_pop,st_div_H,auc,fc
0,0.0,0.0,12.0,1.0,270.0,-0.0,30115.0,269.9973000269997
1,0.0,1.0,12.0,1.0,267.0,-0.0,30814.0,266.99733002669973
2,0.0,2.0,12.0,1.0,236.0,-0.0,32791.0,235.99764002359976
