,round,tube,nut,amount
0,0.0,0.0,0.0,2000.0
1,0.0,0.0,1.0,0.3462924358038286
2,0.0,0.0,2.0,0.7440237010210531
3,0.0,0.0,3.0,2000.0
4,0.0,1.0,0.0,2000.0
5,0.0,1.0,1.0,0.4154602319943663
6,0.0,1.0,2.0,0.7127629543984103
7,0.0,1.0,3.0,2000.0
8,0.0,2.0,0.0,2000.0
9,0.0,2.0,1.0,0.30799681517370914
10,0.0,2.0,2.0,0.02160936586168738
11,0.0,2.0,3.0,2000.0
