,round,tube,sp,pop_0,final_pop,st_div_H,auc,fc
0,0.0,0.0,13.0,16.0,71.0,0.4760596480456492,10524.0,4.437497226564234
1,0.0,1.0,13.0,16.0,65.0,0.5004024235381879,9370.0,4.062497460939087
2,0.0,2.0,13.0,16.0,77.0,0.6417714501424125,10460.0,4.81249699218938
