,round,tube,sp,pop_0,final_pop,st_div_H,auc,fc
0,0.0,0.0,1.0,11.0,475.0,1.1442250879622633,42498.0,43.18177892565552
1,0.0,1.0,1.0,11.0,533.0,0.6999606888349189,43651.0,48.45450140499872
2,0.0,2.0,1.0,11.0,489.0,0.6964932448613996,40021.0,44.454505041359056
