,round,tube,nut,amount
0,0.0,0.0,0.0,2000.0
1,0.0,0.0,1.0,2000.0
2,0.0,0.0,2.0,0.6591405696020591
3,0.0,0.0,3.0,1180.0846691425588
4,0.0,1.0,0.0,2000.0
5,0.0,1.0,1.0,2000.0
6,0.0,1.0,2.0,0.1689021041323735
7,0.0,1.0,3.0,693.1780644268747
8,0.0,2.0,0.0,2000.0
9,0.0,2.0,1.0,2000.0
10,0.0,2.0,2.0,0.45282405639745216
11,0.0,2.0,3.0,0.6861358890265858
