,round,tube,sp,pop_0,final_pop,st_div_H,auc,fc
0,0.0,0.0,13.0,12.0,444.0,1.6462461766104135,44906.0,36.99996916669236
1,0.0,1.0,13.0,12.0,357.0,1.6871237142737048,40906.0,29.749975208353995
2,0.0,2.0,13.0,12.0,428.0,1.903521717688666,45624.0,35.66663694446921
