,round,tube,sp,pop_0,final_pop,st_div_H,auc,fc
0,0.0,0.0,7.0,9.0,35.0,0.5700471705012848,2086.0,3.888884567906036
1,0.0,1.0,7.0,9.0,0.0,,448.0,0.0
2,0.0,2.0,7.0,9.0,10.0,0.3250829733914482,798.0,1.1111098765445817
