,round,tube,nut,amount
0,0.0,0.0,0.0,2000.0
1,0.0,0.0,1.0,0.4285068873026958
2,0.0,0.0,2.0,2000.0
3,0.0,0.0,3.0,552.7987206184724
4,0.0,1.0,0.0,2000.0
5,0.0,1.0,1.0,0.2481584278325819
6,0.0,1.0,2.0,2000.0
7,0.0,1.0,3.0,407.4994499302856
8,0.0,2.0,0.0,2000.0
9,0.0,2.0,1.0,0.7243087030290525
10,0.0,2.0,2.0,2000.0
11,0.0,2.0,3.0,48.972995349840566
