,round,tube,nut,amount
0,0.0,0.0,0.0,1985.31472581859
1,0.0,0.0,1.0,1980.5516469522277
2,0.0,0.0,2.0,2000.0
3,0.0,0.0,3.0,1956.56407272417
4,0.0,1.0,0.0,1982.0003770345825
5,0.0,1.0,1.0,1976.1623094105291
6,0.0,1.0,2.0,2000.0
7,0.0,1.0,3.0,1946.7609317701867
8,0.0,2.0,0.0,1966.1365842045275
9,0.0,2.0,1.0,1955.15319239816
10,0.0,2.0,2.0,2000.0
11,0.0,2.0,3.0,1899.8391962156834
