,round,tube,sp_div_H,tot_pop_0,tot_final_pop,tot_auc,mean_fc,deg_score,nut_score
0,0.0,0.0,-0.0,9.0,58.0,4047.0,6.444437283958574,0.15896140432011197,0.13397459201225692
1,0.0,1.0,-0.0,9.0,41.0,1254.0,4.555550493832785,0.08441307436766199,0.09032621505016669
2,0.0,2.0,-0.0,9.0,82.0,3738.0,9.11110098766557,0.16126212582848298,0.13397457635723975
