,round,tube,sp,pop_0,final_pop,st_div_H,auc,fc
0,0.0,0.0,4.0,11.0,347.0,0.47805679905909193,53104.0,31.545425867794666
1,0.0,1.0,4.0,11.0,409.0,0.5589525512583808,56220.0,37.18178438019602
2,0.0,2.0,4.0,11.0,431.0,0.14326874647332122,59268.0,39.181782562015854
