,round,tube,sp_div_H,tot_pop_0,tot_final_pop,tot_auc,mean_fc,deg_score,nut_score
0,0.0,0.0,-0.0,6.0,11.0,590.0,1.8333302777828704,0.030677435596014546,0.0305437233060597
1,0.0,1.0,-0.0,6.0,3.0,479.0,0.4999991666680556,0.025685348993577217,0.026786624479600007
2,0.0,2.0,-0.0,6.0,7.0,465.0,1.1666647222254631,0.0247917812203865,0.023634778584474936
