,round,tube,sp,pop_0,final_pop,st_div_H,auc,fc
0,0.0,0.0,0.0,16.0,102.0,0.22371807606583377,11077.0,6.374996015627491
1,0.0,1.0,0.0,16.0,117.0,-0.0,12135.0,7.312495429690356
2,0.0,2.0,0.0,16.0,115.0,0.38721237518636065,12379.0,7.187495507815308
