,round,tube,sp_div_H,tot_pop_0,tot_final_pop,tot_auc,mean_fc,deg_score,nut_score
0,0.0,0.0,-0.0,11.0,24.0,1526.0,2.1818161983489106,0.12501058331668724,0.11919641542219528
1,0.0,1.0,-0.0,11.0,23.0,1385.0,2.0909071900843728,0.11852508566015274,0.1126165768918328
2,0.0,2.0,-0.0,11.0,38.0,1897.0,3.454542314052442,0.1366697277722263,0.1277890437722975
