,round,tube,sp_div_H,tot_pop_0,tot_final_pop,tot_auc,mean_fc,deg_score,nut_score
0,0.0,0.0,-0.0,10.0,8.0,734.0,0.7999992000008,0.08891723747134206,0.08096097674519642
1,0.0,1.0,-0.0,10.0,11.0,850.0,1.0999989000011001,0.10148587148346255,0.09257605560892568
2,0.0,2.0,-0.0,10.0,7.0,763.0,0.6999993000007,0.09229067040167194,0.08376997016002274
