,round,tube,sp_div_H,tot_pop_0,tot_final_pop,tot_auc,mean_fc,deg_score,nut_score
0,0.0,0.0,-0.0,20.0,93.0,18845.0,4.6499976750011625,0.09671777577700524,0.13397459581105298
1,0.0,1.0,-0.0,20.0,86.0,18486.0,4.299997850001075,0.09626309538478561,0.13397456169635147
2,0.0,2.0,-0.0,20.0,77.0,18175.0,3.8499980750009626,0.09724248232938637,0.13397459621172603
