,round,tube,sp,pop_0,final_pop,st_div_H,auc,fc
0,0.0,0.0,5.0,7.0,685.0,-0.0,30607.0,97.85700306142421
1,0.0,1.0,5.0,7.0,850.0,-0.0,26713.0,121.42839795943149
2,0.0,2.0,5.0,7.0,642.0,-0.0,31043.0,91.71415469406473
