,round,tube,nut,amount
0,0.0,0.0,0.0,2000.0
1,0.0,0.0,1.0,0.5695652779439371
2,0.0,0.0,2.0,2000.0
3,0.0,0.0,3.0,0.24081278753798263
4,0.0,1.0,0.0,2000.0
5,0.0,1.0,1.0,0.08863549459337428
6,0.0,1.0,2.0,2000.0
7,0.0,1.0,3.0,0.1520391354971924
8,0.0,2.0,0.0,2000.0
9,0.0,2.0,1.0,0.8689373412742833
10,0.0,2.0,2.0,2000.0
11,0.0,2.0,3.0,0.6166232934169615
