,round,tube,sp_div_H,tot_pop_0,tot_final_pop,tot_auc,mean_fc,deg_score,nut_score
0,0.0,0.0,-0.0,2.0,730.0,17030.0,364.99817500912496,0.20103173206140768,0.3067792764971776
1,0.0,1.0,-0.0,2.0,438.0,7322.0,218.99890500547497,0.15339590473564113,0.2434282300580436
2,0.0,2.0,-0.0,2.0,274.0,3909.0,136.99931500342498,0.10338476947127473,0.15060873968384192
