,round,tube,sp_div_H,tot_pop_0,tot_final_pop,tot_auc,mean_fc,deg_score,nut_score
0,0.0,0.0,-0.0,50.0,942.0,100518.0,18.839996232000754,0.15737784685118894,0.49237537221795236
1,0.0,1.0,-0.0,50.0,940.0,100905.0,18.799996240000752,0.15782812745214114,0.49999994615774945
2,0.0,2.0,-0.0,50.0,944.0,102677.0,18.879996224000752,0.15550234539184338,0.49237335469216714
