,round,tube,nut,amount
0,0.0,0.0,0.0,1863.5153422358565
1,0.0,0.0,1.0,0.47298521720321773
2,0.0,0.0,2.0,127.72524873190942
3,0.0,0.0,3.0,2000.0
4,0.0,1.0,0.0,1856.2548198172292
5,0.0,1.0,1.0,0.3629168458172043
6,0.0,1.0,2.0,28.12656102513868
7,0.0,1.0,3.0,2000.0
8,0.0,2.0,0.0,1856.1616606556906
9,0.0,2.0,1.0,0.4239788532365696
10,0.0,2.0,2.0,26.84861851593532
11,0.0,2.0,3.0,2000.0
