,round,tube,nut,amount
0,0.0,0.0,0.0,1718.7077567938
1,0.0,0.0,1.0,0.657938489898467
2,0.0,0.0,2.0,2000.0
3,0.0,0.0,3.0,0.33449356334403635
4,0.0,1.0,0.0,1718.7017038776614
5,0.0,1.0,1.0,0.6149161523839805
6,0.0,1.0,2.0,2000.0
7,0.0,1.0,3.0,0.42729819704060235
8,0.0,2.0,0.0,1718.7191771719295
9,0.0,2.0,1.0,0.7391111596226371
10,0.0,2.0,2.0,2000.0
11,0.0,2.0,3.0,0.3233376617935438
