,round,tube,sp_div_H,tot_pop_0,tot_final_pop,tot_auc,mean_fc,deg_score,nut_score
0,0.0,0.0,-0.0,20.0,783.0,78714.0,39.14998042500979,0.1790552693946149,0.49236901928324706
1,0.0,1.0,-0.0,20.0,766.0,76693.0,38.299980850009575,0.18085369174759258,0.49999999172993526
2,0.0,2.0,-0.0,20.0,753.0,76839.0,37.649981175009415,0.1782052947059677,0.49236961591416906
