,round,tube,sp,pop_0,final_pop,st_div_H,auc,fc
0,0.0,0.0,6.0,13.0,154.0,-0.0,20555.0,11.846144733734821
1,0.0,1.0,6.0,13.0,142.0,-0.0,20173.0,10.923068520716523
2,0.0,2.0,6.0,13.0,150.0,-0.0,21760.0,11.538452662728721
