,round,tube,nut,amount
0,0.0,0.0,0.0,1803.5313750472465
1,0.0,0.0,1.0,2000.0
2,0.0,0.0,2.0,1753.7572588180994
3,0.0,0.0,3.0,1810.0458635105324
4,0.0,1.0,0.0,691.7271275583928
5,0.0,1.0,1.0,2000.0
6,0.0,1.0,2.0,360.2842519948994
7,0.0,1.0,3.0,735.1067182507907
8,0.0,2.0,0.0,1868.5898317442297
9,0.0,2.0,1.0,2000.0
10,0.0,2.0,2.0,1835.297874873113
11,0.0,2.0,3.0,1872.9471179280513
