,round,tube,sp,pop_0,final_pop,st_div_H,auc,fc
0,0.0,0.0,10.0,5.0,96.0,0.37677016125643675,17970.0,19.1999616000768
1,0.0,1.0,10.0,5.0,112.0,0.6138600648777941,15676.0,22.3999552000896
2,0.0,2.0,10.0,5.0,93.0,0.6800829048357611,15915.0,18.5999628000744
