,round,tube,sp,pop_0,final_pop,st_div_H,auc,fc
0,0.0,0.0,4.0,7.0,71.0,-0.0,2437.0,10.142842653081924
1,0.0,1.0,4.0,7.0,74.0,-0.0,2263.0,10.57141346940933
2,0.0,2.0,4.0,7.0,100.0,-0.0,3708.0,14.285693877580176
