,round,tube,nut,amount
0,0.0,0.0,0.0,1211.0216024693145
1,0.0,0.0,1.0,429.5061865916878
2,0.0,0.0,2.0,435.8294395262903
3,0.0,0.0,3.0,2000.0
4,0.0,1.0,0.0,991.4983047612271
5,0.0,1.0,1.0,0.39118712289895696
6,0.0,1.0,2.0,0.6186901727336298
7,0.0,1.0,3.0,2000.0
8,0.0,2.0,0.0,991.3991338274698
9,0.0,2.0,1.0,0.193783317652155
10,0.0,2.0,2.0,0.4220811711271859
11,0.0,2.0,3.0,2000.0
