,round,tube,sp_div_H,tot_pop_0,tot_final_pop,tot_auc,mean_fc,deg_score,nut_score
0,0.0,0.0,-0.0,6.0,81.0,9442.0,13.4999775000375,0.17844429629689518,0.13397459258279154
1,0.0,1.0,-0.0,6.0,99.0,8780.0,16.499972500045835,0.17909903118010162,0.13397458996352085
2,0.0,2.0,-0.0,6.0,100.0,8424.0,16.666638888935186,0.1778344642273071,0.1339745770420233
