,round,tube,sp_div_H,tot_pop_0,tot_final_pop,tot_auc,mean_fc,deg_score,nut_score
0,0.0,0.0,-0.0,4.0,51.0,22508.0,12.749968125079688,0.050010035600240865,0.13397456221355897
1,0.0,1.0,-0.0,4.0,49.0,21065.0,12.249969375076564,0.04680339605767714,0.13397459264930012
2,0.0,2.0,-0.0,4.0,50.0,23020.0,12.499968750078127,0.04725474332167612,0.1339745800573855
