,round,tube,nut,amount
0,0.0,0.0,0.0,0.005782044720218593
1,0.0,0.0,1.0,2000.0
2,0.0,0.0,2.0,0.8115313450242998
3,0.0,0.0,3.0,0.3612216244591244
4,0.0,1.0,0.0,0.15670678819947437
5,0.0,1.0,1.0,2000.0
6,0.0,1.0,2.0,1332.9870625897554
7,0.0,1.0,3.0,0.5121195455528746
8,0.0,2.0,0.0,0.34187077402446775
9,0.0,2.0,1.0,2000.0
10,0.0,2.0,2.0,1333.048820815768
11,0.0,2.0,3.0,0.6972506239758318
