,round,tube,sp,pop_0,final_pop,st_div_H,auc,fc
0,0.0,0.0,8.0,3.0,489.0,-0.0,28673.0,162.99945666847776
1,0.0,1.0,8.0,3.0,462.0,-0.0,32650.0,153.99948666837776
2,0.0,2.0,8.0,3.0,481.0,-0.0,34801.0,160.33279889067035
