,round,tube,sp,st,final_pop
0,0,0,8,"(0.0, 0.016643627919484913, 0.009741072270180132, 0.0, 0.0, 0.0, 0.0003140693611367358, 0.0, 0.0, 0.0)",13
1,0,0,8,"(0.0, 0.014923079533016897, 0.008201379411185187, 0.0, 0.0, 0.0, 0.00016777041568947836, 0.0, 0.0, 0.0)",304
2,0,1,8,"(0.0, 0.014923079533016897, 0.008201379411185187, 0.0, 0.0, 0.0, 0.00016777041568947836, 0.0, 0.0, 0.0)",200
3,0,1,8,"(0.0, 0.016643627919484913, 0.009741072270180132, 0.0, 0.0, 0.0, 0.0003140693611367358, 0.0, 0.0, 0.0)",53
4,0,1,8,"(0.0, 0.016643627919484913, 0.02852076469392659, 0.0, 0.0, 0.0, 0.0002563629263451466, 0.0, 0.0, 0.0)",3
5,0,2,8,"(0.0, 0.014923079533016897, 0.008201379411185187, 0.0, 0.0, 0.0, 0.00016777041568947836, 0.0, 0.0, 0.0)",249
6,0,2,8,"(0.0, 0.016643627919484913, 0.009741072270180132, 0.0, 0.0, 0.0, 0.0003140693611367358, 0.0, 0.0, 0.0)",14
7,0,2,8,"(0.0, 0.016643627919484913, 0.02852076469392659, 0.0, 0.0, 0.0, 0.0002563629263451466, 0.0, 0.0, 0.0)",58
