,round,tube,sp,pop_0,final_pop,st_div_H,auc,fc
0,0.0,0.0,7.0,6.0,8.0,-0.0,796.0,1.333331111114815
1,0.0,1.0,7.0,6.0,10.0,-0.0,589.0,1.6666638888935186
2,0.0,2.0,7.0,6.0,2.0,-0.0,207.0,0.33333277777870374
