,round,tube,sp,pop_0,final_pop,st_div_H,auc,fc
0,0.0,0.0,10.0,7.0,231.0,-0.0,12311.0,32.999952857210204
1,0.0,1.0,10.0,7.0,242.0,-0.0,12803.0,34.57137918374403
2,0.0,2.0,10.0,7.0,246.0,-0.0,14517.0,35.14280693884723
