,round,tube,sp_div_H,tot_pop_0,tot_final_pop,tot_auc,mean_fc,deg_score,nut_score
0,0.0,0.0,-0.0,7.0,127.0,4922.0,18.142831224526823,0.18035486669467138,0.23050855818049465
1,0.0,1.0,-0.0,7.0,95.0,2625.0,13.571409183701167,0.13423042457290513,0.16008746530936258
2,0.0,2.0,-0.0,7.0,126.0,3873.0,17.999974285751023,0.16643245886160363,0.2133290874580117
