,round,tube,sp_div_H,tot_pop_0,tot_final_pop,tot_auc,mean_fc,deg_score,nut_score
0,0.0,0.0,-0.0,2.0,155.0,4827.0,77.49961250193749,0.17819547743828268,0.13397459309468085
1,0.0,1.0,-0.0,2.0,123.0,7447.0,61.49969250153749,0.18461544298678545,0.13397459522026445
2,0.0,2.0,-0.0,2.0,127.0,6644.0,63.49968250158749,0.178143533308316,0.13397457331794482
