,round,tube,sp_div_H,tot_pop_0,tot_final_pop,tot_auc,mean_fc,deg_score,nut_score
0,0.0,0.0,-0.0,13.0,396.0,19051.0,30.461515029603824,0.23278905074922074,0.4497095154566798
1,0.0,1.0,-0.0,13.0,438.0,24156.0,33.692281775167864,0.23179764455065732,0.44970384800486174
2,0.0,2.0,-0.0,13.0,405.0,22485.0,31.15382218936755,0.23081080004112509,0.4496950548894627
