,round,tube,nut,amount
0,0.0,0.0,0.0,0.5071842812478242
1,0.0,0.0,1.0,0.36465686850865114
2,0.0,0.0,2.0,1677.4744063159703
3,0.0,0.0,3.0,1456.7735892013739
4,0.0,1.0,0.0,0.2737717529989223
5,0.0,1.0,1.0,0.25698017801698586
6,0.0,1.0,2.0,812.8493177261647
7,0.0,1.0,3.0,0.4947922348549546
8,0.0,2.0,0.0,0.43837397316267235
9,0.0,2.0,1.0,0.30769885886886383
10,0.0,2.0,2.0,1677.4633069585282
11,0.0,2.0,3.0,1456.7548946722459
