,round,tube,sp,pop_0,final_pop,st_div_H,auc,fc
0,0.0,0.0,2.0,8.0,65.0,-0.0,6269.0,8.124989843762696
1,0.0,1.0,2.0,8.0,73.0,-0.0,5606.0,9.124988593764257
2,0.0,2.0,2.0,8.0,63.0,-0.0,5582.0,7.874990156262305
