,round,tube,sp,pop_0,final_pop,st_div_H,auc,fc
0,0.0,0.0,5.0,7.0,118.0,-0.0,9014.0,16.857118775544606
1,0.0,1.0,5.0,7.0,116.0,-0.0,8361.0,16.571404897993006
2,0.0,2.0,5.0,7.0,108.0,-0.0,7708.0,15.428549387786589
