,round,tube,sp_div_H,tot_pop_0,tot_final_pop,tot_auc,mean_fc,deg_score,nut_score
0,0.0,0.0,-0.0,9.0,154.0,5520.0,17.111092098786557,0.2468397539807985,0.26772085734835027
1,0.0,1.0,-0.0,9.0,79.0,2827.0,8.777768024702196,0.1959527459437287,0.2280011589821065
2,0.0,2.0,-0.0,9.0,110.0,4083.0,12.222208641990399,0.22467076417892673,0.2523171722054278
