,round,tube,sp_div_H,tot_pop_0,tot_final_pop,tot_auc,mean_fc,deg_score,nut_score
0,0.0,0.0,-0.0,5.0,393.0,39373.0,78.5998428003144,0.1392185872453554,0.29289317450077945
1,0.0,1.0,-0.0,5.0,409.0,37490.0,81.79983640032721,0.1383316102093931,0.29289317038712936
2,0.0,2.0,-0.0,5.0,331.0,38203.0,66.19986760026481,0.13693670464969376,0.2928932003385142
