,round,tube,nut,amount
0,0.0,0.0,0.0,1866.9375917739762
1,0.0,0.0,1.0,0.2711104574794283
2,0.0,0.0,2.0,174.6711216798476
3,0.0,0.0,3.0,2000.0
4,0.0,1.0,0.0,1864.327060489927
5,0.0,1.0,1.0,0.502808447283861
6,0.0,1.0,2.0,138.86027018511913
7,0.0,1.0,3.0,2000.0
8,0.0,2.0,0.0,1866.9366443226295
9,0.0,2.0,1.0,0.45310580905425923
10,0.0,2.0,2.0,174.6581246936203
11,0.0,2.0,3.0,2000.0
