,round,tube,sp,st,final_pop
0,0,0,2,"(0.006614148019534969, 0.0, 0.0283353431744249, 0.0, 0.02182178219901092, 0.0, 0.0, 0.0, 0.0, 0.08105041580639258)",140
1,0,1,2,"(0.006614148019534969, 0.0, 0.0283353431744249, 0.0, 0.02182178219901092, 0.0, 0.0, 0.0, 0.0, 0.08105041580639258)",57
2,0,1,2,"(0.007140861789212382, 0.0, 0.0283353431744249, 0.0, 0.02182178219901092, 0.0, 0.0, 0.0, 0.0, 0.06886563135133246)",59
3,0,2,2,"(0.006614148019534969, 0.0, 0.0283353431744249, 0.0, 0.02182178219901092, 0.0, 0.0, 0.0, 0.0, 0.08105041580639258)",38
