,round,tube,sp,pop_0,final_pop,st_div_H,auc,fc
0,0.0,0.0,8.0,21.0,586.0,0.8750020877729622,52585.0,27.904748616786375
1,0.0,1.0,8.0,21.0,591.0,1.1538594681069523,53912.0,28.14284374150298
2,0.0,2.0,8.0,21.0,584.0,1.0311135029833025,52164.0,27.809510566899732
