,round,tube,sp_div_H,tot_pop_0,tot_final_pop,tot_auc,mean_fc,deg_score,nut_score
0,0.0,0.0,-0.0,10.0,16.0,1440.0,1.5999984000016,0.10139044638058148,0.09580373661691532
1,0.0,1.0,-0.0,10.0,1.0,281.0,0.0999999000001,0.027342536719084598,0.02524228368107595
2,0.0,2.0,-0.0,10.0,33.0,1198.0,3.2999967000033,0.08490370192588081,0.083533318855739
