,round,tube,sp,pop_0,final_pop,st_div_H,auc,fc
0,0.0,0.0,12.0,25.0,210.0,0.17692035111794388,15703.0,8.399996640001344
1,0.0,1.0,12.0,25.0,201.0,-0.0,13233.0,8.039996784001287
2,0.0,2.0,12.0,25.0,206.0,0.054658823618027506,15552.0,8.23999670400132
