,round,tube,sp,pop_0,final_pop,st_div_H,auc,fc
0,0.0,0.0,5.0,11.0,91.0,1.076678785293658,7457.0,8.272719752072954
1,0.0,1.0,5.0,11.0,82.0,0.9199757172108232,7921.0,7.454538677692112
2,0.0,2.0,5.0,11.0,70.0,0.21903252178902116,7057.0,6.363630578517656
