,round,tube,sp,st,final_pop
0,0,0,5,"(0.05422967147898981, 0.04158734758983578, 0.0, 0.10340148336577457, 0.061481196520038466, 0.0, 0.05196530257504701, 0.0841018434912883, 0.0, 0.0)",22
1,0,0,5,"(0.05422967147898981, 0.03775482593710799, 0.0, 0.1038802032761353, 0.061481196520038466, 0.0, 0.05876917798978689, 0.0841018434912883, 0.0, 0.0)",32
2,0,0,5,"(0.05422967147898981, 0.03775482593710799, 0.0, 0.1038802032761353, 0.061481196520038466, 0.0, 0.05196530257504701, 0.0841018434912883, 0.0, 0.0)",37
3,0,1,5,"(0.05422967147898981, 0.03775482593710799, 0.0, 0.1038802032761353, 0.061481196520038466, 0.0, 0.05196530257504701, 0.0841018434912883, 0.0, 0.0)",50
4,0,1,5,"(0.05422967147898981, 0.03775482593710799, 0.0, 0.1038802032761353, 0.061481196520038466, 0.0, 0.05876917798978689, 0.0841018434912883, 0.0, 0.0)",21
5,0,1,5,"(0.05422967147898981, 0.04158734758983578, 0.0, 0.10340148336577457, 0.061481196520038466, 0.0, 0.05196530257504701, 0.0841018434912883, 0.0, 0.0)",11
6,0,2,5,"(0.05422967147898981, 0.03775482593710799, 0.0, 0.1038802032761353, 0.061481196520038466, 0.0, 0.05196530257504701, 0.0841018434912883, 0.0, 0.0)",66
7,0,2,5,"(0.05422967147898981, 0.04158734758983578, 0.0, 0.10340148336577457, 0.061481196520038466, 0.0, 0.05196530257504701, 0.0841018434912883, 0.0, 0.0)",4
