,round,tube,nut,amount
0,0.0,0.0,0.0,2000.0
1,0.0,0.0,1.0,0.38501355372085677
2,0.0,0.0,2.0,2000.0
3,0.0,0.0,3.0,0.03819227369260281
4,0.0,1.0,0.0,2000.0
5,0.0,1.0,1.0,0.2165237014026059
6,0.0,1.0,2.0,2000.0
7,0.0,1.0,3.0,0.14920568410111734
8,0.0,2.0,0.0,2000.0
9,0.0,2.0,1.0,0.6809310820977208
10,0.0,2.0,2.0,2000.0
11,0.0,2.0,3.0,0.5208154247536946
