,round,tube,sp_div_H,tot_pop_0,tot_final_pop,tot_auc,mean_fc,deg_score,nut_score
0,0.0,0.0,-0.0,11.0,11.0,992.0,0.9999990909099173,0.07542397348702978,0.07091321355857061
1,0.0,1.0,-0.0,11.0,5.0,411.0,0.45454504132268975,0.03360597424766765,0.035102614742479554
2,0.0,2.0,-0.0,11.0,2.0,500.0,0.1818180165290759,0.04077017880493172,0.041127085473158576
