,round,tube,sp,pop_0,final_pop,st_div_H,auc,fc
0,0.0,0.0,6.0,9.0,167.0,0.7432030880302953,23905.0,18.555534938294514
1,0.0,1.0,6.0,9.0,179.0,1.0437798464262844,21128.0,19.88886679014801
2,0.0,2.0,6.0,9.0,177.0,0.9275928898874238,21789.0,19.666644814839096
