,round,tube,sp_div_H,tot_pop_0,tot_final_pop,tot_auc,mean_fc,deg_score,nut_score
0,0.0,0.0,-0.0,4.0,39.0,19938.0,9.749975625060939,0.0610381498773227,0.1339745623201415
1,0.0,1.0,-0.0,4.0,33.0,20149.0,8.249979375051563,0.0619586415346447,0.1339745603744178
2,0.0,2.0,-0.0,4.0,54.0,19945.0,13.499966250084377,0.06219738158044774,0.13397459464671713
