,round,tube,nut,amount
0,0.0,0.0,0.0,1692.414004003341
1,0.0,0.0,1.0,2000.0
2,0.0,0.0,2.0,6.401247592422271
3,0.0,0.0,3.0,0.5933374073515096
4,0.0,1.0,0.0,1696.9466955284854
5,0.0,1.0,1.0,2000.0
6,0.0,1.0,2.0,35.77959474472094
7,0.0,1.0,3.0,0.5568002349476735
8,0.0,2.0,0.0,1691.5225520047486
9,0.0,2.0,1.0,2000.0
10,0.0,2.0,2.0,0.6233590820476023
11,0.0,2.0,3.0,0.5487817870067682
