,round,tube,nut,amount
0,0.0,0.0,0.0,2000.0
1,0.0,0.0,1.0,2000.0
2,0.0,0.0,2.0,0.34503378874606655
3,0.0,0.0,3.0,715.9370602563077
4,0.0,1.0,0.0,2000.0
5,0.0,1.0,1.0,2000.0
6,0.0,1.0,2.0,0.46298811872535905
7,0.0,1.0,3.0,551.547311928059
8,0.0,2.0,0.0,2000.0
9,0.0,2.0,1.0,2000.0
10,0.0,2.0,2.0,0.12166082058011352
11,0.0,2.0,3.0,967.9122302488071
