,round,tube,sp,pop_0,final_pop,st_div_H,auc,fc
0,0.0,0.0,9.0,7.0,91.0,0.5266296522200016,4818.0,12.99998142859796
1,0.0,1.0,9.0,7.0,82.0,0.19490868718781756,5183.0,11.714268979615744
2,0.0,2.0,9.0,7.0,89.0,0.6788764131695497,4400.0,12.714267551046357
