,round,tube,sp_div_H,tot_pop_0,tot_final_pop,tot_auc,mean_fc,deg_score,nut_score
0,0.0,0.0,-0.0,10.0,372.0,17009.0,37.1999628000372,0.15313042874038474,0.2741474711929056
1,0.0,1.0,-0.0,10.0,398.0,19741.0,39.7999602000398,0.15652701296174287,0.282809353877973
2,0.0,2.0,-0.0,10.0,325.0,14435.0,32.499967500032504,0.1513348668599772,0.25152558057227203
