,round,tube,sp_div_H,tot_pop_0,tot_final_pop,tot_auc,mean_fc,deg_score,nut_score
0,0.0,0.0,-0.0,5.0,107.0,5646.0,21.399957200085602,0.1895484578644565,0.13397456945047714
1,0.0,1.0,-0.0,5.0,86.0,6665.0,17.1999656000688,0.18780220830055816,0.13397456644146843
2,0.0,2.0,-0.0,5.0,102.0,7117.0,20.3999592000816,0.18738906327608273,0.13397458606489543
