,round,tube,sp,pop_0,final_pop,st_div_H,auc,fc
0,0.0,0.0,1.0,34.0,456.0,0.6538801457635639,71095.0,13.411760761246834
1,0.0,1.0,1.0,34.0,402.0,0.7112931315598984,65598.0,11.823525934257077
2,0.0,2.0,1.0,34.0,415.0,0.7057140195012335,66529.0,12.205878762976834
