,round,tube,sp,pop_0,final_pop,st_div_H,auc,fc
0,0.0,0.0,11.0,28.0,661.0,1.9226227461956376,65766.0,23.60713442602342
1,0.0,1.0,11.0,28.0,632.0,1.9328741334831352,62353.0,22.571420510206963
2,0.0,2.0,11.0,28.0,614.0,2.3517321691430597,61557.0,21.928563596941572
