,round,tube,sp,pop_0,final_pop,st_div_H,auc,fc
0,0.0,0.0,4.0,32.0,349.0,1.5487766486659138,51692.0,10.906246591797938
1,0.0,1.0,4.0,32.0,389.0,1.4954641353725509,54306.0,12.156246201173062
2,0.0,2.0,4.0,32.0,350.0,1.3948949511863158,50809.0,10.937496582032317
