,round,tube,sp_div_H,tot_pop_0,tot_final_pop,tot_auc,mean_fc,deg_score,nut_score
0,0.0,0.0,-0.0,16.0,182.0,14090.0,11.374992890629443,0.25219310340341194,0.4986289448535086
1,0.0,1.0,-0.0,16.0,214.0,16784.0,13.374991640630224,0.2542792649255581,0.49999999624182734
2,0.0,2.0,-0.0,16.0,232.0,14756.0,14.499990937505665,0.2548769351798391,0.4999999518163114
