,round,tube,sp_div_H,tot_pop_0,tot_final_pop,tot_auc,mean_fc,deg_score,nut_score
0,0.0,0.0,-0.0,5.0,135.0,18519.0,26.999946000108,0.09677095119427559,0.13397459617350516
1,0.0,1.0,-0.0,5.0,110.0,17301.0,21.999956000088,0.09693219869531189,0.13397458572465215
2,0.0,2.0,-0.0,5.0,103.0,16622.0,20.5999588000824,0.10123605470501196,0.13397457458301842
