,round,tube,sp_div_H,tot_pop_0,tot_final_pop,tot_auc,mean_fc,deg_score,nut_score
0,0.0,0.0,-0.0,4.0,83.0,1770.0,20.749948125129688,0.10167493514258974,0.1244408007629545
1,0.0,1.0,-0.0,4.0,79.0,1804.0,19.74995062512344,0.10382272134980686,0.12681464890019067
2,0.0,2.0,-0.0,4.0,103.0,5059.0,25.74993562516094,0.19252396486791412,0.2505018099198314
