,round,tube,sp_div_H,tot_pop_0,tot_final_pop,tot_auc,mean_fc,deg_score,nut_score
0,0.0,0.0,-0.0,5.0,2.0,303.0,0.39999920000160005,0.033382708521530136,0.03337158776801963
1,0.0,1.0,-0.0,5.0,5.0,439.0,0.9999980000040001,0.046925649980795514,0.04879532478917836
2,0.0,2.0,-0.0,5.0,4.0,319.0,0.7999984000032001,0.034844342673392426,0.03505729153643611
