,round,tube,sp_div_H,tot_pop_0,tot_final_pop,tot_auc,mean_fc,deg_score,nut_score
0,0.0,0.0,-0.0,8.0,10.0,686.0,1.2499984375019533,0.035188157217387106,0.03423490703407306
1,0.0,1.0,-0.0,8.0,13.0,842.0,1.624997968752539,0.04192087819432011,0.041553351561386065
2,0.0,2.0,-0.0,8.0,14.0,963.0,1.7499978125027345,0.0468685855970945,0.04888965475274598
