,round,tube,nut,amount
0,0.0,0.0,0.0,2000.0
1,0.0,0.0,1.0,2000.0
2,0.0,0.0,2.0,0.9012880310087865
3,0.0,0.0,3.0,0.13676672462401873
4,0.0,1.0,0.0,2000.0
5,0.0,1.0,1.0,2000.0
6,0.0,1.0,2.0,0.5648445938045081
7,0.0,1.0,3.0,0.409030647142556
8,0.0,2.0,0.0,2000.0
9,0.0,2.0,1.0,2000.0
10,0.0,2.0,2.0,0.29354566359087775
11,0.0,2.0,3.0,0.020273648249314213
