,round,tube,sp,pop_0,final_pop,st_div_H,auc,fc
0,0.0,0.0,3.0,10.0,16.0,-0.0,1129.0,1.5999984000016
1,0.0,1.0,3.0,10.0,15.0,-0.0,1157.0,1.4999985000015001
2,0.0,2.0,3.0,10.0,6.0,-0.0,434.0,0.5999994000006
