,round,tube,sp,pop_0,final_pop,st_div_H,auc,fc
0,0.0,0.0,13.0,13.0,213.0,-0.0,38706.0,16.384602781074783
1,0.0,1.0,13.0,13.0,187.0,-0.0,37702.0,14.38460431953514
2,0.0,2.0,13.0,13.0,373.0,-0.0,46000.0,28.692285621318753
