,round,tube,sp,pop_0,final_pop,st_div_H,auc,fc
0,0.0,0.0,10.0,6.0,271.0,-0.0,12614.0,45.16659138901436
1,0.0,1.0,10.0,6.0,222.0,-0.0,14754.0,36.99993833343611
2,0.0,2.0,10.0,6.0,238.0,-0.0,14649.0,39.666600555665745
