,round,tube,sp,pop_0,final_pop,st_div_H,auc,fc
0,0.0,0.0,8.0,11.0,469.0,0.7413633595430529,37979.0,42.636324876068294
1,0.0,1.0,8.0,11.0,429.0,0.4595370511301714,36303.0,38.999964545486776
2,0.0,2.0,8.0,11.0,405.0,0.7658735872108247,35464.0,36.818148347137864
