,round,tube,sp_div_H,tot_pop_0,tot_final_pop,tot_auc,mean_fc,deg_score,nut_score
0,0.0,0.0,-0.0,10.0,340.0,30700.0,33.999966000034,0.14014335118473797,0.29289318920547813
1,0.0,1.0,-0.0,10.0,348.0,30185.0,34.7999652000348,0.14077309780914005,0.29289321435075133
2,0.0,2.0,-0.0,10.0,318.0,30565.0,31.799968200031802,0.13988619707429528,0.29289318061005154
