,round,tube,nut,amount
0,0.0,0.0,0.0,2000.0
1,0.0,0.0,1.0,2000.0
2,0.0,0.0,2.0,0.9274056793783559
3,0.0,0.0,3.0,0.13628452506573652
4,0.0,1.0,0.0,2000.0
5,0.0,1.0,1.0,2000.0
6,0.0,1.0,2.0,0.7390766168791267
7,0.0,1.0,3.0,0.27071227189782476
8,0.0,2.0,0.0,2000.0
9,0.0,2.0,1.0,2000.0
10,0.0,2.0,2.0,0.959933054436126
11,0.0,2.0,3.0,0.09949230723963609
