,round,tube,nut,amount
0,0.0,0.0,0.0,1869.8146110951877
1,0.0,0.0,1.0,2000.0
2,0.0,0.0,2.0,2000.0
3,0.0,0.0,3.0,2000.0
4,0.0,1.0,0.0,1599.093033297564
5,0.0,1.0,1.0,2000.0
6,0.0,1.0,2.0,2000.0
7,0.0,1.0,3.0,2000.0
8,0.0,2.0,0.0,1228.3208332962624
9,0.0,2.0,1.0,2000.0
10,0.0,2.0,2.0,2000.0
11,0.0,2.0,3.0,2000.0
