,round,tube,sp,pop_0,final_pop,st_div_H,auc,fc
0,0.0,0.0,13.0,6.0,104.0,-0.0,9287.0,17.333304444492594
1,0.0,1.0,13.0,6.0,85.0,-0.0,7784.0,14.166643055594909
2,0.0,2.0,13.0,6.0,94.0,-0.0,8270.0,15.666640555599075
