,round,tube,nut,amount
0,0.0,0.0,0.0,2000.0
1,0.0,0.0,1.0,0.3579077892902589
2,0.0,0.0,2.0,793.2702738487733
3,0.0,0.0,3.0,882.448270618357
4,0.0,1.0,0.0,2000.0
5,0.0,1.0,1.0,126.25801977207624
6,0.0,1.0,2.0,1575.9510454813392
7,0.0,1.0,3.0,1607.2884986630347
8,0.0,2.0,0.0,2000.0
9,0.0,2.0,1.0,0.5938319315688467
10,0.0,2.0,2.0,1069.6390058168472
11,0.0,2.0,3.0,1138.3931998470516
