,round,tube,sp_div_H,tot_pop_0,tot_final_pop,tot_auc,mean_fc,deg_score,nut_score
0,0.0,0.0,-0.0,12.0,251.0,27705.0,20.916649236125636,0.11066495155707745,0.292893179499112
1,0.0,1.0,-0.0,12.0,283.0,27379.0,23.583313680571933,0.1117276049079029,0.2928932026604374
2,0.0,2.0,-0.0,12.0,277.0,26322.0,23.083314097238254,0.1155743608534292,0.29289318114369045
