,round,tube,sp_div_H,tot_pop_0,tot_final_pop,tot_auc,mean_fc,deg_score,nut_score
0,0.0,0.0,-0.0,6.0,661.0,34271.0,110.16648305586158,0.16333997346592444,0.29278868931036617
1,0.0,1.0,-0.0,6.0,585.0,36136.0,97.49983750027084,0.16333997346592444,0.29281666087618774
2,0.0,2.0,-0.0,6.0,551.0,39905.0,91.83318027803287,0.16333997346592444,0.29289193398702595
