,round,tube,sp_div_H,tot_pop_0,tot_final_pop,tot_auc,mean_fc,deg_score,nut_score
0,0.0,0.0,-0.0,22.0,906.0,98415.0,41.181799462818425,0.12111110616105702,0.29289316374914953
1,0.0,1.0,-0.0,22.0,894.0,95187.0,40.636345165297655,0.1265054092010952,0.292893204131339
2,0.0,2.0,-0.0,22.0,868.0,92089.0,39.45452752066931,0.12485410915258266,0.2928931670040855
