,round,tube,sp,pop_0,final_pop,st_div_H,auc,fc
0,0.0,0.0,7.0,6.0,623.0,-0.0,49001.0,103.83316027806622
1,0.0,1.0,7.0,6.0,662.0,-0.0,49516.0,110.33314944475093
2,0.0,2.0,7.0,6.0,646.0,-0.0,41815.0,107.6664872225213
