,round,tube,sp,pop_0,final_pop,st_div_H,auc,fc
0,0.0,0.0,1.0,6.0,656.0,-0.0,36900.0,109.33315111141482
1,0.0,1.0,1.0,6.0,700.0,-0.0,32920.0,116.6664722225463
2,0.0,2.0,1.0,6.0,578.0,-0.0,34860.0,96.33317277804538
