,round,tube,sp_div_H,tot_pop_0,tot_final_pop,tot_auc,mean_fc,deg_score,nut_score
0,0.0,0.0,-0.0,12.0,115.0,9122.0,9.583325347228877,0.1368726656551016,0.13397458703057386
1,0.0,1.0,-0.0,12.0,118.0,9481.0,9.833325138895718,0.1344433392644745,0.13397457101076293
2,0.0,2.0,-0.0,12.0,130.0,10815.0,10.83332430556308,0.13921384056274777,0.13397456635891503
