,round,tube,sp,pop_0,final_pop,st_div_H,auc,fc
0,0.0,0.0,12.0,2.0,0.0,,5.0,0.0
1,0.0,1.0,12.0,2.0,125.0,-0.0,2782.0,62.49968750156249
2,0.0,2.0,12.0,2.0,126.0,-0.0,3574.0,62.99968500157499
