,round,tube,sp,pop_0,final_pop,st_div_H,auc,fc
0,0.0,0.0,8.0,9.0,407.0,1.1065466986057557,58457.0,45.222171975364475
1,0.0,1.0,8.0,9.0,285.0,1.1601226690053292,47398.0,31.66663148152058
2,0.0,2.0,8.0,9.0,394.0,1.5143248779295448,55964.0,43.77772913585652
