,round,tube,sp,pop_0,final_pop,st_div_H,auc,fc
0,0.0,0.0,9.0,19.0,450.0,-0.0,24315.0,23.68419806094839
1,0.0,1.0,9.0,19.0,410.0,-0.0,19543.0,21.57893601108631
2,0.0,2.0,9.0,19.0,413.0,-0.0,23756.0,21.736830664825966
