,round,tube,sp,st,final_pop
0,0,0,3,"(0.13327267089530778, 0.0, 0.0, 0.0, 0.0, 0.1610216772562336, 0.06112273872331793, 0.0, 0.14246196555192078, 0.009189962440527855)",50
1,0,0,3,"(0.13327267089530778, 0.0, 0.0, 0.0, 0.0, 0.1610216772562336, 0.06112273872331793, 0.0, 0.14246196555192078, 0.011342770631760854)",301
2,0,1,3,"(0.13327267089530778, 0.0, 0.0, 0.0, 0.0, 0.1610216772562336, 0.06112273872331793, 0.0, 0.14246196555192078, 0.011342770631760854)",343
3,0,1,3,"(0.13327267089530778, 0.0, 0.0, 0.0, 0.0, 0.1610216772562336, 0.06112273872331793, 0.0, 0.14246196555192078, 0.009189962440527855)",9
4,0,2,3,"(0.13327267089530778, 0.0, 0.0, 0.0, 0.0, 0.1610216772562336, 0.06112273872331793, 0.0, 0.14246196555192078, 0.009189962440527855)",80
5,0,2,3,"(0.13327267089530778, 0.0, 0.0, 0.0, 0.0, 0.1610216772562336, 0.06112273872331793, 0.0, 0.14246196555192078, 0.011342770631760854)",255
