,round,tube,nut,amount
0,0.0,0.0,0.0,6.127180852369466
1,0.0,0.0,1.0,1933.2702546853677
2,0.0,0.0,2.0,2000.0
3,0.0,0.0,3.0,0.6204433042543274
4,0.0,1.0,0.0,9.70957506297257
5,0.0,1.0,1.0,1933.3901481163834
6,0.0,1.0,2.0,2000.0
7,0.0,1.0,3.0,0.3616429080328968
8,0.0,2.0,0.0,5.873909053243066
9,0.0,2.0,1.0,1933.2617783359785
10,0.0,2.0,2.0,2000.0
11,0.0,2.0,3.0,0.29993412556773247
