,round,tube,sp,pop_0,final_pop,st_div_H,auc,fc
0,0.0,0.0,10.0,11.0,218.0,0.029276137475879246,16334.0,19.81816380166927
1,0.0,1.0,10.0,11.0,221.0,0.22371807606583377,14260.0,20.090890826462886
2,0.0,2.0,10.0,11.0,202.0,0.45320726979379394,15436.0,18.363619669436666
