,round,tube,sp,pop_0,final_pop,st_div_H,auc,fc
0,0.0,0.0,0.0,8.0,100.0,0.8864644756797975,9339.0,12.499984375019531
1,0.0,1.0,0.0,8.0,101.0,0.775675973501782,8568.0,12.624984218769727
2,0.0,2.0,0.0,8.0,95.0,0.620529956107848,7117.0,11.874985156268556
