,round,tube,sp_div_H,tot_pop_0,tot_final_pop,tot_auc,mean_fc,deg_score,nut_score
0,0.0,0.0,0.0,6.0,0.0,231.0,0.0,0.02801341292838777,0.025284811821663533
1,0.0,1.0,-0.0,6.0,7.0,513.0,1.1666647222254631,0.058717783153911296,0.05300055174587204
2,0.0,2.0,-0.0,6.0,2.0,342.0,0.33333277777870374,0.04054150279052249,0.03700459696551017
