,round,tube,nut,amount
0,0.0,0.0,0.0,0.8345267996365706
1,0.0,0.0,1.0,2000.0
2,0.0,0.0,2.0,0.6571470906908357
3,0.0,0.0,3.0,2000.0
4,0.0,1.0,0.0,0.016520880980329444
5,0.0,1.0,1.0,2000.0
6,0.0,1.0,2.0,0.8986125856930031
7,0.0,1.0,3.0,2000.0
8,0.0,2.0,0.0,0.5200009788088082
9,0.0,2.0,1.0,2000.0
10,0.0,2.0,2.0,0.9468562459154689
11,0.0,2.0,3.0,2000.0
