,round,tube,sp_div_H,tot_pop_0,tot_final_pop,tot_auc,mean_fc,deg_score,nut_score
0,0.0,0.0,-0.0,22.0,534.0,49662.0,24.272716239674438,0.25208890336220724,0.498927710683567
1,0.0,1.0,-0.0,22.0,580.0,52174.0,26.363624380170737,0.25316475842967967,0.49892881643847675
2,0.0,2.0,-0.0,22.0,563.0,50877.0,25.590897458682974,0.2539708188065497,0.49892837123317835
