,round,tube,sp,pop_0,final_pop,st_div_H,auc,fc
0,0.0,0.0,1.0,11.0,18.0,-0.0,1009.0,1.636362148761683
1,0.0,1.0,1.0,11.0,11.0,-0.0,725.0,0.9999990909099173
2,0.0,2.0,1.0,11.0,11.0,-0.0,1026.0,0.9999990909099173
