,round,tube,nut,amount
0,0.0,0.0,0.0,0.6256048505550086
1,0.0,0.0,1.0,0.4210994262058632
2,0.0,0.0,2.0,2000.0
3,0.0,0.0,3.0,1336.01138617708
4,0.0,1.0,0.0,0.32801461160728695
5,0.0,1.0,1.0,0.3810353359247445
6,0.0,1.0,2.0,2000.0
7,0.0,1.0,3.0,1.4327855095417579
8,0.0,2.0,0.0,0.35733560818149657
9,0.0,2.0,1.0,0.3424580424869588
10,0.0,2.0,2.0,2000.0
11,0.0,2.0,3.0,1.3545262438508792
