,round,tube,sp,pop_0,final_pop,st_div_H,auc,fc
0,0.0,0.0,6.0,6.0,190.0,0.3584510062992733,14523.0,31.666613888976855
1,0.0,1.0,6.0,6.0,158.0,0.3798377290853588,15269.0,26.333289444517593
2,0.0,2.0,6.0,6.0,131.0,0.2085081233659472,15690.0,21.833296944505094
