,round,tube,sp_div_H,tot_pop_0,tot_final_pop,tot_auc,mean_fc,deg_score,nut_score
0,0.0,0.0,-0.0,17.0,477.0,39728.0,28.058807024231164,0.16333997346592444,0.2928907763657872
1,0.0,1.0,-0.0,17.0,495.0,39789.0,29.117629930805922,0.16333997346592444,0.29288380850355333
2,0.0,2.0,-0.0,17.0,430.0,41531.0,25.29410276817484,0.16333997346592444,0.29289303440259173
