,round,tube,nut,amount
0,0.0,0.0,0.0,0.2224767626176155
1,0.0,0.0,1.0,2000.0
2,0.0,0.0,2.0,0.9474302418341278
3,0.0,0.0,3.0,0.3508125111292366
4,0.0,1.0,0.0,0.328219558438301
5,0.0,1.0,1.0,2000.0
6,0.0,1.0,2.0,207.11209777591282
7,0.0,1.0,3.0,0.37291751087839753
8,0.0,2.0,0.0,0.30470557936551246
9,0.0,2.0,1.0,2000.0
10,0.0,2.0,2.0,0.9625110944257603
11,0.0,2.0,3.0,0.3761674173019218
