,round,tube,sp,pop_0,final_pop,st_div_H,auc,fc
0,0.0,0.0,13.0,10.0,424.0,-0.0,50844.0,42.3999576000424
1,0.0,1.0,13.0,10.0,328.0,0.41631014066777594,47988.0,32.7999672000328
2,0.0,2.0,13.0,10.0,205.0,0.3196905981112379,38822.0,20.4999795000205
