,round,tube,sp_div_H,tot_pop_0,tot_final_pop,tot_auc,mean_fc,deg_score,nut_score
0,0.0,0.0,-0.0,67.0,1020.0,113117.0,15.22387832479428,0.26855269945815174,0.4973241379370702
1,0.0,1.0,-0.0,67.0,952.0,107976.0,14.208953103141328,0.273943307354084,0.49732614989254087
2,0.0,2.0,-0.0,67.0,1039.0,113558.0,15.507460372020839,0.27280528008663696,0.499999945842699
