,round,tube,sp_div_H,tot_pop_0,tot_final_pop,tot_auc,mean_fc,deg_score,nut_score
0,0.0,0.0,-0.0,11.0,8.0,994.0,0.7272720661163036,0.048334302307928345,0.049472041684455736
1,0.0,1.0,-0.0,11.0,12.0,952.0,1.0909080991744553,0.04650777607218659,0.04771135651970604
2,0.0,2.0,-0.0,11.0,26.0,1621.0,2.3636342148779868,0.06828389126538603,0.07462281447689767
