,round,tube,sp,pop_0,final_pop,st_div_H,auc,fc
0,0.0,0.0,13.0,4.0,251.0,-0.0,35784.0,62.74984312539219
1,0.0,1.0,13.0,4.0,340.0,-0.0,38424.0,84.99978750053126
2,0.0,2.0,13.0,4.0,544.0,-0.0,42746.0,135.99966000085
