,round,tube,sp_div_H,tot_pop_0,tot_final_pop,tot_auc,mean_fc,deg_score,nut_score
0,0.0,0.0,-0.0,2.0,120.0,18090.0,59.99970000149999,0.10004508386827138,0.13397457976532412
1,0.0,1.0,-0.0,2.0,113.0,17358.0,56.49971750141249,0.10011467350597736,0.13397457860372242
2,0.0,2.0,-0.0,2.0,144.0,16548.0,71.99964000179999,0.09701909082664972,0.13397458974463905
