,round,tube,sp_div_H,tot_pop_0,tot_final_pop,tot_auc,mean_fc,deg_score,nut_score
0,0.0,0.0,-0.0,10.0,7.0,611.0,0.6999993000007,0.03185778461000177,0.03102557842214171
1,0.0,1.0,-0.0,10.0,8.0,813.0,0.7999992000008,0.04089602015890004,0.040309933591085145
2,0.0,2.0,-0.0,10.0,5.0,648.0,0.49999950000050003,0.03367449685680912,0.03372522061795269
