,round,tube,sp,pop_0,final_pop,st_div_H,auc,fc
0,0.0,0.0,8.0,24.0,440.0,1.3273167934904917,41527.0,18.333325694447627
1,0.0,1.0,8.0,24.0,466.0,1.0254570125395885,42289.0,19.416658576392262
2,0.0,2.0,8.0,24.0,402.0,1.0955731763989767,39151.0,16.749993020836243
