,round,tube,sp_div_H,tot_pop_0,tot_final_pop,tot_auc,mean_fc,deg_score,nut_score
0,0.0,0.0,-0.0,10.0,695.0,28629.0,69.4999305000695,0.19271065245752061,0.3142925590807698
1,0.0,1.0,-0.0,10.0,722.0,31359.0,72.1999278000722,0.19321662211423707,0.31460505016349005
2,0.0,2.0,-0.0,10.0,740.0,32267.0,73.999926000074,0.19256007750930426,0.31461764650550295
