,round,tube,sp_div_H,tot_pop_0,tot_final_pop,tot_auc,mean_fc,deg_score,nut_score
0,0.0,0.0,-0.0,12.0,13.0,1129.0,1.083332430556308,0.08417186063338122,0.07916697573028952
1,0.0,1.0,-0.0,12.0,9.0,869.0,0.7499993750005208,0.06722570995830546,0.0663023218342993
2,0.0,2.0,-0.0,12.0,9.0,721.0,0.7499993750005208,0.05675187169767559,0.05667693889374659
