,round,tube,nut,amount
0,0.0,0.0,0.0,0.5265687454686161
1,0.0,0.0,1.0,0.3129276304025236
2,0.0,0.0,2.0,2000.0
3,0.0,0.0,3.0,1335.9784964660391
4,0.0,1.0,0.0,0.5722469556158929
5,0.0,1.0,1.0,0.4394943186996847
6,0.0,1.0,2.0,2000.0
7,0.0,1.0,3.0,1335.9936661168622
8,0.0,2.0,0.0,3.693095107724278
9,0.0,2.0,1.0,0.44785369066525993
10,0.0,2.0,2.0,2000.0
11,0.0,2.0,3.0,1337.030094133289
