,round,tube,sp_div_H,tot_pop_0,tot_final_pop,tot_auc,mean_fc,deg_score,nut_score
0,0.0,0.0,-0.0,15.0,650.0,36044.0,43.33330444446371,0.20764750853956992,0.3173954573169865
1,0.0,1.0,-0.0,15.0,594.0,33471.0,39.5999736000176,0.20506223695697257,0.31459681259942807
2,0.0,2.0,-0.0,15.0,714.0,35446.0,47.599968266687824,0.20611825619451196,0.3163878439547646
