,round,tube,sp_div_H,tot_pop_0,tot_final_pop,tot_auc,mean_fc,deg_score,nut_score
0,0.0,0.0,-0.0,40.0,901.0,86723.0,22.524994368751408,0.19438514327953238,0.499999976797766
1,0.0,1.0,-0.0,40.0,949.0,93086.0,23.72499406875148,0.19051235815530743,0.49236787953728023
2,0.0,2.0,-0.0,40.0,946.0,93467.0,23.649994087501476,0.19268409374882756,0.4923770180392779
