,round,tube,sp,pop_0,final_pop,st_div_H,auc,fc
0,0.0,0.0,13.0,23.0,393.0,1.5377504841697052,43398.0,17.086949092630828
1,0.0,1.0,13.0,23.0,374.0,1.4193568583010177,42292.0,16.260862495277177
2,0.0,2.0,13.0,23.0,408.0,1.7113678753258996,44883.0,17.739122722120555
