,round,tube,sp,pop_0,final_pop,st_div_H,auc,fc
0,0.0,0.0,6.0,9.0,195.0,0.9698707500466643,20060.0,21.666642592619343
1,0.0,1.0,6.0,9.0,179.0,0.6819365076996202,22037.0,19.88886679014801
2,0.0,2.0,6.0,9.0,182.0,1.1798928673563291,20637.0,20.222199753111386
