,round,tube,sp_div_H,tot_pop_0,tot_final_pop,tot_auc,mean_fc,deg_score,nut_score
0,0.0,0.0,-0.0,28.0,735.0,102176.0,26.24999062500335,0.1307226577215228,0.9997583550184368
1,0.0,1.0,-0.0,28.0,634.0,94317.0,22.64284905612534,0.12529740143440027,0.7968273799778076
2,0.0,2.0,-0.0,28.0,407.0,70232.0,14.53570909438961,0.10524888356049944,0.4445522671692054
