,round,tube,nut,amount
0,0.0,0.0,0.0,1734.9045836148082
1,0.0,0.0,1.0,115.78019268761635
2,0.0,0.0,2.0,2000.0
3,0.0,0.0,3.0,0.6128208677159229
4,0.0,1.0,0.0,1730.1704009057303
5,0.0,1.0,1.0,82.13102231148612
6,0.0,1.0,2.0,2000.0
7,0.0,1.0,3.0,0.3694423448198762
8,0.0,2.0,0.0,1735.0216409676814
9,0.0,2.0,1.0,116.61220172752743
10,0.0,2.0,2.0,2000.0
11,0.0,2.0,3.0,1.4956840033541436
