,round,tube,sp_div_H,tot_pop_0,tot_final_pop,tot_auc,mean_fc,deg_score,nut_score
0,0.0,0.0,-0.0,6.0,667.0,34023.0,111.16648138919768,0.29095047002040597,0.4999999849226867
1,0.0,1.0,-0.0,6.0,646.0,36664.0,107.6664872225213,0.2937085914368516,0.49999996140292136
2,0.0,2.0,-0.0,6.0,664.0,37337.0,110.66648222252964,0.27822944272487593,0.4999999562878681
