,round,tube,nut,amount
0,0.0,0.0,0.0,1776.0299711983944
1,0.0,0.0,1.0,1554.1784848321993
2,0.0,0.0,2.0,1555.9734885310504
3,0.0,0.0,3.0,2000.0
4,0.0,1.0,0.0,1057.7122534439554
5,0.0,1.0,1.0,124.3376484726175
6,0.0,1.0,2.0,131.88959638057
7,0.0,1.0,3.0,2000.0
8,0.0,2.0,0.0,1327.8496956755635
9,0.0,2.0,1.0,662.0572908893075
10,0.0,2.0,2.0,667.4442272079882
11,0.0,2.0,3.0,2000.0
