,round,tube,sp_div_H,tot_pop_0,tot_final_pop,tot_auc,mean_fc,deg_score,nut_score
0,0.0,0.0,-0.0,7.0,348.0,28781.0,49.71421469397901,0.13484240566329353,0.2928932167256153
1,0.0,1.0,-0.0,7.0,347.0,31729.0,49.57135775520321,0.14175378687084017,0.2928932064518346
2,0.0,2.0,-0.0,7.0,346.0,31287.0,49.42850081642741,0.14169215876523944,0.2928931943445503
