,round,tube,sp_div_H,tot_pop_0,tot_final_pop,tot_auc,mean_fc,deg_score,nut_score
0,0.0,0.0,-0.0,12.0,569.0,45507.0,47.416627152810705,0.16333997346592444,0.29288717952114696
1,0.0,1.0,-0.0,12.0,578.0,37817.0,48.166626527811225,0.16333997346592444,0.2926912273799577
2,0.0,2.0,-0.0,12.0,523.0,42564.0,43.58329701391916,0.16333997346592444,0.2928419612748976
