,round,tube,sp_div_H,tot_pop_0,tot_final_pop,tot_auc,mean_fc,deg_score,nut_score
0,0.0,0.0,-0.0,13.0,2.0,533.0,0.15384603550304962,0.05164729426766268,0.04654375170140612
1,0.0,1.0,-0.0,13.0,1.0,331.0,0.07692301775152481,0.03269006936189656,0.029204539054890066
2,0.0,2.0,-0.0,13.0,2.0,298.0,0.15384603550304962,0.029409847995768068,0.026037661760696662
