,round,tube,sp,pop_0,final_pop,st_div_H,auc,fc
0,0.0,0.0,8.0,29.0,436.0,0.8495038006093507,60919.0,15.034477574318078
1,0.0,1.0,8.0,29.0,667.0,0.993341979711424,89376.0,22.999992068968254
2,0.0,2.0,8.0,29.0,482.0,1.1928638147236927,66149.0,16.620683923902096
