,round,tube,sp,pop_0,final_pop,st_div_H,auc,fc
0,0.0,0.0,3.0,15.0,26.0,-0.0,1894.0,1.7333321777785482
1,0.0,1.0,3.0,15.0,15.0,-0.0,1219.0,0.9999993333337778
2,0.0,2.0,3.0,15.0,14.0,-0.0,1157.0,0.9333327111115259
