,round,tube,sp,pop_0,final_pop,st_div_H,auc,fc
0,0.0,0.0,3.0,5.0,57.0,-0.0,3808.0,11.399977200045601
1,0.0,1.0,3.0,5.0,68.0,-0.0,2958.0,13.5999728000544
2,0.0,2.0,3.0,5.0,46.0,-0.0,952.0,9.1999816000368
