,round,tube,sp_div_H,tot_pop_0,tot_final_pop,tot_auc,mean_fc,deg_score,nut_score
0,0.0,0.0,-0.0,7.0,48.0,1929.0,6.857133061238485,0.16217326300359736,0.18743425438198658
1,0.0,1.0,-0.0,7.0,29.0,1232.0,4.142851224498251,0.10916721350949643,0.12252163280255668
2,0.0,2.0,-0.0,7.0,27.0,1250.0,3.8571373469466472,0.11082893274661021,0.12458448108984865
