,round,tube,nut,amount
0,0.0,0.0,0.0,1719.4825960000917
1,0.0,0.0,1.0,6.165266379146097
2,0.0,0.0,2.0,2000.0
3,0.0,0.0,3.0,0.23521004901151316
4,0.0,1.0,0.0,1718.6912035057876
5,0.0,1.0,1.0,0.540282614966119
6,0.0,1.0,2.0,2000.0
7,0.0,1.0,3.0,0.34345490958010266
8,0.0,2.0,0.0,1718.6832105140863
9,0.0,2.0,1.0,0.48347079418802114
10,0.0,2.0,2.0,2000.0
11,0.0,2.0,3.0,0.23111754531163262
