,round,tube,sp,st,final_pop
0,0,0,13,"(0.0, 0.02461978404713738, 0.023035932332134326, 0.0, 0.01810411441758469, 0.011132002261186706, 0.0, 0.0, 0.01089208668844536, 0.00476393156717078)",201
1,0,1,13,"(0.0, 0.02461978404713738, 0.023035932332134326, 0.0, 0.01810411441758469, 0.011132002261186706, 0.0, 0.0, 0.01089208668844536, 0.00476393156717078)",338
2,0,2,13,"(0.0, 0.02461978404713738, 0.023035932332134326, 0.0, 0.01810411441758469, 0.011132002261186706, 0.0, 0.0, 0.01089208668844536, 0.00476393156717078)",391
