,round,tube,sp_div_H,tot_pop_0,tot_final_pop,tot_auc,mean_fc,deg_score,nut_score
0,0.0,0.0,-0.0,28.0,359.0,25084.0,12.821423992348574,0.23796892072803277,0.34515345491938765
1,0.0,1.0,-0.0,28.0,398.0,28100.0,14.214280637756914,0.23770571935066798,0.3451526290946252
2,0.0,2.0,-0.0,28.0,369.0,26605.0,13.178566721940456,0.23929271097485572,0.3451467204566486
