,round,tube,sp,st,final_pop
0,0,0,1,"(0.01423507054326358, 0.0, 0.0, 0.09007764845750801, 0.2667732097353895, 0.0, 0.0, 0.0, 0.15150380296574917, 0.0)",133
1,0,0,1,"(0.015670786197908595, 0.0, 0.0, 0.09007764845750801, 0.2667732097353895, 0.0, 0.0, 0.0, 0.12884860942677914, 0.0)",115
2,0,0,1,"(0.01423507054326358, 0.0, 0.0, 0.09007764845750801, 0.2667732097353895, 0.0, 0.0, 0.0, 0.12884860942677914, 0.0)",729
3,0,1,1,"(0.015670786197908595, 0.0, 0.0, 0.09007764845750801, 0.2667732097353895, 0.0, 0.0, 0.0, 0.12884860942677914, 0.0)",143
4,0,1,1,"(0.01423507054326358, 0.0, 0.0, 0.09007764845750801, 0.2667732097353895, 0.0, 0.0, 0.0, 0.12884860942677914, 0.0)",745
5,0,1,1,"(0.01423507054326358, 0.0, 0.0, 0.09007764845750801, 0.2667732097353895, 0.0, 0.0, 0.0, 0.15150380296574917, 0.0)",47
6,0,2,1,"(0.01423507054326358, 0.0, 0.0, 0.09007764845750801, 0.2667732097353895, 0.0, 0.0, 0.0, 0.15150380296574917, 0.0)",28
7,0,2,1,"(0.015670786197908595, 0.0, 0.0, 0.09007764845750801, 0.2667732097353895, 0.0, 0.0, 0.0, 0.12884860942677914, 0.0)",152
8,0,2,1,"(0.01423507054326358, 0.0, 0.0, 0.09007764845750801, 0.2667732097353895, 0.0, 0.0, 0.0, 0.12884860942677914, 0.0)",770
