,round,tube,sp,pop_0,final_pop,st_div_H,auc,fc
0,0.0,0.0,0.0,19.0,258.0,1.0176890207898754,28063.0,13.57894022161041
1,0.0,1.0,0.0,19.0,296.0,0.7572652619287298,30511.0,15.578939168979385
2,0.0,2.0,0.0,19.0,261.0,0.8323116612610975,30476.0,13.736834875350066
