,round,tube,nut,amount
0,0.0,0.0,0.0,2000.0
1,0.0,0.0,1.0,2000.0
2,0.0,0.0,2.0,0.004964260329722858
3,0.0,0.0,3.0,0.2663702606875695
4,0.0,1.0,0.0,2000.0
5,0.0,1.0,1.0,2000.0
6,0.0,1.0,2.0,0.9585040440432109
7,0.0,1.0,3.0,0.5254177704981302
8,0.0,2.0,0.0,2000.0
9,0.0,2.0,1.0,2000.0
10,0.0,2.0,2.0,0.992983539171036
11,0.0,2.0,3.0,0.5091201246417576
