,round,tube,sp_div_H,tot_pop_0,tot_final_pop,tot_auc,mean_fc,deg_score,nut_score
0,0.0,0.0,-0.0,4.0,313.0,45465.0,78.24980437548906,0.038064737373885826,0.3991198046463932
1,0.0,1.0,-0.0,4.0,445.0,57571.0,111.24972187569531,0.04460328331287078,0.49999998933803225
2,0.0,2.0,-0.0,4.0,373.0,44849.0,93.24976687558282,0.043186306679479536,0.39911913173791835
