,round,tube,nut,amount
0,0.0,0.0,0.0,0.3326220749467268
1,0.0,0.0,1.0,0.7815737197204642
2,0.0,0.0,2.0,2000.0
3,0.0,0.0,3.0,2000.0
4,0.0,1.0,0.0,0.13734982190409428
5,0.0,1.0,1.0,0.7395941002293807
6,0.0,1.0,2.0,2000.0
7,0.0,1.0,3.0,2000.0
8,0.0,2.0,0.0,0.2763765646878791
9,0.0,2.0,1.0,0.8422891533519071
10,0.0,2.0,2.0,2000.0
11,0.0,2.0,3.0,2000.0
