,round,tube,nut,amount
0,0.0,0.0,0.0,2000.0
1,0.0,0.0,1.0,0.5568291175667355
2,0.0,0.0,2.0,0.4899633354862374
3,0.0,0.0,3.0,2000.0
4,0.0,1.0,0.0,2000.0
5,0.0,1.0,1.0,0.14723809943418775
6,0.0,1.0,2.0,0.8051960426589115
7,0.0,1.0,3.0,2000.0
8,0.0,2.0,0.0,2000.0
9,0.0,2.0,1.0,0.19879787311864416
10,0.0,2.0,2.0,0.4625601873236924
11,0.0,2.0,3.0,2000.0
