,round,tube,sp_div_H,tot_pop_0,tot_final_pop,tot_auc,mean_fc,deg_score,nut_score
0,0.0,0.0,-0.0,33.0,582.0,60176.0,17.636358292012638,0.21787189202895918,0.2928932120635771
1,0.0,1.0,-0.0,33.0,519.0,53337.0,15.727267961433949,0.22057497229573697,0.29289318365504835
2,0.0,2.0,-0.0,33.0,527.0,54947.0,15.969692130396323,0.22060374267728122,0.2928931686769558
