,round,tube,sp_div_H,tot_pop_0,tot_final_pop,tot_auc,mean_fc,deg_score,nut_score
0,0.0,0.0,-0.0,11.0,88.0,5483.0,7.999992727279339,0.185720394081217,0.13397457119628942
1,0.0,1.0,-0.0,11.0,89.0,6092.0,8.090901735543877,0.18703329927561985,0.1339745711397483
2,0.0,2.0,-0.0,11.0,91.0,5029.0,8.272719752072954,0.18703934234707664,0.13397456478401204
