,round,tube,sp,pop_0,final_pop,st_div_H,auc,fc
0,0.0,0.0,13.0,8.0,62.0,-0.0,8980.0,7.74999031251211
1,0.0,1.0,13.0,8.0,80.0,-0.0,8397.0,9.999987500015626
2,0.0,2.0,13.0,8.0,75.0,-0.0,8657.0,9.374988281264649
