,round,tube,sp,pop_0,final_pop,st_div_H,auc,fc
0,0.0,0.0,8.0,8.0,309.0,0.9966348102817817,17398.0,38.62495171881035
1,0.0,1.0,8.0,8.0,313.0,0.6671873959704577,10636.0,39.124951093811134
2,0.0,2.0,8.0,8.0,312.0,0.8370175931384964,10714.0,38.99995125006094
