,round,tube,sp,st,final_pop
0,0,0,0,"(0.0, 0.0, 0.0, 0.06373288382390217, 0.05609589421455601, 0.0, 0.03683897489672214, 0.0, 0.05746337277781768, 0.0)",222
1,0,0,0,"(0.0, 0.0, 0.0, 0.06373288382390217, 0.05609589421455601, 0.0, 0.03683897489672214, 0.0, 0.07098281781122052, 0.0)",124
2,0,1,0,"(0.0, 0.0, 0.0, 0.06373288382390217, 0.05609589421455601, 0.0, 0.03683897489672214, 0.0, 0.05746337277781768, 0.0)",322
3,0,1,0,"(0.0, 0.0, 0.0, 0.06373288382390217, 0.05609589421455601, 0.0, 0.03683897489672214, 0.0, 0.07098281781122052, 0.0)",32
4,0,2,0,"(0.0, 0.0, 0.0, 0.06373288382390217, 0.05609589421455601, 0.0, 0.03683897489672214, 0.0, 0.07098281781122052, 0.0)",21
5,0,2,0,"(0.0, 0.0, 0.0, 0.06373288382390217, 0.05609589421455601, 0.0, 0.03683897489672214, 0.0, 0.05746337277781768, 0.0)",316
