,round,tube,sp,st,final_pop
0,0,0,1,"(0.01423507054326358, 0.0, 0.0, 0.09272237785159984, 0.2667732097353895, 0.0, 0.0, 0.0, 0.32596990332993064, 0.0)",369
1,0,0,1,"(0.01423507054326358, 0.0, 0.0, 0.09007764845750801, 0.2667732097353895, 0.0, 0.0, 0.0, 0.27857794215804343, 0.0)",232
2,0,1,1,"(0.01423507054326358, 0.0, 0.0, 0.09272237785159984, 0.2667732097353895, 0.0, 0.0, 0.0, 0.32596990332993064, 0.0)",482
3,0,2,1,"(0.01423507054326358, 0.0, 0.0, 0.09007764845750801, 0.2667732097353895, 0.0, 0.0, 0.0, 0.27857794215804343, 0.0)",326
4,0,2,1,"(0.01423507054326358, 0.0, 0.0, 0.09272237785159984, 0.2667732097353895, 0.0, 0.0, 0.0, 0.32596990332993064, 0.0)",373
