,round,tube,sp_div_H,tot_pop_0,tot_final_pop,tot_auc,mean_fc,deg_score,nut_score
0,0.0,0.0,-0.0,24.0,516.0,33643.0,21.4999910416704,0.20994397930288022,0.3163475225352763
1,0.0,1.0,-0.0,24.0,531.0,33903.0,22.124990781253842,0.2086402853462438,0.31547673653880703
2,0.0,2.0,-0.0,24.0,521.0,32815.0,21.708324288198213,0.20905148674759355,0.315161855777225
