,round,tube,sp,pop_0,final_pop,st_div_H,auc,fc
0,0.0,0.0,10.0,7.0,97.0,0.6595564682044968,18268.0,13.85712306125277
1,0.0,1.0,10.0,7.0,85.0,0.5313388614561229,18093.0,12.14283979594315
2,0.0,2.0,10.0,7.0,120.0,0.5960740318257864,17554.0,17.14283265309621
