,round,tube,sp_div_H,tot_pop_0,tot_final_pop,tot_auc,mean_fc,deg_score,nut_score
0,0.0,0.0,-0.0,6.0,598.0,38453.0,99.66650055583241,0.25581969895640266,0.3987015337316261
1,0.0,1.0,-0.0,6.0,824.0,41608.0,137.33310444482592,0.2589308448297053,0.47243778033370754
2,0.0,2.0,-0.0,6.0,617.0,45502.0,102.8331619447301,0.25563839404166655,0.39870142742754344
