,round,tube,nut,amount
0,0.0,0.0,0.0,0.6600399695625545
1,0.0,0.0,1.0,0.3346375064971514
2,0.0,0.0,2.0,2000.0
3,0.0,0.0,3.0,1336.0228220177078
4,0.0,1.0,0.0,0.3755119341351156
5,0.0,1.0,1.0,0.43920580759647176
6,0.0,1.0,2.0,2000.0
7,0.0,1.0,3.0,673.1641671959767
8,0.0,2.0,0.0,0.6622859096397504
9,0.0,2.0,1.0,0.40182300814610794
10,0.0,2.0,2.0,2000.0
11,0.0,2.0,3.0,1336.023567890337
