,round,tube,nut,amount
0,0.0,0.0,0.0,2000.0
1,0.0,0.0,1.0,2000.0
2,0.0,0.0,2.0,0.8330324032653711
3,0.0,0.0,3.0,0.3481838076015151
4,0.0,1.0,0.0,2000.0
5,0.0,1.0,1.0,2000.0
6,0.0,1.0,2.0,0.977429110983746
7,0.0,1.0,3.0,0.5768908325172788
8,0.0,2.0,0.0,2000.0
9,0.0,2.0,1.0,2000.0
10,0.0,2.0,2.0,0.9520529934973416
11,0.0,2.0,3.0,0.3290190300223017
