,round,tube,nut,amount
0,0.0,0.0,0.0,2000.0
1,0.0,0.0,1.0,2000.0
2,0.0,0.0,2.0,0.5872815837449257
3,0.0,0.0,3.0,0.7551799513178772
4,0.0,1.0,0.0,2000.0
5,0.0,1.0,1.0,2000.0
6,0.0,1.0,2.0,0.7749820480734659
7,0.0,1.0,3.0,3.827427999947787
8,0.0,2.0,0.0,2000.0
9,0.0,2.0,1.0,2000.0
10,0.0,2.0,2.0,0.11704508559351323
11,0.0,2.0,3.0,302.1790334065557
