,round,tube,sp,st,final_pop
0,0,0,11,"(0.08339171233527262, 0.0, 0.0, 0.0, 0.0, 0.0, 0.0, 0.0, 0.06035693396255313, 0.0)",2
1,0,0,11,"(0.05585004290550168, 0.0, 0.0, 0.0, 0.0, 0.0, 0.0, 0.0, 0.02952100057136229, 0.0)",19
2,0,0,11,"(0.0962718601386389, 0.0, 0.0, 0.0, 0.0, 0.0, 0.0, 0.0, 0.06035693396255313, 0.0)",20
3,0,1,11,"(0.0962718601386389, 0.0, 0.0, 0.0, 0.0, 0.0, 0.0, 0.0, 0.06035693396255313, 0.0)",4
4,0,1,11,"(0.05585004290550168, 0.0, 0.0, 0.0, 0.0, 0.0, 0.0, 0.0, 0.02952100057136229, 0.0)",30
5,0,1,11,"(0.08339171233527262, 0.0, 0.0, 0.0, 0.0, 0.0, 0.0, 0.0, 0.06035693396255313, 0.0)",6
6,0,2,11,"(0.08339171233527262, 0.0, 0.0, 0.0, 0.0, 0.0, 0.0, 0.0, 0.06035693396255313, 0.0)",28
7,0,2,11,"(0.0962718601386389, 0.0, 0.0, 0.0, 0.0, 0.0, 0.0, 0.0, 0.06035693396255313, 0.0)",2
8,0,2,11,"(0.05585004290550168, 0.0, 0.0, 0.0, 0.0, 0.0, 0.0, 0.0, 0.02952100057136229, 0.0)",4
