,round,tube,nut,amount
0,0.0,0.0,0.0,2000.0
1,0.0,0.0,1.0,2000.0
2,0.0,0.0,2.0,0.10516838100809744
3,0.0,0.0,3.0,0.05424947968873961
4,0.0,1.0,0.0,2000.0
5,0.0,1.0,1.0,2000.0
6,0.0,1.0,2.0,0.9338403101265933
7,0.0,1.0,3.0,0.4795798982064614
8,0.0,2.0,0.0,2000.0
9,0.0,2.0,1.0,2000.0
10,0.0,2.0,2.0,0.8304895641272729
11,0.0,2.0,3.0,0.41980928702254694
