,round,tube,sp,pop_0,final_pop,st_div_H,auc,fc
0,0.0,0.0,0.0,14.0,120.0,-0.0,11170.0,8.571422448983965
1,0.0,1.0,0.0,14.0,131.0,-0.0,12335.0,9.357136173474162
2,0.0,2.0,0.0,14.0,121.0,-0.0,11489.0,8.642850969392166
