,round,tube,sp,pop_0,final_pop,st_div_H,auc,fc
0,0.0,0.0,12.0,12.0,69.0,0.22134780912340474,4130.0,5.749995208337326
1,0.0,1.0,12.0,12.0,110.0,0.5004024235381879,7595.0,9.166659027784144
2,0.0,2.0,12.0,12.0,109.0,0.5271400957151291,8502.0,9.083325763895196
