,round,tube,nut,amount
0,0.0,0.0,0.0,2000.0
1,0.0,0.0,1.0,2000.0
2,0.0,0.0,2.0,1999.9625740403076
3,0.0,0.0,3.0,1999.9406409920543
4,0.0,1.0,0.0,2000.0
5,0.0,1.0,1.0,2000.0
6,0.0,1.0,2.0,0.9501251771310741
7,0.0,1.0,3.0,0.52662544925027
8,0.0,2.0,0.0,2000.0
9,0.0,2.0,1.0,2000.0
10,0.0,2.0,2.0,0.9297317560128743
11,0.0,2.0,3.0,0.48739418250158906
