,round,tube,sp,pop_0,final_pop,st_div_H,auc,fc
0,0.0,0.0,7.0,7.0,615.0,-0.0,46111.0,87.85701734711807
1,0.0,1.0,7.0,7.0,657.0,-0.0,47016.0,93.85700877570176
2,0.0,2.0,7.0,7.0,657.0,-0.0,44673.0,93.85700877570176
