,round,tube,nut,amount
0,0.0,0.0,0.0,2000.0
1,0.0,0.0,1.0,0.3161337270175224
2,0.0,0.0,2.0,0.5368416824774057
3,0.0,0.0,3.0,2000.0
4,0.0,1.0,0.0,2000.0
5,0.0,1.0,1.0,0.3660706401346574
6,0.0,1.0,2.0,0.46860562144842977
7,0.0,1.0,3.0,2000.0
8,0.0,2.0,0.0,2000.0
9,0.0,2.0,1.0,0.9999942974500261
10,0.0,2.0,2.0,0.05704615981264327
11,0.0,2.0,3.0,2000.0
