,round,tube,nut,amount
0,0.0,0.0,0.0,2000.0
1,0.0,0.0,1.0,0.5944768062626303
2,0.0,0.0,2.0,0.7080670986942472
3,0.0,0.0,3.0,2000.0
4,0.0,1.0,0.0,2000.0
5,0.0,1.0,1.0,0.9744734594105053
6,0.0,1.0,2.0,0.6572373225256607
7,0.0,1.0,3.0,2000.0
8,0.0,2.0,0.0,2000.0
9,0.0,2.0,1.0,0.2806328645006678
10,0.0,2.0,2.0,0.09346427300063764
11,0.0,2.0,3.0,2000.0
