,round,tube,sp,st,final_pop
0,0,0,8,"(0.19235562551390653, 0.04613942770690925, 0.0, 0.0, 0.07022106556493442, 0.0, 0.08319516954615302, 0.1116381245929446, 0.0, 0.0)",170
1,0,0,8,"(0.19235562551390653, 0.04613942770690925, 0.0, 0.0, 0.07022106556493442, 0.0, 0.06878419998191859, 0.1116381245929446, 0.0, 0.0)",110
2,0,1,8,"(0.19235562551390653, 0.04613942770690925, 0.0, 0.0, 0.07022106556493442, 0.0, 0.08319516954615302, 0.1116381245929446, 0.0, 0.0)",310
3,0,2,8,"(0.19235562551390653, 0.04613942770690925, 0.0, 0.0, 0.07022106556493442, 0.0, 0.08319516954615302, 0.1116381245929446, 0.0, 0.0)",227
4,0,2,8,"(0.19235562551390653, 0.04613942770690925, 0.0, 0.0, 0.07022106556493442, 0.0, 0.06878419998191859, 0.1116381245929446, 0.0, 0.0)",42
