,round,tube,sp,pop_0,final_pop,st_div_H,auc,fc
0,0.0,0.0,13.0,14.0,65.0,-0.0,4111.0,4.642853826532981
1,0.0,1.0,13.0,14.0,55.0,-0.0,4736.0,3.928568622450984
2,0.0,2.0,13.0,14.0,56.0,-0.0,4481.0,3.9999971428591836
