,round,tube,sp,pop_0,final_pop,st_div_H,auc,fc
0,0.0,0.0,7.0,22.0,480.0,2.1487356280424486,65156.0,21.818171900830954
1,0.0,1.0,7.0,22.0,525.0,2.1366296856860965,71783.0,23.863625516533858
2,0.0,2.0,7.0,22.0,466.0,2.014645129985411,65767.0,21.181808553723386
