,round,tube,sp,st,final_pop
0,0,0,11,"(0.09448652682904045, 0.0, 0.0, 0.0, 0.0, 0.0, 0.0, 0.0, 0.02949591158562562, 0.0)",10
1,0,0,11,"(0.08361068545964753, 0.0, 0.0, 0.0, 0.0, 0.0, 0.0, 0.0, 0.06416164919574671, 0.0)",2
2,0,0,11,"(0.08361068545964753, 0.0, 0.0, 0.0, 0.0, 0.0, 0.0, 0.0, 0.04025728320549682, 0.0)",15
3,0,1,11,"(0.08361068545964753, 0.0, 0.0, 0.0, 0.0, 0.0, 0.0, 0.0, 0.06416164919574671, 0.0)",16
4,0,1,11,"(0.09448652682904045, 0.0, 0.0, 0.0, 0.0, 0.0, 0.0, 0.0, 0.02949591158562562, 0.0)",11
5,0,1,11,"(0.08361068545964753, 0.0, 0.0, 0.0, 0.0, 0.0, 0.0, 0.0, 0.04025728320549682, 0.0)",2
6,0,2,11,"(0.08361068545964753, 0.0, 0.0, 0.0, 0.0, 0.0, 0.0, 0.0, 0.06416164919574671, 0.0)",3
7,0,2,11,"(0.09448652682904045, 0.0, 0.0, 0.0, 0.0, 0.0, 0.0, 0.0, 0.02949591158562562, 0.0)",18
8,0,2,11,"(0.08361068545964753, 0.0, 0.0, 0.0, 0.0, 0.0, 0.0, 0.0, 0.04025728320549682, 0.0)",12
