,round,tube,sp,pop_0,final_pop,st_div_H,auc,fc
0,0.0,0.0,5.0,13.0,843.0,-0.0,52172.0,64.84610396453542
1,0.0,1.0,5.0,13.0,525.0,-0.0,43726.0,40.38458431955053
2,0.0,2.0,5.0,13.0,767.0,-0.0,51956.0,58.999954615419526
