,round,tube,sp,pop_0,final_pop,st_div_H,auc,fc
0,0.0,0.0,12.0,12.0,5.0,-0.0,507.0,0.4166663194447338
1,0.0,1.0,12.0,12.0,4.0,-0.0,453.0,0.33333305555578707
2,0.0,2.0,12.0,12.0,1.0,-0.0,321.0,0.08333326388894677
