,round,tube,sp_div_H,tot_pop_0,tot_final_pop,tot_auc,mean_fc,deg_score,nut_score
0,0.0,0.0,-0.0,7.0,99.0,9995.0,14.142836938804374,0.17639043851354363,0.13397458416298325
1,0.0,1.0,-0.0,7.0,74.0,8730.0,10.57141346940933,0.18069182547974771,0.13397457418550085
2,0.0,2.0,-0.0,7.0,94.0,9721.0,13.428552244925365,0.17739103588448435,0.13397458683484376
