,round,tube,sp,pop_0,final_pop,st_div_H,auc,fc
0,0.0,0.0,13.0,77.0,1015.0,1.7631539301119379,118121.0,13.181816469893965
1,0.0,1.0,13.0,77.0,1002.0,1.7981692943953624,118726.0,13.012985322988918
2,0.0,2.0,13.0,77.0,1081.0,1.8234480021857422,121629.0,14.038959215719581
