,round,tube,nut,amount
0,0.0,0.0,0.0,2000.0
1,0.0,0.0,1.0,2000.0
2,0.0,0.0,2.0,0.5594585599885614
3,0.0,0.0,3.0,0.1736347585292357
4,0.0,1.0,0.0,2000.0
5,0.0,1.0,1.0,2000.0
6,0.0,1.0,2.0,0.11478945974232557
7,0.0,1.0,3.0,0.4365960186537077
8,0.0,2.0,0.0,2000.0
9,0.0,2.0,1.0,2000.0
10,0.0,2.0,2.0,0.7254554880569928
11,0.0,2.0,3.0,0.6793179404910301
