,round,tube,sp,pop_0,final_pop,st_div_H,auc,fc
0,0.0,0.0,5.0,6.0,16.0,-0.0,740.0,2.66666222222963
1,0.0,1.0,5.0,6.0,15.0,-0.0,681.0,2.499995833340278
2,0.0,2.0,5.0,6.0,1.0,-0.0,172.0,0.16666638888935187
