,round,tube,sp_div_H,tot_pop_0,tot_final_pop,tot_auc,mean_fc,deg_score,nut_score
0,0.0,0.0,-0.0,19.0,409.0,55871.0,21.526304459839757,0.12741546918602142,0.49999995311205825
1,0.0,1.0,-0.0,19.0,377.0,54623.0,19.842094819950095,0.11536581141275015,0.45257652507020874
2,0.0,2.0,-0.0,19.0,357.0,54230.0,18.789463795019056,0.11877522418455078,0.4525778253395967
