,round,tube,sp,pop_0,final_pop,st_div_H,auc,fc
0,0.0,0.0,10.0,5.0,100.0,-0.0,17092.0,19.99996000008
1,0.0,1.0,10.0,5.0,107.0,-0.0,18390.0,21.399957200085602
2,0.0,2.0,10.0,5.0,79.0,-0.0,15672.0,15.799968400063202
