,round,tube,sp,st,final_pop
0,0,0,11,"(0.052855038738020554, 0.0, 0.0, 0.0, 0.0, 0.0, 0.0, 0.0, 0.08559710251662211, 0.0)",4
1,0,0,11,"(0.042308545859116815, 0.0, 0.0, 0.0, 0.0, 0.0, 0.0, 0.0, 0.03548445045827092, 0.0)",1
2,0,0,11,"(0.11080621742429601, 0.0, 0.0, 0.0, 0.0, 0.0, 0.0, 0.0, 0.06416164919574671, 0.0)",28
3,0,1,11,"(0.11080621742429601, 0.0, 0.0, 0.0, 0.0, 0.0, 0.0, 0.0, 0.06416164919574671, 0.0)",28
4,0,1,11,"(0.052855038738020554, 0.0, 0.0, 0.0, 0.0, 0.0, 0.0, 0.0, 0.08559710251662211, 0.0)",1
5,0,2,11,"(0.052855038738020554, 0.0, 0.0, 0.0, 0.0, 0.0, 0.0, 0.0, 0.08559710251662211, 0.0)",7
6,0,2,11,"(0.11080621742429601, 0.0, 0.0, 0.0, 0.0, 0.0, 0.0, 0.0, 0.06416164919574671, 0.0)",22
7,0,2,11,"(0.042308545859116815, 0.0, 0.0, 0.0, 0.0, 0.0, 0.0, 0.0, 0.03548445045827092, 0.0)",3
