,round,tube,sp,pop_0,final_pop,st_div_H,auc,fc
0,0.0,0.0,8.0,13.0,280.0,0.9655746000412487,48035.0,21.538444970426948
1,0.0,1.0,8.0,13.0,322.0,1.27201619232206,46307.0,24.769211715990988
2,0.0,2.0,8.0,13.0,297.0,0.9941268107113662,47997.0,22.84613627220287
