,round,tube,sp_div_H,tot_pop_0,tot_final_pop,tot_auc,mean_fc,deg_score,nut_score
0,0.0,0.0,-0.0,11.0,6.0,719.0,0.5454540495872277,0.06523092897467186,0.0650678018894928
1,0.0,1.0,-0.0,11.0,34.0,1580.0,3.09090628099429,0.1188129897777701,0.11478177051664873
2,0.0,2.0,-0.0,11.0,33.0,2047.0,2.999997272729752,0.13726916697458813,0.1260847261121557
