,round,tube,nut,amount
0,0.0,0.0,0.0,7.011735897095859
1,0.0,0.0,1.0,2000.0
2,0.0,0.0,2.0,0.4601525695680172
3,0.0,0.0,3.0,2000.0
4,0.0,1.0,0.0,0.823021602012858
5,0.0,1.0,1.0,2000.0
6,0.0,1.0,2.0,0.5218931535432625
7,0.0,1.0,3.0,2000.0
8,0.0,2.0,0.0,99.20331025390205
9,0.0,2.0,1.0,2000.0
10,0.0,2.0,2.0,0.32662557784430224
11,0.0,2.0,3.0,2000.0
