,round,tube,sp,pop_0,final_pop,st_div_H,auc,fc
0,0.0,0.0,9.0,7.0,86.0,0.5806978226600542,2728.0,12.28569673471895
1,0.0,1.0,9.0,7.0,32.0,-0.0,1079.0,4.571422040825656
2,0.0,2.0,9.0,7.0,85.0,-0.0,2490.0,12.14283979594315
