,round,tube,nut,amount
0,0.0,0.0,0.0,1691.5588318060666
1,0.0,0.0,1.0,2000.0
2,0.0,0.0,2.0,0.8585042693961217
3,0.0,0.0,3.0,0.29786261387011415
4,0.0,1.0,0.0,1693.494567218076
5,0.0,1.0,1.0,2000.0
6,0.0,1.0,2.0,13.404848227179475
7,0.0,1.0,3.0,0.008269927570065061
8,0.0,2.0,0.0,1694.3631097129335
9,0.0,2.0,1.0,2000.0
10,0.0,2.0,2.0,19.034250269843625
11,0.0,2.0,3.0,0.2998804268656823
