,round,tube,sp_div_H,tot_pop_0,tot_final_pop,tot_auc,mean_fc,deg_score,nut_score
0,0.0,0.0,-0.0,12.0,18.0,1158.0,1.4999987500010417,0.1298042078675935,0.12174781353192243
1,0.0,1.0,-0.0,12.0,15.0,969.0,1.2499989583342015,0.11123327073745715,0.10343455837441029
2,0.0,2.0,-0.0,12.0,23.0,1303.0,1.9166650694457754,0.14300560799883055,0.13580820544878247
