,round,tube,sp,pop_0,final_pop,st_div_H,auc,fc
0,0.0,0.0,5.0,6.0,46.0,-0.0,2382.0,7.666653888910186
1,0.0,1.0,5.0,6.0,39.0,-0.0,941.0,6.499989166684722
2,0.0,2.0,5.0,6.0,51.0,-0.0,2440.0,8.499985833356945
