,round,tube,sp,pop_0,final_pop,st_div_H,auc,fc
0,0.0,0.0,5.0,14.0,540.0,0.7101879833481717,65183.0,38.57140102042784
1,0.0,1.0,5.0,14.0,509.0,0.953991573637649,65453.0,36.35711688777365
2,0.0,2.0,5.0,14.0,518.0,1.043153111615603,66638.0,36.99997357144745
