,round,tube,sp_div_H,tot_pop_0,tot_final_pop,tot_auc,mean_fc,deg_score,nut_score
0,0.0,0.0,-0.0,16.0,485.0,35463.0,30.31248105469934,0.2866536908807127,0.3987075127333747
1,0.0,1.0,-0.0,16.0,489.0,35970.0,30.56248089844944,0.2867520858043515,0.398712050973544
2,0.0,2.0,-0.0,16.0,474.0,34760.0,29.624981484386574,0.28715915904479106,0.3987033537878728
