,round,tube,sp,pop_0,final_pop,st_div_H,auc,fc
0,0.0,0.0,13.0,7.0,322.0,-0.0,46194.0,45.999934285808166
1,0.0,1.0,13.0,7.0,494.0,-0.0,48445.0,70.57132775524607
2,0.0,2.0,13.0,7.0,434.0,-0.0,45771.0,61.99991142869796
