,round,tube,nut,amount
0,0.0,0.0,0.0,0.1966711327943056
1,0.0,0.0,1.0,2000.0
2,0.0,0.0,2.0,0.35167178894983664
3,0.0,0.0,3.0,2000.0
4,0.0,1.0,0.0,0.07452665970781003
5,0.0,1.0,1.0,2000.0
6,0.0,1.0,2.0,0.43029600195543827
7,0.0,1.0,3.0,2000.0
8,0.0,2.0,0.0,0.8465147507436939
9,0.0,2.0,1.0,2000.0
10,0.0,2.0,2.0,0.5071114229951927
11,0.0,2.0,3.0,2000.0
