,round,tube,sp_div_H,tot_pop_0,tot_final_pop,tot_auc,mean_fc,deg_score,nut_score
0,0.0,0.0,-0.0,12.0,5.0,681.0,0.4166663194447338,0.06532818367224036,0.05929774511985153
1,0.0,1.0,-0.0,12.0,3.0,485.0,0.24999979166684028,0.047438776023975726,0.04345114700612707
2,0.0,2.0,-0.0,12.0,2.0,410.0,0.16666652777789354,0.04042547077517278,0.03587457865733734
