,round,tube,sp_div_H,tot_pop_0,tot_final_pop,tot_auc,mean_fc,deg_score,nut_score
0,0.0,0.0,-0.0,8.0,289.0,15960.0,36.12495484380645,0.2176869896411021,0.4986298252884447
1,0.0,1.0,-0.0,8.0,370.0,11650.0,46.249942187572266,0.2174980701470134,0.4986312397751862
2,0.0,2.0,-0.0,8.0,294.0,11507.0,36.74995406255742,0.21904220223056214,0.4980568304087516
