,round,tube,nut,amount
0,0.0,0.0,0.0,2000.0
1,0.0,0.0,1.0,1571.8223133850222
2,0.0,0.0,2.0,763.7610769967646
3,0.0,0.0,3.0,2000.0
4,0.0,1.0,0.0,2000.0
5,0.0,1.0,1.0,1500.0738570375631
6,0.0,1.0,2.0,556.6082122518892
7,0.0,1.0,3.0,2000.0
8,0.0,2.0,0.0,2000.0
9,0.0,2.0,1.0,1658.0185579906454
10,0.0,2.0,2.0,1012.627741302884
11,0.0,2.0,3.0,2000.0
