,round,tube,sp,st,final_pop
0,0,0,7,"(0.0, 0.0, 0.14152846176173042, 0.0, 0.07801795706422532, 0.01745409381609489, 0.0087134414842118, 0.040571293248021965, 0.04660380572716448, 0.0)",19
1,0,0,7,"(0.0, 0.0, 0.14152846176173042, 0.0, 0.07801795706422532, 0.01745409381609489, 0.0087134414842118, 0.040571293248021965, 0.08690003962316965, 0.0)",120
2,0,1,7,"(0.0, 0.0, 0.14152846176173042, 0.0, 0.07801795706422532, 0.01745409381609489, 0.0087134414842118, 0.040571293248021965, 0.04660380572716448, 0.0)",118
3,0,1,7,"(0.0, 0.0, 0.14152846176173042, 0.0, 0.07801795706422532, 0.01745409381609489, 0.0087134414842118, 0.040571293248021965, 0.08690003962316965, 0.0)",25
4,0,2,7,"(0.0, 0.0, 0.14152846176173042, 0.0, 0.07801795706422532, 0.01745409381609489, 0.0087134414842118, 0.040571293248021965, 0.04660380572716448, 0.0)",84
5,0,2,7,"(0.0, 0.0, 0.14152846176173042, 0.0, 0.07801795706422532, 0.01745409381609489, 0.0087134414842118, 0.040571293248021965, 0.08690003962316965, 0.0)",53
