,round,tube,sp,st,final_pop
0,0,0,8,"(0.08608046678287733, 0.0, 0.09886232529533268, 0.09247639241939104, 0.09173902283359818, 0.0, 0.028624918864351683, 0.0, 0.0, 0.0)",305
1,0,0,8,"(0.04431509953035476, 0.0, 0.09886232529533268, 0.09247639241939104, 0.09173902283359818, 0.0, 0.028624918864351683, 0.0, 0.0, 0.0)",145
2,0,1,8,"(0.08608046678287733, 0.0, 0.09886232529533268, 0.09247639241939104, 0.09173902283359818, 0.0, 0.028624918864351683, 0.0, 0.0, 0.0)",340
3,0,1,8,"(0.04431509953035476, 0.0, 0.09886232529533268, 0.09247639241939104, 0.09173902283359818, 0.0, 0.028624918864351683, 0.0, 0.0, 0.0)",124
4,0,2,8,"(0.04431509953035476, 0.0, 0.09886232529533268, 0.09247639241939104, 0.09173902283359818, 0.0, 0.028624918864351683, 0.0, 0.0, 0.0)",164
5,0,2,8,"(0.08608046678287733, 0.0, 0.09886232529533268, 0.09247639241939104, 0.09173902283359818, 0.0, 0.028624918864351683, 0.0, 0.0, 0.0)",275
