,round,tube,nut,amount
0,0.0,0.0,0.0,1259.3026843923212
1,0.0,0.0,1.0,1597.0240399617996
2,0.0,0.0,2.0,0.4468960149431993
3,0.0,0.0,3.0,0.33445204751201985
4,0.0,1.0,0.0,1259.3345314411276
5,0.0,1.0,1.0,1597.0413663308816
6,0.0,1.0,2.0,0.5328688731565059
7,0.0,1.0,3.0,0.06469847874399193
8,0.0,2.0,0.0,0.013262497976502141
9,0.0,2.0,1.0,9.556122498865504
10,0.0,2.0,2.0,0.22129822004147925
11,0.0,2.0,3.0,0.15202262715084558
