,round,tube,sp_div_H,tot_pop_0,tot_final_pop,tot_auc,mean_fc,deg_score,nut_score
0,0.0,0.0,-0.0,9.0,213.0,43135.0,23.66664037039959,0.10752491842627421,0.49155647108262135
1,0.0,1.0,-0.0,9.0,384.0,50627.0,42.666619259311936,0.12640389124047713,0.7719886168337413
2,0.0,2.0,-0.0,9.0,336.0,51440.0,37.33329185189795,0.13135727503395367,0.7719762460400149
