,round,tube,sp_div_H,tot_pop_0,tot_final_pop,tot_auc,mean_fc,deg_score,nut_score
0,0.0,0.0,-0.0,1.0,49.0,22029.0,48.999510004899946,0.04143072794560343,0.13397456358238313
1,0.0,1.0,-0.0,1.0,82.0,22688.0,81.99918000819991,0.042253414632362096,0.13397458971750742
2,0.0,2.0,-0.0,1.0,43.0,21698.0,42.999570004299954,0.04186345734168051,0.13397456453683232
