,round,tube,sp_div_H,tot_pop_0,tot_final_pop,tot_auc,mean_fc,deg_score,nut_score
0,0.0,0.0,-0.0,13.0,552.0,40646.0,42.46150579884169,0.1631364168200231,0.2928763522634469
1,0.0,1.0,-0.0,13.0,581.0,41062.0,44.692273313635916,0.16333584517916266,0.2928672877285451
2,0.0,2.0,-0.0,13.0,561.0,45043.0,43.15381295860542,0.16294750272177994,0.2928913455569898
