,round,tube,sp_div_H,tot_pop_0,tot_final_pop,tot_auc,mean_fc,deg_score,nut_score
0,0.0,0.0,-0.0,1.0,243.0,3864.0,242.99757002429973,0.18493269024065684,0.24785561904514952
1,0.0,1.0,-0.0,1.0,297.0,10078.0,296.99703002969966,0.2570233117831793,0.29289317445363394
2,0.0,2.0,-0.0,1.0,255.0,13296.0,254.99745002549972,0.2599676367498145,0.29289320486893655
