,round,tube,sp,pop_0,final_pop,st_div_H,auc,fc
0,0.0,0.0,3.0,10.0,263.0,-0.0,10276.0,26.2999737000263
1,0.0,1.0,3.0,10.0,300.0,-0.0,11588.0,29.99997000003
2,0.0,2.0,3.0,10.0,283.0,-0.0,11943.0,28.2999717000283
