,round,tube,sp,pop_0,final_pop,st_div_H,auc,fc
0,0.0,0.0,8.0,9.0,377.0,0.7133495932849266,47917.0,41.88884234573073
1,0.0,1.0,8.0,9.0,304.0,0.8198833724193229,47259.0,33.77774024695528
2,0.0,2.0,8.0,9.0,329.0,0.7006045933572627,51741.0,36.55551493831673
