,round,tube,sp,pop_0,final_pop,st_div_H,auc,fc
0,0.0,0.0,6.0,5.0,179.0,0.9981065624672643,22571.0,35.7999284001432
1,0.0,1.0,6.0,5.0,199.0,0.7336895374500542,22494.0,39.7999204001592
2,0.0,2.0,6.0,5.0,180.0,0.7610557106783771,22124.0,35.999928000144
