,round,tube,sp,pop_0,final_pop,st_div_H,auc,fc
0,0.0,0.0,8.0,16.0,839.0,-0.0,90032.0,52.43746722658298
1,0.0,1.0,8.0,16.0,846.0,-0.0,91996.0,52.87496695314566
2,0.0,2.0,8.0,16.0,826.0,-0.0,93005.0,51.62496773439517
