,round,tube,nut,amount
0,0.0,0.0,0.0,0.7827906315718325
1,0.0,0.0,1.0,2000.0
2,0.0,0.0,2.0,0.35046899047778624
3,0.0,0.0,3.0,2000.0
4,0.0,1.0,0.0,0.3183646124514259
5,0.0,1.0,1.0,2000.0
6,0.0,1.0,2.0,0.1306043759893205
7,0.0,1.0,3.0,2000.0
8,0.0,2.0,0.0,0.5523532693419635
9,0.0,2.0,1.0,2000.0
10,0.0,2.0,2.0,0.45051850272687055
11,0.0,2.0,3.0,2000.0
