,round,tube,sp,st,final_pop
0,0,0,8,"(0.0, 0.0, 0.016361534780228625, 0.0033097906454404528, 0.0, 0.006935454618720939, 0.02773054755533034, 0.017443176133622482, 0.017571240947560234, 0.013538136313320443)",979
1,0,1,8,"(0.0, 0.0, 0.016361534780228625, 0.0033097906454404528, 0.0, 0.006935454618720939, 0.02773054755533034, 0.017443176133622482, 0.017571240947560234, 0.013538136313320443)",1213
2,0,2,8,"(0.0, 0.0, 0.016361534780228625, 0.0033097906454404528, 0.0, 0.006935454618720939, 0.02773054755533034, 0.017443176133622482, 0.017571240947560234, 0.013538136313320443)",974
