,round,tube,nut,amount
0,0.0,0.0,0.0,1259.34433591181
1,0.0,0.0,1.0,1597.0467004476689
2,0.0,0.0,2.0,0.5593365805028654
3,0.0,0.0,3.0,0.11382762622958609
4,0.0,1.0,0.0,1259.3470031080706
5,0.0,1.0,1.0,1597.0481515343022
6,0.0,1.0,2.0,0.5665368233661532
7,0.0,1.0,3.0,0.276022981534755
8,0.0,2.0,0.0,0.0416616198438593
9,0.0,2.0,1.0,45.5976626605651
10,0.0,2.0,2.0,0.26989614116535243
11,0.0,2.0,3.0,0.42796566762115873
