,round,tube,sp,pop_0,final_pop,st_div_H,auc,fc
0,0.0,0.0,1.0,7.0,449.0,0.5189590782135994,67002.0,64.14276551033498
1,0.0,1.0,1.0,7.0,492.0,0.5076416673962814,67023.0,70.28561387769446
2,0.0,2.0,1.0,7.0,562.0,0.3759036373355581,75208.0,80.2855995920006
