,round,tube,sp_div_H,tot_pop_0,tot_final_pop,tot_auc,mean_fc,deg_score,nut_score
0,0.0,0.0,-0.0,6.0,30.0,1141.0,4.999991666680556,0.10995088805445452,0.09794544949267914
1,0.0,1.0,-0.0,6.0,28.0,1367.0,4.6666588889018525,0.13109446436631833,0.10933974357774712
2,0.0,2.0,-0.0,6.0,7.0,325.0,1.1666647222254631,0.03324461438829729,0.032556704546481297
