,round,tube,sp_div_H,tot_pop_0,tot_final_pop,tot_auc,mean_fc,deg_score,nut_score
0,0.0,0.0,-0.0,10.0,320.0,15023.0,31.999968000032002,0.26065617351481474,0.449686152703458
1,0.0,1.0,-0.0,10.0,349.0,15616.0,34.899965100034905,0.2593847297707895,0.4497022505820788
2,0.0,2.0,-0.0,10.0,345.0,14866.0,34.4999655000345,0.26148918471784577,0.4497043015573019
