,round,tube,sp,pop_0,final_pop,st_div_H,auc,fc
0,0.0,0.0,6.0,6.0,5.0,-0.0,313.0,0.8333319444467593
1,0.0,1.0,6.0,6.0,8.0,-0.0,557.0,1.333331111114815
2,0.0,2.0,6.0,6.0,3.0,-0.0,316.0,0.4999991666680556
