,round,tube,sp_div_H,tot_pop_0,tot_final_pop,tot_auc,mean_fc,deg_score,nut_score
0,0.0,0.0,-0.0,26.0,552.0,64896.0,21.230761065091897,0.13697082108387992,0.2928932062252595
1,0.0,1.0,-0.0,26.0,530.0,63554.0,20.384607544381716,0.14023716400160835,0.2928931819483933
2,0.0,2.0,-0.0,26.0,501.0,62227.0,19.269223357991017,0.13798785227021648,0.29289321848943395
