,round,tube,nut,amount
0,0.0,0.0,0.0,2000.0
1,0.0,0.0,1.0,0.11971683819120038
2,0.0,0.0,2.0,2000.0
3,0.0,0.0,3.0,0.1644217323291306
4,0.0,1.0,0.0,2000.0
5,0.0,1.0,1.0,0.8365627801980723
6,0.0,1.0,2.0,2000.0
7,0.0,1.0,3.0,0.35051339184304475
8,0.0,2.0,0.0,2000.0
9,0.0,2.0,1.0,0.4889888863066758
10,0.0,2.0,2.0,2000.0
11,0.0,2.0,3.0,0.25903328078620147
