,round,tube,sp_div_H,tot_pop_0,tot_final_pop,tot_auc,mean_fc,deg_score,nut_score
0,0.0,0.0,-0.0,23.0,477.0,60170.0,20.739121417773298,0.1511099792312448,0.444561961755886
1,0.0,1.0,-0.0,23.0,758.0,83479.0,32.95650741021417,0.1651242540877247,0.7967736362478988
2,0.0,2.0,-0.0,23.0,488.0,60156.0,21.217382079399098,0.15244076703452503,0.44456769420612974
