,round,tube,sp,pop_0,final_pop,st_div_H,auc,fc
0,0.0,0.0,9.0,8.0,98.0,-0.0,8005.0,12.249984687519142
1,0.0,1.0,9.0,8.0,105.0,-0.0,6727.0,13.124983593770509
2,0.0,2.0,9.0,8.0,111.0,-0.0,9679.0,13.87498265627168
