,round,tube,sp,pop_0,final_pop,st_div_H,auc,fc
0,0.0,0.0,1.0,9.0,587.0,-0.0,38201.0,65.22214975316695
1,0.0,1.0,1.0,9.0,643.0,-0.0,40930.0,71.4443650618166
2,0.0,2.0,1.0,9.0,529.0,-0.0,36815.0,58.77771246920837
