,round,tube,sp_div_H,tot_pop_0,tot_final_pop,tot_auc,mean_fc,deg_score,nut_score
0,0.0,0.0,-0.0,9.0,355.0,46964.0,39.44440061733265,0.17339030727016547,0.7719767819025116
1,0.0,1.0,-0.0,9.0,450.0,45894.0,49.99994444450618,0.18616318536757104,0.9997596750433815
2,0.0,2.0,-0.0,9.0,262.0,34855.0,29.11107876546804,0.14846780422989858,0.4915331971419773
