,round,tube,sp_div_H,tot_pop_0,tot_final_pop,tot_auc,mean_fc,deg_score,nut_score
0,0.0,0.0,-0.0,59.0,1018.0,111032.0,17.25423436368909,0.2623821223303513,0.49732189752796463
1,0.0,1.0,-0.0,59.0,1054.0,111122.0,17.864403751795972,0.2575984533900435,0.4973216921795176
2,0.0,2.0,-0.0,59.0,1094.0,113358.0,18.5423697385814,0.2691919803503673,0.49999995226700533
