,round,tube,sp,pop_0,final_pop,st_div_H,auc,fc
0,0.0,0.0,13.0,6.0,1234.0,0.3503273609155606,109791.0,205.6663238894602
1,0.0,1.0,13.0,6.0,1204.0,0.5074588079554876,108424.0,200.66633222277963
2,0.0,2.0,13.0,6.0,1189.0,0.235354654522576,104559.0,198.16633638943935
