,round,tube,sp_div_H,tot_pop_0,tot_final_pop,tot_auc,mean_fc,deg_score,nut_score
0,0.0,0.0,-0.0,11.0,85.0,5186.0,7.727265702485726,0.1701979120284437,0.2775162108150677
1,0.0,1.0,-0.0,11.0,66.0,3146.0,5.999994545459504,0.16456326406320398,0.19602152073135692
2,0.0,2.0,-0.0,11.0,89.0,5174.0,8.090901735543877,0.1700852326184481,0.2784104167794299
