,round,tube,sp,st,final_pop
0,0,0,10,"(0.09884445575505348, 0.003983248689718548, 0.09951625283967998, 0.0, 0.08868177484404954, 0.0, 0.0, 0.0013793668762315501, 0.0, 0.0)",49
1,0,0,10,"(0.09884445575505348, 0.003983248689718548, 0.09951625283967998, 0.0, 0.08868177484404954, 0.0, 0.0, 0.001758549840863835, 0.0, 0.0)",74
2,0,1,10,"(0.09884445575505348, 0.003983248689718548, 0.09951625283967998, 0.0, 0.08868177484404954, 0.0, 0.0, 0.0013793668762315501, 0.0, 0.0)",169
3,0,2,10,"(0.09884445575505348, 0.003983248689718548, 0.09951625283967998, 0.0, 0.08868177484404954, 0.0, 0.0, 0.0013793668762315501, 0.0, 0.0)",84
4,0,2,10,"(0.09884445575505348, 0.003983248689718548, 0.09951625283967998, 0.0, 0.08868177484404954, 0.0, 0.0, 0.001758549840863835, 0.0, 0.0)",33
