,round,tube,nut,amount
0,0.0,0.0,0.0,1718.6852850631178
1,0.0,0.0,1.0,0.49821607508299093
2,0.0,0.0,2.0,2000.0
3,0.0,0.0,3.0,0.4299469031054814
4,0.0,1.0,0.0,1718.7356428098526
5,0.0,1.0,1.0,0.8561440436040295
6,0.0,1.0,2.0,2000.0
7,0.0,1.0,3.0,0.17038258151421887
8,0.0,2.0,0.0,1718.7054624353186
9,0.0,2.0,1.0,0.6416308684366767
10,0.0,2.0,2.0,2000.0
11,0.0,2.0,3.0,0.21005945489729
