,round,tube,sp_div_H,tot_pop_0,tot_final_pop,tot_auc,mean_fc,deg_score,nut_score
0,0.0,0.0,-0.0,9.0,483.0,37318.0,53.6666070371033,0.23577817564479742,0.2928932024515707
1,0.0,1.0,-0.0,9.0,436.0,32848.0,48.444390617343764,0.23869501181553887,0.29289316806884524
2,0.0,2.0,-0.0,9.0,432.0,35644.0,47.999946666725926,0.23657080059239366,0.29289321099892873
