,round,tube,sp,pop_0,final_pop,st_div_H,auc,fc
0,0.0,0.0,0.0,9.0,265.0,0.7275004562639196,22800.0,29.444411728431415
1,0.0,1.0,0.0,9.0,274.0,0.6638475569829406,23804.0,30.444410617321537
2,0.0,2.0,0.0,9.0,288.0,0.9773568799575973,27063.0,31.99996444448395
