,round,tube,nut,amount
0,0.0,0.0,0.0,1426.119491482341
1,0.0,0.0,1.0,0.49239110272414416
2,0.0,0.0,2.0,938.0549227829738
3,0.0,0.0,3.0,2000.0
4,0.0,1.0,0.0,1417.858454521846
5,0.0,1.0,1.0,0.7194372703301433
6,0.0,1.0,2.0,922.768173359184
7,0.0,1.0,3.0,2000.0
8,0.0,2.0,0.0,1500.6971637419947
9,0.0,2.0,1.0,0.7083777354294662
10,0.0,2.0,2.0,1076.0582017774348
11,0.0,2.0,3.0,2000.0
