,round,tube,sp,pop_0,final_pop,st_div_H,auc,fc
0,0.0,0.0,12.0,11.0,158.0,-0.0,6707.0,14.363623305796995
1,0.0,1.0,12.0,11.0,183.0,-0.0,5406.0,16.636348512410443
2,0.0,2.0,12.0,11.0,206.0,-0.0,9571.0,18.727255702494816
