,round,tube,sp_div_H,tot_pop_0,tot_final_pop,tot_auc,mean_fc,deg_score,nut_score
0,0.0,0.0,-0.0,6.0,107.0,9667.0,17.833303611160648,0.16693644578612343,0.13397459562536196
1,0.0,1.0,-0.0,6.0,103.0,8823.0,17.16663805560324,0.16850989587745258,0.13397456569023358
2,0.0,2.0,-0.0,6.0,102.0,8094.0,16.99997166671389,0.16289034636332167,0.1339745881012291
