,round,tube,sp_div_H,tot_pop_0,tot_final_pop,tot_auc,mean_fc,deg_score,nut_score
0,0.0,0.0,-0.0,14.0,446.0,38520.0,31.85712010205707,0.25068119751158346,0.2928932139854402
1,0.0,1.0,-0.0,14.0,453.0,38724.0,32.35711974491447,0.24904858490242965,0.2928932051262024
2,0.0,2.0,-0.0,14.0,428.0,34882.0,30.571406734709477,0.2507833100548046,0.29289320352583914
