,round,tube,sp,pop_0,final_pop,st_div_H,auc,fc
0,0.0,0.0,0.0,4.0,126.0,-0.0,9704.0,31.499921250196877
1,0.0,1.0,0.0,4.0,133.0,-0.0,9569.0,33.249916875207816
2,0.0,2.0,0.0,4.0,128.0,-0.0,7415.0,31.999920000200003
