,round,tube,sp_div_H,tot_pop_0,tot_final_pop,tot_auc,mean_fc,deg_score,nut_score
0,0.0,0.0,-0.0,34.0,935.0,98867.0,27.499991911767083,0.16487697120638267,0.4999999579785309
1,0.0,1.0,-0.0,34.0,902.0,94539.0,26.52940396194001,0.16062178313710862,0.4923673172970666
2,0.0,2.0,-0.0,34.0,867.0,90953.0,25.499992500002204,0.15693688211901757,0.49237211363619926
