,round,tube,sp_div_H,tot_pop_0,tot_final_pop,tot_auc,mean_fc,deg_score,nut_score
0,0.0,0.0,-0.0,19.0,443.0,39695.0,23.315777202222527,0.2122870298498214,0.34514524762239207
1,0.0,1.0,-0.0,19.0,412.0,40241.0,21.684199113579414,0.2139806871262261,0.3451570040242621
2,0.0,2.0,-0.0,19.0,434.0,40181.0,22.842093241003557,0.21783057893208013,0.4999999489642132
