,round,tube,sp_div_H,tot_pop_0,tot_final_pop,tot_auc,mean_fc,deg_score,nut_score
0,0.0,0.0,-0.0,13.0,386.0,43017.0,29.692284852088576,0.05106630756157904,0.13397458649001182
1,0.0,1.0,-0.0,13.0,407.0,42098.0,31.307668224870596,0.053272519809687835,0.1339745767068936
2,0.0,2.0,-0.0,13.0,379.0,40837.0,29.153823727827902,0.04945832921121185,0.13397457271731317
