,round,tube,nut,amount
0,0.0,0.0,0.0,1.8802363493451468
1,0.0,0.0,1.0,2000.0
2,0.0,0.0,2.0,0.30429322216661225
3,0.0,0.0,3.0,2000.0
4,0.0,1.0,0.0,0.9945330470607227
5,0.0,1.0,1.0,2000.0
6,0.0,1.0,2.0,0.04240921124479957
7,0.0,1.0,3.0,2000.0
8,0.0,2.0,0.0,0.9560844414822144
9,0.0,2.0,1.0,2000.0
10,0.0,2.0,2.0,0.2029940431412376
11,0.0,2.0,3.0,2000.0
