,round,tube,sp,st,final_pop
0,0,0,12,"(0.0, 0.1063989220923299, 0.0015111703434619284, 0.06143188083383607, 0.08672640026861606, 0.0, 0.10261385828907181, 0.19294877208059033, 0.0, 0.10322515837540021)",154
1,0,0,12,"(0.0, 0.1063989220923299, 0.0029333924999419554, 0.06143188083383607, 0.08672640026861606, 0.0, 0.10261385828907181, 0.19294877208059033, 0.0, 0.10322515837540021)",32
2,0,1,12,"(0.0, 0.1063989220923299, 0.0029333924999419554, 0.06143188083383607, 0.08672640026861606, 0.0, 0.10261385828907181, 0.19294877208059033, 0.0, 0.10322515837540021)",72
3,0,1,12,"(0.0, 0.1063989220923299, 0.0015111703434619284, 0.06143188083383607, 0.08672640026861606, 0.0, 0.10261385828907181, 0.19294877208059033, 0.0, 0.10322515837540021)",118
4,0,2,12,"(0.0, 0.1063989220923299, 0.0015111703434619284, 0.06143188083383607, 0.08672640026861606, 0.0, 0.10261385828907181, 0.19294877208059033, 0.0, 0.10322515837540021)",194
