,round,tube,sp,pop_0,final_pop,st_div_H,auc,fc
0,0.0,0.0,5.0,10.0,25.0,-0.0,987.0,2.4999975000025
1,0.0,1.0,5.0,10.0,26.0,-0.0,982.0,2.5999974000026
2,0.0,2.0,5.0,10.0,18.0,-0.0,1247.0,1.7999982000018
