,round,tube,sp_div_H,tot_pop_0,tot_final_pop,tot_auc,mean_fc,deg_score,nut_score
0,0.0,0.0,-0.0,1.0,204.0,3340.0,203.99796002039977,0.19298918627105577,0.23162174950001535
1,0.0,1.0,-0.0,1.0,140.0,2212.0,139.99860001399986,0.1433406806748001,0.16583424815523895
2,0.0,2.0,-0.0,1.0,287.0,5125.0,286.9971300286997,0.23045275105180896,0.29851924879131
