,round,tube,nut,amount
0,0.0,0.0,0.0,1956.3791471915192
1,0.0,0.0,1.0,1949.0701487784593
2,0.0,0.0,2.0,2000.0
3,0.0,0.0,3.0,1976.013668478864
4,0.0,1.0,0.0,1938.5649859839064
5,0.0,1.0,1.0,1928.2710923289271
6,0.0,1.0,2.0,2000.0
7,0.0,1.0,3.0,1966.2179779092012
8,0.0,2.0,0.0,1954.9645764604588
9,0.0,2.0,1.0,1947.4185561974616
10,0.0,2.0,2.0,2000.0
11,0.0,2.0,3.0,1975.2358211803678
