,round,tube,sp_div_H,tot_pop_0,tot_final_pop,tot_auc,mean_fc,deg_score,nut_score
0,0.0,0.0,-0.0,1.0,149.0,12349.0,148.99851001489984,0.08573979757121131,0.13397458334707724
1,0.0,1.0,-0.0,1.0,150.0,13175.0,149.99850001499985,0.08197178360485735,0.13397458305266052
2,0.0,2.0,-0.0,1.0,174.0,12296.0,173.99826001739982,0.08396441129941579,0.1339745959470432
