,round,tube,sp,pop_0,final_pop,st_div_H,auc,fc
0,0.0,0.0,11.0,10.0,609.0,1.6284194443524436,45400.0,60.899939100060905
1,0.0,1.0,11.0,10.0,597.0,1.3351089443635995,40474.0,59.6999403000597
2,0.0,2.0,11.0,10.0,609.0,1.4494364598881064,45012.0,60.899939100060905
