,round,tube,sp_div_H,tot_pop_0,tot_final_pop,tot_auc,mean_fc,deg_score,nut_score
0,0.0,0.0,-0.0,12.0,398.0,20558.0,33.16663902780081,0.23488238668656236,0.34454994461974964
1,0.0,1.0,-0.0,12.0,415.0,25652.0,34.58330451391291,0.23319227869279224,0.3451467631258949
2,0.0,2.0,-0.0,12.0,440.0,24176.0,36.666636111136576,0.23381970277533481,0.3451369268443446
