,round,tube,sp,pop_0,final_pop,st_div_H,auc,fc
0,0.0,0.0,2.0,17.0,151.0,0.6091715188311925,16216.0,8.88234771626605
1,0.0,1.0,2.0,17.0,132.0,0.535959889216217,15202.0,7.76470131488158
2,0.0,2.0,2.0,17.0,140.0,0.6517565611726531,15388.0,8.235289273359252
