,round,tube,sp_div_H,tot_pop_0,tot_final_pop,tot_auc,mean_fc,deg_score,nut_score
0,0.0,0.0,-0.0,5.0,8.0,410.0,1.5999968000064002,0.04448031050704926,0.04231490053697007
1,0.0,1.0,-0.0,5.0,13.0,720.0,2.5999948000104003,0.0732592307385016,0.07049428690080262
2,0.0,2.0,-0.0,5.0,2.0,263.0,0.39999920000160005,0.02968637699575083,0.027686359085898227
