,round,tube,nut,amount
0,0.0,0.0,0.0,0.9094926092941247
1,0.0,0.0,1.0,2000.0
2,0.0,0.0,2.0,0.03061187333833182
3,0.0,0.0,3.0,2000.0
4,0.0,1.0,0.0,0.6916836886306865
5,0.0,1.0,1.0,2000.0
6,0.0,1.0,2.0,0.39849285919118427
7,0.0,1.0,3.0,2000.0
8,0.0,2.0,0.0,0.3202574270308344
9,0.0,2.0,1.0,2000.0
10,0.0,2.0,2.0,0.3918882914342774
11,0.0,2.0,3.0,2000.0
