,round,tube,sp,pop_0,final_pop,st_div_H,auc,fc
0,0.0,0.0,8.0,27.0,803.0,0.2052437434602805,98620.0,29.740729725655658
1,0.0,1.0,8.0,27.0,819.0,0.08151041095033153,98089.0,30.333322098769592
2,0.0,2.0,8.0,27.0,799.0,0.22717409595595678,99231.0,29.592581632377172
