,round,tube,sp_div_H,tot_pop_0,tot_final_pop,tot_auc,mean_fc,deg_score,nut_score
0,0.0,0.0,-0.0,63.0,1087.0,122736.0,17.253965515243568,0.23714892416369437,0.4973258936410653
1,0.0,1.0,-0.0,63.0,1151.0,131699.0,18.269838369866925,0.24011559431653884,0.4999999450182264
2,0.0,2.0,-0.0,63.0,1103.0,124408.0,17.507933728899406,0.23976826451168876,0.4973229639776149
