,round,tube,nut,amount
0,0.0,0.0,0.0,0.07160504335069362
1,0.0,0.0,1.0,0.2561964964446517
2,0.0,0.0,2.0,2000.0
3,0.0,0.0,3.0,2000.0
4,0.0,1.0,0.0,0.037030648799853294
5,0.0,1.0,1.0,0.47051991937679816
6,0.0,1.0,2.0,2000.0
7,0.0,1.0,3.0,2000.0
8,0.0,2.0,0.0,0.764012836192063
9,0.0,2.0,1.0,0.12936748914512464
10,0.0,2.0,2.0,2000.0
11,0.0,2.0,3.0,2000.0
