,round,tube,nut,amount
0,0.0,0.0,0.0,0.1965191235318624
1,0.0,0.0,1.0,2000.0
2,0.0,0.0,2.0,0.8691043865922299
3,0.0,0.0,3.0,2000.0
4,0.0,1.0,0.0,0.43308085992453643
5,0.0,1.0,1.0,2000.0
6,0.0,1.0,2.0,0.6821543983410385
7,0.0,1.0,3.0,2000.0
8,0.0,2.0,0.0,0.21948017514236584
9,0.0,2.0,1.0,2000.0
10,0.0,2.0,2.0,0.37435376880244986
11,0.0,2.0,3.0,2000.0
