,round,tube,sp,st,final_pop
0,0,0,7,"(0.0, 0.0, 0.0, 0.0, 0.12522938133066494, 0.0, 0.0, 0.05924345412590238, 0.0, 0.12942971381425594)",474
1,0,0,7,"(0.0, 0.0, 0.0, 0.0, 0.12522938133066494, 0.0, 0.0, 0.05924345412590238, 0.0, 0.1842944379780426)",96
2,0,1,7,"(0.0, 0.0, 0.0, 0.0, 0.12522938133066494, 0.0, 0.0, 0.05924345412590238, 0.0, 0.12942971381425594)",124
3,0,1,7,"(0.0, 0.0, 0.0, 0.0, 0.12522938133066494, 0.0, 0.0, 0.05924345412590238, 0.0, 0.1842944379780426)",417
4,0,2,7,"(0.0, 0.0, 0.0, 0.0, 0.12522938133066494, 0.0, 0.0, 0.05924345412590238, 0.0, 0.12942971381425594)",321
5,0,2,7,"(0.0, 0.0, 0.0, 0.0, 0.12522938133066494, 0.0, 0.0, 0.05924345412590238, 0.0, 0.1842944379780426)",207
