,round,tube,sp,pop_0,final_pop,st_div_H,auc,fc
0,0.0,0.0,12.0,8.0,250.0,-0.0,7355.0,31.24996093754883
1,0.0,1.0,12.0,8.0,226.0,-0.0,10388.0,28.249964687544143
2,0.0,2.0,12.0,8.0,236.0,-0.0,11257.0,29.499963125046094
