,round,tube,sp_div_H,tot_pop_0,tot_final_pop,tot_auc,mean_fc,deg_score,nut_score
0,0.0,0.0,-0.0,9.0,243.0,7563.0,26.999970000033333,0.22117912747277335,0.4452762348736623
1,0.0,1.0,-0.0,9.0,221.0,13449.0,24.555528271635254,0.24455568998513721,0.49863039832270883
2,0.0,2.0,-0.0,9.0,257.0,12415.0,28.55552382719575,0.24022365895658082,0.4986283520926338
