,round,tube,sp,st,final_pop
0,0,0,13,"(0.008454230104447302, 0.0, 0.0, 0.015729601905918704, 0.014918279475658146, 3.170207648739196e-05, 0.007207709811237389, 0.0, 0.0036202292047445217, 0.013558837205131282)",320
1,0,0,13,"(0.008454230104447302, 0.0, 0.0, 0.015729601905918704, 0.01995806095621588, 3.170207648739196e-05, 0.007207709811237389, 0.0, 0.0036202292047445217, 0.013558837205131282)",55
2,0,0,13,"(0.008454230104447302, 0.0, 0.0, 0.015729601905918704, 0.01995806095621588, 3.170207648739196e-05, 0.007207709811237389, 0.0, 0.002684985262650102, 0.013558837205131282)",67
3,0,1,13,"(0.008454230104447302, 0.0, 0.0, 0.015729601905918704, 0.014918279475658146, 3.170207648739196e-05, 0.007207709811237389, 0.0, 0.0036202292047445217, 0.013558837205131282)",267
4,0,1,13,"(0.008454230104447302, 0.0, 0.0, 0.015729601905918704, 0.01995806095621588, 3.170207648739196e-05, 0.007207709811237389, 0.0, 0.0036202292047445217, 0.013558837205131282)",63
5,0,1,13,"(0.008454230104447302, 0.0, 0.0, 0.015729601905918704, 0.01995806095621588, 3.170207648739196e-05, 0.007207709811237389, 0.0, 0.002684985262650102, 0.013558837205131282)",82
6,0,2,13,"(0.008454230104447302, 0.0, 0.0, 0.015729601905918704, 0.01995806095621588, 3.170207648739196e-05, 0.007207709811237389, 0.0, 0.0036202292047445217, 0.013558837205131282)",95
7,0,2,13,"(0.008454230104447302, 0.0, 0.0, 0.015729601905918704, 0.014918279475658146, 3.170207648739196e-05, 0.007207709811237389, 0.0, 0.0036202292047445217, 0.013558837205131282)",226
8,0,2,13,"(0.008454230104447302, 0.0, 0.0, 0.015729601905918704, 0.01995806095621588, 3.170207648739196e-05, 0.007207709811237389, 0.0, 0.002684985262650102, 0.013558837205131282)",123
