,round,tube,sp,pop_0,final_pop,st_div_H,auc,fc
0,0.0,0.0,12.0,9.0,153.0,-0.0,33732.0,16.9999811111321
1,0.0,1.0,12.0,9.0,166.0,-0.0,35224.0,18.444423950640054
2,0.0,2.0,12.0,9.0,155.0,-0.0,34856.0,17.222203086441016
