,round,tube,nut,amount
0,0.0,0.0,0.0,0.3834937809769986
1,0.0,0.0,1.0,2000.0
2,0.0,0.0,2.0,207.1616561513938
3,0.0,0.0,3.0,0.005982644010583682
4,0.0,1.0,0.0,0.2989666837108561
5,0.0,1.0,1.0,2000.0
6,0.0,1.0,2.0,0.8367965970699891
7,0.0,1.0,3.0,0.19723164908095847
8,0.0,2.0,0.0,0.4232721409887442
9,0.0,2.0,1.0,2000.0
10,0.0,2.0,2.0,207.19732107457196
11,0.0,2.0,3.0,0.32865293332729717
