,round,tube,sp_div_H,tot_pop_0,tot_final_pop,tot_auc,mean_fc,deg_score,nut_score
0,0.0,0.0,-0.0,6.0,10.0,567.0,1.6666638888935186,0.06988288482968819,0.06610514124293532
1,0.0,1.0,-0.0,6.0,1.0,192.0,0.16666638888935187,0.02516962159973979,0.0229566614757879
2,0.0,2.0,-0.0,6.0,8.0,504.0,1.333331111114815,0.06277281777514687,0.058458309339767145
