,round,tube,sp,pop_0,final_pop,st_div_H,auc,fc
0,0.0,0.0,8.0,19.0,715.0,1.5856973443521207,94146.0,37.63155914128466
1,0.0,1.0,8.0,19.0,727.0,1.5247133143248408,96868.0,38.26313775624329
2,0.0,2.0,8.0,19.0,471.0,1.8947547064340946,71488.0,24.78946063712598
