,round,tube,sp,pop_0,final_pop,st_div_H,auc,fc
0,0.0,0.0,0.0,15.0,296.0,0.9607282641806977,35548.0,19.73332017778655
1,0.0,1.0,0.0,15.0,364.0,0.711463881387268,35694.0,24.266650488899675
2,0.0,2.0,0.0,15.0,366.0,0.6232540440112995,38119.0,24.39998373334418
