,round,tube,sp_div_H,tot_pop_0,tot_final_pop,tot_auc,mean_fc,deg_score,nut_score
0,0.0,0.0,-0.0,29.0,549.0,39349.0,18.931027954817946,0.16333997346592444,0.2926762008739907
1,0.0,1.0,-0.0,29.0,609.0,42808.0,20.999992758623186,0.16333997346592444,0.29267196399374384
2,0.0,2.0,-0.0,29.0,566.0,42662.0,19.517234649229433,0.16333997346592444,0.29272010422583805
