,round,tube,sp,pop_0,final_pop,st_div_H,auc,fc
0,0.0,0.0,1.0,29.0,549.0,-0.0,39349.0,18.931027954817946
1,0.0,1.0,1.0,29.0,609.0,-0.0,42808.0,20.999992758623186
2,0.0,2.0,1.0,29.0,566.0,-0.0,42662.0,19.517234649229433
