,round,tube,sp_div_H,tot_pop_0,tot_final_pop,tot_auc,mean_fc,deg_score,nut_score
0,0.0,0.0,-0.0,11.0,522.0,30984.0,47.454502314088806,0.12578523081122073,0.29285666622784257
1,0.0,1.0,-0.0,11.0,529.0,32866.0,48.09086537194057,0.12852819060933496,0.2928836506658843
2,0.0,2.0,-0.0,11.0,459.0,29807.0,41.727234793422916,0.13059322614719548,0.2926210740671742
