,round,tube,sp,pop_0,final_pop,st_div_H,auc,fc
0,0.0,0.0,11.0,7.0,49.0,-0.0,17832.0,6.999990000014286
1,0.0,1.0,11.0,7.0,32.0,-0.0,14812.0,4.571422040825656
2,0.0,2.0,11.0,7.0,27.0,-0.0,14885.0,3.8571373469466472
