,round,tube,sp_div_H,tot_pop_0,tot_final_pop,tot_auc,mean_fc,deg_score,nut_score
0,0.0,0.0,-0.0,31.0,586.0,57686.0,18.903219708638805,0.22067464032545492,0.292893178505239
1,0.0,1.0,-0.0,31.0,602.0,57926.0,19.419348574403685,0.22147168388985872,0.2928932142779932
2,0.0,2.0,-0.0,31.0,575.0,57254.0,18.548381113425446,0.2224862940573743,0.2928931742798858
