,round,tube,sp,st,final_pop
0,0,0,12,"(0.13554096085024345, 0.06717419143923077, 0.0, 0.0, 0.0, 0.0, 0.20188557309394728, 0.05170118278713253, 0.0, 0.02382928096190889)",12
1,0,0,12,"(0.13554096085024345, 0.07098421666459682, 0.0, 0.0, 0.0, 0.0, 0.20188557309394728, 0.05170118278713253, 0.0, 0.02382928096190889)",72
2,0,1,12,"(0.13554096085024345, 0.06717419143923077, 0.0, 0.0, 0.0, 0.0, 0.20188557309394728, 0.05170118278713253, 0.0, 0.02382928096190889)",10
3,0,1,12,"(0.13554096085024345, 0.07098421666459682, 0.0, 0.0, 0.0, 0.0, 0.20188557309394728, 0.05170118278713253, 0.0, 0.02382928096190889)",77
4,0,2,12,"(0.13554096085024345, 0.06717419143923077, 0.0, 0.0, 0.0, 0.0, 0.20188557309394728, 0.05170118278713253, 0.0, 0.02382928096190889)",6
5,0,2,12,"(0.13554096085024345, 0.07098421666459682, 0.0, 0.0, 0.0, 0.0, 0.20188557309394728, 0.05170118278713253, 0.0, 0.02382928096190889)",98
