,round,tube,sp,pop_0,final_pop,st_div_H,auc,fc
0,0.0,0.0,0.0,15.0,324.0,-0.0,33154.0,21.5999856000096
1,0.0,1.0,0.0,15.0,325.0,0.18703082776025234,32851.0,21.666652222231853
2,0.0,2.0,0.0,15.0,270.0,0.4622877281984516,29195.0,17.999988000008
