,round,tube,nut,amount
0,0.0,0.0,0.0,0.20676750952692657
1,0.0,0.0,1.0,2000.0
2,0.0,0.0,2.0,0.2692225755774489
3,0.0,0.0,3.0,0.9741027722642714
4,0.0,1.0,0.0,0.6203740199076826
5,0.0,1.0,1.0,2000.0
6,0.0,1.0,2.0,0.12236878178954136
7,0.0,1.0,3.0,811.8941650004638
8,0.0,2.0,0.0,0.4925069491995364
9,0.0,2.0,1.0,2000.0
10,0.0,2.0,2.0,0.3582752084834313
11,0.0,2.0,3.0,811.8181816250024
