,round,tube,sp_div_H,tot_pop_0,tot_final_pop,tot_auc,mean_fc,deg_score,nut_score
0,0.0,0.0,-0.0,13.0,430.0,62943.0,33.07689763315567,0.14312307322583617,0.4603839051256373
1,0.0,1.0,-0.0,13.0,520.0,67574.0,39.9999692307929,0.15097696439400754,0.49999997788034434
2,0.0,2.0,-0.0,13.0,438.0,62553.0,33.692281775167864,0.14333390171671767,0.4603819790178716
