,round,tube,sp,pop_0,final_pop,st_div_H,auc,fc
0,0.0,0.0,8.0,25.0,582.0,1.82416619383038,52524.0,23.279990688003725
1,0.0,1.0,8.0,25.0,526.0,1.3316083492624378,47462.0,21.039991584003367
2,0.0,2.0,8.0,25.0,559.0,1.3995853682001362,52330.0,22.35999105600358
