,round,tube,sp,st,final_pop
0,0,0,14,"(0.0, 0.017248724174617657, 0.0, 0.0, 0.0, 0.0, 0.1252918779745697, 0.08146537630370827, 0.045457635519301515, 0.0)",137
1,0,0,14,"(0.0, 0.017248724174617657, 0.0, 0.0, 0.0, 0.0, 0.1252918779745697, 0.08146537630370827, 0.03621416498310447, 0.0)",390
2,0,0,14,"(0.0, 0.016135598562260767, 0.0, 0.0, 0.0, 0.0, 0.1252918779745697, 0.08146537630370827, 0.03621416498310447, 0.0)",120
3,0,1,14,"(0.0, 0.017248724174617657, 0.0, 0.0, 0.0, 0.0, 0.1252918779745697, 0.08146537630370827, 0.03621416498310447, 0.0)",190
4,0,1,14,"(0.0, 0.016135598562260767, 0.0, 0.0, 0.0, 0.0, 0.1252918779745697, 0.08146537630370827, 0.03621416498310447, 0.0)",22
5,0,1,14,"(0.0, 0.017248724174617657, 0.0, 0.0, 0.0, 0.0, 0.1252918779745697, 0.08146537630370827, 0.045457635519301515, 0.0)",385
6,0,2,14,"(0.0, 0.017248724174617657, 0.0, 0.0, 0.0, 0.0, 0.1252918779745697, 0.08146537630370827, 0.03621416498310447, 0.0)",288
7,0,2,14,"(0.0, 0.016135598562260767, 0.0, 0.0, 0.0, 0.0, 0.1252918779745697, 0.08146537630370827, 0.03621416498310447, 0.0)",194
8,0,2,14,"(0.0, 0.017248724174617657, 0.0, 0.0, 0.0, 0.0, 0.1252918779745697, 0.08146537630370827, 0.045457635519301515, 0.0)",130
