,round,tube,sp_div_H,tot_pop_0,tot_final_pop,tot_auc,mean_fc,deg_score,nut_score
0,0.0,0.0,-0.0,8.0,651.0,19788.0,81.37489828137716,0.20395845442177263,0.30911743217158916
1,0.0,1.0,-0.0,8.0,577.0,27242.0,72.1249098438627,0.2087196722449225,0.31309878764034793
2,0.0,2.0,-0.0,8.0,626.0,24759.0,78.24990218762227,0.20782988010735037,0.31209126912205754
