,round,tube,sp,pop_0,final_pop,st_div_H,auc,fc
0,0.0,0.0,14.0,8.0,651.0,-0.0,19788.0,81.37489828137716
1,0.0,1.0,14.0,8.0,577.0,-0.0,27242.0,72.1249098438627
2,0.0,2.0,14.0,8.0,626.0,-0.0,24759.0,78.24990218762227
