,round,tube,sp_div_H,tot_pop_0,tot_final_pop,tot_auc,mean_fc,deg_score,nut_score
0,0.0,0.0,-0.0,50.0,1113.0,127024.0,22.259995548000887,0.2369884886999668,0.4999999859880969
1,0.0,1.0,-0.0,50.0,1158.0,124297.0,23.159995368000924,0.23988549817084015,0.49999996165241944
2,0.0,2.0,-0.0,50.0,1136.0,124238.0,22.71999545600091,0.23567040960231722,0.4999999459612706
