,round,tube,sp_div_H,tot_pop_0,tot_final_pop,tot_auc,mean_fc,deg_score,nut_score
0,0.0,0.0,-0.0,5.0,664.0,44484.0,132.7997344005312,0.2656167266523196,0.4999999337033867
1,0.0,1.0,-0.0,5.0,689.0,40504.0,137.7997244005512,0.2621918439538866,0.49892809403019966
2,0.0,2.0,-0.0,5.0,629.0,37894.0,125.7997484005032,0.2552776491423647,0.498927147189832
