,round,tube,nut,amount
0,0.0,0.0,0.0,0.7134762263511913
1,0.0,0.0,1.0,0.2931578120721053
2,0.0,0.0,2.0,2000.0
3,0.0,0.0,3.0,1336.040568101764
4,0.0,1.0,0.0,0.6588001533023164
5,0.0,1.0,1.0,0.23862876354491902
6,0.0,1.0,2.0,2000.0
7,0.0,1.0,3.0,1336.0224102769766
8,0.0,2.0,0.0,0.3326424934898015
9,0.0,2.0,1.0,0.18939307967404306
10,0.0,2.0,2.0,2000.0
11,0.0,2.0,3.0,3.055442434279443
