,round,tube,sp,pop_0,final_pop,st_div_H,auc,fc
0,0.0,0.0,5.0,12.0,526.0,-0.0,65761.0,43.833296805585995
1,0.0,1.0,5.0,12.0,497.0,-0.0,61766.0,41.41663215280654
2,0.0,2.0,5.0,12.0,695.0,-0.0,73769.0,57.916618402818
