,round,tube,sp,pop_0,final_pop,st_div_H,auc,fc
0,0.0,0.0,5.0,10.0,575.0,-0.0,28822.0,57.4999425000575
1,0.0,1.0,5.0,10.0,620.0,-0.0,34962.0,61.999938000062
2,0.0,2.0,5.0,10.0,610.0,-0.0,29186.0,60.999939000061005
