,round,tube,sp_div_H,tot_pop_0,tot_final_pop,tot_auc,mean_fc,deg_score,nut_score
0,0.0,0.0,-0.0,24.0,486.0,27571.0,20.249991562503517,0.22836579490599973,0.44970588761777097
1,0.0,1.0,-0.0,24.0,470.0,25447.0,19.58332517361451,0.22997393890368267,0.4496956628616233
2,0.0,2.0,-0.0,24.0,439.0,23830.0,18.291659045142065,0.22915989603540465,0.4497075927026505
