,round,tube,nut,amount
0,0.0,0.0,0.0,60.536924686977784
1,0.0,0.0,1.0,2000.0
2,0.0,0.0,2.0,2000.0
3,0.0,0.0,3.0,0.1686741656173485
4,0.0,1.0,0.0,76.5434424186644
5,0.0,1.0,1.0,2000.0
6,0.0,1.0,2.0,2000.0
7,0.0,1.0,3.0,0.1686741656169446
8,0.0,2.0,0.0,37.9822860650616
9,0.0,2.0,1.0,2000.0
10,0.0,2.0,2.0,2000.0
11,0.0,2.0,3.0,0.16867416561645432
