,round,tube,sp_div_H,tot_pop_0,tot_final_pop,tot_auc,mean_fc,deg_score,nut_score
0,0.0,0.0,-0.0,9.0,15.0,921.0,1.6666648148168726,0.0702079328904901,0.07060826772101036
1,0.0,1.0,-0.0,9.0,11.0,649.0,1.2222208641990397,0.05121518818401083,0.05102929695121061
2,0.0,2.0,-0.0,9.0,6.0,590.0,0.666665925926749,0.04719937584761269,0.0489303317208295
