,round,tube,nut,amount
0,0.0,0.0,0.0,0.115408947910006
1,0.0,0.0,1.0,2000.0
2,0.0,0.0,2.0,0.47507440303286874
3,0.0,0.0,3.0,350.7342416104177
4,0.0,1.0,0.0,0.3896551543616198
5,0.0,1.0,1.0,2000.0
6,0.0,1.0,2.0,0.42237475212794073
7,0.0,1.0,3.0,350.69077342024775
8,0.0,2.0,0.0,0.4921243467700762
9,0.0,2.0,1.0,2000.0
10,0.0,2.0,2.0,0.4908509713616794
11,0.0,2.0,3.0,350.74725457844517
