,round,tube,nut,amount
0,0.0,0.0,0.0,0.46031720049256375
1,0.0,0.0,1.0,2000.0
2,0.0,0.0,2.0,0.5233075423408451
3,0.0,0.0,3.0,2000.0
4,0.0,1.0,0.0,0.5319525720820737
5,0.0,1.0,1.0,2000.0
6,0.0,1.0,2.0,0.4218826422325626
7,0.0,1.0,3.0,2000.0
8,0.0,2.0,0.0,0.6826809206053459
9,0.0,2.0,1.0,2000.0
10,0.0,2.0,2.0,0.36967670026118454
11,0.0,2.0,3.0,2000.0
