,round,tube,sp,st,final_pop
0,0,0,8,"(0.0, 0.0, 0.011027769455983586, 0.0, 0.02365675056882772, 0.0, 0.0, 0.0, 0.07012098579705227, 0.1040503536003891)",11
1,0,0,8,"(0.0, 0.0, 0.0132952402022934, 0.0, 0.022638011874154935, 0.0, 0.0, 0.0, 0.07012098579705227, 0.1040503536003891)",392
2,0,1,8,"(0.0, 0.0, 0.0132952402022934, 0.0, 0.022638011874154935, 0.0, 0.0, 0.0, 0.07012098579705227, 0.1040503536003891)",698
3,0,1,8,"(0.0, 0.0, 0.011027769455983586, 0.0, 0.02365675056882772, 0.0, 0.0, 0.0, 0.07012098579705227, 0.1040503536003891)",3
4,0,2,8,"(0.0, 0.0, 0.0132952402022934, 0.0, 0.022638011874154935, 0.0, 0.0, 0.0, 0.07012098579705227, 0.1040503536003891)",415
5,0,2,8,"(0.0, 0.0, 0.011027769455983586, 0.0, 0.02365675056882772, 0.0, 0.0, 0.0, 0.07012098579705227, 0.1040503536003891)",12
