,round,tube,nut,amount
0,0.0,0.0,0.0,0.17554728223528482
1,0.0,0.0,1.0,0.40897656958860207
2,0.0,0.0,2.0,812.7076438378739
3,0.0,0.0,3.0,0.25617241881508956
4,0.0,1.0,0.0,0.3569961660627925
5,0.0,1.0,1.0,0.3938920055061784
6,0.0,1.0,2.0,812.7184723049842
7,0.0,1.0,3.0,0.27441069023974585
8,0.0,2.0,0.0,0.09886102462812119
9,0.0,2.0,1.0,0.014505007228764022
10,0.0,2.0,2.0,812.7584430911858
11,0.0,2.0,3.0,0.34173305828930667
