,round,tube,nut,amount
0,0.0,0.0,0.0,1005.7233532899971
1,0.0,0.0,1.0,20.85161347694568
2,0.0,0.0,2.0,28.820225474172048
3,0.0,0.0,3.0,2000.0
4,0.0,1.0,0.0,992.5959803029626
5,0.0,1.0,1.0,0.14209335179792648
6,0.0,1.0,2.0,2.794860994044551
7,0.0,1.0,3.0,2000.0
8,0.0,2.0,0.0,991.4912728318544
9,0.0,2.0,1.0,0.2136806969956898
10,0.0,2.0,2.0,0.6047491866123109
11,0.0,2.0,3.0,2000.0
