,round,tube,sp,st,final_pop
0,0,0,0,"(0.0, 0.09059708024140342, 0.0929791890187585, 0.0026417494411589476, 0.09487564939009988, 0.06262334203237337, 0.1234553286915525, 0.0, 0.0, 0.0)",105
1,0,0,0,"(0.0, 0.09059708024140342, 0.0929791890187585, 0.002965341737823942, 0.09487564939009988, 0.07860599818325885, 0.1234553286915525, 0.0, 0.0, 0.0)",14
2,0,1,0,"(0.0, 0.09059708024140342, 0.0929791890187585, 0.002965341737823942, 0.09487564939009988, 0.07860599818325885, 0.1234553286915525, 0.0, 0.0, 0.0)",16
3,0,1,0,"(0.0, 0.09059708024140342, 0.0929791890187585, 0.0026417494411589476, 0.09487564939009988, 0.06262334203237337, 0.1234553286915525, 0.0, 0.0, 0.0)",86
4,0,2,0,"(0.0, 0.09059708024140342, 0.0929791890187585, 0.002965341737823942, 0.09487564939009988, 0.07860599818325885, 0.1234553286915525, 0.0, 0.0, 0.0)",13
5,0,2,0,"(0.0, 0.09059708024140342, 0.0929791890187585, 0.0026417494411589476, 0.09487564939009988, 0.06262334203237337, 0.1234553286915525, 0.0, 0.0, 0.0)",83
