,round,tube,nut,amount
0,0.0,0.0,0.0,2000.0
1,0.0,0.0,1.0,0.6409323836460503
2,0.0,0.0,2.0,2000.0
3,0.0,0.0,3.0,1492.4064728795274
4,0.0,1.0,0.0,2000.0
5,0.0,1.0,1.0,499.86390680771774
6,0.0,1.0,2.0,2000.0
7,0.0,1.0,3.0,1884.3339195513656
8,0.0,2.0,0.0,2000.0
9,0.0,2.0,1.0,1014.035458359648
10,0.0,2.0,2.0,2000.0
11,0.0,2.0,3.0,1923.9784613473403
