,round,tube,sp_div_H,tot_pop_0,tot_final_pop,tot_auc,mean_fc,deg_score,nut_score
0,0.0,0.0,-0.0,6.0,119.0,3613.0,19.833300277832873,0.2406956056063433,0.31789884645992394
1,0.0,1.0,-0.0,6.0,32.0,1502.0,5.33332444445926,0.12431790195802539,0.14678852851224455
2,0.0,2.0,-0.0,6.0,137.0,3447.0,22.833295277841206,0.2360807616834968,0.2987746901779136
