,round,tube,sp,pop_0,final_pop,st_div_H,auc,fc
0,0.0,0.0,1.0,8.0,1226.0,-0.0,39358.0,153.24980843773946
1,0.0,1.0,1.0,8.0,1317.0,-0.0,46112.0,164.62479421900724
2,0.0,2.0,1.0,8.0,1354.0,-0.0,48595.0,169.24978843776447
