,round,tube,nut,amount
0,0.0,0.0,0.0,0.32725065705761125
1,0.0,0.0,1.0,2000.0
2,0.0,0.0,2.0,207.11122906756378
3,0.0,0.0,3.0,0.2909528153908514
4,0.0,1.0,0.0,0.29276554309773156
5,0.0,1.0,1.0,2000.0
6,0.0,1.0,2.0,0.8856754399873339
7,0.0,1.0,3.0,0.15220641265151158
8,0.0,2.0,0.0,0.2878503133209648
9,0.0,2.0,1.0,2000.0
10,0.0,2.0,2.0,0.9921494734924741
11,0.0,2.0,3.0,0.2354532324350853
