,round,tube,sp,pop_0,final_pop,st_div_H,auc,fc
0,0.0,0.0,5.0,7.0,41.0,-0.0,1658.0,5.857134489807872
1,0.0,1.0,5.0,7.0,34.0,-0.0,1829.0,4.85713591837726
2,0.0,2.0,5.0,7.0,25.0,-0.0,935.0,3.571423469395044
