,round,tube,sp_div_H,tot_pop_0,tot_final_pop,tot_auc,mean_fc,deg_score,nut_score
0,0.0,0.0,-0.0,3.0,624.0,21560.0,207.99930666897777,0.1351565613802198,0.2914086628717898
1,0.0,1.0,-0.0,3.0,571.0,23648.0,190.3326988910037,0.14122535944957537,0.29230569585424215
2,0.0,2.0,-0.0,3.0,521.0,21752.0,173.6660877797074,0.1389926276877087,0.2923465431305502
