,round,tube,nut,amount
0,0.0,0.0,0.0,0.1867681324012329
1,0.0,0.0,1.0,2000.0
2,0.0,0.0,2.0,3.367290995163676
3,0.0,0.0,3.0,2000.0
4,0.0,1.0,0.0,0.4510964876395711
5,0.0,1.0,1.0,2000.0
6,0.0,1.0,2.0,1.4806694987623354
7,0.0,1.0,3.0,2000.0
8,0.0,2.0,0.0,0.3587628574806594
9,0.0,2.0,1.0,2000.0
10,0.0,2.0,2.0,3.0246794543740925
11,0.0,2.0,3.0,2000.0
