,round,tube,sp,pop_0,final_pop,st_div_H,auc,fc
0,0.0,0.0,13.0,58.0,1042.0,2.467311918564909,114328.0,17.96551414387687
1,0.0,1.0,13.0,58.0,976.0,2.0237184370793253,109564.0,16.827583305589084
2,0.0,2.0,13.0,58.0,986.0,2.4928141158465573,107727.0,16.99999706896602
