,round,tube,sp,pop_0,final_pop,st_div_H,auc,fc
0,0.0,0.0,11.0,11.0,26.0,0.2711893730418441,15183.0,2.3636342148779868
1,0.0,1.0,11.0,11.0,33.0,-0.0,16407.0,2.999997272729752
2,0.0,2.0,11.0,11.0,28.0,0.46922034844159877,15471.0,2.5454522314070624
