,round,tube,nut,amount
0,0.0,0.0,0.0,0.01121168382918114
1,0.0,0.0,1.0,2000.0
2,0.0,0.0,2.0,0.9704443226394429
3,0.0,0.0,3.0,0.36665029860930787
4,0.0,1.0,0.0,0.009329523251191851
5,0.0,1.0,1.0,2000.0
6,0.0,1.0,2.0,0.9996727401294541
7,0.0,1.0,3.0,0.36476847253243827
8,0.0,2.0,0.0,0.3913151911054329
9,0.0,2.0,1.0,2000.0
10,0.0,2.0,2.0,1333.0653121408482
11,0.0,2.0,3.0,0.7466862537754024
