,round,tube,sp,pop_0,final_pop,st_div_H,auc,fc
0,0.0,0.0,8.0,11.0,409.0,0.6785179142517759,55121.0,37.18178438019602
1,0.0,1.0,8.0,11.0,390.0,1.1750579901661324,56361.0,35.4545132231698
2,0.0,2.0,8.0,11.0,309.0,1.3457946536440974,50992.0,28.090883553742223
