,round,tube,sp,st,final_pop
0,0,0,8,"(0.09369258606422372, 0.0, 0.09886232529533268, 0.09247639241939104, 0.09173902283359818, 0.0, 0.026245679220969795, 0.0, 0.0, 0.0)",164
1,0,0,8,"(0.09369258606422372, 0.0, 0.09886232529533268, 0.09247639241939104, 0.09173902283359818, 0.0, 0.028624918864351683, 0.0, 0.0, 0.0)",266
2,0,1,8,"(0.09369258606422372, 0.0, 0.09886232529533268, 0.09247639241939104, 0.09173902283359818, 0.0, 0.028624918864351683, 0.0, 0.0, 0.0)",305
3,0,1,8,"(0.09369258606422372, 0.0, 0.09886232529533268, 0.09247639241939104, 0.09173902283359818, 0.0, 0.026245679220969795, 0.0, 0.0, 0.0)",113
4,0,2,8,"(0.09369258606422372, 0.0, 0.09886232529533268, 0.09247639241939104, 0.09173902283359818, 0.0, 0.028624918864351683, 0.0, 0.0, 0.0)",346
5,0,2,8,"(0.09369258606422372, 0.0, 0.09886232529533268, 0.09247639241939104, 0.09173902283359818, 0.0, 0.026245679220969795, 0.0, 0.0, 0.0)",94
