,round,tube,sp,pop_0,final_pop,st_div_H,auc,fc
0,0.0,0.0,13.0,10.0,440.0,0.5393835456255992,44882.0,43.999956000044
1,0.0,1.0,13.0,10.0,419.0,0.37469798385248587,45145.0,41.8999581000419
2,0.0,2.0,13.0,10.0,446.0,0.41390703657993577,44695.0,44.5999554000446
