,round,tube,sp_div_H,tot_pop_0,tot_final_pop,tot_auc,mean_fc,deg_score,nut_score
0,0.0,0.0,-0.0,9.0,136.0,5601.0,15.111094321006311,0.18816236850556045,0.2382413831778042
1,0.0,1.0,-0.0,9.0,137.0,3589.0,15.222205308660769,0.1608469310192897,0.20369544716562404
2,0.0,2.0,-0.0,9.0,96.0,2952.0,10.666654814827984,0.14518394897247378,0.1711788270391411
