,round,tube,nut,amount
0,0.0,0.0,0.0,2000.0
1,0.0,0.0,1.0,0.3027464605313597
2,0.0,0.0,2.0,0.33965679501817725
3,0.0,0.0,3.0,2000.0
4,0.0,1.0,0.0,2000.0
5,0.0,1.0,1.0,0.3942704146696059
6,0.0,1.0,2.0,0.9377466089614188
7,0.0,1.0,3.0,2000.0
8,0.0,2.0,0.0,2000.0
9,0.0,2.0,1.0,0.1576155276445661
10,0.0,2.0,2.0,0.830710389324981
11,0.0,2.0,3.0,2000.0
