,round,tube,nut,amount
0,0.0,0.0,0.0,0.8920505306352976
1,0.0,0.0,1.0,0.2406334663733407
2,0.0,0.0,2.0,2000.0
3,0.0,0.0,3.0,2000.0
4,0.0,1.0,0.0,0.20734513191808268
5,0.0,1.0,1.0,0.4436427809712131
6,0.0,1.0,2.0,2000.0
7,0.0,1.0,3.0,2000.0
8,0.0,2.0,0.0,0.9528373177201427
9,0.0,2.0,1.0,0.09981843018965542
10,0.0,2.0,2.0,2000.0
11,0.0,2.0,3.0,2000.0
