,round,tube,sp_div_H,tot_pop_0,tot_final_pop,tot_auc,mean_fc,deg_score,nut_score
0,0.0,0.0,-0.0,30.0,731.0,86522.0,24.36665854444715,0.13256468418354606,0.2928932092968819
1,0.0,1.0,-0.0,30.0,721.0,84122.0,24.033325322224893,0.1364401123883281,0.2928931886787832
2,0.0,2.0,-0.0,30.0,736.0,85952.0,24.53332515555828,0.1341192119425837,0.2928932134499933
