,round,tube,nut,amount
0,0.0,0.0,0.0,1259.3343848834106
1,0.0,0.0,1.0,1597.0412865962383
2,0.0,0.0,2.0,0.5324732325349935
3,0.0,0.0,3.0,0.20734280116372616
4,0.0,1.0,0.0,0.5291771369136282
5,0.0,1.0,1.0,912.1890177898337
6,0.0,1.0,2.0,0.3129285374887303
7,0.0,1.0,3.0,0.15357351660778917
8,0.0,2.0,0.0,1259.3220105767728
9,0.0,2.0,1.0,1597.0345543616309
10,0.0,2.0,2.0,0.4990681118152409
11,0.0,2.0,3.0,0.4075027794636483
