,round,tube,nut,amount
0,0.0,0.0,0.0,0.6620893871700004
1,0.0,0.0,1.0,0.3433510567152813
2,0.0,0.0,2.0,1677.4993930830476
3,0.0,0.0,3.0,1456.8156741461385
4,0.0,1.0,0.0,0.23332657727615658
5,0.0,1.0,1.0,0.36581780860802127
6,0.0,1.0,2.0,812.7910207327782
7,0.0,1.0,3.0,0.3966032318774327
8,0.0,2.0,0.0,0.4472469122006748
9,0.0,2.0,1.0,0.37869540370643584
10,0.0,2.0,2.0,1677.4647381964464
11,0.0,2.0,3.0,1456.757305290969
