,round,tube,sp,st,final_pop
0,0,0,1,"(0.013807868853807227, 0.0, 0.0, 0.13444574184089794, 0.09524577088537278, 0.0, 0.0, 0.0, 0.24253084167451877, 0.0)",806
1,0,0,1,"(0.013807868853807227, 0.0, 0.0, 0.13444574184089794, 0.07903683038710278, 0.0, 0.0, 0.0, 0.24253084167451877, 0.0)",93
2,0,0,1,"(0.013807868853807227, 0.0, 0.0, 0.13444574184089794, 0.10455081338307023, 0.0, 0.0, 0.0, 0.24253084167451877, 0.0)",92
3,0,1,1,"(0.013807868853807227, 0.0, 0.0, 0.13444574184089794, 0.07903683038710278, 0.0, 0.0, 0.0, 0.24253084167451877, 0.0)",93
4,0,1,1,"(0.013807868853807227, 0.0, 0.0, 0.13444574184089794, 0.09524577088537278, 0.0, 0.0, 0.0, 0.24253084167451877, 0.0)",922
5,0,1,1,"(0.013807868853807227, 0.0, 0.0, 0.13444574184089794, 0.10455081338307023, 0.0, 0.0, 0.0, 0.24253084167451877, 0.0)",1
6,0,2,1,"(0.013807868853807227, 0.0, 0.0, 0.13444574184089794, 0.07903683038710278, 0.0, 0.0, 0.0, 0.24253084167451877, 0.0)",343
7,0,2,1,"(0.013807868853807227, 0.0, 0.0, 0.13444574184089794, 0.09524577088537278, 0.0, 0.0, 0.0, 0.24253084167451877, 0.0)",612
