,round,tube,sp,pop_0,final_pop,st_div_H,auc,fc
0,0.0,0.0,10.0,5.0,118.0,-0.0,15064.0,23.599952800094403
1,0.0,1.0,10.0,5.0,104.0,-0.0,17507.0,20.799958400083202
2,0.0,2.0,10.0,5.0,114.0,-0.0,16038.0,22.799954400091202
