,round,tube,sp_div_H,tot_pop_0,tot_final_pop,tot_auc,mean_fc,deg_score,nut_score
0,0.0,0.0,-0.0,8.0,1041.0,25869.0,130.12483734395332,0.19198037571727222,0.4351376072056753
1,0.0,1.0,-0.0,8.0,1341.0,55037.0,167.6247904690119,0.19993601123955762,0.49237038897756835
2,0.0,2.0,-0.0,8.0,1294.0,47001.0,161.74979781275275,0.19864051899476376,0.4923758765271353
