,round,tube,sp_div_H,tot_pop_0,tot_final_pop,tot_auc,mean_fc,deg_score,nut_score
0,0.0,0.0,-0.0,12.0,58.0,2845.0,4.833329305558912,0.20585268830835046,0.17317194579820916
1,0.0,1.0,-0.0,12.0,50.0,4381.0,4.166663194447338,0.21054189923904243,0.27615820376529443
2,0.0,2.0,-0.0,12.0,66.0,2865.0,5.499995416670486,0.20765921993304282,0.1775587632110005
