,round,tube,nut,amount
0,0.0,0.0,0.0,0.48288649343778256
1,0.0,0.0,1.0,1933.0813548109982
2,0.0,0.0,2.0,2000.0
3,0.0,0.0,3.0,0.13149183956031202
4,0.0,1.0,0.0,0.8910356157281968
5,0.0,1.0,1.0,1933.095014502189
6,0.0,1.0,2.0,2000.0
7,0.0,1.0,3.0,0.4452902526993814
8,0.0,2.0,0.0,0.8947250951313025
9,0.0,2.0,1.0,1933.0951379794806
10,0.0,2.0,2.0,2000.0
11,0.0,2.0,3.0,0.3821565505135372
