,round,tube,sp,pop_0,final_pop,st_div_H,auc,fc
0,0.0,0.0,12.0,1.0,16.0,-0.0,447.0,15.999840001599983
1,0.0,1.0,12.0,1.0,0.0,,18.0,0.0
2,0.0,2.0,12.0,1.0,46.0,-0.0,977.0,45.99954000459995
