,round,tube,nut,amount
0,0.0,0.0,0.0,0.08899531745602729
1,0.0,0.0,1.0,0.9788176323692317
2,0.0,0.0,2.0,2000.0
3,0.0,0.0,3.0,0.22350470562941877
4,0.0,1.0,0.0,0.1528916685274332
5,0.0,1.0,1.0,0.4971934636309726
6,0.0,1.0,2.0,2000.0
7,0.0,1.0,3.0,0.20806084260403168
8,0.0,2.0,0.0,0.14433843040032246
9,0.0,2.0,1.0,0.9348587983395884
10,0.0,2.0,2.0,2000.0
11,0.0,2.0,3.0,0.19666030138353308
