,round,tube,sp,pop_0,final_pop,st_div_H,auc,fc
0,0.0,0.0,4.0,2.0,475.0,-0.0,14098.0,237.49881250593745
1,0.0,1.0,4.0,2.0,523.0,-0.0,16346.0,261.49869250653745
2,0.0,2.0,4.0,2.0,524.0,-0.0,14918.0,261.99869000654996
