,round,tube,nut,amount
0,0.0,0.0,0.0,891.4646647399358
1,0.0,0.0,1.0,0.29303257821838513
2,0.0,0.0,2.0,2000.0
3,0.0,0.0,3.0,0.3953133413064265
4,0.0,1.0,0.0,891.5617109931693
5,0.0,1.0,1.0,0.07649211452814342
6,0.0,1.0,2.0,2000.0
7,0.0,1.0,3.0,0.5703678809493411
8,0.0,2.0,0.0,0.3483585020353246
9,0.0,2.0,1.0,0.39231821879604567
10,0.0,2.0,2.0,2000.0
11,0.0,2.0,3.0,0.05936693613522781
