,round,tube,sp,pop_0,final_pop,st_div_H,auc,fc
0,0.0,0.0,6.0,15.0,435.0,-0.0,13011.0,28.999980666679555
1,0.0,1.0,6.0,15.0,507.0,-0.0,14171.0,33.79997746668169
2,0.0,2.0,6.0,15.0,309.0,-0.0,8000.0,20.599986266675824
