,round,tube,sp,pop_0,final_pop,st_div_H,auc,fc
0,0.0,0.0,13.0,42.0,1120.0,0.7130530256313183,114527.0,26.666660317461826
1,0.0,1.0,13.0,42.0,1195.0,0.576017920032942,115347.0,28.452374178006146
2,0.0,2.0,13.0,42.0,1190.0,0.5118042027324305,119381.0,28.33332658730319
