,round,tube,nut,amount
0,0.0,0.0,0.0,1707.2610722498907
1,0.0,0.0,1.0,1907.1548641376507
2,0.0,0.0,2.0,2000.0
3,0.0,0.0,3.0,2000.0
4,0.0,1.0,0.0,1489.8922341056195
5,0.0,1.0,1.0,1838.214120708495
6,0.0,1.0,2.0,2000.0
7,0.0,1.0,3.0,2000.0
8,0.0,2.0,0.0,1535.303210694756
9,0.0,2.0,1.0,1852.6166749689237
10,0.0,2.0,2.0,2000.0
11,0.0,2.0,3.0,2000.0
