,round,tube,nut,amount
0,0.0,0.0,0.0,2000.0
1,0.0,0.0,1.0,0.6206850127825092
2,0.0,0.0,2.0,0.149816291706653
3,0.0,0.0,3.0,2000.0
4,0.0,1.0,0.0,2000.0
5,0.0,1.0,1.0,0.4425027200423566
6,0.0,1.0,2.0,0.5982468719817078
7,0.0,1.0,3.0,2000.0
8,0.0,2.0,0.0,2000.0
9,0.0,2.0,1.0,0.5951644356008003
10,0.0,2.0,2.0,0.1314648151045077
11,0.0,2.0,3.0,2000.0
