,round,tube,nut,amount
0,0.0,0.0,0.0,0.7891702915109328
1,0.0,0.0,1.0,1933.0916053343176
2,0.0,0.0,2.0,2000.0
3,0.0,0.0,3.0,0.24758036904531494
4,0.0,1.0,0.0,0.6119349869018168
5,0.0,1.0,1.0,1933.0856737289432
6,0.0,1.0,2.0,2000.0
7,0.0,1.0,3.0,0.4961507290927262
8,0.0,2.0,0.0,0.6692706852740111
9,0.0,2.0,1.0,1933.0875926058684
10,0.0,2.0,2.0,2000.0
11,0.0,2.0,3.0,0.39904979004807123
