,round,tube,sp,pop_0,final_pop,st_div_H,auc,fc
0,0.0,0.0,12.0,1.0,0.0,,4.0,0.0
1,0.0,1.0,12.0,1.0,245.0,-0.0,26566.0,244.99755002449973
2,0.0,2.0,12.0,1.0,256.0,-0.0,27364.0,255.99744002559973
