,round,tube,sp,pop_0,final_pop,st_div_H,auc,fc
0,0.0,0.0,5.0,32.0,521.0,0.766739552616438,34898.0,16.281244912110964
1,0.0,1.0,5.0,32.0,474.0,1.164510283636576,35137.0,14.812495371095196
2,0.0,2.0,5.0,32.0,544.0,0.6846231549348536,41990.0,16.99999468750166
