,round,tube,sp_div_H,tot_pop_0,tot_final_pop,tot_auc,mean_fc,deg_score,nut_score
0,0.0,0.0,-0.0,18.0,401.0,45778.0,22.277765401241446,0.03911411124208619,0.13397459243294785
1,0.0,1.0,-0.0,18.0,387.0,42969.0,21.49998805556219,0.03901834537328375,0.13397459594857664
2,0.0,2.0,-0.0,18.0,411.0,46647.0,22.833320648155198,0.04056668670645758,0.13397459620500407
