,round,tube,sp_div_H,tot_pop_0,tot_final_pop,tot_auc,mean_fc,deg_score,nut_score
0,0.0,0.0,-0.0,7.0,449.0,24406.0,64.14276551033498,0.24249247164869892,0.44969105229636763
1,0.0,1.0,-0.0,7.0,509.0,21050.0,72.7141818368831,0.24020544165418822,0.44970616100313754
2,0.0,2.0,-0.0,7.0,427.0,22409.0,60.99991285726735,0.24302676697426606,0.4496888163576448
