,round,tube,sp,st,final_pop
0,0,0,7,"(0.0, 0.0, 0.0, 0.0, 0.029100450015938886, 0.0, 0.0, 0.02473409899036064, 0.0, 0.08053635230970528)",625
1,0,0,7,"(0.0, 0.0, 0.0, 0.0, 0.029100450015938886, 0.0, 0.0, 0.01628302530366233, 0.0, 0.08053635230970528)",26
2,0,1,7,"(0.0, 0.0, 0.0, 0.0, 0.029100450015938886, 0.0, 0.0, 0.02473409899036064, 0.0, 0.08053635230970528)",642
3,0,1,7,"(0.0, 0.0, 0.0, 0.0, 0.029100450015938886, 0.0, 0.0, 0.01628302530366233, 0.0, 0.08053635230970528)",46
4,0,2,7,"(0.0, 0.0, 0.0, 0.0, 0.029100450015938886, 0.0, 0.0, 0.01628302530366233, 0.0, 0.08053635230970528)",27
5,0,2,7,"(0.0, 0.0, 0.0, 0.0, 0.029100450015938886, 0.0, 0.0, 0.02473409899036064, 0.0, 0.08053635230970528)",615
