,round,tube,sp,st,final_pop
0,0,0,1,"(0.0, 0.030241856095223653, 0.044588638878710875, 0.0, 0.020252972489777633, 0.0, 0.0, 0.0, 0.0, 0.05448463594594968)",552
1,0,1,1,"(0.0, 0.030241856095223653, 0.044588638878710875, 0.0, 0.020252972489777633, 0.0, 0.0, 0.0, 0.0, 0.05448463594594968)",456
2,0,2,1,"(0.0, 0.030241856095223653, 0.044588638878710875, 0.0, 0.020252972489777633, 0.0, 0.0, 0.0, 0.0, 0.05448463594594968)",427
