,round,tube,sp_div_H,tot_pop_0,tot_final_pop,tot_auc,mean_fc,deg_score,nut_score
0,0.0,0.0,-0.0,10.0,328.0,13148.0,32.7999672000328,0.23593361740552443,0.32461855612691426
1,0.0,1.0,-0.0,10.0,333.0,13885.0,33.2999667000333,0.23627465674029535,0.3269374169502588
2,0.0,2.0,-0.0,10.0,306.0,10898.0,30.599969400030602,0.23261268643722421,0.3054256785518845
