,round,tube,sp,st,final_pop
0,0,0,1,"(0.0, 0.0, 0.09000443888818603, 0.0, 0.0, 0.09838279166850747, 0.0, 0.0, 0.0, 0.05457706136182099)",20
1,0,0,1,"(0.0, 0.0, 0.09000443888818603, 0.0, 0.0, 0.07577624578880941, 0.0, 0.0, 0.0, 0.05457706136182099)",88
2,0,0,1,"(0.0, 0.0, 0.09000443888818603, 0.0, 0.0, 0.07577624578880941, 0.0, 0.0, 0.0, 0.05222398876796586)",411
3,0,1,1,"(0.0, 0.0, 0.09000443888818603, 0.0, 0.0, 0.07577624578880941, 0.0, 0.0, 0.0, 0.05222398876796586)",475
4,0,1,1,"(0.0, 0.0, 0.09000443888818603, 0.0, 0.0, 0.07577624578880941, 0.0, 0.0, 0.0, 0.05457706136182099)",33
5,0,2,1,"(0.0, 0.0, 0.09000443888818603, 0.0, 0.0, 0.07577624578880941, 0.0, 0.0, 0.0, 0.05457706136182099)",122
6,0,2,1,"(0.0, 0.0, 0.09000443888818603, 0.0, 0.0, 0.07577624578880941, 0.0, 0.0, 0.0, 0.05222398876796586)",331
7,0,2,1,"(0.0, 0.0, 0.09000443888818603, 0.0, 0.0, 0.09838279166850747, 0.0, 0.0, 0.0, 0.05457706136182099)",45
