,round,tube,nut,amount
0,0.0,0.0,0.0,0.36872994112107615
1,0.0,0.0,1.0,0.11882285489351344
2,0.0,0.0,2.0,762.5098353612989
3,0.0,0.0,3.0,316.03195923595183
4,0.0,1.0,0.0,0.1589855840737371
5,0.0,1.0,1.0,0.21084543889612153
6,0.0,1.0,2.0,530.500070041406
7,0.0,1.0,3.0,0.3146783168386155
8,0.0,2.0,0.0,0.385602776196462
9,0.0,2.0,1.0,0.1659250696465807
10,0.0,2.0,2.0,762.5202772701466
11,0.0,2.0,3.0,316.0461685131509
