,round,tube,sp_div_H,tot_pop_0,tot_final_pop,tot_auc,mean_fc,deg_score,nut_score
0,0.0,0.0,-0.0,11.0,11.0,921.0,0.9999990909099173,0.07065379506988023,0.06928859773082263
1,0.0,1.0,-0.0,11.0,12.0,799.0,1.0909080991744553,0.06212003909541641,0.06040138193294253
2,0.0,2.0,-0.0,11.0,14.0,982.0,1.2727261157035312,0.07455920310775244,0.07187189372117575
