,round,tube,nut,amount
0,0.0,0.0,0.0,2000.0
1,0.0,0.0,1.0,2000.0
2,0.0,0.0,2.0,0.1384715134772898
3,0.0,0.0,3.0,0.22115929170880833
4,0.0,1.0,0.0,2000.0
5,0.0,1.0,1.0,2000.0
6,0.0,1.0,2.0,0.7589414532488963
7,0.0,1.0,3.0,0.2801626966975448
8,0.0,2.0,0.0,2000.0
9,0.0,2.0,1.0,2000.0
10,0.0,2.0,2.0,0.9086380419700819
11,0.0,2.0,3.0,0.18520624759404536
