,round,tube,sp_div_H,tot_pop_0,tot_final_pop,tot_auc,mean_fc,deg_score,nut_score
0,0.0,0.0,-0.0,12.0,255.0,14656.0,21.249982291681423,0.22967074566630996,0.4986318005216126
1,0.0,1.0,-0.0,12.0,258.0,11804.0,21.499982083348264,0.22949975784163323,0.4986333381413739
2,0.0,2.0,-0.0,12.0,256.0,12918.0,21.333315555570373,0.22969120842056,0.4986333242333634
