,round,tube,nut,amount
0,0.0,0.0,0.0,2000.0
1,0.0,0.0,1.0,2000.0
2,0.0,0.0,2.0,0.9755664270820198
3,0.0,0.0,3.0,0.131884601230837
4,0.0,1.0,0.0,2000.0
5,0.0,1.0,1.0,2000.0
6,0.0,1.0,2.0,0.8653537363392781
7,0.0,1.0,3.0,0.004059719548588081
8,0.0,2.0,0.0,2000.0
9,0.0,2.0,1.0,2000.0
10,0.0,2.0,2.0,0.6995501614769356
11,0.0,2.0,3.0,0.19926800429094982
