,round,tube,sp,pop_0,final_pop,st_div_H,auc,fc
0,0.0,0.0,8.0,9.0,305.0,1.3204810852118145,45850.0,33.88885123460974
1,0.0,1.0,8.0,9.0,294.0,0.9827559289930374,44441.0,32.6666303704107
2,0.0,2.0,8.0,9.0,394.0,1.1294540415508791,46937.0,43.77772913585652
