,round,tube,sp_div_H,tot_pop_0,tot_final_pop,tot_auc,mean_fc,deg_score,nut_score
0,0.0,0.0,-0.0,33.0,443.0,36121.0,13.424238356291406,0.13960981107327386,0.29289315922180315
1,0.0,1.0,-0.0,33.0,372.0,36059.0,11.272723856750344,0.14220145250885596,0.29289318065118286
2,0.0,2.0,-0.0,33.0,374.0,35335.0,11.33332989899094,0.14091574666323803,0.2928931705658454
