,round,tube,sp_div_H,tot_pop_0,tot_final_pop,tot_auc,mean_fc,deg_score,nut_score
0,0.0,0.0,-0.0,11.0,184.0,19551.0,16.727257520674982,0.07139027588210345,0.13397457445368266
1,0.0,1.0,-0.0,11.0,172.0,16958.0,15.636349421500526,0.07002259745918704,0.1339745933464217
2,0.0,2.0,-0.0,11.0,159.0,16345.0,14.454532314061533,0.07046012782433186,0.13397459615217222
