,round,tube,sp,pop_0,final_pop,st_div_H,auc,fc
0,0.0,0.0,4.0,3.0,41.0,-0.0,1095.0,13.666621111262963
1,0.0,1.0,4.0,3.0,24.0,-0.0,857.0,7.999973333422222
2,0.0,2.0,4.0,3.0,7.0,-0.0,288.0,2.333325555581481
