,round,tube,nut,amount
0,0.0,0.0,0.0,2000.0
1,0.0,0.0,1.0,0.06943429828956837
2,0.0,0.0,2.0,0.022526224196054656
3,0.0,0.0,3.0,2000.0
4,0.0,1.0,0.0,2000.0
5,0.0,1.0,1.0,0.5122040381210802
6,0.0,1.0,2.0,0.7775712111043891
7,0.0,1.0,3.0,2000.0
8,0.0,2.0,0.0,2000.0
9,0.0,2.0,1.0,0.2833042981977827
10,0.0,2.0,2.0,0.5755028371276492
11,0.0,2.0,3.0,2000.0
