,round,tube,nut,amount
0,0.0,0.0,0.0,2000.0
1,0.0,0.0,1.0,1192.1051063412667
2,0.0,0.0,2.0,1817.1642688096938
3,0.0,0.0,3.0,1830.6759308597077
4,0.0,1.0,0.0,2000.0
5,0.0,1.0,1.0,0.5444922026790191
6,0.0,1.0,2.0,421.3913970704936
7,0.0,1.0,3.0,538.0514493105931
8,0.0,2.0,0.0,2000.0
9,0.0,2.0,1.0,0.017916938153977213
10,0.0,2.0,2.0,87.37210505591341
11,0.0,2.0,3.0,228.71636843188685
