,round,tube,sp_div_H,tot_pop_0,tot_final_pop,tot_auc,mean_fc,deg_score,nut_score
0,0.0,0.0,-0.0,13.0,50.0,3744.0,3.8461508875762402,0.16199620277024096,0.13397457693198334
1,0.0,1.0,-0.0,13.0,49.0,4808.0,3.7692278698247157,0.1611146617071283,0.13397459559457314
2,0.0,2.0,-0.0,13.0,65.0,3825.0,4.9999961538491124,0.16161675068047376,0.13397459126136602
