,round,tube,sp,pop_0,final_pop,st_div_H,auc,fc
0,0.0,0.0,0.0,18.0,269.0,0.837248719520425,30215.0,14.94443614197992
1,0.0,1.0,0.0,18.0,274.0,1.35421485646645,30018.0,15.222213765436797
2,0.0,2.0,0.0,18.0,271.0,0.7982374164426369,31289.0,15.055547191362672
