,round,tube,nut,amount
0,0.0,0.0,0.0,0.32642281627217784
1,0.0,0.0,1.0,2000.0
2,0.0,0.0,2.0,0.3080296027121676
3,0.0,0.0,3.0,811.7194882478832
4,0.0,1.0,0.0,0.2132967015588334
5,0.0,1.0,1.0,2000.0
6,0.0,1.0,2.0,0.0963105839817433
7,0.0,1.0,3.0,0.2348467906546987
8,0.0,2.0,0.0,0.46725563700027095
9,0.0,2.0,1.0,2000.0
10,0.0,2.0,2.0,0.46012147264002845
11,0.0,2.0,3.0,811.8031763548796
