,round,tube,sp,st,final_pop
0,0,0,5,"(0.1351243068352052, 0.0783927334899942, 0.0730595129216423, 0.16344142439650497, 0.0, 0.0, 0.0, 0.019736467496270442, 0.0, 0.0)",483
1,0,1,5,"(0.1351243068352052, 0.0783927334899942, 0.0730595129216423, 0.16344142439650497, 0.0, 0.0, 0.0, 0.019736467496270442, 0.0, 0.0)",496
2,0,2,5,"(0.1351243068352052, 0.0783927334899942, 0.0730595129216423, 0.16344142439650497, 0.0, 0.0, 0.0, 0.019736467496270442, 0.0, 0.0)",541
