,round,tube,sp,st,final_pop
0,0,0,0,"(0.0, 0.0, 0.0, 0.06373288382390217, 0.04356372842177486, 0.0, 0.018771201685839154, 0.0, 0.08061866015182959, 0.0)",40
1,0,0,0,"(0.0, 0.0, 0.0, 0.06373288382390217, 0.04356372842177486, 0.0, 0.03683897489672214, 0.0, 0.07098281781122052, 0.0)",289
2,0,1,0,"(0.0, 0.0, 0.0, 0.06373288382390217, 0.04356372842177486, 0.0, 0.018771201685839154, 0.0, 0.08061866015182959, 0.0)",23
3,0,1,0,"(0.0, 0.0, 0.0, 0.06373288382390217, 0.04356372842177486, 0.0, 0.03683897489672214, 0.0, 0.07098281781122052, 0.0)",275
4,0,2,0,"(0.0, 0.0, 0.0, 0.06373288382390217, 0.04356372842177486, 0.0, 0.03683897489672214, 0.0, 0.07098281781122052, 0.0)",277
5,0,2,0,"(0.0, 0.0, 0.0, 0.06373288382390217, 0.04356372842177486, 0.0, 0.018771201685839154, 0.0, 0.08061866015182959, 0.0)",25
