,round,tube,sp,pop_0,final_pop,st_div_H,auc,fc
0,0.0,0.0,11.0,26.0,596.0,1.3486839729391569,56012.0,22.923068106512268
1,0.0,1.0,11.0,26.0,617.0,1.4207083968139989,53895.0,23.730760103553806
2,0.0,2.0,11.0,26.0,593.0,1.1903681696557966,56179.0,22.80768353550633
