,round,tube,sp_div_H,tot_pop_0,tot_final_pop,tot_auc,mean_fc,deg_score,nut_score
0,0.0,0.0,-0.0,15.0,599.0,68946.0,39.93330671112886,0.14073813131416146,0.2928931846359295
1,0.0,1.0,-0.0,15.0,548.0,66113.0,36.533308977794015,0.14047670019599068,0.29289320500062177
2,0.0,2.0,-0.0,15.0,557.0,66187.0,37.13330857779428,0.1393813672385772,0.2928932067346529
