,round,tube,sp,pop_0,final_pop,st_div_H,auc,fc
0,0.0,0.0,12.0,15.0,90.0,0.6340521190710955,5446.0,5.999996000002667
1,0.0,1.0,12.0,15.0,92.0,0.5623351446188083,6511.0,6.133329244447171
2,0.0,2.0,12.0,15.0,78.0,0.6119584644488543,5553.0,5.199996533335645
