,round,tube,sp,pop_0,final_pop,st_div_H,auc,fc
0,0.0,0.0,1.0,1.0,784.0,-0.0,20666.0,783.9921600783991
1,0.0,1.0,1.0,1.0,737.0,-0.0,25044.0,736.9926300736992
2,0.0,2.0,1.0,1.0,774.0,-0.0,29150.0,773.9922600773991
