,round,tube,sp_div_H,tot_pop_0,tot_final_pop,tot_auc,mean_fc,deg_score,nut_score
0,0.0,0.0,-0.0,11.0,650.0,65483.0,59.090855371949665,0.13124726793156039,0.2928931985410087
1,0.0,1.0,-0.0,11.0,702.0,63305.0,63.81812380170564,0.12957764079512535,0.2928931932391785
2,0.0,2.0,-0.0,11.0,677.0,65195.0,61.54539859509219,0.13097312112605364,0.292893113530004
