,round,tube,nut,amount
0,0.0,0.0,0.0,0.49501546083476033
1,0.0,0.0,1.0,0.46224748627456336
2,0.0,0.0,2.0,2000.0
3,0.0,0.0,3.0,2000.0
4,0.0,1.0,0.0,0.7292980871027763
5,0.0,1.0,1.0,0.2163424821640894
6,0.0,1.0,2.0,2000.0
7,0.0,1.0,3.0,2000.0
8,0.0,2.0,0.0,1.5214776651363477
9,0.0,2.0,1.0,0.2596119856119327
10,0.0,2.0,2.0,2000.0
11,0.0,2.0,3.0,2000.0
