,round,tube,sp_div_H,tot_pop_0,tot_final_pop,tot_auc,mean_fc,deg_score,nut_score
0,0.0,0.0,-0.0,13.0,9.0,771.0,0.6923071597637233,0.07247488437618443,0.06694123659690421
1,0.0,1.0,0.0,13.0,0.0,356.0,0.0,0.03624355440521265,0.03312044594827235
2,0.0,2.0,-0.0,13.0,14.0,977.0,1.0769222485213472,0.088207352792262,0.08067009691801041
