,round,tube,sp,st,final_pop
0,0,0,0,"(0.0, 0.09059708024140342, 0.10770163902136713, 0.0026417494411589476, 0.03990200697407801, 0.10309472867834388, 0.1234553286915525, 0.0, 0.0, 0.0)",53
1,0,0,0,"(0.0, 0.09059708024140342, 0.10770163902136713, 0.0026417494411589476, 0.03990200697407801, 0.20407590164041484, 0.1234553286915525, 0.0, 0.0, 0.0)",38
2,0,1,0,"(0.0, 0.09059708024140342, 0.10770163902136713, 0.0026417494411589476, 0.03990200697407801, 0.10309472867834388, 0.1234553286915525, 0.0, 0.0, 0.0)",143
3,0,1,0,"(0.0, 0.09059708024140342, 0.10770163902136713, 0.0026417494411589476, 0.03990200697407801, 0.20407590164041484, 0.1234553286915525, 0.0, 0.0, 0.0)",18
4,0,2,0,"(0.0, 0.09059708024140342, 0.10770163902136713, 0.0026417494411589476, 0.03990200697407801, 0.10309472867834388, 0.1234553286915525, 0.0, 0.0, 0.0)",176
