,round,tube,sp_div_H,tot_pop_0,tot_final_pop,tot_auc,mean_fc,deg_score,nut_score
0,0.0,0.0,-0.0,4.0,174.0,4177.0,43.49989125027188,0.21157340989344298,0.3469836196937067
1,0.0,1.0,-0.0,4.0,164.0,4020.0,40.99989750025625,0.20755561569099978,0.33601018554070905
2,0.0,2.0,-0.0,4.0,83.0,2204.0,20.749948125129688,0.13127226353129773,0.2023130357455193
