,round,tube,sp_div_H,tot_pop_0,tot_final_pop,tot_auc,mean_fc,deg_score,nut_score
0,0.0,0.0,-0.0,12.0,155.0,21361.0,12.916655902786749,0.11085147377409466,0.292893178076982
1,0.0,1.0,-0.0,12.0,163.0,21905.0,13.583322013898322,0.11152051826719211,0.29289318447238166
2,0.0,2.0,-0.0,12.0,166.0,22139.0,13.833321805565163,0.11428936122228461,0.2928931662140971
