,round,tube,sp,pop_0,final_pop,st_div_H,auc,fc
0,0.0,0.0,7.0,12.0,267.0,-0.0,9333.0,22.249981458348785
1,0.0,1.0,7.0,12.0,267.0,-0.0,8835.0,22.249981458348785
2,0.0,2.0,7.0,12.0,243.0,-0.0,10716.0,20.24998312501406
