,round,tube,nut,amount
0,0.0,0.0,0.0,0.16781623908646692
1,0.0,0.0,1.0,0.22622805327374723
2,0.0,0.0,2.0,812.7876457951411
3,0.0,0.0,3.0,0.39091886046182367
4,0.0,1.0,0.0,0.3212427295877909
5,0.0,1.0,1.0,0.0005019378813697628
6,0.0,1.0,2.0,812.9169548563779
7,0.0,1.0,3.0,0.6087127304658315
8,0.0,2.0,0.0,0.47143594222172425
9,0.0,2.0,1.0,0.32327329079895417
10,0.0,2.0,2.0,1677.4686399765524
11,0.0,2.0,3.0,1456.7638770174922
