,round,tube,sp,pop_0,final_pop,st_div_H,auc,fc
0,0.0,0.0,4.0,37.0,544.0,1.0030922737972991,33574.0,14.702698729000343
1,0.0,1.0,4.0,37.0,452.0,1.0932814722625783,33819.0,12.21621291453705
2,0.0,2.0,4.0,37.0,456.0,0.9320441095293739,32102.0,12.324320993426758
