,round,tube,sp,pop_0,final_pop,st_div_H,auc,fc
0,0.0,0.0,13.0,73.0,1042.0,1.589351897731788,125239.0,14.273970647401281
1,0.0,1.0,13.0,73.0,1065.0,1.8339273152261282,122517.0,14.589039097391904
2,0.0,2.0,13.0,73.0,1078.0,1.462254482700701,125126.0,14.767121264777908
