,round,tube,sp_div_H,tot_pop_0,tot_final_pop,tot_auc,mean_fc,deg_score,nut_score
0,0.0,0.0,-0.0,30.0,407.0,39367.0,13.566662144445951,0.24830480023908985,0.29289321869667784
1,0.0,1.0,-0.0,30.0,420.0,38590.0,13.999995333334889,0.2486449761195677,0.2928931801851533
2,0.0,2.0,-0.0,30.0,436.0,41128.0,14.533328488890504,0.24998848776549698,0.29289317707278495
