,round,tube,sp,pop_0,final_pop,st_div_H,auc,fc
0,0.0,0.0,8.0,30.0,407.0,0.913753504777914,39367.0,13.566662144445951
1,0.0,1.0,8.0,30.0,420.0,0.9774752278882066,38590.0,13.999995333334889
2,0.0,2.0,8.0,30.0,436.0,0.7782941335466068,41128.0,14.533328488890504
