,round,tube,nut,amount
0,0.0,0.0,0.0,2000.0
1,0.0,0.0,1.0,1914.2731658893465
2,0.0,0.0,2.0,2000.0
3,0.0,0.0,3.0,1811.7431064467467
4,0.0,1.0,0.0,2000.0
5,0.0,1.0,1.0,1932.593698658031
6,0.0,1.0,2.0,2000.0
7,0.0,1.0,3.0,1851.9751600744453
8,0.0,2.0,0.0,2000.0
9,0.0,2.0,1.0,1806.4541368796706
10,0.0,2.0,2.0,2000.0
11,0.0,2.0,3.0,1574.9715555331493
