,round,tube,sp,pop_0,final_pop,st_div_H,auc,fc
0,0.0,0.0,14.0,10.0,11.0,-0.0,525.0,1.0999989000011001
1,0.0,1.0,14.0,10.0,4.0,-0.0,559.0,0.3999996000004
2,0.0,2.0,14.0,10.0,4.0,-0.0,568.0,0.3999996000004
