,round,tube,nut,amount
0,0.0,0.0,0.0,0.415162459429155
1,0.0,0.0,1.0,0.27033942177560855
2,0.0,0.0,2.0,1677.4595628554302
3,0.0,0.0,3.0,1456.7485885194085
4,0.0,1.0,0.0,0.3695075489862157
5,0.0,1.0,1.0,0.16699193794509481
6,0.0,1.0,2.0,812.8644180710007
7,0.0,1.0,3.0,0.5202255842951019
8,0.0,2.0,0.0,0.33645308562916104
9,0.0,2.0,1.0,0.2378425454779226
10,0.0,2.0,2.0,812.783269983415
11,0.0,2.0,3.0,0.3835487275587698
