,round,tube,nut,amount
0,0.0,0.0,0.0,0.24819371844037752
1,0.0,0.0,1.0,2000.0
2,0.0,0.0,2.0,0.07102829635845898
3,0.0,0.0,3.0,2000.0
4,0.0,1.0,0.0,0.05080594032823749
5,0.0,1.0,1.0,2000.0
6,0.0,1.0,2.0,0.2000741421704102
7,0.0,1.0,3.0,2000.0
8,0.0,2.0,0.0,0.4897625473726722
9,0.0,2.0,1.0,2000.0
10,0.0,2.0,2.0,0.7765028674962713
11,0.0,2.0,3.0,2000.0
