,round,tube,sp,pop_0,final_pop,st_div_H,auc,fc
0,0.0,0.0,7.0,4.0,69.0,-0.0,1776.0,17.249956875107813
1,0.0,1.0,7.0,4.0,15.0,-0.0,445.0,3.749990625023438
2,0.0,2.0,7.0,4.0,0.0,,60.0,0.0
