,round,tube,sp,pop_0,final_pop,st_div_H,auc,fc
0,0.0,0.0,5.0,16.0,573.0,0.6714241632448426,44649.0,35.81247761720149
1,0.0,1.0,5.0,16.0,591.0,0.6837254019018084,43553.0,36.93747691407693
2,0.0,2.0,5.0,16.0,624.0,0.6922788736563188,46378.0,38.99997562501524
