,round,tube,nut,amount
0,0.0,0.0,0.0,2000.0
1,0.0,0.0,1.0,0.6560839660179328
2,0.0,0.0,2.0,2000.0
3,0.0,0.0,3.0,970.0823181343567
4,0.0,1.0,0.0,2000.0
5,0.0,1.0,1.0,0.3996854371003991
6,0.0,1.0,2.0,2000.0
7,0.0,1.0,3.0,561.585756459031
8,0.0,2.0,0.0,2000.0
9,0.0,2.0,1.0,0.6598185931768544
10,0.0,2.0,2.0,2000.0
11,0.0,2.0,3.0,730.2285970431664
