,round,tube,sp_div_H,tot_pop_0,tot_final_pop,tot_auc,mean_fc,deg_score,nut_score
0,0.0,0.0,-0.0,18.0,565.0,60501.0,31.388871450626972,0.1520701547414257,0.29289319208107745
1,0.0,1.0,-0.0,18.0,517.0,58803.0,28.722206265440963,0.1516508438572497,0.2928931699784374
2,0.0,2.0,-0.0,18.0,508.0,55484.0,28.222206543218586,0.15214193245273933,0.2928931744216763
