,round,tube,sp_div_H,tot_pop_0,tot_final_pop,tot_auc,mean_fc,deg_score,nut_score
0,0.0,0.0,-0.0,7.0,505.0,18077.0,72.14275408177988,0.28455089522922383,0.33923287543918246
1,0.0,1.0,-0.0,7.0,482.0,20109.0,68.85704448993644,0.28623405649523914,0.34051712811936363
2,0.0,2.0,-0.0,7.0,432.0,16294.0,61.714197551146356,0.2856047340927419,0.337472682891206
