,round,tube,sp,pop_0,final_pop,st_div_H,auc,fc
0,0.0,0.0,8.0,19.0,478.0,1.5066825482042987,43270.0,25.157881495851846
1,0.0,1.0,8.0,19.0,456.0,1.2853969889170742,42208.0,23.9999873684277
2,0.0,2.0,8.0,19.0,460.0,1.4619921237619915,40058.0,24.21051357341391
