,round,tube,nut,amount
0,0.0,0.0,0.0,2000.0
1,0.0,0.0,1.0,0.2999000308621229
2,0.0,0.0,2.0,0.10731465062603185
3,0.0,0.0,3.0,2000.0
4,0.0,1.0,0.0,2000.0
5,0.0,1.0,1.0,0.1747283075773236
6,0.0,1.0,2.0,0.7782430588007627
7,0.0,1.0,3.0,2000.0
8,0.0,2.0,0.0,2000.0
9,0.0,2.0,1.0,0.04977446250705686
10,0.0,2.0,2.0,0.5532545559942641
11,0.0,2.0,3.0,2000.0
