,round,tube,nut,amount
0,0.0,0.0,0.0,2000.0
1,0.0,0.0,1.0,0.5567057215158897
2,0.0,0.0,2.0,2000.0
3,0.0,0.0,3.0,61.12199947798315
4,0.0,1.0,0.0,2000.0
5,0.0,1.0,1.0,0.7086441761141611
6,0.0,1.0,2.0,2000.0
7,0.0,1.0,3.0,0.7272967584566351
8,0.0,2.0,0.0,2000.0
9,0.0,2.0,1.0,0.5993689607172064
10,0.0,2.0,2.0,2000.0
11,0.0,2.0,3.0,0.9675386852492351
