,round,tube,sp_div_H,tot_pop_0,tot_final_pop,tot_auc,mean_fc,deg_score,nut_score
0,0.0,0.0,-0.0,25.0,531.0,51115.0,21.2399915040034,0.24870041659196718,0.39870747005080553
1,0.0,1.0,-0.0,25.0,561.0,49683.0,22.43999102400359,0.24801651518777024,0.3987043061762464
2,0.0,2.0,-0.0,25.0,531.0,52048.0,21.2399915040034,0.24770515901530388,0.3987080427487206
