,round,tube,sp_div_H,tot_pop_0,tot_final_pop,tot_auc,mean_fc,deg_score,nut_score
0,0.0,0.0,-0.0,26.0,478.0,72158.0,18.384608313612187,0.10117383569522997,0.44455860626678023
1,0.0,1.0,-0.0,26.0,630.0,93722.0,24.23075991124619,0.11281389344550241,0.7968113522447889
2,0.0,2.0,-0.0,26.0,428.0,66184.0,16.46153213017995,0.10057091906255267,0.4445682312050041
