,round,tube,sp,st,final_pop
0,0,0,11,"(0.04785290109426962, 0.0, 0.0, 0.0, 0.0, 0.0, 0.0, 0.0, 0.044667184007375176, 0.0)",26
1,0,0,11,"(0.0382892839073907, 0.0, 0.0, 0.0, 0.0, 0.0, 0.0, 0.0, 0.039558071142291956, 0.0)",4
2,0,1,11,"(0.04785290109426962, 0.0, 0.0, 0.0, 0.0, 0.0, 0.0, 0.0, 0.044667184007375176, 0.0)",26
3,0,1,11,"(0.0382892839073907, 0.0, 0.0, 0.0, 0.0, 0.0, 0.0, 0.0, 0.039558071142291956, 0.0)",6
4,0,2,11,"(0.04785290109426962, 0.0, 0.0, 0.0, 0.0, 0.0, 0.0, 0.0, 0.044667184007375176, 0.0)",18
5,0,2,11,"(0.0382892839073907, 0.0, 0.0, 0.0, 0.0, 0.0, 0.0, 0.0, 0.039558071142291956, 0.0)",18
