,round,tube,nut,amount
0,0.0,0.0,0.0,1718.693939523553
1,0.0,0.0,1.0,0.5597294199161175
2,0.0,0.0,2.0,2000.0
3,0.0,0.0,3.0,0.37546907357085124
4,0.0,1.0,0.0,260.0376102052182
5,0.0,1.0,1.0,0.23889296941526683
6,0.0,1.0,2.0,2000.0
7,0.0,1.0,3.0,0.4366195802414124
8,0.0,2.0,0.0,353.0942052917159
9,0.0,2.0,1.0,0.3342939639567679
10,0.0,2.0,2.0,2000.0
11,0.0,2.0,3.0,0.3005322362056537
