,round,tube,sp,pop_0,final_pop,st_div_H,auc,fc
0,0.0,0.0,13.0,9.0,90.0,0.45056120886630463,6356.0,9.999988888901235
1,0.0,1.0,13.0,9.0,80.0,0.06719688036269783,6364.0,8.888879012356654
2,0.0,2.0,13.0,9.0,87.0,0.49396221299468945,6746.0,9.66665592593786
