,round,tube,nut,amount
0,0.0,0.0,0.0,891.5466932718574
1,0.0,0.0,1.0,0.09685886375915587
2,0.0,0.0,2.0,2000.0
3,0.0,0.0,3.0,0.5432785271241087
4,0.0,1.0,0.0,0.6026671785397479
5,0.0,1.0,1.0,0.037421504000526795
6,0.0,1.0,2.0,2000.0
7,0.0,1.0,3.0,0.28872035890788794
8,0.0,2.0,0.0,891.579657725552
9,0.0,2.0,1.0,0.3259744026890452
10,0.0,2.0,2.0,2000.0
11,0.0,2.0,3.0,0.6027406606281991
