,round,tube,sp,st,final_pop
0,0,0,12,"(0.0, 0.07651094205007662, 0.0015111703434619284, 0.04453497017879894, 0.06846525854605402, 0.0, 0.12675493410285443, 0.19294877208059033, 0.0, 0.07722533265115754)",225
1,0,0,12,"(0.0, 0.07651094205007662, 0.0015111703434619284, 0.04642784640271252, 0.08672640026861606, 0.0, 0.12675493410285443, 0.19294877208059033, 0.0, 0.07722533265115754)",66
2,0,1,12,"(0.0, 0.07651094205007662, 0.0015111703434619284, 0.04453497017879894, 0.06846525854605402, 0.0, 0.12675493410285443, 0.19294877208059033, 0.0, 0.07722533265115754)",100
3,0,1,12,"(0.0, 0.07651094205007662, 0.0015111703434619284, 0.04642784640271252, 0.08672640026861606, 0.0, 0.12675493410285443, 0.19294877208059033, 0.0, 0.07722533265115754)",152
4,0,2,12,"(0.0, 0.07651094205007662, 0.0015111703434619284, 0.04453497017879894, 0.06846525854605402, 0.0, 0.12675493410285443, 0.19294877208059033, 0.0, 0.07722533265115754)",46
5,0,2,12,"(0.0, 0.07651094205007662, 0.0015111703434619284, 0.04642784640271252, 0.08672640026861606, 0.0, 0.12675493410285443, 0.19294877208059033, 0.0, 0.07722533265115754)",264
