,round,tube,sp,pop_0,final_pop,st_div_H,auc,fc
0,0.0,0.0,13.0,5.0,113.0,1.089402617707355,7669.0,22.5999548000904
1,0.0,1.0,13.0,5.0,93.0,1.0888961458886968,8654.0,18.5999628000744
2,0.0,2.0,13.0,5.0,80.0,0.9431974999896178,9154.0,15.999968000064001
