,round,tube,nut,amount
0,0.0,0.0,0.0,33.34358535276385
1,0.0,0.0,1.0,2000.0
2,0.0,0.0,2.0,0.6584758627049521
3,0.0,0.0,3.0,2000.0
4,0.0,1.0,0.0,29.664219891736924
5,0.0,1.0,1.0,2000.0
6,0.0,1.0,2.0,0.1234046515314775
7,0.0,1.0,3.0,2000.0
8,0.0,2.0,0.0,64.03366020058694
9,0.0,2.0,1.0,2000.0
10,0.0,2.0,2.0,0.5707559023937164
11,0.0,2.0,3.0,2000.0
