,round,tube,sp_div_H,tot_pop_0,tot_final_pop,tot_auc,mean_fc,deg_score,nut_score
0,0.0,0.0,-0.0,7.0,87.0,7114.0,12.428553673494752,0.17501871318759266,0.1339745953277367
1,0.0,1.0,-0.0,7.0,91.0,9697.0,12.99998142859796,0.16889424516051732,0.13397459614520035
2,0.0,2.0,-0.0,7.0,94.0,7529.0,13.428552244925365,0.17262074971744645,0.13397458526988704
