,round,tube,sp,pop_0,final_pop,st_div_H,auc,fc
0,0.0,0.0,1.0,51.0,810.0,1.100052679277284,89352.0,15.882349826990229
1,0.0,1.0,1.0,51.0,790.0,1.094469798818635,87163.0,15.49019304113862
2,0.0,2.0,1.0,51.0,800.0,1.1241410355844657,85019.0,15.686271434064423
