,round,tube,nut,amount
0,0.0,0.0,0.0,0.18990063387316525
1,0.0,0.0,1.0,2000.0
2,0.0,0.0,2.0,0.7873805423158227
3,0.0,0.0,3.0,0.29760734670241484
4,0.0,1.0,0.0,0.23087364107005082
5,0.0,1.0,1.0,2000.0
6,0.0,1.0,2.0,0.5734013606016513
7,0.0,1.0,3.0,0.2888947617054183
8,0.0,2.0,0.0,0.1840599547018104
9,0.0,2.0,1.0,2000.0
10,0.0,2.0,2.0,0.44448065376372625
11,0.0,2.0,3.0,0.19331484703450647
