,round,tube,sp_div_H,tot_pop_0,tot_final_pop,tot_auc,mean_fc,deg_score,nut_score
0,0.0,0.0,-0.0,14.0,191.0,5244.0,13.642847397966145,0.27947382551887245,0.3916480430881991
1,0.0,1.0,-0.0,14.0,256.0,8354.0,18.285701224499125,0.31002408908229484,0.4630391740114179
2,0.0,2.0,-0.0,14.0,243.0,9950.0,17.35713045919253,0.31414268478625607,0.4668938863295923
