,round,tube,sp_div_H,tot_pop_0,tot_final_pop,tot_auc,mean_fc,deg_score,nut_score
0,0.0,0.0,-0.0,12.0,305.0,30881.0,25.41664548612876,0.09341459790815354,0.2928932112734025
1,0.0,1.0,-0.0,12.0,327.0,32002.0,27.249977291685592,0.0813229817749821,0.2928931929453622
2,0.0,2.0,-0.0,12.0,298.0,30430.0,24.833312638906136,0.0843271515382894,0.29289320331937496
