,round,tube,nut,amount
0,0.0,0.0,0.0,0.5371717345539884
1,0.0,0.0,1.0,2000.0
2,0.0,0.0,2.0,0.13098623692442873
3,0.0,0.0,3.0,0.40021515258432006
4,0.0,1.0,0.0,0.23017557410778444
5,0.0,1.0,1.0,2000.0
6,0.0,1.0,2.0,0.24199844712051277
7,0.0,1.0,3.0,350.54199384786216
8,0.0,2.0,0.0,0.42109639501610635
9,0.0,2.0,1.0,2000.0
10,0.0,2.0,2.0,0.06034094491656905
11,0.0,2.0,3.0,0.22569003629873863
