,round,tube,sp_div_H,tot_pop_0,tot_final_pop,tot_auc,mean_fc,deg_score,nut_score
0,0.0,0.0,-0.0,24.0,366.0,32598.0,15.249993645835982,0.21692531252748137,0.3451502343518491
1,0.0,1.0,-0.0,24.0,402.0,32763.0,16.749993020836243,0.21867464652036395,0.34514798798033963
2,0.0,2.0,-0.0,24.0,402.0,36747.0,16.749993020836243,0.21824728554244321,0.34515383200599004
