,round,tube,sp,st,final_pop
0,0,0,11,"(0.0519940391451983, 0.14970886995698662, 0.0, 0.0, 0.0, 0.04688669779969397, 0.0, 0.08279881135943302, 0.0, 0.02395438421310487)",133
1,0,0,11,"(0.05037254814415705, 0.14970886995698662, 0.0, 0.0, 0.0, 0.04688669779969397, 0.0, 0.08279881135943302, 0.0, 0.020979024557558745)",470
2,0,0,11,"(0.05037254814415705, 0.07559094138918097, 0.0, 0.0, 0.0, 0.04688669779969397, 0.0, 0.08279881135943302, 0.0, 0.020979024557558745)",12
3,0,1,11,"(0.05037254814415705, 0.14970886995698662, 0.0, 0.0, 0.0, 0.04688669779969397, 0.0, 0.08279881135943302, 0.0, 0.020979024557558745)",486
4,0,1,11,"(0.0519940391451983, 0.14970886995698662, 0.0, 0.0, 0.0, 0.04688669779969397, 0.0, 0.08279881135943302, 0.0, 0.02395438421310487)",74
5,0,1,11,"(0.05037254814415705, 0.07559094138918097, 0.0, 0.0, 0.0, 0.04688669779969397, 0.0, 0.08279881135943302, 0.0, 0.020979024557558745)",3
6,0,2,11,"(0.05037254814415705, 0.14970886995698662, 0.0, 0.0, 0.0, 0.04688669779969397, 0.0, 0.08279881135943302, 0.0, 0.020979024557558745)",484
7,0,2,11,"(0.0519940391451983, 0.14970886995698662, 0.0, 0.0, 0.0, 0.04688669779969397, 0.0, 0.08279881135943302, 0.0, 0.02395438421310487)",91
8,0,2,11,"(0.05037254814415705, 0.07559094138918097, 0.0, 0.0, 0.0, 0.04688669779969397, 0.0, 0.08279881135943302, 0.0, 0.020979024557558745)",12
