,round,tube,nut,amount
0,0.0,0.0,0.0,2.1099534930479233
1,0.0,0.0,1.0,2000.0
2,0.0,0.0,2.0,2000.0
3,0.0,0.0,3.0,0.36133350793183233
4,0.0,1.0,0.0,38.560037943073425
5,0.0,1.0,1.0,2000.0
6,0.0,1.0,2.0,2000.0
7,0.0,1.0,3.0,0.2933805896070781
8,0.0,2.0,0.0,65.97711623505836
9,0.0,2.0,1.0,2000.0
10,0.0,2.0,2.0,2000.0
11,0.0,2.0,3.0,0.37679240883934645
