,round,tube,nut,amount
0,0.0,0.0,0.0,2000.0
1,0.0,0.0,1.0,2000.0
2,0.0,0.0,2.0,1952.6149152645785
3,0.0,0.0,3.0,1996.416200300448
4,0.0,1.0,0.0,2000.0
5,0.0,1.0,1.0,2000.0
6,0.0,1.0,2.0,1982.893040350401
7,0.0,1.0,3.0,1998.7061769078862
8,0.0,2.0,0.0,2000.0
9,0.0,2.0,1.0,2000.0
10,0.0,2.0,2.0,1237.8865668961969
11,0.0,2.0,3.0,1942.3603037151877
