,round,tube,sp,pop_0,final_pop,st_div_H,auc,fc
0,0.0,0.0,14.0,5.0,651.0,-0.0,21541.0,130.19973960052081
1,0.0,1.0,14.0,5.0,649.0,-0.0,19632.0,129.7997404005192
2,0.0,2.0,14.0,5.0,655.0,-0.0,17052.0,130.99973800052402
