,round,tube,nut,amount
0,0.0,0.0,0.0,0.8814421424254624
1,0.0,0.0,1.0,2000.0
2,0.0,0.0,2.0,0.20967624778282457
3,0.0,0.0,3.0,2000.0
4,0.0,1.0,0.0,0.8006850783429114
5,0.0,1.0,1.0,2000.0
6,0.0,1.0,2.0,0.07005053157999663
7,0.0,1.0,3.0,2000.0
8,0.0,2.0,0.0,0.793980254076911
9,0.0,2.0,1.0,2000.0
10,0.0,2.0,2.0,0.33372383538955086
11,0.0,2.0,3.0,2000.0
