,round,tube,sp_div_H,tot_pop_0,tot_final_pop,tot_auc,mean_fc,deg_score,nut_score
0,0.0,0.0,-0.0,29.0,554.0,58890.0,19.103441688468383,0.21536089185329832,0.29289319949823844
1,0.0,1.0,-0.0,29.0,594.0,60775.0,20.482751557671875,0.2211321141401782,0.2928931919986325
2,0.0,2.0,-0.0,29.0,594.0,62258.0,20.482751557671875,0.21570502406369418,0.29289319911981204
