,round,tube,nut,amount
0,0.0,0.0,0.0,1691.5500712699006
1,0.0,0.0,1.0,2000.0
2,0.0,0.0,2.0,0.8017234204442256
3,0.0,0.0,3.0,0.6297087070055517
4,0.0,1.0,0.0,1691.5075504725921
5,0.0,1.0,1.0,2000.0
6,0.0,1.0,2.0,0.5261276209773011
7,0.0,1.0,3.0,0.44647523196552197
8,0.0,2.0,0.0,1691.5585667317969
9,0.0,2.0,1.0,2000.0
10,0.0,2.0,2.0,0.8567862075618309
11,0.0,2.0,3.0,0.5418822018866598
