,round,tube,nut,amount
0,0.0,0.0,0.0,0.4401858324915926
1,0.0,0.0,1.0,2000.0
2,0.0,0.0,2.0,0.40319847213630716
3,0.0,0.0,3.0,350.67495627207876
4,0.0,1.0,0.0,0.43954604362381566
5,0.0,1.0,1.0,2000.0
6,0.0,1.0,2.0,0.17371553795595052
7,0.0,1.0,3.0,0.6331989729441828
8,0.0,2.0,0.0,0.5535933739056285
9,0.0,2.0,1.0,2000.0
10,0.0,2.0,2.0,0.3922834780302581
11,0.0,2.0,3.0,350.6659532705173
