,round,tube,nut,amount
0,0.0,0.0,0.0,0.12228697857867649
1,0.0,0.0,1.0,2000.0
2,0.0,0.0,2.0,0.8008099056562891
3,0.0,0.0,3.0,2000.0
4,0.0,1.0,0.0,0.21581991968179187
5,0.0,1.0,1.0,2000.0
6,0.0,1.0,2.0,0.3361851471748527
7,0.0,1.0,3.0,2000.0
8,0.0,2.0,0.0,0.3922338123419944
9,0.0,2.0,1.0,2000.0
10,0.0,2.0,2.0,0.5455905374791828
11,0.0,2.0,3.0,2000.0
