,round,tube,sp,pop_0,final_pop,st_div_H,auc,fc
0,0.0,0.0,7.0,12.0,15.0,-0.0,1068.0,1.2499989583342015
1,0.0,1.0,7.0,12.0,2.0,-0.0,420.0,0.16666652777789354
2,0.0,2.0,7.0,12.0,12.0,-0.0,886.0,0.9999991666673611
