,round,tube,sp_div_H,tot_pop_0,tot_final_pop,tot_auc,mean_fc,deg_score,nut_score
0,0.0,0.0,0.0,1.0,0.0,1.0,0.0,5.998836767384663e-05,5.2491908877461135e-05
1,0.0,1.0,-0.0,1.0,801.0,25123.0,800.9919900800992,0.28012157969272355,0.49892649367792086
2,0.0,2.0,-0.0,1.0,835.0,16089.0,834.9916500834992,0.2737815907365675,0.49579948728191725
