,round,tube,sp_div_H,tot_pop_0,tot_final_pop,tot_auc,mean_fc,deg_score,nut_score
0,0.0,0.0,-0.0,20.0,599.0,71861.0,29.94998502500749,0.1690574435790737,0.292893208475999
1,0.0,1.0,-0.0,20.0,604.0,73508.0,30.19998490000755,0.1693466808812284,0.29289317890791366
2,0.0,2.0,-0.0,20.0,596.0,75291.0,29.79998510000745,0.1661877705591227,0.29289319553430027
