,round,tube,sp,pop_0,final_pop,st_div_H,auc,fc
0,0.0,0.0,9.0,13.0,321.0,0.7106875453404078,15247.0,24.692288698239462
1,0.0,1.0,9.0,13.0,329.0,0.862311649219093,16017.0,25.307672840251662
2,0.0,2.0,9.0,13.0,339.0,0.7422950584698587,16617.0,26.07690301776691
