,round,tube,nut,amount
0,0.0,0.0,0.0,1745.425468818508
1,0.0,0.0,1.0,190.55953275161252
2,0.0,0.0,2.0,2000.0
3,0.0,0.0,3.0,79.9628272776358
4,0.0,1.0,0.0,1734.9256301144082
5,0.0,1.0,1.0,115.92978498145266
6,0.0,1.0,2.0,2000.0
7,0.0,1.0,3.0,0.7715565487897044
8,0.0,2.0,0.0,1736.758324063623
9,0.0,2.0,1.0,128.95603148144494
10,0.0,2.0,2.0,2000.0
11,0.0,2.0,3.0,14.59399390096342
