,round,tube,nut,amount
0,0.0,0.0,0.0,2000.0
1,0.0,0.0,1.0,2000.0
2,0.0,0.0,2.0,0.36159611519214474
3,0.0,0.0,3.0,2000.0
4,0.0,1.0,0.0,2000.0
5,0.0,1.0,1.0,2000.0
6,0.0,1.0,2.0,0.7934502944465907
7,0.0,1.0,3.0,2000.0
8,0.0,2.0,0.0,2000.0
9,0.0,2.0,1.0,2000.0
10,0.0,2.0,2.0,0.10748184458074761
11,0.0,2.0,3.0,2000.0
