,round,tube,sp_div_H,tot_pop_0,tot_final_pop,tot_auc,mean_fc,deg_score,nut_score
0,0.0,0.0,-0.0,25.0,224.0,16956.0,8.959996416001434,0.3096158769756646,0.30462221132773903
1,0.0,1.0,-0.0,25.0,220.0,14382.0,8.799996480001408,0.3095906219261576,0.30461995940465714
2,0.0,2.0,-0.0,25.0,238.0,18199.0,9.519996192001523,0.31120709809351566,0.3046222729312108
