,round,tube,sp_div_H,tot_pop_0,tot_final_pop,tot_auc,mean_fc,deg_score,nut_score
0,0.0,0.0,-0.0,1.0,76.0,1285.0,75.99924000759992,0.0901615216986571,0.10301943033165095
1,0.0,1.0,-0.0,1.0,246.0,4470.0,245.99754002459974,0.2223482566708901,0.28712836945529696
2,0.0,2.0,-0.0,1.0,158.0,2715.0,157.99842001579984,0.16833638727413414,0.20041514267463867
