,round,tube,sp_div_H,tot_pop_0,tot_final_pop,tot_auc,mean_fc,deg_score,nut_score
0,0.0,0.0,-0.0,3.0,145.0,16295.0,48.33317222275926,0.06236964698587333,0.3663439189023491
1,0.0,1.0,-0.0,3.0,187.0,18060.0,62.33312555624814,0.06263469697926238,0.3663477154314696
2,0.0,2.0,-0.0,3.0,278.0,14631.0,92.6663577788074,0.06263935658643727,0.3663490998664607
