,round,tube,nut,amount
0,0.0,0.0,0.0,1889.4139505175592
1,0.0,0.0,1.0,1877.0683999616115
2,0.0,0.0,2.0,2000.0
3,0.0,0.0,3.0,1892.136812097368
4,0.0,1.0,0.0,1819.9111028782306
5,0.0,1.0,1.0,1799.8064278818083
6,0.0,1.0,2.0,2000.0
7,0.0,1.0,3.0,1824.3452710325275
8,0.0,2.0,0.0,1907.1744359741874
9,0.0,2.0,1.0,1896.8116216867727
10,0.0,2.0,2.0,2000.0
11,0.0,2.0,3.0,1909.4599969748133
