,round,tube,nut,amount
0,0.0,0.0,0.0,1957.4706808337648
1,0.0,0.0,1.0,1950.3445770031174
2,0.0,0.0,2.0,2000.0
3,0.0,0.0,3.0,1976.6138834247843
4,0.0,1.0,0.0,1964.2712694838679
5,0.0,1.0,1.0,1958.2846548757207
6,0.0,1.0,2.0,2000.0
7,0.0,1.0,3.0,1980.353406230914
8,0.0,2.0,0.0,1947.1337472786568
9,0.0,2.0,1.0,1938.2756133274195
10,0.0,2.0,2.0,2000.0
11,0.0,2.0,3.0,1970.9297874202095
