,round,tube,sp,pop_0,final_pop,st_div_H,auc,fc
0,0.0,0.0,14.0,2.0,683.0,-0.0,16088.0,341.4982925085375
1,0.0,1.0,14.0,2.0,590.0,-0.0,16801.0,294.99852500737495
2,0.0,2.0,14.0,2.0,690.0,-0.0,17144.0,344.99827500862494
