,round,tube,sp,pop_0,final_pop,st_div_H,auc,fc
0,0.0,0.0,14.0,14.0,6.0,-0.0,807.0,0.42857112244919826
1,0.0,1.0,14.0,14.0,3.0,-0.0,566.0,0.21428556122459913
2,0.0,2.0,14.0,14.0,5.0,-0.0,584.0,0.35714260204099857
