,round,tube,nut,amount
0,0.0,0.0,0.0,2000.0
1,0.0,0.0,1.0,2000.0
2,0.0,0.0,2.0,0.428799452042561
3,0.0,0.0,3.0,0.5677003041567907
4,0.0,1.0,0.0,2000.0
5,0.0,1.0,1.0,2000.0
6,0.0,1.0,2.0,0.22233004450878657
7,0.0,1.0,3.0,0.28857488808306186
8,0.0,2.0,0.0,2000.0
9,0.0,2.0,1.0,2000.0
10,0.0,2.0,2.0,0.897495854286661
11,0.0,2.0,3.0,0.29123784875001135
