,round,tube,sp_div_H,tot_pop_0,tot_final_pop,tot_auc,mean_fc,deg_score,nut_score
0,0.0,0.0,-0.0,40.0,482.0,51480.0,12.049996987500752,0.2223223854099068,0.2928932116729803
1,0.0,1.0,-0.0,40.0,539.0,55517.0,13.474996631250841,0.22368398716309112,0.2928931922174788
2,0.0,2.0,-0.0,40.0,515.0,52443.0,12.874996781250804,0.22340183273588177,0.29289319147898696
