,round,tube,nut,amount
0,0.0,0.0,0.0,44.50772294883155
1,0.0,0.0,1.0,2000.0
2,0.0,0.0,2.0,2000.0
3,0.0,0.0,3.0,0.467824054403899
4,0.0,1.0,0.0,49.620000739503936
5,0.0,1.0,1.0,2000.0
6,0.0,1.0,2.0,2000.0
7,0.0,1.0,3.0,0.21204449778914847
8,0.0,2.0,0.0,49.421481814469196
9,0.0,2.0,1.0,2000.0
10,0.0,2.0,2.0,2000.0
11,0.0,2.0,3.0,0.3687192421786826
