,round,tube,nut,amount
0,0.0,0.0,0.0,868.1545147827297
1,0.0,0.0,1.0,2000.0
2,0.0,0.0,2.0,2000.0
3,0.0,0.0,3.0,1500.3741508362004
4,0.0,1.0,0.0,550.939463908348
5,0.0,1.0,1.0,2000.0
6,0.0,1.0,2.0,2000.0
7,0.0,1.0,3.0,1360.347229113547
8,0.0,2.0,0.0,848.1227819386503
9,0.0,2.0,1.0,2000.0
10,0.0,2.0,2.0,2000.0
11,0.0,2.0,3.0,1491.531626248558
