,round,tube,sp,pop_0,final_pop,st_div_H,auc,fc
0,0.0,0.0,8.0,10.0,911.0,-0.0,97047.0,91.09990890009111
1,0.0,1.0,8.0,10.0,952.0,-0.0,95352.0,95.1999048000952
2,0.0,2.0,8.0,10.0,904.0,-0.0,91195.0,90.39990960009041
