,round,tube,sp_div_H,tot_pop_0,tot_final_pop,tot_auc,mean_fc,deg_score,nut_score
0,0.0,0.0,-0.0,10.0,593.0,38391.0,59.2999407000593,0.16333997346592444,0.2927316870755249
1,0.0,1.0,-0.0,10.0,625.0,40242.0,62.4999375000625,0.16333997346592444,0.2927943761505757
2,0.0,2.0,-0.0,10.0,555.0,41774.0,55.4999445000555,0.16333997346592444,0.2928151363820831
