,round,tube,nut,amount
0,0.0,0.0,0.0,0.456539364227463
1,0.0,0.0,1.0,2000.0
2,0.0,0.0,2.0,0.9556031880981214
3,0.0,0.0,3.0,2000.0
4,0.0,1.0,0.0,0.16307050489445346
5,0.0,1.0,1.0,2000.0
6,0.0,1.0,2.0,0.7937679301622013
7,0.0,1.0,3.0,2000.0
8,0.0,2.0,0.0,0.40294720047692734
9,0.0,2.0,1.0,2000.0
10,0.0,2.0,2.0,0.9773104046521883
11,0.0,2.0,3.0,2000.0
