,round,tube,nut,amount
0,0.0,0.0,0.0,0.2906499281706809
1,0.0,0.0,1.0,0.3744520690073975
2,0.0,0.0,2.0,2000.0
3,0.0,0.0,3.0,2000.0
4,0.0,1.0,0.0,0.2394055905019158
5,0.0,1.0,1.0,0.13843623819861056
6,0.0,1.0,2.0,2000.0
7,0.0,1.0,3.0,2000.0
8,0.0,2.0,0.0,0.9037764146588496
9,0.0,2.0,1.0,0.5711978663568551
10,0.0,2.0,2.0,2000.0
11,0.0,2.0,3.0,2000.0
