,round,tube,sp,pop_0,final_pop,st_div_H,auc,fc
0,0.0,0.0,8.0,10.0,270.0,0.12028165712378484,15859.0,26.999973000027
1,0.0,1.0,8.0,10.0,266.0,0.1838655432923596,16846.0,26.599973400026602
2,0.0,2.0,8.0,10.0,251.0,-0.0,17690.0,25.0999749000251
