,round,tube,sp,pop_0,final_pop,st_div_H,auc,fc
0,0.0,0.0,5.0,11.0,143.0,0.5042558037803253,7587.0,12.999988181828925
1,0.0,1.0,5.0,11.0,100.0,0.5139566706172256,6658.0,9.090900826453794
2,0.0,2.0,5.0,11.0,111.0,0.3425415079719701,8488.0,10.090899917363712
