,round,tube,sp,pop_0,final_pop,st_div_H,auc,fc
0,0.0,0.0,13.0,9.0,91.0,0.10564048160168155,5939.0,10.111099876555693
1,0.0,1.0,13.0,9.0,85.0,0.5162854077688377,5510.0,9.444433950628945
2,0.0,2.0,13.0,9.0,94.0,0.599656475022008,5956.0,10.444432839519068
