,round,tube,sp_div_H,tot_pop_0,tot_final_pop,tot_auc,mean_fc,deg_score,nut_score
0,0.0,0.0,-0.0,13.0,138.0,17383.0,10.615376449710423,0.11440902378522566,0.13397459524388422
1,0.0,1.0,-0.0,13.0,154.0,17420.0,11.846144733734821,0.11310552031130294,0.133974596191194
2,0.0,2.0,-0.0,13.0,143.0,17272.0,10.999991538468048,0.11644332586765516,0.1339745852115657
