,round,tube,nut,amount
0,0.0,0.0,0.0,1766.885328656826
1,0.0,0.0,1.0,2000.0
2,0.0,0.0,2.0,1938.0377790447437
3,0.0,0.0,3.0,1769.086291492007
4,0.0,1.0,0.0,1577.158321349762
5,0.0,1.0,1.0,2000.0
6,0.0,1.0,2.0,1887.6080627158556
7,0.0,1.0,3.0,1581.150600405015
8,0.0,2.0,0.0,1659.2656140615502
9,0.0,2.0,1.0,2000.0
10,0.0,2.0,2.0,1909.4323013351168
11,0.0,2.0,3.0,1662.4826733560244
