,round,tube,sp_div_H,tot_pop_0,tot_final_pop,tot_auc,mean_fc,deg_score,nut_score
0,0.0,0.0,-0.0,10.0,1047.0,74269.0,104.6998953001047,0.18299084157679835,0.49999993533084686
1,0.0,1.0,-0.0,10.0,999.0,76575.0,99.8999001000999,0.1818863751959694,0.4923754033105918
2,0.0,2.0,-0.0,10.0,1026.0,74317.0,102.5998974001026,0.18173938147956548,0.49237280314408816
