,round,tube,nut,amount
0,0.0,0.0,0.0,0.332109231699273
1,0.0,0.0,1.0,2000.0
2,0.0,0.0,2.0,0.3582763567092595
3,0.0,0.0,3.0,2000.0
4,0.0,1.0,0.0,0.6302481281544496
5,0.0,1.0,1.0,2000.0
6,0.0,1.0,2.0,0.18844939527987314
7,0.0,1.0,3.0,2000.0
8,0.0,2.0,0.0,0.3970782810511775
9,0.0,2.0,1.0,2000.0
10,0.0,2.0,2.0,0.026405193477334166
11,0.0,2.0,3.0,2000.0
