,round,tube,sp,st,final_pop
0,0,0,2,"(0.0, 0.11050293198148005, 0.06715541311820733, 0.1362300526157614, 0.0328441138774275, 0.07251546538329634, 0.0, 0.0, 0.09735429559120222, 0.0)",45
1,0,0,2,"(0.0, 0.11050293198148005, 0.06715541311820733, 0.1362300526157614, 0.0651274896174571, 0.07251546538329634, 0.0, 0.0, 0.09735429559120222, 0.0)",185
2,0,1,2,"(0.0, 0.11050293198148005, 0.06715541311820733, 0.1362300526157614, 0.0651274896174571, 0.07251546538329634, 0.0, 0.0, 0.09735429559120222, 0.0)",220
3,0,1,2,"(0.0, 0.11050293198148005, 0.06715541311820733, 0.1362300526157614, 0.0328441138774275, 0.07251546538329634, 0.0, 0.0, 0.09735429559120222, 0.0)",40
4,0,2,2,"(0.0, 0.11050293198148005, 0.06715541311820733, 0.1362300526157614, 0.0651274896174571, 0.07251546538329634, 0.0, 0.0, 0.09735429559120222, 0.0)",101
5,0,2,2,"(0.0, 0.11050293198148005, 0.06715541311820733, 0.1362300526157614, 0.0328441138774275, 0.07251546538329634, 0.0, 0.0, 0.09735429559120222, 0.0)",129
