,round,tube,nut,amount
0,0.0,0.0,0.0,4.692210047867782
1,0.0,0.0,1.0,2000.0
2,0.0,0.0,2.0,0.315529223907535
3,0.0,0.0,3.0,2000.0
4,0.0,1.0,0.0,0.46563480422291814
5,0.0,1.0,1.0,2000.0
6,0.0,1.0,2.0,0.4091404962269132
7,0.0,1.0,3.0,2000.0
8,0.0,2.0,0.0,0.5858090603829433
9,0.0,2.0,1.0,2000.0
10,0.0,2.0,2.0,0.12048958180019487
11,0.0,2.0,3.0,2000.0
