,round,tube,sp_div_H,tot_pop_0,tot_final_pop,tot_auc,mean_fc,deg_score,nut_score
0,0.0,0.0,-0.0,7.0,59.0,11259.0,8.428559387772303,0.15583495585080476,0.13397457164503024
1,0.0,1.0,-0.0,7.0,51.0,10794.0,7.28570387756589,0.1573438940866153,0.1339745962135407
2,0.0,2.0,-0.0,7.0,49.0,12983.0,6.999990000014286,0.15320322409760878,0.13397456767279659
