,round,tube,sp_div_H,tot_pop_0,tot_final_pop,tot_auc,mean_fc,deg_score,nut_score
0,0.0,0.0,-0.0,5.0,79.0,14495.0,15.799968400063202,0.14467290943778865,0.13397456515767947
1,0.0,1.0,-0.0,5.0,73.0,12918.0,14.5999708000584,0.14671364616121885,0.13397456616556225
2,0.0,2.0,-0.0,5.0,71.0,13895.0,14.1999716000568,0.1465004274601155,0.13397457045870098
