,round,tube,sp,pop_0,final_pop,st_div_H,auc,fc
0,0.0,0.0,9.0,8.0,23.0,-0.0,1118.0,2.874996406254492
1,0.0,1.0,9.0,8.0,46.0,-0.0,1510.0,5.749992812508984
2,0.0,2.0,9.0,8.0,40.0,-0.0,1947.0,4.999993750007813
