,round,tube,sp_div_H,tot_pop_0,tot_final_pop,tot_auc,mean_fc,deg_score,nut_score
0,0.0,0.0,-0.0,4.0,120.0,19894.0,29.999925000187503,0.08573215657724176,0.13397458722432887
1,0.0,1.0,-0.0,4.0,116.0,17738.0,28.99992750018125,0.0879952146284384,0.13397457901245535
2,0.0,2.0,-0.0,4.0,110.0,18998.0,27.499931250171876,0.08632561919905324,0.1339745961834249
