,round,tube,sp,pop_0,final_pop,st_div_H,auc,fc
0,0.0,0.0,3.0,9.0,407.0,-0.0,20054.0,45.222171975364475
1,0.0,1.0,3.0,9.0,427.0,-0.0,20229.0,47.44439172845364
2,0.0,2.0,3.0,9.0,425.0,-0.0,19176.0,47.22216975314472
