,round,tube,sp,pop_0,final_pop,st_div_H,auc,fc
0,0.0,0.0,5.0,31.0,518.0,0.75608948764143,52558.0,16.709672029138055
1,0.0,1.0,5.0,31.0,508.0,0.9214163137132629,52187.0,16.387091488035004
2,0.0,2.0,5.0,31.0,480.0,0.9079962718736612,53977.0,15.483865972946461
