,round,tube,sp_div_H,tot_pop_0,tot_final_pop,tot_auc,mean_fc,deg_score,nut_score
0,0.0,0.0,-0.0,13.0,404.0,24657.0,31.076899171616024,0.24000856981507956,0.4496913261586759
1,0.0,1.0,-0.0,13.0,381.0,20048.0,29.307669763330953,0.24179523283121962,0.44969086524659163
2,0.0,2.0,-0.0,13.0,381.0,18354.0,29.307669763330953,0.2415346283520936,0.44970733943783703
