,round,tube,sp_div_H,tot_pop_0,tot_final_pop,tot_auc,mean_fc,deg_score,nut_score
0,0.0,0.0,-0.0,27.0,428.0,45286.0,15.851845980797785,0.0518936345365415,0.1339745664746942
1,0.0,1.0,-0.0,27.0,388.0,44813.0,14.370365048012946,0.04617925959064473,0.13397459044358673
2,0.0,2.0,-0.0,27.0,361.0,40711.0,13.370365418383178,0.048561412149293215,0.13397458913724958
