,round,tube,sp,pop_0,final_pop,st_div_H,auc,fc
0,0.0,0.0,11.0,13.0,613.0,1.2528530222542775,50137.0,47.15380988168471
1,0.0,1.0,11.0,13.0,597.0,1.243725805046578,46817.0,45.92304159766031
2,0.0,2.0,11.0,13.0,598.0,1.1001751787451108,46566.0,45.999964615411834
