,round,tube,sp,pop_0,final_pop,st_div_H,auc,fc
0,0.0,0.0,14.0,36.0,430.0,0.868808486130345,32866.0,11.944441126544131
1,0.0,1.0,14.0,36.0,392.0,0.7500554029392643,30246.0,10.88888586419837
2,0.0,2.0,14.0,36.0,444.0,0.6847049900586101,32947.0,12.333329907408357
