,round,tube,sp_div_H,tot_pop_0,tot_final_pop,tot_auc,mean_fc,deg_score,nut_score
0,0.0,0.0,-0.0,39.0,893.0,77798.0,22.89743002629999,0.18564536042313373,0.4923743425647744
1,0.0,1.0,-0.0,39.0,914.0,76819.0,23.435891426694504,0.1858003643252718,0.49236832017793397
2,0.0,2.0,-0.0,39.0,868.0,79438.0,22.256404549639857,0.18548815210417202,0.4923711034432787
