,round,tube,sp,pop_0,final_pop,st_div_H,auc,fc
0,0.0,0.0,6.0,8.0,177.0,-0.0,21126.0,22.12497234378457
1,0.0,1.0,6.0,8.0,158.0,-0.0,20073.0,19.74997531253086
2,0.0,2.0,6.0,8.0,167.0,-0.0,18958.0,20.87497390628262
