,round,tube,sp_div_H,tot_pop_0,tot_final_pop,tot_auc,mean_fc,deg_score,nut_score
0,0.0,0.0,-0.0,5.0,364.0,28451.0,72.79985440029121,0.14074172429551413,0.29289318820952814
1,0.0,1.0,-0.0,5.0,340.0,28431.0,67.999864000272,0.1423676010265581,0.29289320053792445
2,0.0,2.0,-0.0,5.0,356.0,30632.0,71.1998576002848,0.14616248212202732,0.29289316142553834
