,round,tube,nut,amount
0,0.0,0.0,0.0,24.72926255706853
1,0.0,0.0,1.0,2000.0
2,0.0,0.0,2.0,0.0023900704876496093
3,0.0,0.0,3.0,2000.0
4,0.0,1.0,0.0,82.78201113091289
5,0.0,1.0,1.0,2000.0
6,0.0,1.0,2.0,0.5813212618153596
7,0.0,1.0,3.0,2000.0
8,0.0,2.0,0.0,50.54549648893399
9,0.0,2.0,1.0,2000.0
10,0.0,2.0,2.0,0.6525322292429694
11,0.0,2.0,3.0,2000.0
