,round,tube,sp_div_H,tot_pop_0,tot_final_pop,tot_auc,mean_fc,deg_score,nut_score
0,0.0,0.0,-0.0,12.0,725.0,69130.0,60.4166163194864,0.1818120101818821,0.4923731689746762
1,0.0,1.0,-0.0,12.0,770.0,72910.0,64.166613194489,0.18134500277182242,0.492374237128248
2,0.0,2.0,-0.0,12.0,791.0,69354.0,65.9166117361569,0.1829489677750954,0.49999996012474335
