,round,tube,sp_div_H,tot_pop_0,tot_final_pop,tot_auc,mean_fc,deg_score,nut_score
0,0.0,0.0,-0.0,9.0,447.0,16963.0,49.6666114815428,0.2868431691225969,0.3373036064776759
1,0.0,1.0,-0.0,9.0,400.0,12807.0,44.44439506178327,0.2839382454465058,0.3355739961991614
2,0.0,2.0,-0.0,9.0,385.0,12095.0,42.77773024696639,0.2837119122478563,0.33400646905569464
