,round,tube,sp,st,final_pop
0,0,0,0,"(0.0, 0.09059708024140342, 0.09262416087755289, 0.0026417494411589476, 0.08106221693057043, 0.07860599818325885, 0.1234553286915525, 0.0, 0.0, 0.0)",63
1,0,0,0,"(0.0, 0.09059708024140342, 0.09262416087755289, 0.0026417494411589476, 0.05267949119613614, 0.07860599818325885, 0.1234553286915525, 0.0, 0.0, 0.0)",89
2,0,1,0,"(0.0, 0.09059708024140342, 0.09262416087755289, 0.0026417494411589476, 0.05267949119613614, 0.07860599818325885, 0.1234553286915525, 0.0, 0.0, 0.0)",60
3,0,1,0,"(0.0, 0.09059708024140342, 0.09262416087755289, 0.0026417494411589476, 0.08106221693057043, 0.07860599818325885, 0.1234553286915525, 0.0, 0.0, 0.0)",53
4,0,2,0,"(0.0, 0.09059708024140342, 0.09262416087755289, 0.0026417494411589476, 0.05267949119613614, 0.07860599818325885, 0.1234553286915525, 0.0, 0.0, 0.0)",57
5,0,2,0,"(0.0, 0.09059708024140342, 0.09262416087755289, 0.0026417494411589476, 0.08106221693057043, 0.07860599818325885, 0.1234553286915525, 0.0, 0.0, 0.0)",62
