,round,tube,sp,st,final_pop
0,0,0,5,"(0.0, 0.0, 0.0, 0.0, 0.049101615140717245, 0.03445950329425224, 0.0359549700031496, 0.0, 0.0, 0.0)",22
1,0,0,5,"(0.0, 0.0, 0.0, 0.0, 0.04316628212503213, 0.03445950329425224, 0.0359549700031496, 0.0, 0.0, 0.0)",55
2,0,1,5,"(0.0, 0.0, 0.0, 0.0, 0.049101615140717245, 0.04717960102079751, 0.0359549700031496, 0.0, 0.0, 0.0)",23
3,0,2,5,"(0.0, 0.0, 0.0, 0.0, 0.049101615140717245, 0.04717960102079751, 0.0359549700031496, 0.0, 0.0, 0.0)",17
4,0,2,5,"(0.0, 0.0, 0.0, 0.0, 0.049101615140717245, 0.03445950329425224, 0.0359549700031496, 0.0, 0.0, 0.0)",2
5,0,2,5,"(0.0, 0.0, 0.0, 0.0, 0.04316628212503213, 0.03445950329425224, 0.0359549700031496, 0.0, 0.0, 0.0)",16
