,round,tube,nut,amount
0,0.0,0.0,0.0,2000.0
1,0.0,0.0,1.0,2000.0
2,0.0,0.0,2.0,1998.3911469827135
3,0.0,0.0,3.0,1995.6640039118868
4,0.0,1.0,0.0,2000.0
5,0.0,1.0,1.0,2000.0
6,0.0,1.0,2.0,0.24499102386464522
7,0.0,1.0,3.0,0.015162334147505563
8,0.0,2.0,0.0,2000.0
9,0.0,2.0,1.0,2000.0
10,0.0,2.0,2.0,1999.2331687787891
11,0.0,2.0,3.0,1997.9333244617826
