,round,tube,sp,pop_0,final_pop,st_div_H,auc,fc
0,0.0,0.0,4.0,19.0,358.0,1.313891183519526,53597.0,18.84209534626561
1,0.0,1.0,4.0,19.0,347.0,1.2112284327898812,53440.0,18.263148282553537
2,0.0,2.0,4.0,19.0,414.0,0.7043163098070251,55871.0,21.78946221607252
