,round,tube,sp_div_H,tot_pop_0,tot_final_pop,tot_auc,mean_fc,deg_score,nut_score
0,0.0,0.0,-0.0,9.0,452.0,14245.0,50.22216641981509,0.2829188339073041,0.3369477199196397
1,0.0,1.0,-0.0,9.0,481.0,20465.0,53.44438506179438,0.2845759810929266,0.33941380579636293
2,0.0,2.0,-0.0,9.0,505.0,19485.0,56.11104876550137,0.28343463824336634,0.3386944322003852
