,round,tube,nut,amount
0,0.0,0.0,0.0,0.3654424228901938
1,0.0,0.0,1.0,2000.0
2,0.0,0.0,2.0,0.5175015046140241
3,0.0,0.0,3.0,350.76923670598444
4,0.0,1.0,0.0,0.5758984842137174
5,0.0,1.0,1.0,2000.0
6,0.0,1.0,2.0,0.23621856228551485
7,0.0,1.0,3.0,350.5372264323144
8,0.0,2.0,0.0,0.45390127733302676
9,0.0,2.0,1.0,2000.0
10,0.0,2.0,2.0,0.23516743666046147
11,0.0,2.0,3.0,350.53635943361826
