,round,tube,sp,pop_0,final_pop,st_div_H,auc,fc
0,0.0,0.0,10.0,8.0,128.0,0.18920898053816695,24963.0,15.999980000025001
1,0.0,1.0,10.0,8.0,115.0,0.38721237518636065,21663.0,14.374982031272461
2,0.0,2.0,10.0,8.0,88.0,0.6765259604934999,20851.0,10.999986250017187
