,round,tube,sp,pop_0,final_pop,st_div_H,auc,fc
0,0.0,0.0,1.0,16.0,441.0,1.1304579294320738,31289.0,27.562482773448266
1,0.0,1.0,1.0,16.0,448.0,1.1125260967178559,34964.0,27.999982500010937
2,0.0,2.0,1.0,16.0,437.0,0.8689882417197856,29431.0,27.31248292969817
