,round,tube,nut,amount
0,0.0,0.0,0.0,1886.3202417666866
1,0.0,0.0,1.0,2000.0
2,0.0,0.0,2.0,1969.7837538186345
3,0.0,0.0,3.0,1887.3935544052358
4,0.0,1.0,0.0,1842.4847505259863
5,0.0,1.0,1.0,2000.0
6,0.0,1.0,2.0,1958.132216065617
7,0.0,1.0,3.0,1843.971937960689
8,0.0,2.0,0.0,1924.4954597880976
9,0.0,2.0,1.0,2000.0
10,0.0,2.0,2.0,1979.9307826625484
11,0.0,2.0,3.0,1925.2083393590522
