,round,tube,sp,st,final_pop
0,0,0,4,"(0.3637220979121767, 0.0, 0.0, 0.05305371719279086, 0.0, 0.0, 0.0, 0.0, 0.0, 0.21714798714317626)",345
1,0,1,4,"(0.3637220979121767, 0.0, 0.0, 0.05305371719279086, 0.0, 0.0, 0.0, 0.0, 0.0, 0.21714798714317626)",398
2,0,2,4,"(0.3637220979121767, 0.0, 0.0, 0.05305371719279086, 0.0, 0.0, 0.0, 0.0, 0.0, 0.21714798714317626)",378
3,0,2,4,"(0.5371731609969741, 0.0, 0.0, 0.05305371719279086, 0.0, 0.0, 0.0, 0.0, 0.0, 0.21714798714317626)",10
