,round,tube,sp_div_H,tot_pop_0,tot_final_pop,tot_auc,mean_fc,deg_score,nut_score
0,0.0,0.0,-0.0,10.0,314.0,31845.0,31.3999686000314,0.12423490024817407,0.29289318763640504
1,0.0,1.0,-0.0,10.0,336.0,33612.0,33.5999664000336,0.1292301014606988,0.2928932117799814
2,0.0,2.0,-0.0,10.0,312.0,32108.0,31.1999688000312,0.12567010457834837,0.2928931779395436
