,round,tube,sp_div_H,tot_pop_0,tot_final_pop,tot_auc,mean_fc,deg_score,nut_score
0,0.0,0.0,-0.0,54.0,1019.0,113964.0,18.870366875857986,0.25575433474630116,0.4999999902511536
1,0.0,1.0,-0.0,54.0,973.0,112187.0,18.018515181756445,0.2539795687775931,0.4973229021416049
2,0.0,2.0,-0.0,54.0,1019.0,117072.0,18.870366875857986,0.25198741895040977,0.49732480830346204
