,round,tube,sp,pop_0,final_pop,st_div_H,auc,fc
0,0.0,0.0,5.0,10.0,663.0,-0.0,29687.0,66.2999337000663
1,0.0,1.0,5.0,10.0,634.0,-0.0,24790.0,63.399936600063405
2,0.0,2.0,5.0,10.0,571.0,-0.0,28669.0,57.0999429000571
