,round,tube,sp,pop_0,final_pop,st_div_H,auc,fc
0,0.0,0.0,6.0,10.0,144.0,-0.0,21316.0,14.3999856000144
1,0.0,1.0,6.0,10.0,140.0,-0.0,20002.0,13.999986000014001
2,0.0,2.0,6.0,10.0,181.0,-0.0,22813.0,18.0999819000181
