,round,tube,sp,st,final_pop
0,0,0,6,"(0.03426039533065134, 0.011572197494497125, 0.0, 0.030181603934096246, 0.005422768956954101, 0.0, 0.01863451411274167, 0.0, 0.028146417112716555, 0.06160074188775937)",45
1,0,0,6,"(0.03426039533065134, 0.011572197494497125, 0.0, 0.030181603934096246, 0.005422768956954101, 0.0, 0.01863451411274167, 0.0, 0.023858633615494184, 0.06705703602743751)",11
2,0,0,6,"(0.03426039533065134, 0.011572197494497125, 0.0, 0.030181603934096246, 0.005422768956954101, 0.0, 0.01863451411274167, 0.0, 0.028146417112716555, 0.05874522297052942)",88
3,0,1,6,"(0.03426039533065134, 0.011572197494497125, 0.0, 0.030181603934096246, 0.005422768956954101, 0.0, 0.01863451411274167, 0.0, 0.028146417112716555, 0.06160074188775937)",97
4,0,1,6,"(0.03426039533065134, 0.011572197494497125, 0.0, 0.030181603934096246, 0.005422768956954101, 0.0, 0.01863451411274167, 0.0, 0.028146417112716555, 0.05874522297052942)",40
5,0,1,6,"(0.03426039533065134, 0.011572197494497125, 0.0, 0.030181603934096246, 0.005422768956954101, 0.0, 0.01863451411274167, 0.0, 0.023858633615494184, 0.06705703602743751)",12
6,0,2,6,"(0.03426039533065134, 0.011572197494497125, 0.0, 0.030181603934096246, 0.005422768956954101, 0.0, 0.01863451411274167, 0.0, 0.023858633615494184, 0.06705703602743751)",24
7,0,2,6,"(0.03426039533065134, 0.011572197494497125, 0.0, 0.030181603934096246, 0.005422768956954101, 0.0, 0.01863451411274167, 0.0, 0.028146417112716555, 0.05874522297052942)",36
8,0,2,6,"(0.03426039533065134, 0.011572197494497125, 0.0, 0.030181603934096246, 0.005422768956954101, 0.0, 0.01863451411274167, 0.0, 0.028146417112716555, 0.06160074188775937)",104
