,round,tube,sp,pop_0,final_pop,st_div_H,auc,fc
0,0.0,0.0,11.0,21.0,192.0,0.8680776339660708,9932.0,9.14285278911772
1,0.0,1.0,11.0,21.0,161.0,0.8742959188239611,10381.0,7.666663015874755
2,0.0,2.0,11.0,21.0,182.0,0.9169540428656965,12134.0,8.666662539684506
