,round,tube,sp,st,final_pop
0,0,0,14,"(0.0, 0.017248724174617657, 0.0, 0.0, 0.0, 0.0, 0.1096916615896246, 0.07609886892949795, 0.049011239651283504, 0.0)",417
1,0,0,14,"(0.0, 0.016592317375136813, 0.0, 0.0, 0.0, 0.0, 0.1096916615896246, 0.07609886892949795, 0.049011239651283504, 0.0)",73
2,0,0,14,"(0.0, 0.01749945196455643, 0.0, 0.0, 0.0, 0.0, 0.1096916615896246, 0.07609886892949795, 0.049011239651283504, 0.0)",9
3,0,1,14,"(0.0, 0.01749945196455643, 0.0, 0.0, 0.0, 0.0, 0.1096916615896246, 0.07609886892949795, 0.049011239651283504, 0.0)",6
4,0,1,14,"(0.0, 0.016592317375136813, 0.0, 0.0, 0.0, 0.0, 0.1096916615896246, 0.07609886892949795, 0.049011239651283504, 0.0)",33
5,0,1,14,"(0.0, 0.017248724174617657, 0.0, 0.0, 0.0, 0.0, 0.1096916615896246, 0.07609886892949795, 0.049011239651283504, 0.0)",545
6,0,2,14,"(0.0, 0.017248724174617657, 0.0, 0.0, 0.0, 0.0, 0.1096916615896246, 0.07609886892949795, 0.049011239651283504, 0.0)",524
7,0,2,14,"(0.0, 0.016592317375136813, 0.0, 0.0, 0.0, 0.0, 0.1096916615896246, 0.07609886892949795, 0.049011239651283504, 0.0)",6
8,0,2,14,"(0.0, 0.01749945196455643, 0.0, 0.0, 0.0, 0.0, 0.1096916615896246, 0.07609886892949795, 0.049011239651283504, 0.0)",22
