,round,tube,sp,pop_0,final_pop,st_div_H,auc,fc
0,0.0,0.0,8.0,32.0,536.0,2.1841824965973715,53804.0,16.749994765626635
1,0.0,1.0,8.0,32.0,470.0,2.232783733823821,46884.0,14.687495410157682
2,0.0,2.0,8.0,32.0,500.0,2.144410801492223,50468.0,15.624995117189025
