,round,tube,sp,pop_0,final_pop,st_div_H,auc,fc
0,0.0,0.0,12.0,7.0,320.0,-0.0,26169.0,45.714220408256566
1,0.0,1.0,12.0,7.0,326.0,-0.0,23834.0,46.571362040911374
2,0.0,2.0,12.0,7.0,309.0,-0.0,24388.0,44.14279408172274
