,round,tube,sp_div_H,tot_pop_0,tot_final_pop,tot_auc,mean_fc,deg_score,nut_score
0,0.0,0.0,-0.0,17.0,520.0,59817.0,30.588217301048648,0.15149611037250665,0.2928931690974663
1,0.0,1.0,-0.0,17.0,489.0,59967.0,28.76468896194767,0.14918453756200067,0.29289320918970574
2,0.0,2.0,-0.0,17.0,545.0,62391.0,32.05880467129137,0.15054039215016302,0.29289321229620113
