,round,tube,sp,pop_0,final_pop,st_div_H,auc,fc
0,0.0,0.0,8.0,14.0,449.0,0.8219657478597903,39583.0,32.071405663281666
1,0.0,1.0,8.0,14.0,492.0,1.276932927100995,38200.0,35.14283204083426
2,0.0,2.0,8.0,14.0,446.0,0.8527758789602505,35649.0,31.85712010205707
