,round,tube,sp_div_H,tot_pop_0,tot_final_pop,tot_auc,mean_fc,deg_score,nut_score
0,0.0,0.0,-0.0,17.0,1.0,352.0,0.058823494809708936,0.042716939006770205,0.038729102703758844
1,0.0,1.0,-0.0,17.0,1.0,501.0,0.058823494809708936,0.05992345861379744,0.05417154114788114
2,0.0,2.0,-0.0,17.0,2.0,476.0,0.11764698961941787,0.056963122492228235,0.05306967605138302
