,round,tube,sp,st,final_pop
0,0,0,0,"(0.026880035875483734, 0.05204089954662736, 0.026232640257715167, 0.0, 0.0, 0.02913486473025094, 0.037973903473278, 0.023482661619739813, 0.0, 0.0)",63
1,0,0,0,"(0.026880035875483734, 0.08420821325463473, 0.026232640257715167, 0.0, 0.0, 0.02913486473025094, 0.037973903473278, 0.023482661619739813, 0.0, 0.0)",10
2,0,1,0,"(0.026880035875483734, 0.08420821325463473, 0.026232640257715167, 0.0, 0.0, 0.02913486473025094, 0.037973903473278, 0.023482661619739813, 0.0, 0.0)",8
3,0,1,0,"(0.026880035875483734, 0.05204089954662736, 0.026232640257715167, 0.0, 0.0, 0.02913486473025094, 0.037973903473278, 0.023482661619739813, 0.0, 0.0)",73
4,0,2,0,"(0.026880035875483734, 0.08420821325463473, 0.026232640257715167, 0.0, 0.0, 0.02913486473025094, 0.037973903473278, 0.023482661619739813, 0.0, 0.0)",13
5,0,2,0,"(0.026880035875483734, 0.05204089954662736, 0.026232640257715167, 0.0, 0.0, 0.02913486473025094, 0.037973903473278, 0.023482661619739813, 0.0, 0.0)",47
