,round,tube,sp,st,final_pop
0,0,0,11,"(0.04167894128782139, 0.0, 0.0, 0.0, 0.0, 0.0, 0.0, 0.0, 0.03949792943621601, 0.0)",38
1,0,1,11,"(0.04167894128782139, 0.0, 0.0, 0.0, 0.0, 0.0, 0.0, 0.0, 0.03949792943621601, 0.0)",55
2,0,2,11,"(0.04167894128782139, 0.0, 0.0, 0.0, 0.0, 0.0, 0.0, 0.0, 0.03949792943621601, 0.0)",47
