,round,tube,sp,pop_0,final_pop,st_div_H,auc,fc
0,0.0,0.0,0.0,10.0,3.0,-0.0,369.0,0.2999997000003
1,0.0,1.0,0.0,10.0,0.0,,300.0,0.0
2,0.0,2.0,0.0,10.0,3.0,-0.0,503.0,0.2999997000003
