,round,tube,sp,pop_0,final_pop,st_div_H,auc,fc
0,0.0,0.0,7.0,20.0,498.0,0.7550574032195733,60646.0,24.899987550006227
1,0.0,1.0,7.0,20.0,521.0,0.19570412391932748,59739.0,26.04998697500651
2,0.0,2.0,7.0,20.0,524.0,0.29283847651804107,61701.0,26.19998690000655
