,round,tube,sp,pop_0,final_pop,st_div_H,auc,fc
0,0.0,0.0,6.0,11.0,144.0,0.800481706342276,17233.0,13.090897190093465
1,0.0,1.0,6.0,11.0,143.0,-0.0,19842.0,12.999988181828925
2,0.0,2.0,6.0,11.0,176.0,0.6069636115082722,19413.0,15.999985454558677
