,round,tube,sp,pop_0,final_pop,st_div_H,auc,fc
0,0.0,0.0,5.0,10.0,38.0,-0.0,1488.0,3.7999962000038003
1,0.0,1.0,5.0,10.0,47.0,-0.0,2119.0,4.699995300004701
2,0.0,2.0,5.0,10.0,59.0,-0.0,2811.0,5.8999941000059
