,round,tube,sp_div_H,tot_pop_0,tot_final_pop,tot_auc,mean_fc,deg_score,nut_score
0,0.0,0.0,-0.0,10.0,124.0,14241.0,12.3999876000124,0.10895030003094741,0.1339745654661657
1,0.0,1.0,-0.0,10.0,145.0,16529.0,14.4999855000145,0.1105659292036848,0.13397456338325753
2,0.0,2.0,-0.0,10.0,135.0,17580.0,13.4999865000135,0.1089986161577805,0.13397458649241556
