,round,tube,nut,amount
0,0.0,0.0,0.0,0.3205505478631348
1,0.0,0.0,1.0,2000.0
2,0.0,0.0,2.0,0.26139458174980423
3,0.0,0.0,3.0,350.5579923384099
4,0.0,1.0,0.0,0.5736710427965739
5,0.0,1.0,1.0,2000.0
6,0.0,1.0,2.0,0.167172204677976
7,0.0,1.0,3.0,0.992935917499019
8,0.0,2.0,0.0,0.4264612511781483
9,0.0,2.0,1.0,2000.0
10,0.0,2.0,2.0,0.23244095462147818
11,0.0,2.0,3.0,350.534110552692
