,round,tube,sp,pop_0,final_pop,st_div_H,auc,fc
0,0.0,0.0,9.0,5.0,98.0,-0.0,3053.0,19.599960800078403
1,0.0,1.0,9.0,5.0,76.0,-0.0,3752.0,15.1999696000608
2,0.0,2.0,9.0,5.0,95.0,-0.0,4855.0,18.999962000076
