,round,tube,nut,amount
0,0.0,0.0,0.0,1834.4566352282056
1,0.0,0.0,1.0,1947.496233891834
2,0.0,0.0,2.0,2000.0
3,0.0,0.0,3.0,2000.0
4,0.0,1.0,0.0,1923.456851190762
5,0.0,1.0,1.0,1975.7235598792922
6,0.0,1.0,2.0,2000.0
7,0.0,1.0,3.0,2000.0
8,0.0,2.0,0.0,1830.6537412707246
9,0.0,2.0,1.0,1946.2901072968245
10,0.0,2.0,2.0,2000.0
11,0.0,2.0,3.0,2000.0
