,round,tube,sp,pop_0,final_pop,st_div_H,auc,fc
0,0.0,0.0,5.0,11.0,590.0,0.4656919526178283,69115.0,53.636314876077385
1,0.0,1.0,5.0,11.0,529.0,0.6347527935105279,61826.0,48.09086537194057
2,0.0,2.0,5.0,11.0,602.0,0.5703993308324946,73013.0,54.72722297525184
