,round,tube,sp,pop_0,final_pop,st_div_H,auc,fc
0,0.0,0.0,10.0,13.0,210.0,0.7855044214664071,14979.0,16.15383372782021
1,0.0,1.0,10.0,13.0,191.0,0.9202014188623987,15386.0,14.69229639054124
2,0.0,2.0,10.0,13.0,198.0,0.6177370790767782,15955.0,15.230757514801912
