,round,tube,sp,pop_0,final_pop,st_div_H,auc,fc
0,0.0,0.0,13.0,64.0,1062.0,2.507981109125653,119673.0,16.593747407226967
1,0.0,1.0,13.0,64.0,1044.0,2.4322952991446525,118485.0,16.312497451172273
2,0.0,2.0,13.0,64.0,967.0,2.3100247737176356,114550.0,15.109372639160524
