,round,tube,nut,amount
0,0.0,0.0,0.0,1691.5159744140528
1,0.0,0.0,1.0,2000.0
2,0.0,0.0,2.0,0.5807268530849004
3,0.0,0.0,3.0,0.14938762856658255
4,0.0,1.0,0.0,1691.5958240332693
5,0.0,1.0,1.0,2000.0
6,0.0,1.0,2.0,1.0982669990042893
7,0.0,1.0,3.0,0.237959152251774
8,0.0,2.0,0.0,1702.1024414465312
9,0.0,2.0,1.0,2000.0
10,0.0,2.0,2.0,69.19622867385688
11,0.0,2.0,3.0,0.23559631749609444
