,round,tube,sp_div_H,tot_pop_0,tot_final_pop,tot_auc,mean_fc,deg_score,nut_score
0,0.0,0.0,-0.0,13.0,41.0,2600.0,3.153843727812517,0.2150464035948252,0.15119629922098332
1,0.0,1.0,-0.0,13.0,52.0,2505.0,3.9999969230792902,0.21568499432060417,0.14176605690832889
2,0.0,2.0,-0.0,13.0,41.0,2196.0,3.153843727812517,0.2010873923510026,0.13988504370671562
