,round,tube,sp_div_H,tot_pop_0,tot_final_pop,tot_auc,mean_fc,deg_score,nut_score
0,0.0,0.0,-0.0,47.0,1202.0,131773.0,25.57446264373135,0.2564390813131693,0.49999994868654485
1,0.0,1.0,-0.0,47.0,1207.0,127835.0,25.680845599820085,0.2575912243565984,0.49999998714094396
2,0.0,2.0,-0.0,47.0,1180.0,125437.0,25.106377636940927,0.25788405032948725,0.4973250497048044
