,round,tube,sp,pop_0,final_pop,st_div_H,auc,fc
0,0.0,0.0,4.0,6.0,566.0,-0.0,19990.0,94.33317611137315
1,0.0,1.0,4.0,6.0,594.0,-0.0,24020.0,98.999835000275
2,0.0,2.0,4.0,6.0,605.0,-0.0,23855.0,100.83316527805788
