,round,tube,nut,amount
0,0.0,0.0,0.0,1718.6820438468865
1,0.0,0.0,1.0,0.47517846876773884
2,0.0,0.0,2.0,2000.0
3,0.0,0.0,3.0,0.333597313975721
4,0.0,1.0,0.0,1718.7146538105878
5,0.0,1.0,1.0,0.7069604451608238
6,0.0,1.0,2.0,2000.0
7,0.0,1.0,3.0,0.36556677357872874
8,0.0,2.0,0.0,1718.706458681096
9,0.0,2.0,1.0,0.6487118887288693
10,0.0,2.0,2.0,2000.0
11,0.0,2.0,3.0,0.4196365458981688
