,round,tube,nut,amount
0,0.0,0.0,0.0,0.5724683579422258
1,0.0,0.0,1.0,912.2125703543994
2,0.0,0.0,2.0,0.2715279625845781
3,0.0,0.0,3.0,0.1675438483021594
4,0.0,1.0,0.0,0.2617131031733533
5,0.0,1.0,1.0,912.0435041319566
6,0.0,1.0,2.0,0.212308964994687
7,0.0,1.0,3.0,0.151451750392809
8,0.0,2.0,0.0,0.5267982664867383
9,0.0,2.0,1.0,912.1877235667101
10,0.0,2.0,2.0,0.05758520892407848
11,0.0,2.0,3.0,0.3821437461014412
