,round,tube,nut,amount
0,0.0,0.0,0.0,8.224860814231258
1,0.0,0.0,1.0,0.24237652314687813
2,0.0,0.0,2.0,2000.0
3,0.0,0.0,3.0,2000.0
4,0.0,1.0,0.0,4.49710255396375
5,0.0,1.0,1.0,0.5973876454532494
6,0.0,1.0,2.0,2000.0
7,0.0,1.0,3.0,2000.0
8,0.0,2.0,0.0,9.039365644734149
9,0.0,2.0,1.0,0.3175871445913873
10,0.0,2.0,2.0,2000.0
11,0.0,2.0,3.0,2000.0
