,round,tube,sp,pop_0,final_pop,st_div_H,auc,fc
0,0.0,0.0,13.0,16.0,387.0,1.3920722602985278,42044.0,24.18748488282195
1,0.0,1.0,13.0,16.0,400.0,1.508914456890317,43508.0,24.999984375009767
2,0.0,2.0,13.0,16.0,423.0,1.6291053695982864,45888.0,26.43748347657283
