,round,tube,nut,amount
0,0.0,0.0,0.0,9.156377567823972
1,0.0,0.0,1.0,0.2678336540177024
2,0.0,0.0,2.0,0.09237337546093771
3,0.0,0.0,3.0,2000.0
4,0.0,1.0,0.0,1854.2484010422547
5,0.0,1.0,1.0,0.37630157119827046
6,0.0,1.0,2.0,0.602828508649532
7,0.0,1.0,3.0,2000.0
8,0.0,2.0,0.0,1854.2472661509025
9,0.0,2.0,1.0,0.4560429556472849
10,0.0,2.0,2.0,0.5872602502379012
11,0.0,2.0,3.0,2000.0
