,round,tube,sp_div_H,tot_pop_0,tot_final_pop,tot_auc,mean_fc,deg_score,nut_score
0,0.0,0.0,-0.0,13.0,327.0,31666.0,25.15382680474861,0.1346815122023961,0.29289318017791055
1,0.0,1.0,-0.0,13.0,312.0,33160.0,23.99998153847574,0.13095540120666527,0.2928932116155287
2,0.0,2.0,-0.0,13.0,343.0,33555.0,26.384595088773008,0.13387430118611432,0.29289319735437236
