,round,tube,sp,pop_0,final_pop,st_div_H,auc,fc
0,0.0,0.0,5.0,6.0,35.0,-0.0,1200.0,5.833323611127315
1,0.0,1.0,5.0,6.0,59.0,-0.0,2254.0,9.83331694447176
2,0.0,2.0,5.0,6.0,24.0,-0.0,858.0,3.999993333344445
