,round,tube,sp,pop_0,final_pop,st_div_H,auc,fc
0,0.0,0.0,9.0,2.0,2.0,-0.0,208.0,0.9999950000249999
1,0.0,1.0,9.0,2.0,18.0,-0.0,647.0,8.999955000224999
2,0.0,2.0,9.0,2.0,4.0,-0.0,232.0,1.9999900000499997
