,round,tube,sp_div_H,tot_pop_0,tot_final_pop,tot_auc,mean_fc,deg_score,nut_score
0,0.0,0.0,-0.0,25.0,585.0,41720.0,23.399990640003743,0.26459001809925964,0.34074033804638315
1,0.0,1.0,-0.0,25.0,644.0,44955.0,25.759989696004123,0.2704027583691879,0.499999935783874
2,0.0,2.0,-0.0,25.0,560.0,43420.0,22.399991040003584,0.26388785783654134,0.340741927205939
