,round,tube,sp_div_H,tot_pop_0,tot_final_pop,tot_auc,mean_fc,deg_score,nut_score
0,0.0,0.0,-0.0,39.0,868.0,103533.0,22.256404549639857,0.11051702766463511,0.2928932004971724
1,0.0,1.0,-0.0,39.0,782.0,98105.0,20.051276909928998,0.10973530700159884,0.29289321092915754
2,0.0,2.0,-0.0,39.0,785.0,98356.0,20.12819996712821,0.10663832004267004,0.29289320643331807
