,round,tube,sp,pop_0,final_pop,st_div_H,auc,fc
0,0.0,0.0,11.0,38.0,678.0,1.100204776241375,76984.0,17.842100567868272
1,0.0,1.0,11.0,38.0,646.0,1.3374752483863517,76030.0,16.999995526316965
2,0.0,2.0,11.0,38.0,609.0,1.0638088436636541,72319.0,16.026311572023268
