,round,tube,sp,pop_0,final_pop,st_div_H,auc,fc
0,0.0,0.0,13.0,6.0,98.0,-0.0,12071.0,16.33330611115648
1,0.0,1.0,13.0,6.0,94.0,-0.0,11486.0,15.666640555599075
2,0.0,2.0,13.0,6.0,133.0,-0.0,13336.0,22.166629722283798
