,round,tube,sp_div_H,tot_pop_0,tot_final_pop,tot_auc,mean_fc,deg_score,nut_score
0,0.0,0.0,-0.0,1.0,49.0,1079.0,48.999510004899946,0.07193002396491621,0.07027213244631914
1,0.0,1.0,-0.0,1.0,75.0,2426.0,74.99925000749992,0.14607297867810676,0.1211294633752319
2,0.0,2.0,-0.0,1.0,32.0,742.0,31.999680003199966,0.05076123737441751,0.05087642357092703
