,round,tube,sp,pop_0,final_pop,st_div_H,auc,fc
0,0.0,0.0,3.0,34.0,404.0,0.6061376872624848,34340.0,11.882349446367808
1,0.0,1.0,3.0,34.0,357.0,0.7335020663151295,32999.0,10.499996911765614
2,0.0,2.0,3.0,34.0,349.0,0.7086407130369454,32643.0,10.264702863322686
