,round,tube,nut,amount
0,0.0,0.0,0.0,2000.0
1,0.0,0.0,1.0,2000.0
2,0.0,0.0,2.0,0.5249835070717968
3,0.0,0.0,3.0,0.09137774109650998
4,0.0,1.0,0.0,2000.0
5,0.0,1.0,1.0,2000.0
6,0.0,1.0,2.0,0.5403855727755494
7,0.0,1.0,3.0,0.554970389728247
8,0.0,2.0,0.0,2000.0
9,0.0,2.0,1.0,2000.0
10,0.0,2.0,2.0,0.5868918160178305
11,0.0,2.0,3.0,0.01411815005972894
