,round,tube,sp,pop_0,final_pop,st_div_H,auc,fc
0,0.0,0.0,8.0,3.0,243.0,0.6827382737279192,4710.0,80.9997300009
1,0.0,1.0,8.0,3.0,263.0,-0.0,6279.0,87.66637444541851
2,0.0,2.0,8.0,3.0,224.0,-0.0,3419.0,74.6664177786074
