,round,tube,sp,st,final_pop
0,0,0,13,"(0.0, 0.02461978404713738, 0.023035932332134326, 0.0, 0.01810411441758469, 0.022173256981297827, 0.0, 0.0, 0.01089208668844536, 0.00476393156717078)",291
1,0,0,13,"(0.0, 0.02461978404713738, 0.03050369909991043, 0.0, 0.01810411441758469, 0.022173256981297827, 0.0, 0.0, 0.01089208668844536, 0.00476393156717078)",222
2,0,1,13,"(0.0, 0.02461978404713738, 0.03050369909991043, 0.0, 0.01810411441758469, 0.022173256981297827, 0.0, 0.0, 0.01089208668844536, 0.00476393156717078)",207
3,0,1,13,"(0.0, 0.02461978404713738, 0.023035932332134326, 0.0, 0.01810411441758469, 0.022173256981297827, 0.0, 0.0, 0.01089208668844536, 0.00476393156717078)",87
4,0,2,13,"(0.0, 0.02461978404713738, 0.03050369909991043, 0.0, 0.01810411441758469, 0.022173256981297827, 0.0, 0.0, 0.01089208668844536, 0.00476393156717078)",98
5,0,2,13,"(0.0, 0.02461978404713738, 0.023035932332134326, 0.0, 0.01810411441758469, 0.022173256981297827, 0.0, 0.0, 0.01089208668844536, 0.00476393156717078)",201
