,round,tube,sp,pop_0,final_pop,st_div_H,auc,fc
0,0.0,0.0,13.0,4.0,513.0,0.6840741891813926,45455.0,128.24967937580158
1,0.0,1.0,13.0,4.0,294.0,0.6073661737030347,37353.0,73.49981625045938
2,0.0,2.0,13.0,4.0,299.0,0.6325803645960701,38044.0,74.7498131254672
