,round,tube,sp,pop_0,final_pop,st_div_H,auc,fc
0,0.0,0.0,4.0,1.0,28.0,-0.0,679.0,27.99972000279997
1,0.0,1.0,4.0,1.0,40.0,-0.0,1093.0,39.99960000399996
2,0.0,2.0,4.0,1.0,25.0,-0.0,633.0,24.999750002499972
