,round,tube,sp_div_H,tot_pop_0,tot_final_pop,tot_auc,mean_fc,deg_score,nut_score
0,0.0,0.0,-0.0,49.0,900.0,95871.0,18.367343190338122,0.1512833348324184,0.4923723928524396
1,0.0,1.0,-0.0,49.0,925.0,100807.0,18.877547167847517,0.15424396409246555,0.4999999211082372
2,0.0,2.0,-0.0,49.0,933.0,94549.0,19.04081244065052,0.1572079641927423,0.4999999344131669
