,round,tube,sp_div_H,tot_pop_0,tot_final_pop,tot_auc,mean_fc,deg_score,nut_score
0,0.0,0.0,-0.0,30.0,240.0,28416.0,7.999997333334222,0.01545864648925721,0.28722332827227903
1,0.0,1.0,-0.0,30.0,250.0,27728.0,8.333330555556481,0.014542903746081803,0.2861570465201172
2,0.0,2.0,-0.0,30.0,247.0,28399.0,8.233330588889803,0.014645989232505707,0.29035574385891916
