,round,tube,sp,pop_0,final_pop,st_div_H,auc,fc
0,0.0,0.0,8.0,24.0,415.0,0.6358320323416995,37296.0,17.291659461808557
1,0.0,1.0,8.0,24.0,409.0,0.19225481208563974,38174.0,17.04165956597518
2,0.0,2.0,8.0,24.0,419.0,0.4646571998120551,37197.0,17.45832605903081
