,round,tube,nut,amount
0,0.0,0.0,0.0,0.24936452109487045
1,0.0,0.0,1.0,2000.0
2,0.0,0.0,2.0,0.9780436786531563
3,0.0,0.0,3.0,2000.0
4,0.0,1.0,0.0,0.18573170794610294
5,0.0,1.0,1.0,2000.0
6,0.0,1.0,2.0,0.42421185984926746
7,0.0,1.0,3.0,2000.0
8,0.0,2.0,0.0,0.18179039096617816
9,0.0,2.0,1.0,2000.0
10,0.0,2.0,2.0,0.05988964835890709
11,0.0,2.0,3.0,2000.0
