,round,tube,sp,pop_0,final_pop,st_div_H,auc,fc
0,0.0,0.0,5.0,7.0,140.0,-0.0,8979.0,19.999971428612245
1,0.0,1.0,5.0,7.0,157.0,-0.0,9236.0,22.428539387800875
2,0.0,2.0,5.0,7.0,119.0,-0.0,11625.0,16.99997571432041
