,round,tube,sp_div_H,tot_pop_0,tot_final_pop,tot_auc,mean_fc,deg_score,nut_score
0,0.0,0.0,-0.0,15.0,554.0,55275.0,36.93330871112752,0.15065280851646567,0.29289317041945506
1,0.0,1.0,-0.0,15.0,530.0,57374.0,35.33330977779348,0.15256444977963746,0.2928931727772275
2,0.0,2.0,-0.0,15.0,527.0,56780.0,35.13330991112673,0.14804528359465918,0.29289318483652826
