,round,tube,sp_div_H,tot_pop_0,tot_final_pop,tot_auc,mean_fc,deg_score,nut_score
0,0.0,0.0,-0.0,8.0,620.0,46095.0,77.4999031251211,0.15860446329953493,0.29289318037078593
1,0.0,1.0,-0.0,8.0,645.0,52479.0,80.62489921887598,0.15777744982393216,0.2928931391871915
2,0.0,2.0,-0.0,8.0,608.0,45053.0,75.99990500011876,0.15862144010054013,0.2928931274930162
