,round,tube,sp,st,final_pop
0,0,0,4,"(0.03136505589717127, 0.0, 0.0, 0.011645804235880713, 0.0, 0.0017682355293804136, 0.00930671146755694, 0.015640376777286673, 0.005662088617961285, 0.014533219643978046)",295
1,0,0,4,"(0.03136505589717127, 0.0, 0.0, 0.03248678328236583, 0.0, 0.0017682355293804136, 0.00930671146755694, 0.015640376777286673, 0.005662088617961285, 0.014533219643978046)",41
2,0,1,4,"(0.03136505589717127, 0.0, 0.0, 0.011645804235880713, 0.0, 0.0017682355293804136, 0.00930671146755694, 0.015640376777286673, 0.005662088617961285, 0.014533219643978046)",309
3,0,1,4,"(0.03136505589717127, 0.0, 0.0, 0.03248678328236583, 0.0, 0.0017682355293804136, 0.00930671146755694, 0.015640376777286673, 0.005662088617961285, 0.014533219643978046)",57
4,0,2,4,"(0.03136505589717127, 0.0, 0.0, 0.011645804235880713, 0.0, 0.0017682355293804136, 0.00930671146755694, 0.015640376777286673, 0.005662088617961285, 0.014533219643978046)",366
5,0,2,4,"(0.03136505589717127, 0.0, 0.0, 0.03248678328236583, 0.0, 0.0017682355293804136, 0.00930671146755694, 0.015640376777286673, 0.005662088617961285, 0.014533219643978046)",30
