,round,tube,sp_div_H,tot_pop_0,tot_final_pop,tot_auc,mean_fc,deg_score,nut_score
0,0.0,0.0,-0.0,8.0,473.0,28430.0,59.12492609384238,0.1442455703834713,0.292889381627922
1,0.0,1.0,-0.0,8.0,469.0,29892.0,58.62492671884161,0.1342447539931877,0.2928583451538057
2,0.0,2.0,-0.0,8.0,520.0,29065.0,64.99991875010157,0.1416194845703228,0.2928904133500998
