,round,tube,sp_div_H,tot_pop_0,tot_final_pop,tot_auc,mean_fc,deg_score,nut_score
0,0.0,0.0,-0.0,9.0,451.0,15133.0,50.11105543216063,0.2850147113648879,0.33731521001398435
1,0.0,1.0,-0.0,9.0,431.0,16648.0,47.88883567907147,0.2849173110274492,0.33747388529636035
2,0.0,2.0,-0.0,9.0,393.0,14796.0,43.66661814820206,0.28393311473406857,0.3374366919637092
