,round,tube,sp_div_H,tot_pop_0,tot_final_pop,tot_auc,mean_fc,deg_score,nut_score
0,0.0,0.0,-0.0,2.0,215.0,19319.0,107.49946250268748,0.11372830155164959,0.2928907340608823
1,0.0,1.0,-0.0,2.0,202.0,19682.0,100.99949500252498,0.1104872532159813,0.2928924182362733
2,0.0,2.0,-0.0,2.0,225.0,18262.0,112.49943750281248,0.1139738378202727,0.29287972538893114
