,round,tube,nut,amount
0,0.0,0.0,0.0,1691.4778730388978
1,0.0,0.0,1.0,2000.0
2,0.0,0.0,2.0,0.333775252619759
3,0.0,0.0,3.0,0.4502011602284878
4,0.0,1.0,0.0,1691.5256524918
5,0.0,1.0,1.0,2000.0
6,0.0,1.0,2.0,0.6434546884473911
7,0.0,1.0,3.0,0.3261320415039403
8,0.0,2.0,0.0,1691.5353201828782
9,0.0,2.0,1.0,2000.0
10,0.0,2.0,2.0,0.7061152032705492
11,0.0,2.0,3.0,0.26076300750303155
