,round,tube,sp_div_H,tot_pop_0,tot_final_pop,tot_auc,mean_fc,deg_score,nut_score
0,0.0,0.0,-0.0,29.0,467.0,58419.0,16.103442722950785,0.17886309587651994,0.29289319963721216
1,0.0,1.0,-0.0,29.0,441.0,59087.0,15.206891307968515,0.17917849409902542,0.29289317607874676
2,0.0,2.0,-0.0,29.0,420.0,57424.0,14.482753626636681,0.1814561478612745,0.29289317414328564
