,round,tube,nut,amount
0,0.0,0.0,0.0,2000.0
1,0.0,0.0,1.0,2000.0
2,0.0,0.0,2.0,0.49974613363237275
3,0.0,0.0,3.0,0.46849284479732134
4,0.0,1.0,0.0,2000.0
5,0.0,1.0,1.0,2000.0
6,0.0,1.0,2.0,0.5558199346942025
7,0.0,1.0,3.0,0.5895435104781299
8,0.0,2.0,0.0,2000.0
9,0.0,2.0,1.0,2000.0
10,0.0,2.0,2.0,0.41224878611565696
11,0.0,2.0,3.0,0.2685868730871377
