,round,tube,sp_div_H,tot_pop_0,tot_final_pop,tot_auc,mean_fc,deg_score,nut_score
0,0.0,0.0,0.0,2.0,0.0,64.0,0.0,0.0011023298596211095,0.0033666366902697087
1,0.0,1.0,-0.0,2.0,4.0,166.0,1.9999900000499997,0.0027842328853766585,0.01147025845223304
2,0.0,2.0,0.0,2.0,0.0,15.0,0.0,0.00025863746340637483,0.00022630551321189962
