,round,tube,nut,amount
0,0.0,0.0,0.0,2000.0
1,0.0,0.0,1.0,2000.0
2,0.0,0.0,2.0,0.8019866036226384
3,0.0,0.0,3.0,0.5698224034502872
4,0.0,1.0,0.0,2000.0
5,0.0,1.0,1.0,2000.0
6,0.0,1.0,2.0,0.4510984141878538
7,0.0,1.0,3.0,0.2773071481026541
8,0.0,2.0,0.0,2000.0
9,0.0,2.0,1.0,2000.0
10,0.0,2.0,2.0,0.9532706637779973
11,0.0,2.0,3.0,0.5072943523008533
