,round,tube,sp,pop_0,final_pop,st_div_H,auc,fc
0,0.0,0.0,14.0,34.0,542.0,0.6135180313078459,41379.0,15.941171782008299
1,0.0,1.0,14.0,34.0,473.0,0.5817888768562629,39968.0,13.911760614188053
2,0.0,2.0,14.0,34.0,499.0,0.8312946141167077,39239.0,14.676466271627566
