,round,tube,sp,pop_0,final_pop,st_div_H,auc,fc
0,0.0,0.0,6.0,6.0,173.0,-0.0,21296.0,28.833285277857872
1,0.0,1.0,6.0,6.0,182.0,-0.0,20088.0,30.33328277786204
2,0.0,2.0,6.0,6.0,174.0,-0.0,19563.0,28.999951666747226
