,round,tube,nut,amount
0,0.0,0.0,0.0,0.23557023850393688
1,0.0,0.0,1.0,1188.862751055331
2,0.0,0.0,2.0,2000.0
3,0.0,0.0,3.0,0.11219734609783338
4,0.0,1.0,0.0,0.7558549239149737
5,0.0,1.0,1.0,1933.0904903554847
6,0.0,1.0,2.0,2000.0
7,0.0,1.0,3.0,0.16993051793379665
8,0.0,2.0,0.0,0.47779118587085856
9,0.0,2.0,1.0,1933.0811842842845
10,0.0,2.0,2.0,2000.0
11,0.0,2.0,3.0,0.2574381754009707
