,round,tube,sp_div_H,tot_pop_0,tot_final_pop,tot_auc,mean_fc,deg_score,nut_score
0,0.0,0.0,-0.0,10.0,162.0,36438.0,16.199983800016202,0.1843392958599539,0.2928931855902377
1,0.0,1.0,-0.0,10.0,154.0,35847.0,15.3999846000154,0.18319391312552502,0.29289321021991077
2,0.0,2.0,-0.0,10.0,191.0,35734.0,19.0999809000191,0.18212023374016761,0.2928931859154348
