,round,tube,sp,st,final_pop
0,0,0,13,"(0.0, 0.0, 0.04964913712042321, 0.07866178186056998, 0.09172770611919409, 0.051356848749946026, 0.0, 0.0, 0.14899621190854193, 0.0)",79
1,0,1,13,"(0.0, 0.0, 0.04964913712042321, 0.07866178186056998, 0.09172770611919409, 0.051356848749946026, 0.0, 0.0, 0.14899621190854193, 0.0)",82
2,0,2,13,"(0.0, 0.0, 0.04964913712042321, 0.07866178186056998, 0.09172770611919409, 0.051356848749946026, 0.0, 0.0, 0.14899621190854193, 0.0)",86
