,round,tube,nut,amount
0,0.0,0.0,0.0,2000.0
1,0.0,0.0,1.0,2000.0
2,0.0,0.0,2.0,0.7334335331638361
3,0.0,0.0,3.0,206.362091961277
4,0.0,1.0,0.0,2000.0
5,0.0,1.0,1.0,2000.0
6,0.0,1.0,2.0,0.0911390536651373
7,0.0,1.0,3.0,0.8369284455727224
8,0.0,2.0,0.0,2000.0
9,0.0,2.0,1.0,2000.0
10,0.0,2.0,2.0,0.8451093956170621
11,0.0,2.0,3.0,75.62130194946589
