,round,tube,sp,pop_0,final_pop,st_div_H,auc,fc
0,0.0,0.0,8.0,28.0,450.0,1.6195833730916314,44006.0,16.071422831634703
1,0.0,1.0,8.0,28.0,421.0,1.5663878272873988,40860.0,15.035708915818244
2,0.0,2.0,8.0,28.0,461.0,1.689063519634785,44103.0,16.464279834185774
