,round,tube,sp_div_H,tot_pop_0,tot_final_pop,tot_auc,mean_fc,deg_score,nut_score
0,0.0,0.0,0.0,1.0,0.0,7.0,0.0,0.0005686829985015462,0.0008201148303594863
1,0.0,1.0,-0.0,1.0,8.0,241.0,7.9999200007999915,0.01856401096381144,0.023619751955138768
2,0.0,2.0,-0.0,1.0,11.0,343.0,10.999890001099988,0.026217862675655623,0.031156669750527333
