,round,tube,nut,amount
0,0.0,0.0,0.0,0.4866465278946581
1,0.0,0.0,1.0,2000.0
2,0.0,0.0,2.0,207.25414198521742
3,0.0,0.0,3.0,0.2893383543421194
4,0.0,1.0,0.0,0.37005117770070894
5,0.0,1.0,1.0,2000.0
6,0.0,1.0,2.0,207.14960363304252
7,0.0,1.0,3.0,0.17587346455983194
8,0.0,2.0,0.0,0.5223494289499753
9,0.0,2.0,1.0,2000.0
10,0.0,2.0,2.0,207.28615288820876
11,0.0,2.0,3.0,0.17874136348113173
