,round,tube,sp,pop_0,final_pop,st_div_H,auc,fc
0,0.0,0.0,0.0,12.0,284.0,1.2605228931389854,31365.0,23.66664694446088
1,0.0,1.0,0.0,12.0,333.0,1.2610219796837843,35413.0,27.74997687501927
2,0.0,2.0,0.0,12.0,316.0,1.2169931062191544,32879.0,26.333311388907177
