,round,tube,nut,amount
0,0.0,0.0,0.0,0.5743807472658197
1,0.0,0.0,1.0,0.3493240427704931
2,0.0,0.0,2.0,2000.0
3,0.0,0.0,3.0,1335.9943747452003
4,0.0,1.0,0.0,0.636743683385322
5,0.0,1.0,1.0,0.4352963987502527
6,0.0,1.0,2.0,2000.0
7,0.0,1.0,3.0,1336.0150853632867
8,0.0,2.0,0.0,0.624545165713156
9,0.0,2.0,1.0,0.34328902640141135
10,0.0,2.0,2.0,2000.0
11,0.0,2.0,3.0,1336.0110342576709
