,round,tube,sp,pop_0,final_pop,st_div_H,auc,fc
0,0.0,0.0,8.0,2.0,928.0,0.48883736118085763,86474.0,463.9976800115999
1,0.0,1.0,8.0,2.0,974.0,0.6886795693997689,85789.0,486.9975650121749
2,0.0,2.0,8.0,2.0,971.0,0.32258668771066074,92986.0,485.4975725121374
