,round,tube,sp_div_H,tot_pop_0,tot_final_pop,tot_auc,mean_fc,deg_score,nut_score
0,0.0,0.0,-0.0,10.0,329.0,24048.0,32.8999671000329,0.014475641151238783,0.28475591938024924
1,0.0,1.0,-0.0,10.0,333.0,25319.0,33.2999667000333,0.01465844494318258,0.2825150744027408
2,0.0,2.0,-0.0,10.0,263.0,25334.0,26.2999737000263,0.014788356893447041,0.28268716679706973
