,round,tube,sp,pop_0,final_pop,st_div_H,auc,fc
0,0.0,0.0,13.0,10.0,72.0,0.49260365753958385,9026.0,7.1999928000072
1,0.0,1.0,13.0,10.0,75.0,0.6780488171170702,9380.0,7.4999925000075
2,0.0,2.0,13.0,10.0,78.0,0.5824922438849605,8749.0,7.7999922000078
