,round,tube,sp,st,final_pop
0,0,0,11,"(0.021980728616109477, 0.14970886995698662, 0.0, 0.0, 0.0, 0.04688669779969397, 0.0, 0.08279881135943302, 0.0, 0.01812760691895582)",27
1,0,0,11,"(0.0628746239301042, 0.14970886995698662, 0.0, 0.0, 0.0, 0.04688669779969397, 0.0, 0.08279881135943302, 0.0, 0.01812760691895582)",573
2,0,1,11,"(0.0628746239301042, 0.14970886995698662, 0.0, 0.0, 0.0, 0.04688669779969397, 0.0, 0.08279881135943302, 0.0, 0.01812760691895582)",574
3,0,1,11,"(0.021980728616109477, 0.14970886995698662, 0.0, 0.0, 0.0, 0.04688669779969397, 0.0, 0.08279881135943302, 0.0, 0.01812760691895582)",3
4,0,2,11,"(0.0628746239301042, 0.14970886995698662, 0.0, 0.0, 0.0, 0.04688669779969397, 0.0, 0.08279881135943302, 0.0, 0.01812760691895582)",542
5,0,2,11,"(0.021980728616109477, 0.14970886995698662, 0.0, 0.0, 0.0, 0.04688669779969397, 0.0, 0.08279881135943302, 0.0, 0.01812760691895582)",33
