,round,tube,sp_div_H,tot_pop_0,tot_final_pop,tot_auc,mean_fc,deg_score,nut_score
0,0.0,0.0,-0.0,29.0,344.0,27542.0,11.862064875150043,0.15760281747070404,0.29289316104138763
1,0.0,1.0,-0.0,29.0,371.0,29051.0,12.793099036862401,0.16437044459235295,0.2928931613544531
2,0.0,2.0,-0.0,29.0,328.0,29266.0,11.310340927468646,0.1642931935314551,0.2928931688257671
