,round,tube,nut,amount
0,0.0,0.0,0.0,0.062343359249381614
1,0.0,0.0,1.0,2000.0
2,0.0,0.0,2.0,0.13973729324382722
3,0.0,0.0,3.0,0.4077333956897009
4,0.0,1.0,0.0,0.44393056023624694
5,0.0,1.0,1.0,2000.0
6,0.0,1.0,2.0,0.2892857310703172
7,0.0,1.0,3.0,350.5809977617899
8,0.0,2.0,0.0,0.296782041185246
9,0.0,2.0,1.0,2000.0
10,0.0,2.0,2.0,0.510466897914684
11,0.0,2.0,3.0,350.7634343597155
