,round,tube,sp,st,final_pop
0,0,0,6,"(0.03426039533065134, 0.011572197494497125, 0.0, 0.030181603934096246, 0.005422768956954101, 0.0, 0.019795240631728064, 0.0, 0.028146417112716555, 0.05874522297052942)",132
1,0,0,6,"(0.03848321654592655, 0.011572197494497125, 0.0, 0.030181603934096246, 0.005422768956954101, 0.0, 0.019795240631728064, 0.0, 0.028146417112716555, 0.05874522297052942)",28
2,0,0,6,"(0.03426039533065134, 0.012970398193343162, 0.0, 0.030181603934096246, 0.005422768956954101, 0.0, 0.019795240631728064, 0.0, 0.028146417112716555, 0.05874522297052942)",11
3,0,1,6,"(0.03426039533065134, 0.012970398193343162, 0.0, 0.030181603934096246, 0.005422768956954101, 0.0, 0.019795240631728064, 0.0, 0.028146417112716555, 0.05874522297052942)",12
4,0,1,6,"(0.03426039533065134, 0.011572197494497125, 0.0, 0.030181603934096246, 0.005422768956954101, 0.0, 0.019795240631728064, 0.0, 0.028146417112716555, 0.05874522297052942)",111
5,0,1,6,"(0.03848321654592655, 0.011572197494497125, 0.0, 0.030181603934096246, 0.005422768956954101, 0.0, 0.019795240631728064, 0.0, 0.028146417112716555, 0.05874522297052942)",48
6,0,2,6,"(0.03426039533065134, 0.011572197494497125, 0.0, 0.030181603934096246, 0.005422768956954101, 0.0, 0.019795240631728064, 0.0, 0.028146417112716555, 0.05874522297052942)",79
7,0,2,6,"(0.03848321654592655, 0.011572197494497125, 0.0, 0.030181603934096246, 0.005422768956954101, 0.0, 0.019795240631728064, 0.0, 0.028146417112716555, 0.05874522297052942)",56
8,0,2,6,"(0.03426039533065134, 0.012970398193343162, 0.0, 0.030181603934096246, 0.005422768956954101, 0.0, 0.019795240631728064, 0.0, 0.028146417112716555, 0.05874522297052942)",12
