,round,tube,sp,pop_0,final_pop,st_div_H,auc,fc
0,0.0,0.0,6.0,11.0,13.0,-0.0,986.0,1.1818171074389934
1,0.0,1.0,6.0,11.0,12.0,-0.0,998.0,1.0909080991744553
2,0.0,2.0,6.0,11.0,5.0,-0.0,693.0,0.45454504132268975
