,round,tube,sp_div_H,tot_pop_0,tot_final_pop,tot_auc,mean_fc,deg_score,nut_score
0,0.0,0.0,-0.0,5.0,486.0,29051.0,97.1998056003888,0.14139095502458188,0.292893005065489
1,0.0,1.0,-0.0,5.0,493.0,26567.0,98.5998028003944,0.1483652615063018,0.2928927933915322
2,0.0,2.0,-0.0,5.0,570.0,23200.0,113.999772000456,0.14848077917373603,0.29273161757746136
