,round,tube,nut,amount
0,0.0,0.0,0.0,2.1942777896179018
1,0.0,0.0,1.0,2000.0
2,0.0,0.0,2.0,0.14734318622887344
3,0.0,0.0,3.0,2000.0
4,0.0,1.0,0.0,3.042826825768875
5,0.0,1.0,1.0,2000.0
6,0.0,1.0,2.0,0.6061410681823372
7,0.0,1.0,3.0,2000.0
8,0.0,2.0,0.0,60.470337735341666
9,0.0,2.0,1.0,2000.0
10,0.0,2.0,2.0,0.6120847016532457
11,0.0,2.0,3.0,2000.0
