,round,tube,nut,amount
0,0.0,0.0,0.0,1163.6675903196497
1,0.0,0.0,1.0,0.2483187404706464
2,0.0,0.0,2.0,452.3971938493196
3,0.0,0.0,3.0,2000.0
4,0.0,1.0,0.0,1070.379969116057
5,0.0,1.0,1.0,0.18426622786936164
6,0.0,1.0,2.0,279.7718325901809
7,0.0,1.0,3.0,2000.0
8,0.0,2.0,0.0,1269.9541912438829
9,0.0,2.0,1.0,0.4472028121021441
10,0.0,2.0,2.0,649.0766958543065
11,0.0,2.0,3.0,2000.0
