,round,tube,sp,pop_0,final_pop,st_div_H,auc,fc
0,0.0,0.0,7.0,9.0,142.0,-0.0,10514.0,15.77776024693306
1,0.0,1.0,7.0,9.0,127.0,-0.0,9585.0,14.111095432116187
2,0.0,2.0,7.0,9.0,112.0,-0.0,9182.0,12.444430617299314
