,round,tube,nut,amount
0,0.0,0.0,0.0,2000.0
1,0.0,0.0,1.0,0.5400202209927283
2,0.0,0.0,2.0,2000.0
3,0.0,0.0,3.0,0.28115584812484506
4,0.0,1.0,0.0,2000.0
5,0.0,1.0,1.0,0.551335780776308
6,0.0,1.0,2.0,2000.0
7,0.0,1.0,3.0,0.771101793329958
8,0.0,2.0,0.0,2000.0
9,0.0,2.0,1.0,0.6856715206384502
10,0.0,2.0,2.0,2000.0
11,0.0,2.0,3.0,0.10056251318130016
