,round,tube,sp_div_H,tot_pop_0,tot_final_pop,tot_auc,mean_fc,deg_score,nut_score
0,0.0,0.0,-0.0,13.0,664.0,42836.0,51.07688378701247,0.2749395585045088,0.49892802633573086
1,0.0,1.0,-0.0,13.0,620.0,47690.0,47.69227100594538,0.2699017070810288,0.49892713499644614
2,0.0,2.0,-0.0,13.0,648.0,44972.0,49.84611550298808,0.2770764424022192,0.4999999766779102
