,round,tube,sp,pop_0,final_pop,st_div_H,auc,fc
0,0.0,0.0,11.0,13.0,664.0,0.41850645493920857,42836.0,51.07688378701247
1,0.0,1.0,11.0,13.0,620.0,0.4913274484505221,47690.0,47.69227100594538
2,0.0,2.0,11.0,13.0,648.0,0.44048785098138654,44972.0,49.84611550298808
