,round,tube,sp_div_H,tot_pop_0,tot_final_pop,tot_auc,mean_fc,deg_score,nut_score
0,0.0,0.0,-0.0,4.0,101.0,6184.0,25.249936875157815,0.18547811440437356,0.13397459525111666
1,0.0,1.0,-0.0,4.0,85.0,6414.0,21.249946875132814,0.1879817312057771,0.13397459107054965
2,0.0,2.0,-0.0,4.0,84.0,6090.0,20.999947500131253,0.18843747202055783,0.1339745955476962
