,round,tube,sp,pop_0,final_pop,st_div_H,auc,fc
0,0.0,0.0,13.0,12.0,434.0,-0.0,46032.0,36.16663652780289
1,0.0,1.0,13.0,12.0,425.0,-0.0,46938.0,35.41663715280237
2,0.0,2.0,13.0,12.0,455.0,-0.0,50581.0,37.91663506947078
