,round,tube,sp,pop_0,final_pop,st_div_H,auc,fc
0,0.0,0.0,0.0,6.0,266.0,-0.0,21692.0,44.333259444567595
1,0.0,1.0,0.0,6.0,277.0,-0.0,21405.0,46.166589722350466
2,0.0,2.0,0.0,6.0,272.0,-0.0,24715.0,45.333257777903704
