,round,tube,sp,pop_0,final_pop,st_div_H,auc,fc
0,0.0,0.0,0.0,2.0,80.0,-0.0,16013.0,39.999800001
1,0.0,1.0,0.0,2.0,115.0,0.5550561926427763,14635.0,57.49971250143749
2,0.0,2.0,0.0,2.0,81.0,0.6591525038229908,15338.0,40.499797501012495
