,round,tube,sp,pop_0,final_pop,st_div_H,auc,fc
0,0.0,0.0,2.0,6.0,192.0,-0.0,7084.0,31.99994666675556
1,0.0,1.0,2.0,6.0,200.0,-0.0,7113.0,33.33327777787037
2,0.0,2.0,2.0,6.0,209.0,-0.0,8180.0,34.83327527787454
