,round,tube,sp,st,final_pop
0,0,0,7,"(0.12712842147461187, 0.0, 0.0, 0.0, 0.08963196916637059, 0.06164521714842443, 0.0, 0.06846774248654515, 0.11387011139749449, 0.0)",279
1,0,1,7,"(0.12712842147461187, 0.0, 0.0, 0.0, 0.08963196916637059, 0.06164521714842443, 0.0, 0.06846774248654515, 0.11387011139749449, 0.0)",286
2,0,2,7,"(0.12712842147461187, 0.0, 0.0, 0.0, 0.08963196916637059, 0.06164521714842443, 0.0, 0.06846774248654515, 0.11387011139749449, 0.0)",284
