,round,tube,sp,st,final_pop
0,0,0,0,"(0.07400250769571483, 0.0, 0.0, 0.0, 0.0, 0.017098731129875016, 0.06315387736608867, 0.024500797744260155, 0.0, 0.0)",123
1,0,0,0,"(0.07400250769571483, 0.0, 0.0, 0.0, 0.0, 0.011331632183177976, 0.05946769218419039, 0.024500797744260155, 0.0, 0.0)",122
2,0,0,0,"(0.026987700720282164, 0.0, 0.0, 0.0, 0.0, 0.017098731129875016, 0.02293048510295772, 0.06732728477091518, 0.0, 0.0)",14
3,0,1,0,"(0.07400250769571483, 0.0, 0.0, 0.0, 0.0, 0.011331632183177976, 0.05946769218419039, 0.024500797744260155, 0.0, 0.0)",136
4,0,1,0,"(0.026987700720282164, 0.0, 0.0, 0.0, 0.0, 0.017098731129875016, 0.02293048510295772, 0.06732728477091518, 0.0, 0.0)",63
5,0,1,0,"(0.07400250769571483, 0.0, 0.0, 0.0, 0.0, 0.017098731129875016, 0.06315387736608867, 0.024500797744260155, 0.0, 0.0)",92
6,0,2,0,"(0.026987700720282164, 0.0, 0.0, 0.0, 0.0, 0.017098731129875016, 0.02293048510295772, 0.06732728477091518, 0.0, 0.0)",78
7,0,2,0,"(0.07400250769571483, 0.0, 0.0, 0.0, 0.0, 0.011331632183177976, 0.05946769218419039, 0.024500797744260155, 0.0, 0.0)",139
8,0,2,0,"(0.07400250769571483, 0.0, 0.0, 0.0, 0.0, 0.017098731129875016, 0.06315387736608867, 0.024500797744260155, 0.0, 0.0)",70
