,round,tube,sp,pop_0,final_pop,st_div_H,auc,fc
0,0.0,0.0,7.0,16.0,542.0,1.3749833173345227,66692.0,33.87497882813823
1,0.0,1.0,7.0,16.0,530.0,0.7573005524086206,59851.0,33.12497929688794
2,0.0,2.0,7.0,16.0,563.0,1.4844982898020254,62082.0,35.18747800782624
