,round,tube,sp,pop_0,final_pop,st_div_H,auc,fc
0,0.0,0.0,14.0,2.0,785.0,-0.0,14797.0,392.49803750981243
1,0.0,1.0,14.0,2.0,790.0,-0.0,18575.0,394.99802500987494
2,0.0,2.0,14.0,2.0,830.0,-0.0,21330.0,414.99792501037496
