,round,tube,sp_div_H,tot_pop_0,tot_final_pop,tot_auc,mean_fc,deg_score,nut_score
0,0.0,0.0,-0.0,49.0,1147.0,126608.0,23.40815848813092,0.248591068804641,0.49732263389423437
1,0.0,1.0,-0.0,49.0,1130.0,123721.0,23.061219783424534,0.25764268222790043,0.49999996548973424
2,0.0,2.0,-0.0,49.0,1129.0,120147.0,23.040811624324157,0.2630701552376927,0.4999999515943213
