,round,tube,nut,amount
0,0.0,0.0,0.0,0.2946820651877402
1,0.0,0.0,1.0,0.21669000831348945
2,0.0,0.0,2.0,0.6926882332294585
3,0.0,0.0,3.0,0.05565551841799432
4,0.0,1.0,0.0,0.14163541082209896
5,0.0,1.0,1.0,0.3539025018239246
6,0.0,1.0,2.0,0.8647604144644038
7,0.0,1.0,3.0,0.030434998113326728
8,0.0,2.0,0.0,0.0813019020234993
9,0.0,2.0,1.0,0.05725808419064782
10,0.0,2.0,2.0,812.8714159323509
11,0.0,2.0,3.0,0.5320120073941078
