,round,tube,sp,st,final_pop
0,0,0,1,"(0.009279536761280708, 0.0, 0.0, 0.09007764845750801, 0.2667732097353895, 0.0, 0.0, 0.0, 0.24253084167451877, 0.0)",1282
1,0,1,1,"(0.009279536761280708, 0.0, 0.0, 0.09007764845750801, 0.2667732097353895, 0.0, 0.0, 0.0, 0.24253084167451877, 0.0)",1250
2,0,2,1,"(0.009279536761280708, 0.0, 0.0, 0.09007764845750801, 0.2667732097353895, 0.0, 0.0, 0.0, 0.24253084167451877, 0.0)",1259
