,round,tube,sp_div_H,tot_pop_0,tot_final_pop,tot_auc,mean_fc,deg_score,nut_score
0,0.0,0.0,-0.0,7.0,7.0,582.0,0.9999985714306123,0.061029209637290194,0.058460996381478725
1,0.0,1.0,-0.0,7.0,10.0,791.0,1.4285693877580177,0.08190356024453038,0.07823302815238031
2,0.0,2.0,-0.0,7.0,21.0,836.0,2.999995714291837,0.08529402002799424,0.08308114115660781
