,round,tube,nut,amount
0,0.0,0.0,0.0,2000.0
1,0.0,0.0,1.0,0.450969970598889
2,0.0,0.0,2.0,6.297234510842753
3,0.0,0.0,3.0,153.63297583491934
4,0.0,1.0,0.0,2000.0
5,0.0,1.0,1.0,0.6747286595620325
6,0.0,1.0,2.0,116.7193447900761
7,0.0,1.0,3.0,255.89483085535943
8,0.0,2.0,0.0,2000.0
9,0.0,2.0,1.0,0.4514538540139794
10,0.0,2.0,2.0,128.0993843339644
11,0.0,2.0,3.0,266.4338791584679
