,round,tube,nut,amount
0,0.0,0.0,0.0,0.33958789302307696
1,0.0,0.0,1.0,0.8398802742773054
2,0.0,0.0,2.0,2000.0
3,0.0,0.0,3.0,2000.0
4,0.0,1.0,0.0,0.16676759022877413
5,0.0,1.0,1.0,0.2657745895169703
6,0.0,1.0,2.0,2000.0
7,0.0,1.0,3.0,2000.0
8,0.0,2.0,0.0,0.12741022546343578
9,0.0,2.0,1.0,0.8413469170150106
10,0.0,2.0,2.0,2000.0
11,0.0,2.0,3.0,2000.0
