,round,tube,sp,pop_0,final_pop,st_div_H,auc,fc
0,0.0,0.0,13.0,7.0,89.0,0.9774544010097674,8785.0,12.714267551046357
1,0.0,1.0,13.0,7.0,92.0,0.9101751172266983,7597.0,13.142838367373761
2,0.0,2.0,13.0,7.0,94.0,0.8541383124371855,9834.0,13.428552244925365
