,round,tube,sp_div_H,tot_pop_0,tot_final_pop,tot_auc,mean_fc,deg_score,nut_score
0,0.0,0.0,-0.0,7.0,124.0,5530.0,17.71426040819942,0.08329588884317485,0.13131679787961403
1,0.0,1.0,-0.0,7.0,84.0,6787.0,11.999982857167348,0.09593794118250965,0.13390948183030338
2,0.0,2.0,-0.0,7.0,82.0,7559.0,11.714268979615744,0.0960339956696038,0.1339672482871076
