,round,tube,sp,pop_0,final_pop,st_div_H,auc,fc
0,0.0,0.0,0.0,6.0,119.0,-0.0,9292.0,19.833300277832873
1,0.0,1.0,0.0,6.0,128.0,-0.0,9496.0,21.33329777783704
2,0.0,2.0,0.0,6.0,121.0,-0.0,8464.0,20.166633055611577
