,round,tube,nut,amount
0,0.0,0.0,0.0,0.3999011693442308
1,0.0,0.0,1.0,2000.0
2,0.0,0.0,2.0,207.17636686959852
3,0.0,0.0,3.0,0.26914582789372976
4,0.0,1.0,0.0,0.4728004235976838
5,0.0,1.0,1.0,2000.0
6,0.0,1.0,2.0,207.24172769146278
7,0.0,1.0,3.0,0.3635079665429427
8,0.0,2.0,0.0,0.4181349806128657
9,0.0,2.0,1.0,2000.0
10,0.0,2.0,2.0,207.19271514232798
11,0.0,2.0,3.0,0.11672788493715491
