,round,tube,sp_div_H,tot_pop_0,tot_final_pop,tot_auc,mean_fc,deg_score,nut_score
0,0.0,0.0,-0.0,23.0,401.0,47223.0,17.434775028358683,0.04296857277400845,0.1339745819398349
1,0.0,1.0,-0.0,23.0,399.0,44092.0,17.34781854442672,0.04331918745524177,0.1339745712246908
2,0.0,2.0,-0.0,23.0,443.0,49874.0,19.260861190929916,0.04305387298134089,0.13397456502030625
