,round,tube,sp,pop_0,final_pop,st_div_H,auc,fc
0,0.0,0.0,7.0,11.0,447.0,1.555434628279845,42065.0,40.63632669424846
1,0.0,1.0,7.0,11.0,554.0,1.2822031610484532,49081.0,50.363590578554025
2,0.0,2.0,7.0,11.0,542.0,1.0841690784473126,46176.0,49.27268247937957
