,round,tube,sp_div_H,tot_pop_0,tot_final_pop,tot_auc,mean_fc,deg_score,nut_score
0,0.0,0.0,-0.0,12.0,13.0,1208.0,1.083332430556308,0.13507217524988102,0.12766279791576807
1,0.0,1.0,-0.0,12.0,32.0,1432.0,2.6666644444462966,0.15376357059175594,0.14594428381086033
2,0.0,2.0,-0.0,12.0,10.0,698.0,0.8333326388894676,0.08276192770689106,0.07697909904587419
