,round,tube,nut,amount
0,0.0,0.0,0.0,0.09884791651071634
1,0.0,0.0,1.0,2000.0
2,0.0,0.0,2.0,1332.9677647697204
3,0.0,0.0,3.0,0.45427095655670335
4,0.0,1.0,0.0,0.0897773464468763
5,0.0,1.0,1.0,2000.0
6,0.0,1.0,2.0,1332.964739438883
7,0.0,1.0,3.0,0.4452019985206106
8,0.0,2.0,0.0,0.0189023718736534
9,0.0,2.0,1.0,2000.0
10,0.0,2.0,2.0,0.9326227866273074
11,0.0,2.0,3.0,0.3743396198667144
