,round,tube,sp,st,final_pop
0,0,0,0,"(0.07400250769571483, 0.0, 0.0, 0.0, 0.0, 0.01833232009298548, 0.04700134417723945, 0.0735183802681744, 0.0, 0.0)",49
1,0,0,0,"(0.07400250769571483, 0.0, 0.0, 0.0, 0.0, 0.017098731129875016, 0.08380840797570269, 0.0691048466035698, 0.0, 0.0)",162
2,0,0,0,"(0.07400250769571483, 0.0, 0.0, 0.0, 0.0, 0.017098731129875016, 0.05834978446468437, 0.0691048466035698, 0.0, 0.0)",64
3,0,1,0,"(0.07400250769571483, 0.0, 0.0, 0.0, 0.0, 0.017098731129875016, 0.05834978446468437, 0.0691048466035698, 0.0, 0.0)",59
4,0,1,0,"(0.07400250769571483, 0.0, 0.0, 0.0, 0.0, 0.017098731129875016, 0.08380840797570269, 0.0691048466035698, 0.0, 0.0)",156
5,0,1,0,"(0.07400250769571483, 0.0, 0.0, 0.0, 0.0, 0.01833232009298548, 0.04700134417723945, 0.0735183802681744, 0.0, 0.0)",21
6,0,2,0,"(0.07400250769571483, 0.0, 0.0, 0.0, 0.0, 0.017098731129875016, 0.08380840797570269, 0.0691048466035698, 0.0, 0.0)",193
7,0,2,0,"(0.07400250769571483, 0.0, 0.0, 0.0, 0.0, 0.017098731129875016, 0.05834978446468437, 0.0691048466035698, 0.0, 0.0)",54
8,0,2,0,"(0.07400250769571483, 0.0, 0.0, 0.0, 0.0, 0.01833232009298548, 0.04700134417723945, 0.0735183802681744, 0.0, 0.0)",15
