,round,tube,nut,amount
0,0.0,0.0,0.0,919.4959307403046
1,0.0,0.0,1.0,0.5994357958735554
2,0.0,0.0,2.0,0.5663892869465353
3,0.0,0.0,3.0,2000.0
4,0.0,1.0,0.0,919.420774783043
5,0.0,1.0,1.0,0.19227889498735495
6,0.0,1.0,2.0,0.4273159125215814
7,0.0,1.0,3.0,2000.0
8,0.0,2.0,0.0,919.5367274689287
9,0.0,2.0,1.0,0.5794561681396658
10,0.0,2.0,2.0,0.6418821543607033
11,0.0,2.0,3.0,2000.0
