,round,tube,sp,pop_0,final_pop,st_div_H,auc,fc
0,0.0,0.0,2.0,8.0,274.0,-0.0,12920.0,34.24995718755352
1,0.0,1.0,2.0,8.0,245.0,-0.0,13750.0,30.624961718797852
2,0.0,2.0,2.0,8.0,273.0,-0.0,12892.0,34.124957343803324
