,round,tube,sp_div_H,tot_pop_0,tot_final_pop,tot_auc,mean_fc,deg_score,nut_score
0,0.0,0.0,-0.0,6.0,408.0,17312.0,67.99988666685556,0.23272719572851308,0.4495797065525443
1,0.0,1.0,-0.0,6.0,408.0,14834.0,67.99988666685556,0.23405431637109975,0.44452907200409975
2,0.0,2.0,-0.0,6.0,408.0,16093.0,67.99988666685556,0.23508213705265246,0.4471899719333684
