,round,tube,sp_div_H,tot_pop_0,tot_final_pop,tot_auc,mean_fc,deg_score,nut_score
0,0.0,0.0,-0.0,2.0,328.0,8854.0,163.99918000409997,0.2576219575123727,0.29289318722323154
1,0.0,1.0,-0.0,2.0,290.0,9724.0,144.99927500362497,0.2604473083267721,0.2928931712993499
2,0.0,2.0,-0.0,2.0,300.0,10197.0,149.99925000374998,0.2584881514589006,0.29289321788874223
