,round,tube,nut,amount
0,0.0,0.0,0.0,891.5096014834587
1,0.0,0.0,1.0,0.20458365159238134
2,0.0,0.0,2.0,2000.0
3,0.0,0.0,3.0,0.4763714006098372
4,0.0,1.0,0.0,891.4871849482645
5,0.0,1.0,1.0,0.008202640319487475
6,0.0,1.0,2.0,2000.0
7,0.0,1.0,3.0,0.4359358751003999
8,0.0,2.0,0.0,0.8998967176862411
9,0.0,2.0,1.0,0.4008705993404913
10,0.0,2.0,2.0,2000.0
11,0.0,2.0,3.0,0.07704964873268594
