,round,tube,sp,pop_0,final_pop,st_div_H,auc,fc
0,0.0,0.0,7.0,13.0,455.0,1.3745002957224077,49087.0,34.99997307694379
1,0.0,1.0,7.0,13.0,470.0,1.555840640032486,47544.0,36.15381834321666
2,0.0,2.0,7.0,13.0,443.0,1.3268077491101649,49987.0,34.07689686392549
