,round,tube,nut,amount
0,0.0,0.0,0.0,2000.0
1,0.0,0.0,1.0,1999.4854921729361
2,0.0,0.0,2.0,1998.5145078272644
3,0.0,0.0,3.0,2000.0
4,0.0,1.0,0.0,2000.0
5,0.0,1.0,1.0,1904.8809039701705
6,0.0,1.0,2.0,1725.3711893242773
7,0.0,1.0,3.0,2000.0
8,0.0,2.0,0.0,2000.0
9,0.0,2.0,1.0,1994.5976678158293
10,0.0,2.0,2.0,1984.4023321862765
11,0.0,2.0,3.0,2000.0
