,round,tube,sp_div_H,tot_pop_0,tot_final_pop,tot_auc,mean_fc,deg_score,nut_score
0,0.0,0.0,-0.0,14.0,409.0,29654.0,29.214264846953682,0.15063919755770927,0.2928848883679779
1,0.0,1.0,-0.0,14.0,500.0,32290.0,35.71426020409986,0.14871842148957282,0.2928759989015808
2,0.0,2.0,-0.0,14.0,444.0,32295.0,31.714263061240672,0.15044568270247372,0.29287476898984044
