,round,tube,sp,st,final_pop
0,0,0,1,"(0.0, 0.0, 0.10922905711608999, 0.0, 0.0, 0.03933620185515348, 0.0, 0.0, 0.0, 0.09965925051150999)",620
1,0,1,1,"(0.0, 0.0, 0.10922905711608999, 0.0, 0.0, 0.03933620185515348, 0.0, 0.0, 0.0, 0.09965925051150999)",615
2,0,2,1,"(0.0, 0.0, 0.10922905711608999, 0.0, 0.0, 0.03933620185515348, 0.0, 0.0, 0.0, 0.09965925051150999)",565
