,round,tube,nut,amount
0,0.0,0.0,0.0,2000.0
1,0.0,0.0,1.0,0.6636216795781786
2,0.0,0.0,2.0,2000.0
3,0.0,0.0,3.0,0.777139430211904
4,0.0,1.0,0.0,2000.0
5,0.0,1.0,1.0,0.0723985904701574
6,0.0,1.0,2.0,2000.0
7,0.0,1.0,3.0,499.9546749653957
8,0.0,2.0,0.0,2000.0
9,0.0,2.0,1.0,0.28798078200995514
10,0.0,2.0,2.0,2000.0
11,0.0,2.0,3.0,142.67303652367636
