,round,tube,nut,amount
0,0.0,0.0,0.0,0.3628097852983645
1,0.0,0.0,1.0,2000.0
2,0.0,0.0,2.0,1333.055804658679
3,0.0,0.0,3.0,0.7181859139555602
4,0.0,1.0,0.0,0.27097178125059784
5,0.0,1.0,1.0,2000.0
6,0.0,1.0,2.0,1333.0251736902117
7,0.0,1.0,3.0,0.6263642313863507
8,0.0,2.0,0.0,0.3012305307120471
9,0.0,2.0,1.0,2000.0
10,0.0,2.0,2.0,1333.035265969655
11,0.0,2.0,3.0,0.6566176032509929
