,round,tube,sp_div_H,tot_pop_0,tot_final_pop,tot_auc,mean_fc,deg_score,nut_score
0,0.0,0.0,-0.0,12.0,5.0,653.0,0.4166663194447338,0.05207433861792243,0.051790101703271474
1,0.0,1.0,-0.0,12.0,8.0,1024.0,0.6666661111115741,0.0777327972570977,0.07792410313558618
2,0.0,2.0,-0.0,12.0,10.0,757.0,0.8333326388894676,0.05927234960187211,0.05834265651198367
