,round,tube,sp_div_H,tot_pop_0,tot_final_pop,tot_auc,mean_fc,deg_score,nut_score
0,0.0,0.0,-0.0,12.0,608.0,30066.0,50.66662444447963,0.20809171285937245,0.31456060818117937
1,0.0,1.0,-0.0,12.0,619.0,30001.0,51.58329034725804,0.20882297543913741,0.31420716101403734
2,0.0,2.0,-0.0,12.0,594.0,25728.0,49.499958750034374,0.20731547385962446,0.31353144229952956
