,round,tube,sp,pop_0,final_pop,st_div_H,auc,fc
0,0.0,0.0,14.0,12.0,608.0,-0.0,30066.0,50.66662444447963
1,0.0,1.0,14.0,12.0,619.0,-0.0,30001.0,51.58329034725804
2,0.0,2.0,14.0,12.0,594.0,-0.0,25728.0,49.499958750034374
