,round,tube,sp,pop_0,final_pop,st_div_H,auc,fc
0,0.0,0.0,13.0,30.0,412.0,2.011098296182597,44442.0,13.733328755557082
1,0.0,1.0,13.0,30.0,384.0,1.6048206460032106,42198.0,12.799995733334756
2,0.0,2.0,13.0,30.0,367.0,1.7654617123329803,41652.0,12.233329255556916
