,round,tube,sp_div_H,tot_pop_0,tot_final_pop,tot_auc,mean_fc,deg_score,nut_score
0,0.0,0.0,-0.0,1.0,151.0,8739.0,150.99849001509983,0.13310665705343983,0.13397459621252117
1,0.0,1.0,-0.0,1.0,116.0,8019.0,115.99884001159988,0.14088413762508756,0.13397456999029422
2,0.0,2.0,-0.0,1.0,156.0,5230.0,155.99844001559984,0.13561653665091322,0.13397458113638816
