,round,tube,nut,amount
0,0.0,0.0,0.0,0.024411602624059725
1,0.0,0.0,1.0,15.024073272998178
2,0.0,0.0,2.0,0.11507099749675831
3,0.0,0.0,3.0,0.33006805722718013
4,0.0,1.0,0.0,0.2128601645917687
5,0.0,1.0,1.0,912.0169257180625
6,0.0,1.0,2.0,0.24015475178843815
7,0.0,1.0,3.0,0.013515437204635106
8,0.0,2.0,0.0,1259.3358308082636
9,0.0,2.0,1.0,1597.042073250844
10,0.0,2.0,2.0,0.5363765861337484
11,0.0,2.0,3.0,0.2607367638472802
