,round,tube,sp,st,final_pop
0,0,0,11,"(0.08361068545964753, 0.0, 0.0, 0.0, 0.0, 0.0, 0.0, 0.0, 0.04025728320549682, 0.0)",37
1,0,1,11,"(0.08361068545964753, 0.0, 0.0, 0.0, 0.0, 0.0, 0.0, 0.0, 0.04025728320549682, 0.0)",32
2,0,2,11,"(0.08361068545964753, 0.0, 0.0, 0.0, 0.0, 0.0, 0.0, 0.0, 0.04025728320549682, 0.0)",29
