,round,tube,sp_div_H,tot_pop_0,tot_final_pop,tot_auc,mean_fc,deg_score,nut_score
0,0.0,0.0,0.0,4.0,0.0,145.0,0.0,0.0082692088868902,0.007680059935436301
1,0.0,1.0,0.0,4.0,0.0,81.0,0.0,0.004666353210141527,0.004108928061666739
2,0.0,2.0,-0.0,4.0,4.0,311.0,0.9999975000062501,0.017051187012669944,0.016491017668587293
