,round,tube,sp,pop_0,final_pop,st_div_H,auc,fc
0,0.0,0.0,2.0,14.0,288.0,0.13906079845474112,21225.0,20.57141387756152
1,0.0,1.0,2.0,14.0,263.0,-0.0,17713.0,18.785700867356525
2,0.0,2.0,2.0,14.0,288.0,0.46694186653189496,18105.0,20.57141387756152
