,round,tube,sp,pop_0,final_pop,st_div_H,auc,fc
0,0.0,0.0,6.0,5.0,89.0,-0.0,15332.0,17.7999644000712
1,0.0,1.0,6.0,5.0,119.0,-0.0,14918.0,23.7999524000952
2,0.0,2.0,6.0,5.0,108.0,-0.0,15602.0,21.599956800086403
