,round,tube,sp_div_H,tot_pop_0,tot_final_pop,tot_auc,mean_fc,deg_score,nut_score
0,0.0,0.0,0.0,1.0,0.0,12.0,0.0,0.001573005863000132,0.001447699225429644
1,0.0,1.0,-0.0,1.0,2.0,192.0,1.9999800001999979,0.02452632556913914,0.022091305259076766
2,0.0,2.0,0.0,1.0,0.0,7.0,0.0,0.0009179702408512735,0.0008541512895873238
