,round,tube,nut,amount
0,0.0,0.0,0.0,1629.9998626311944
1,0.0,0.0,1.0,1263.499572971112
2,0.0,0.0,2.0,1266.4649323038168
3,0.0,0.0,3.0,2000.0
4,0.0,1.0,0.0,1571.8017452531876
5,0.0,1.0,1.0,1147.6538367884366
6,0.0,1.0,2.0,1151.0856238682777
7,0.0,1.0,3.0,2000.0
8,0.0,2.0,0.0,1012.9343763255068
9,0.0,2.0,1.0,35.20545016126375
10,0.0,2.0,2.0,43.116269546282425
11,0.0,2.0,3.0,2000.0
