,round,tube,sp_div_H,tot_pop_0,tot_final_pop,tot_auc,mean_fc,deg_score,nut_score
0,0.0,0.0,-0.0,23.0,853.0,98711.0,37.086940396982435,0.11232111452965376,0.2928931816494629
1,0.0,1.0,-0.0,23.0,825.0,97237.0,35.86954962193495,0.10804772443942001,0.2928931768931041
2,0.0,2.0,-0.0,23.0,908.0,102181.0,39.47824370511143,0.11060545582027326,0.29289318189226976
