,round,tube,sp,st,final_pop
0,0,0,8,"(0.0, 0.0, 0.016361534780228625, 0.0033097906454404528, 0.0, 0.006935454618720939, 0.02773054755533034, 0.017443176133622482, 0.011466327601190322, 0.013538136313320443)",226
1,0,0,8,"(0.0, 0.0, 0.019905005356161687, 0.0033097906454404528, 0.0, 0.006935454618720939, 0.030342967307448575, 0.017443176133622482, 0.006696848894766575, 0.013538136313320443)",662
2,0,1,8,"(0.0, 0.0, 0.016361534780228625, 0.0033097906454404528, 0.0, 0.006935454618720939, 0.02773054755533034, 0.017443176133622482, 0.011466327601190322, 0.013538136313320443)",759
3,0,1,8,"(0.0, 0.0, 0.019905005356161687, 0.0033097906454404528, 0.0, 0.006935454618720939, 0.030342967307448575, 0.017443176133622482, 0.006696848894766575, 0.013538136313320443)",147
4,0,2,8,"(0.0, 0.0, 0.016361534780228625, 0.0033097906454404528, 0.0, 0.006935454618720939, 0.02773054755533034, 0.017443176133622482, 0.011466327601190322, 0.013538136313320443)",526
5,0,2,8,"(0.0, 0.0, 0.019905005356161687, 0.0033097906454404528, 0.0, 0.006935454618720939, 0.030342967307448575, 0.017443176133622482, 0.006696848894766575, 0.013538136313320443)",378
