,round,tube,sp_div_H,tot_pop_0,tot_final_pop,tot_auc,mean_fc,deg_score,nut_score
0,0.0,0.0,-0.0,8.0,172.0,6405.0,21.499973125033595,0.30709421221432776,0.30339877771387536
1,0.0,1.0,-0.0,8.0,178.0,6825.0,22.249972187534766,0.306929088694303,0.30459589498824147
2,0.0,2.0,-0.0,8.0,158.0,6587.0,19.74997531253086,0.3071538252825894,0.3036125460949193
