,round,tube,sp_div_H,tot_pop_0,tot_final_pop,tot_auc,mean_fc,deg_score,nut_score
0,0.0,0.0,-0.0,11.0,14.0,1042.0,1.2727261157035312,0.11869940870181206,0.10949272222172224
1,0.0,1.0,-0.0,11.0,3.0,250.0,0.2727270247936138,0.03093360122814348,0.02842074287144858
2,0.0,2.0,-0.0,11.0,6.0,519.0,0.5454540495872277,0.06264938707340051,0.05762233692799423
