,round,tube,sp_div_H,tot_pop_0,tot_final_pop,tot_auc,mean_fc,deg_score,nut_score
0,0.0,0.0,-0.0,24.0,556.0,51387.0,23.166657013892912,0.22384022472985998,0.29289317831769845
1,0.0,1.0,-0.0,24.0,545.0,52345.0,22.70832387153172,0.22457829201030843,0.29289317867136955
2,0.0,2.0,-0.0,24.0,512.0,50735.0,21.33332444444815,0.22320139304730557,0.29289317026236905
