,round,tube,sp,st,final_pop
0,0,0,7,"(0.0, 0.0, 0.0, 0.0, 0.12522938133066494, 0.0, 0.0, 0.05924345412590238, 0.0, 0.12942971381425594)",476
1,0,0,7,"(0.0, 0.0, 0.0, 0.0, 0.12522938133066494, 0.0, 0.0, 0.05924345412590238, 0.0, 0.1842944379780426)",92
2,0,1,7,"(0.0, 0.0, 0.0, 0.0, 0.12522938133066494, 0.0, 0.0, 0.05924345412590238, 0.0, 0.12942971381425594)",409
3,0,1,7,"(0.0, 0.0, 0.0, 0.0, 0.12522938133066494, 0.0, 0.0, 0.05924345412590238, 0.0, 0.1842944379780426)",202
4,0,2,7,"(0.0, 0.0, 0.0, 0.0, 0.12522938133066494, 0.0, 0.0, 0.05924345412590238, 0.0, 0.12942971381425594)",466
5,0,2,7,"(0.0, 0.0, 0.0, 0.0, 0.12522938133066494, 0.0, 0.0, 0.05924345412590238, 0.0, 0.1842944379780426)",123
