,round,tube,nut,amount
0,0.0,0.0,0.0,858.9118593254462
1,0.0,0.0,1.0,2000.0
2,0.0,0.0,2.0,2000.0
3,0.0,0.0,3.0,917.4740721261065
4,0.0,1.0,0.0,775.3723359065721
5,0.0,1.0,1.0,2000.0
6,0.0,1.0,2.0,2000.0
7,0.0,1.0,3.0,838.2219119470582
8,0.0,2.0,0.0,1234.3477921153897
9,0.0,2.0,1.0,2000.0
10,0.0,2.0,2.0,2000.0
11,0.0,2.0,3.0,1273.6421164810165
