,round,tube,sp,pop_0,final_pop,st_div_H,auc,fc
0,0.0,0.0,6.0,2.0,184.0,-0.0,15363.0,91.99954000229998
1,0.0,1.0,6.0,2.0,191.0,-0.0,15017.0,95.49952250238748
2,0.0,2.0,6.0,2.0,173.0,-0.0,16229.0,86.49956750216249
