,round,tube,sp_div_H,tot_pop_0,tot_final_pop,tot_auc,mean_fc,deg_score,nut_score
0,0.0,0.0,-0.0,10.0,125.0,14679.0,12.4999875000125,0.14304277872520255,0.1339745928534285
1,0.0,1.0,-0.0,10.0,110.0,14055.0,10.999989000011,0.14519462697889163,0.1339745945115871
2,0.0,2.0,-0.0,10.0,113.0,12886.0,11.299988700011301,0.14070446932911618,0.13397459278081936
