,round,tube,nut,amount
0,0.0,0.0,0.0,0.5572354421631118
1,0.0,0.0,1.0,2000.0
2,0.0,0.0,2.0,0.8978731420139927
3,0.0,0.0,3.0,2000.0
4,0.0,1.0,0.0,0.6612868908150613
5,0.0,1.0,1.0,2000.0
6,0.0,1.0,2.0,1.2934175137830837
7,0.0,1.0,3.0,2000.0
8,0.0,2.0,0.0,0.12895985020743694
9,0.0,2.0,1.0,2000.0
10,0.0,2.0,2.0,1.1563172068489644
11,0.0,2.0,3.0,2000.0
