,round,tube,sp,pop_0,final_pop,st_div_H,auc,fc
0,0.0,0.0,13.0,11.0,91.0,-0.0,10244.0,8.272719752072954
1,0.0,1.0,13.0,11.0,83.0,-0.0,8348.0,7.545447685956649
2,0.0,2.0,13.0,11.0,82.0,-0.0,8225.0,7.454538677692112
