,round,tube,sp_div_H,tot_pop_0,tot_final_pop,tot_auc,mean_fc,deg_score,nut_score
0,0.0,0.0,-0.0,10.0,295.0,22661.0,29.4999705000295,0.014273914997464221,0.2770037402894757
1,0.0,1.0,-0.0,10.0,312.0,21306.0,31.1999688000312,0.013867697345399943,0.2768536785494531
2,0.0,2.0,-0.0,10.0,295.0,20789.0,29.4999705000295,0.013995838346152367,0.2714655035001837
