,round,tube,nut,amount
0,0.0,0.0,0.0,1836.9256453648316
1,0.0,0.0,1.0,1818.7204314255605
2,0.0,0.0,2.0,2000.0
3,0.0,0.0,3.0,1840.940879627815
4,0.0,1.0,0.0,1892.7213991763629
5,0.0,1.0,1.0,1880.745083933729
6,0.0,1.0,2.0,2000.0
7,0.0,1.0,3.0,1895.362824400288
8,0.0,2.0,0.0,1818.6497810753158
9,0.0,2.0,1.0,1798.4042952609198
10,0.0,2.0,2.0,2000.0
11,0.0,2.0,3.0,1823.1150056304232
