,round,tube,sp,pop_0,final_pop,st_div_H,auc,fc
0,0.0,0.0,12.0,8.0,82.0,-0.0,2847.0,10.249987187516016
1,0.0,1.0,12.0,8.0,80.0,-0.0,5596.0,9.999987500015626
2,0.0,2.0,12.0,8.0,79.0,-0.0,2227.0,9.87498765626543
