,round,tube,nut,amount
0,0.0,0.0,0.0,2000.0
1,0.0,0.0,1.0,0.4899068850813406
2,0.0,0.0,2.0,424.9053291630405
3,0.0,0.0,3.0,541.3056998704676
4,0.0,1.0,0.0,2000.0
5,0.0,1.0,1.0,0.3208762500957727
6,0.0,1.0,2.0,505.4257981991697
7,0.0,1.0,3.0,615.875661537818
8,0.0,2.0,0.0,2000.0
9,0.0,2.0,1.0,0.4294697516262076
10,0.0,2.0,2.0,1129.6380302023147
11,0.0,2.0,3.0,1193.9582630174432
