,round,tube,nut,amount
0,0.0,0.0,0.0,2000.0
1,0.0,0.0,1.0,0.8651036953243807
2,0.0,0.0,2.0,0.08964274373783754
3,0.0,0.0,3.0,2000.0
4,0.0,1.0,0.0,2000.0
5,0.0,1.0,1.0,0.036909188057412834
6,0.0,1.0,2.0,0.2650925036114078
7,0.0,1.0,3.0,2000.0
8,0.0,2.0,0.0,2000.0
9,0.0,2.0,1.0,0.2562121499389256
10,0.0,2.0,2.0,0.20507852766832935
11,0.0,2.0,3.0,2000.0
