,round,tube,sp_div_H,tot_pop_0,tot_final_pop,tot_auc,mean_fc,deg_score,nut_score
0,0.0,0.0,-0.0,9.0,551.0,74510.0,61.22215419760645,0.1241193121838402,0.4999999266574111
1,0.0,1.0,-0.0,9.0,550.0,74332.0,61.111043209951994,0.12406679775024365,0.4999999721773557
2,0.0,2.0,-0.0,9.0,495.0,70613.0,54.99993888895679,0.12071850428511022,0.4603751563934989
