,round,tube,sp,pop_0,final_pop,st_div_H,auc,fc
0,0.0,0.0,4.0,11.0,79.0,-0.0,3309.0,7.181811652898498
1,0.0,1.0,4.0,11.0,92.0,-0.0,3239.0,8.363628760337491
2,0.0,2.0,4.0,11.0,84.0,-0.0,3541.0,7.636356694221187
