,round,tube,nut,amount
0,0.0,0.0,0.0,0.505256285733605
1,0.0,0.0,1.0,1.2197355990071452
2,0.0,0.0,2.0,2000.0
3,0.0,0.0,3.0,2000.0
4,0.0,1.0,0.0,0.3136990505915267
5,0.0,1.0,1.0,0.7055386178379629
6,0.0,1.0,2.0,2000.0
7,0.0,1.0,3.0,2000.0
8,0.0,2.0,0.0,0.18012601653314772
9,0.0,2.0,1.0,2.2682653774255797
10,0.0,2.0,2.0,2000.0
11,0.0,2.0,3.0,2000.0
