,round,tube,sp,pop_0,final_pop,st_div_H,auc,fc
0,0.0,0.0,12.0,4.0,222.0,-0.0,35131.0,55.49986125034688
1,0.0,1.0,12.0,4.0,225.0,-0.0,36382.0,56.24985937535157
2,0.0,2.0,12.0,4.0,285.0,-0.0,29553.0,71.24982187544532
