,round,tube,sp_div_H,tot_pop_0,tot_final_pop,tot_auc,mean_fc,deg_score,nut_score
0,0.0,0.0,-0.0,8.0,1211.0,109877.0,151.37481078148653,0.24440195078049087,0.4973216345594652
1,0.0,1.0,-0.0,8.0,1285.0,115045.0,160.62479921900098,0.24899903674535107,0.49999995982828216
2,0.0,2.0,-0.0,8.0,1222.0,106500.0,152.74980906273868,0.24989338761580482,0.4999999545120424
