,round,tube,sp_div_H,tot_pop_0,tot_final_pop,tot_auc,mean_fc,deg_score,nut_score
0,0.0,0.0,-0.0,12.0,1224.0,109192.0,101.99991500007084,0.26415573198969444,0.499999957601739
1,0.0,1.0,-0.0,12.0,1167.0,111180.0,97.24991895840087,0.2570344598530291,0.49732336366219554
2,0.0,2.0,-0.0,12.0,1315.0,116511.0,109.58324201396499,0.26589476376740173,0.4999999762007632
