,round,tube,sp,pop_0,final_pop,st_div_H,auc,fc
0,0.0,0.0,0.0,21.0,258.0,0.6491100431904877,30148.0,12.285708435376936
1,0.0,1.0,0.0,21.0,278.0,0.6805691240005796,33153.0,13.238088934243365
2,0.0,2.0,0.0,21.0,230.0,0.6893616831435102,30228.0,10.952375736963935
