,round,tube,sp_div_H,tot_pop_0,tot_final_pop,tot_auc,mean_fc,deg_score,nut_score
0,0.0,0.0,-0.0,2.0,954.0,88812.0,476.99761501192495,0.10559178855386941,0.29289320688951515
1,0.0,1.0,-0.0,2.0,1051.0,83014.0,525.4973725131374,0.10780398244941625,0.2928932090593843
2,0.0,2.0,-0.0,2.0,945.0,92357.0,472.4976375118124,0.1067350158179381,0.2928932129855367
