,round,tube,nut,amount
0,0.0,0.0,0.0,0.4887557117299659
1,0.0,0.0,1.0,0.38410928531646604
2,0.0,0.0,2.0,1677.4714337194869
3,0.0,0.0,3.0,1456.7685824888704
4,0.0,1.0,0.0,0.5175662641481971
5,0.0,1.0,1.0,0.15987650789484298
6,0.0,1.0,2.0,1677.476080968256
7,0.0,1.0,3.0,1456.7764098003067
8,0.0,2.0,0.0,0.5583807655298074
9,0.0,2.0,1.0,0.22817098704916572
10,0.0,2.0,2.0,1677.4826644984291
11,0.0,2.0,3.0,1456.7874983698266
