,round,tube,nut,amount
0,0.0,0.0,0.0,1711.3258944884806
1,0.0,0.0,1.0,1990.3388273541234
2,0.0,0.0,2.0,2000.0
3,0.0,0.0,3.0,1507.853860027922
4,0.0,1.0,0.0,1595.7686217118946
5,0.0,1.0,1.0,1986.4714255280942
6,0.0,1.0,2.0,2000.0
7,0.0,1.0,3.0,1310.8460070307751
8,0.0,2.0,0.0,1767.6128151251733
9,0.0,2.0,1.0,1992.2226044148008
10,0.0,2.0,2.0,2000.0
11,0.0,2.0,3.0,1603.8146344561549
