,round,tube,sp,pop_0,final_pop,st_div_H,auc,fc
0,0.0,0.0,2.0,1.0,83.0,-0.0,1148.0,82.99917000829991
1,0.0,1.0,2.0,1.0,90.0,-0.0,1632.0,89.9991000089999
2,0.0,2.0,2.0,1.0,42.0,-0.0,934.0,41.999580004199956
