,round,tube,sp,st,final_pop
0,0,0,8,"(0.0, 0.0, 0.011654209932799624, 0.0, 0.013263215656725785, 0.0, 0.0, 0.0, 0.05050745478329627, 0.21240828662903488)",32
1,0,0,8,"(0.0, 0.0, 0.0132952402022934, 0.0, 0.012882826659896138, 0.0, 0.0, 0.0, 0.05050745478329627, 0.22481923489830077)",506
2,0,0,8,"(0.0, 0.0, 0.0132952402022934, 0.0, 0.022638011874154935, 0.0, 0.0, 0.0, 0.05050745478329627, 0.21240828662903488)",248
3,0,1,8,"(0.0, 0.0, 0.0132952402022934, 0.0, 0.022638011874154935, 0.0, 0.0, 0.0, 0.05050745478329627, 0.21240828662903488)",237
4,0,1,8,"(0.0, 0.0, 0.011654209932799624, 0.0, 0.013263215656725785, 0.0, 0.0, 0.0, 0.05050745478329627, 0.21240828662903488)",44
5,0,1,8,"(0.0, 0.0, 0.0132952402022934, 0.0, 0.012882826659896138, 0.0, 0.0, 0.0, 0.05050745478329627, 0.22481923489830077)",223
6,0,2,8,"(0.0, 0.0, 0.0132952402022934, 0.0, 0.022638011874154935, 0.0, 0.0, 0.0, 0.05050745478329627, 0.21240828662903488)",309
7,0,2,8,"(0.0, 0.0, 0.0132952402022934, 0.0, 0.012882826659896138, 0.0, 0.0, 0.0, 0.05050745478329627, 0.22481923489830077)",151
