,round,tube,sp_div_H,tot_pop_0,tot_final_pop,tot_auc,mean_fc,deg_score,nut_score
0,0.0,0.0,-0.0,42.0,720.0,87227.0,17.14285306122546,0.13443743116170392,0.29289318637705064
1,0.0,1.0,-0.0,42.0,753.0,87297.0,17.92856715986496,0.13278255059806898,0.292893217691102
2,0.0,2.0,-0.0,42.0,729.0,87443.0,17.357138724490778,0.1324005180051604,0.292893179962767
