,round,tube,sp_div_H,tot_pop_0,tot_final_pop,tot_auc,mean_fc,deg_score,nut_score
0,0.0,0.0,-0.0,6.0,83.0,14614.0,13.833310277816205,0.14716201905870796,0.13397457509547528
1,0.0,1.0,-0.0,6.0,78.0,14034.0,12.999978333369445,0.1439111289719558,0.13397456121156537
2,0.0,2.0,-0.0,6.0,71.0,14655.0,11.833313611143982,0.14698388203742108,0.13397456203556146
