,round,tube,nut,amount
0,0.0,0.0,0.0,0.49319789750176457
1,0.0,0.0,1.0,2000.0
2,0.0,0.0,2.0,207.26001588483345
3,0.0,0.0,3.0,0.2845355981924117
4,0.0,1.0,0.0,0.4926719180238821
5,0.0,1.0,1.0,2000.0
6,0.0,1.0,2.0,207.25954429631787
7,0.0,1.0,3.0,0.06286512165123948
8,0.0,2.0,0.0,0.3338024748255951
9,0.0,2.0,1.0,2000.0
10,0.0,2.0,2.0,207.11710336900092
11,0.0,2.0,3.0,0.3269138305364425
