,round,tube,sp,pop_0,final_pop,st_div_H,auc,fc
0,0.0,0.0,1.0,73.0,869.0,0.5178622391930999,73012.0,11.904107958341376
1,0.0,1.0,1.0,73.0,982.0,0.5568470702352877,79988.0,13.452052951773569
2,0.0,2.0,1.0,73.0,893.0,0.7119787777518373,75432.0,12.23287503659246
