,round,tube,sp,pop_0,final_pop,st_div_H,auc,fc
0,0.0,0.0,14.0,12.0,618.0,0.1893612709845641,30904.0,51.4999570833691
1,0.0,1.0,14.0,12.0,651.0,0.020841243587871348,30449.0,54.24995479170434
2,0.0,2.0,14.0,12.0,592.0,0.30920882755453566,26532.0,49.33329222225648
