,round,tube,sp_div_H,tot_pop_0,tot_final_pop,tot_auc,mean_fc,deg_score,nut_score
0,0.0,0.0,-0.0,24.0,457.0,58157.0,19.041658732642194,0.2587088152358198,0.3986987609394792
1,0.0,1.0,-0.0,24.0,497.0,59329.0,20.708324704864708,0.2591011847585345,0.398702197977696
2,0.0,2.0,-0.0,24.0,471.0,57677.0,19.624991822920073,0.2584420740541238,0.3986974126103794
