,round,tube,sp,pop_0,final_pop,st_div_H,auc,fc
0,0.0,0.0,5.0,24.0,457.0,0.07920684103129082,58157.0,19.041658732642194
1,0.0,1.0,5.0,24.0,497.0,-0.0,59329.0,20.708324704864708
2,0.0,2.0,5.0,24.0,471.0,0.12630092210283667,57677.0,19.624991822920073
