,round,tube,nut,amount
0,0.0,0.0,0.0,2000.0
1,0.0,0.0,1.0,0.013414463732782878
2,0.0,0.0,2.0,2000.0
3,0.0,0.0,3.0,0.1620559650866884
4,0.0,1.0,0.0,2000.0
5,0.0,1.0,1.0,0.8224109731653515
6,0.0,1.0,2.0,2000.0
7,0.0,1.0,3.0,0.525624953204618
8,0.0,2.0,0.0,2000.0
9,0.0,2.0,1.0,0.8972092607788129
10,0.0,2.0,2.0,2000.0
11,0.0,2.0,3.0,0.7530307688820983
