,round,tube,sp,st,final_pop
0,0,0,8,"(0.0, 0.017846480183914857, 0.02852076469392659, 0.0, 0.0, 0.0, 0.00026087500255182283, 0.0, 0.0, 0.0)",282
1,0,0,8,"(0.0, 0.016643627919484913, 0.02852076469392659, 0.0, 0.0, 0.0, 0.00026087500255182283, 0.0, 0.0, 0.0)",6
2,0,1,8,"(0.0, 0.017846480183914857, 0.02852076469392659, 0.0, 0.0, 0.0, 0.00026087500255182283, 0.0, 0.0, 0.0)",347
3,0,1,8,"(0.0, 0.016643627919484913, 0.02852076469392659, 0.0, 0.0, 0.0, 0.00026087500255182283, 0.0, 0.0, 0.0)",60
4,0,2,8,"(0.0, 0.016643627919484913, 0.02852076469392659, 0.0, 0.0, 0.0, 0.00026087500255182283, 0.0, 0.0, 0.0)",43
5,0,2,8,"(0.0, 0.017846480183914857, 0.02852076469392659, 0.0, 0.0, 0.0, 0.00026087500255182283, 0.0, 0.0, 0.0)",311
