,round,tube,sp,pop_0,final_pop,st_div_H,auc,fc
0,0.0,0.0,13.0,12.0,81.0,-0.0,10088.0,6.749994375004688
1,0.0,1.0,13.0,12.0,87.0,0.2798908563867938,11942.0,7.249993958338369
2,0.0,2.0,13.0,12.0,92.0,0.6526640257573958,9870.0,7.666660277783102
