,round,tube,sp_div_H,tot_pop_0,tot_final_pop,tot_auc,mean_fc,deg_score,nut_score
0,0.0,0.0,-0.0,6.0,549.0,22108.0,91.49984750025418,0.27625212160222856,0.3402221032872548
1,0.0,1.0,-0.0,6.0,504.0,20692.0,83.99986000023334,0.2763877298302987,0.3395126002520651
2,0.0,2.0,-0.0,6.0,512.0,15785.0,85.33319111134816,0.2754905224084525,0.337179143723235
