,round,tube,nut,amount
0,0.0,0.0,0.0,2000.0
1,0.0,0.0,1.0,2000.0
2,0.0,0.0,2.0,0.7644734515560574
3,0.0,0.0,3.0,0.45878167569189543
4,0.0,1.0,0.0,2000.0
5,0.0,1.0,1.0,2000.0
6,0.0,1.0,2.0,0.39629048479443574
7,0.0,1.0,3.0,0.5145001208637683
8,0.0,2.0,0.0,2000.0
9,0.0,2.0,1.0,2000.0
10,0.0,2.0,2.0,0.9067834493020515
11,0.0,2.0,3.0,0.5119507012915392
