,round,tube,sp,pop_0,final_pop,st_div_H,auc,fc
0,0.0,0.0,13.0,18.0,430.0,0.49388654061130355,47361.0,23.888875617291323
1,0.0,1.0,13.0,18.0,390.0,0.5637392438107323,45522.0,21.666654629636316
2,0.0,2.0,13.0,18.0,444.0,0.5672299548549673,47473.0,24.666652962970577
