,round,tube,sp,pop_0,final_pop,st_div_H,auc,fc
0,0.0,0.0,13.0,6.0,97.0,0.7685627333321243,8084.0,16.16663972226713
1,0.0,1.0,13.0,6.0,99.0,1.0283383364273568,8275.0,16.499972500045835
2,0.0,2.0,13.0,6.0,95.0,0.8715695973959212,8825.0,15.833306944488427
