,round,tube,sp_div_H,tot_pop_0,tot_final_pop,tot_auc,mean_fc,deg_score,nut_score
0,0.0,0.0,-0.0,8.0,457.0,57899.0,57.12492859383926,0.1509593409661425,0.44456057538270055
1,0.0,1.0,-0.0,8.0,883.0,88349.0,110.37486203142247,0.1635179837241485,0.7967928126126567
2,0.0,2.0,-0.0,8.0,841.0,89684.0,105.12486859391426,0.16313217854353934,0.7967991902341792
