,round,tube,sp_div_H,tot_pop_0,tot_final_pop,tot_auc,mean_fc,deg_score,nut_score
0,0.0,0.0,-0.0,40.0,768.0,78464.0,19.199995200001197,0.1758517121524037,0.292893211833279
1,0.0,1.0,-0.0,40.0,782.0,81914.0,19.54999511250122,0.18171053149872607,0.29289320692508913
2,0.0,2.0,-0.0,40.0,709.0,75063.0,17.724995568751105,0.17652675155008835,0.2928931969122247
