,round,tube,sp_div_H,tot_pop_0,tot_final_pop,tot_auc,mean_fc,deg_score,nut_score
0,0.0,0.0,-0.0,38.0,555.0,59334.0,14.605259314405442,0.22083433968359756,0.2928932016092832
1,0.0,1.0,-0.0,38.0,579.0,59548.0,15.23683809556892,0.22176754755083938,0.29289320896337534
2,0.0,2.0,-0.0,38.0,549.0,57337.0,14.447364619114573,0.2223347640939276,0.2928932186317975
