,round,tube,nut,amount
0,0.0,0.0,0.0,0.18414080178631087
1,0.0,0.0,1.0,0.028288011987993578
2,0.0,0.0,2.0,2000.0
3,0.0,0.0,3.0,2000.0
4,0.0,1.0,0.0,0.9643071523060875
5,0.0,1.0,1.0,0.5863013321974682
6,0.0,1.0,2.0,2000.0
7,0.0,1.0,3.0,2000.0
8,0.0,2.0,0.0,0.9171707853575559
9,0.0,2.0,1.0,0.5145423274130696
10,0.0,2.0,2.0,2000.0
11,0.0,2.0,3.0,2000.0
