,round,tube,sp,st,final_pop
0,0,0,9,"(0.0, 0.0, 0.26832887547764517, 0.0, 0.05513765495185503, 0.0, 0.17543471630791765, 0.16747238130610526, 0.0, 0.04169583562250932)",29
1,0,0,9,"(0.0, 0.0, 0.17867151615490873, 0.0, 0.06139055051815627, 0.0, 0.1139369454740394, 0.12227032225707252, 0.0, 0.06927854642267525)",268
2,0,0,9,"(0.0, 0.0, 0.20444357842684366, 0.0, 0.06139055051815627, 0.0, 0.1139369454740394, 0.12227032225707252, 0.0, 0.06927854642267525)",5
3,0,1,9,"(0.0, 0.0, 0.20444357842684366, 0.0, 0.06139055051815627, 0.0, 0.1139369454740394, 0.12227032225707252, 0.0, 0.06927854642267525)",14
4,0,1,9,"(0.0, 0.0, 0.17867151615490873, 0.0, 0.06139055051815627, 0.0, 0.1139369454740394, 0.12227032225707252, 0.0, 0.06927854642267525)",289
5,0,1,9,"(0.0, 0.0, 0.26832887547764517, 0.0, 0.05513765495185503, 0.0, 0.17543471630791765, 0.16747238130610526, 0.0, 0.04169583562250932)",19
6,0,2,9,"(0.0, 0.0, 0.20444357842684366, 0.0, 0.06139055051815627, 0.0, 0.1139369454740394, 0.12227032225707252, 0.0, 0.06927854642267525)",24
7,0,2,9,"(0.0, 0.0, 0.26832887547764517, 0.0, 0.05513765495185503, 0.0, 0.17543471630791765, 0.16747238130610526, 0.0, 0.04169583562250932)",35
8,0,2,9,"(0.0, 0.0, 0.17867151615490873, 0.0, 0.06139055051815627, 0.0, 0.1139369454740394, 0.12227032225707252, 0.0, 0.06927854642267525)",230
