,round,tube,sp_div_H,tot_pop_0,tot_final_pop,tot_auc,mean_fc,deg_score,nut_score
0,0.0,0.0,-0.0,9.0,6.0,474.0,0.666665925926749,0.05638466829044464,0.05294703677563173
1,0.0,1.0,-0.0,9.0,22.0,1164.0,2.4444417283980795,0.12790625896328522,0.11923278045441654
2,0.0,2.0,-0.0,9.0,11.0,502.0,1.2222208641990397,0.05988316180078057,0.05554747938942939
