,round,tube,sp,pop_0,final_pop,st_div_H,auc,fc
0,0.0,0.0,14.0,9.0,6.0,-0.0,474.0,0.666665925926749
1,0.0,1.0,14.0,9.0,22.0,-0.0,1164.0,2.4444417283980795
2,0.0,2.0,14.0,9.0,11.0,-0.0,502.0,1.2222208641990397
