,round,tube,sp_div_H,tot_pop_0,tot_final_pop,tot_auc,mean_fc,deg_score,nut_score
0,0.0,0.0,-0.0,35.0,518.0,43312.0,14.799995771429778,0.16333997346592444,0.29277212388274365
1,0.0,1.0,-0.0,35.0,482.0,41684.0,13.771424636735818,0.16333997346592444,0.29281742352130014
2,0.0,2.0,-0.0,35.0,565.0,45983.0,16.14285253061356,0.16333997346592444,0.2928390050190739
