,round,tube,sp,pop_0,final_pop,st_div_H,auc,fc
0,0.0,0.0,11.0,12.0,22.0,-0.0,16564.0,1.8333318055568288
1,0.0,1.0,11.0,12.0,23.0,-0.0,15847.0,1.9166650694457754
2,0.0,2.0,11.0,12.0,31.0,-0.0,17367.0,2.58333118055735
