,round,tube,nut,amount
0,0.0,0.0,0.0,1486.4158747703618
1,0.0,0.0,1.0,0.4836218912341511
2,0.0,0.0,2.0,1049.631194247731
3,0.0,0.0,3.0,2000.0
4,0.0,1.0,0.0,1429.3307966558182
5,0.0,1.0,1.0,0.612003632736424
6,0.0,1.0,2.0,943.9973265931616
7,0.0,1.0,3.0,2000.0
8,0.0,2.0,0.0,1440.6283507203977
9,0.0,2.0,1.0,0.3202759145551829
10,0.0,2.0,2.0,964.9030408410015
11,0.0,2.0,3.0,2000.0
