,round,tube,sp,pop_0,final_pop,st_div_H,auc,fc
0,0.0,0.0,6.0,9.0,96.0,-0.0,15624.0,10.666654814827984
1,0.0,1.0,6.0,9.0,65.0,-0.0,14446.0,7.222214197539781
2,0.0,2.0,6.0,9.0,97.0,-0.0,14924.0,10.777765802482442
