,round,tube,sp,pop_0,final_pop,st_div_H,auc,fc
0,0.0,0.0,5.0,15.0,71.0,-0.0,3919.0,4.733330177779882
1,0.0,1.0,5.0,15.0,6.0,-0.0,565.0,0.39999973333351113
2,0.0,2.0,5.0,15.0,52.0,-0.0,3835.0,3.4666643555570964
