,round,tube,sp_div_H,tot_pop_0,tot_final_pop,tot_auc,mean_fc,deg_score,nut_score
0,0.0,0.0,-0.0,3.0,682.0,29937.0,227.33257555808146,0.2840154639886797,0.4998912976525107
1,0.0,1.0,-0.0,3.0,611.0,35717.0,203.66598778004072,0.28141946377493865,0.4989274747637199
2,0.0,2.0,-0.0,3.0,706.0,33065.0,235.33254889150368,0.28182432965592374,0.4999373815372047
