,round,tube,sp,pop_0,final_pop,st_div_H,auc,fc
0,0.0,0.0,3.0,13.0,13.0,-0.0,944.0,0.9999992307698226
1,0.0,1.0,3.0,13.0,4.0,-0.0,637.0,0.30769207100609924
2,0.0,2.0,3.0,13.0,16.0,-0.0,1025.0,1.230768284024397
