,round,tube,nut,amount
0,0.0,0.0,0.0,0.6342236131409018
1,0.0,0.0,1.0,2000.0
2,0.0,0.0,2.0,0.9274606132873587
3,0.0,0.0,3.0,2000.0
4,0.0,1.0,0.0,0.9383718335560739
5,0.0,1.0,1.0,2000.0
6,0.0,1.0,2.0,0.859291952628871
7,0.0,1.0,3.0,2000.0
8,0.0,2.0,0.0,0.1315262842521301
9,0.0,2.0,1.0,2000.0
10,0.0,2.0,2.0,0.968412459275883
11,0.0,2.0,3.0,2000.0
