,round,tube,sp,st,final_pop
0,0,0,10,"(0.07734904686468291, 0.06927916245295945, 0.06109042867936496, 0.0017773360538905325, 0.0, 0.022166903563435748, 0.0, 0.02887423476472907, 0.0, 0.0)",112
1,0,0,10,"(0.07734904686468291, 0.06927916245295945, 0.05321938721741313, 0.0017773360538905325, 0.0, 0.022166903563435748, 0.0, 0.02887423476472907, 0.0, 0.0)",157
2,0,1,10,"(0.07734904686468291, 0.06927916245295945, 0.06109042867936496, 0.0017773360538905325, 0.0, 0.022166903563435748, 0.0, 0.02887423476472907, 0.0, 0.0)",152
3,0,1,10,"(0.07734904686468291, 0.06927916245295945, 0.05321938721741313, 0.0017773360538905325, 0.0, 0.022166903563435748, 0.0, 0.02887423476472907, 0.0, 0.0)",113
4,0,1,10,"(0.16416131698826078, 0.041499054208451375, 0.048842751694176484, 0.0017773360538905325, 0.0, 0.02518723725004076, 0.0, 0.02887423476472907, 0.0, 0.0)",2
5,0,2,10,"(0.07734904686468291, 0.06927916245295945, 0.05321938721741313, 0.0017773360538905325, 0.0, 0.022166903563435748, 0.0, 0.02887423476472907, 0.0, 0.0)",128
6,0,2,10,"(0.07734904686468291, 0.06927916245295945, 0.06109042867936496, 0.0017773360538905325, 0.0, 0.022166903563435748, 0.0, 0.02887423476472907, 0.0, 0.0)",103
7,0,2,10,"(0.16416131698826078, 0.041499054208451375, 0.048842751694176484, 0.0017773360538905325, 0.0, 0.02518723725004076, 0.0, 0.02887423476472907, 0.0, 0.0)",21
