,round,tube,sp,pop_0,final_pop,st_div_H,auc,fc
0,0.0,0.0,8.0,13.0,507.0,0.6835973416140234,40779.0,38.999970000023076
1,0.0,1.0,8.0,13.0,466.0,0.722606249169791,41330.0,35.84612627221056
2,0.0,2.0,8.0,13.0,488.0,0.6683581787653836,41057.0,37.53843266274411
