,round,tube,sp,pop_0,final_pop,st_div_H,auc,fc
0,0.0,0.0,9.0,12.0,368.0,0.4745106686346746,16289.0,30.666641111132407
1,0.0,1.0,9.0,12.0,361.0,0.07302607538137579,18812.0,30.08330826390978
2,0.0,2.0,9.0,12.0,380.0,0.3991893134671857,16540.0,31.666640277799768
