,round,tube,nut,amount
0,0.0,0.0,0.0,0.16438565403202432
1,0.0,0.0,1.0,2000.0
2,0.0,0.0,2.0,1332.989623741854
3,0.0,0.0,3.0,0.5197970466853477
4,0.0,1.0,0.0,0.3261263786863111
5,0.0,1.0,1.0,2000.0
6,0.0,1.0,2.0,1333.0435695466151
7,0.0,1.0,3.0,0.6815090267285129
8,0.0,2.0,0.0,0.3623442700560524
9,0.0,2.0,1.0,2000.0
10,0.0,2.0,2.0,1333.0556493941674
11,0.0,2.0,3.0,0.717720481444168
