,round,tube,sp_div_H,tot_pop_0,tot_final_pop,tot_auc,mean_fc,deg_score,nut_score
0,0.0,0.0,-0.0,64.0,1262.0,137266.0,19.718746918945794,0.2276533526842235,0.49999998800550216
1,0.0,1.0,-0.0,64.0,1169.0,130568.0,18.265622145996538,0.22296970501884827,0.497325289205669
2,0.0,2.0,-0.0,64.0,1228.0,132994.0,19.18749700195359,0.22918646809384569,0.4973254467351875
