,round,tube,sp,pop_0,final_pop,st_div_H,auc,fc
0,0.0,0.0,7.0,17.0,19.0,-0.0,1209.0,1.1176464013844698
1,0.0,1.0,7.0,17.0,15.0,-0.0,1230.0,0.882352422145634
2,0.0,2.0,7.0,17.0,17.0,-0.0,1079.0,0.9999994117650519
