,round,tube,sp,st,final_pop
0,0,0,5,"(0.15390064603515702, 0.08636866659753187, 0.03631060065418248, 0.044771402688335224, 0.0, 0.0, 0.0, 0.013026841387469198, 0.0, 0.0)",140
1,0,0,5,"(0.15390064603515702, 0.08636866659753187, 0.03631060065418248, 0.09862962198625339, 0.0, 0.0, 0.0, 0.013026841387469198, 0.0, 0.0)",383
2,0,0,5,"(0.15390064603515702, 0.08636866659753187, 0.03631060065418248, 0.044771402688335224, 0.0, 0.0, 0.0, 0.017508866151122255, 0.0, 0.0)",41
3,0,1,5,"(0.15390064603515702, 0.08636866659753187, 0.03631060065418248, 0.09862962198625339, 0.0, 0.0, 0.0, 0.013026841387469198, 0.0, 0.0)",344
4,0,1,5,"(0.15390064603515702, 0.08636866659753187, 0.03631060065418248, 0.044771402688335224, 0.0, 0.0, 0.0, 0.013026841387469198, 0.0, 0.0)",75
5,0,1,5,"(0.15390064603515702, 0.08636866659753187, 0.03631060065418248, 0.044771402688335224, 0.0, 0.0, 0.0, 0.017508866151122255, 0.0, 0.0)",124
6,0,2,5,"(0.15390064603515702, 0.08636866659753187, 0.03631060065418248, 0.044771402688335224, 0.0, 0.0, 0.0, 0.017508866151122255, 0.0, 0.0)",277
7,0,2,5,"(0.15390064603515702, 0.08636866659753187, 0.03631060065418248, 0.09862962198625339, 0.0, 0.0, 0.0, 0.013026841387469198, 0.0, 0.0)",252
8,0,2,5,"(0.15390064603515702, 0.08636866659753187, 0.03631060065418248, 0.044771402688335224, 0.0, 0.0, 0.0, 0.013026841387469198, 0.0, 0.0)",12
