,round,tube,sp,st,final_pop
0,0,0,1,"(0.0, 0.03926162523356134, 0.029598914868915954, 0.0, 0.031488363291038005, 0.0, 0.0, 0.0, 0.0, 0.034480130811573785)",534
1,0,0,1,"(0.0, 0.035656971843777176, 0.029598914868915954, 0.0, 0.031488363291038005, 0.0, 0.0, 0.0, 0.0, 0.025934009801899204)",86
2,0,1,1,"(0.0, 0.03926162523356134, 0.029598914868915954, 0.0, 0.031488363291038005, 0.0, 0.0, 0.0, 0.0, 0.034480130811573785)",389
3,0,1,1,"(0.0, 0.035656971843777176, 0.029598914868915954, 0.0, 0.031488363291038005, 0.0, 0.0, 0.0, 0.0, 0.025934009801899204)",152
4,0,2,1,"(0.0, 0.035656971843777176, 0.029598914868915954, 0.0, 0.031488363291038005, 0.0, 0.0, 0.0, 0.0, 0.025934009801899204)",50
5,0,2,1,"(0.0, 0.03926162523356134, 0.029598914868915954, 0.0, 0.031488363291038005, 0.0, 0.0, 0.0, 0.0, 0.034480130811573785)",427
