,round,tube,nut,amount
0,0.0,0.0,0.0,1868.379532586446
1,0.0,0.0,1.0,21.74966325897557
2,0.0,0.0,2.0,194.4514356012036
3,0.0,0.0,3.0,2000.0
4,0.0,1.0,0.0,1867.1894916102547
5,0.0,1.0,1.0,3.863395202435892
6,0.0,1.0,2.0,178.12664342897378
7,0.0,1.0,3.0,2000.0
8,0.0,2.0,0.0,1869.8982349666007
9,0.0,2.0,1.0,44.57569901151999
10,0.0,2.0,2.0,215.28475245624392
11,0.0,2.0,3.0,2000.0
