,round,tube,nut,amount
0,0.0,0.0,0.0,891.4752304157768
1,0.0,0.0,1.0,0.2828020442148387
2,0.0,0.0,2.0,2000.0
3,0.0,0.0,3.0,0.4143719804424002
4,0.0,1.0,0.0,891.4668776225107
5,0.0,1.0,1.0,0.312381377465357
6,0.0,1.0,2.0,2000.0
7,0.0,1.0,3.0,0.399304996081824
8,0.0,2.0,0.0,891.4744989731475
9,0.0,2.0,1.0,0.25639807250855995
10,0.0,2.0,2.0,2000.0
11,0.0,2.0,3.0,0.41305258532732125
