,round,tube,sp_div_H,tot_pop_0,tot_final_pop,tot_auc,mean_fc,deg_score,nut_score
0,0.0,0.0,-0.0,24.0,325.0,52741.0,13.541661024307906,0.16706626687430426,0.999789538390344
1,0.0,1.0,-0.0,24.0,336.0,51752.0,13.999994166669097,0.1587028748774616,0.771996715012932
2,0.0,2.0,-0.0,24.0,313.0,49475.0,13.041661232641154,0.15849682165112577,0.7719522305463886
