,round,tube,sp,pop_0,final_pop,st_div_H,auc,fc
0,0.0,0.0,8.0,16.0,818.0,0.18423011802984848,94190.0,51.12496804689497
1,0.0,1.0,8.0,16.0,816.0,0.12401337187083655,93812.0,50.999968125019926
2,0.0,2.0,8.0,16.0,879.0,0.05182961421308526,96390.0,54.93746566408396
