,round,tube,sp,pop_0,final_pop,st_div_H,auc,fc
0,0.0,0.0,1.0,26.0,518.0,-0.0,43395.0,19.923069260357977
1,0.0,1.0,1.0,26.0,550.0,-0.0,44891.0,21.15383801775461
2,0.0,2.0,1.0,26.0,499.0,-0.0,42700.0,19.192300310653728
