,round,tube,sp,pop_0,final_pop,st_div_H,auc,fc
0,0.0,0.0,11.0,7.0,145.0,0.6526204580792846,4481.0,20.714256122491253
1,0.0,1.0,11.0,7.0,166.0,0.6638277067281152,7661.0,23.71425183678309
2,0.0,2.0,11.0,7.0,109.0,-0.0,2488.0,15.571406326562391
