,round,tube,sp,pop_0,final_pop,st_div_H,auc,fc
0,0.0,0.0,9.0,9.0,20.0,-0.0,1206.0,2.2222197530891634
1,0.0,1.0,9.0,9.0,37.0,-0.0,1011.0,4.1111065432149525
2,0.0,2.0,9.0,9.0,43.0,-0.0,1806.0,4.777772469141701
