,round,tube,sp,pop_0,final_pop,st_div_H,auc,fc
0,0.0,0.0,14.0,13.0,438.0,0.1785379604870898,23403.0,33.692281775167864
1,0.0,1.0,14.0,13.0,467.0,-0.0,21870.0,35.92304928996209
2,0.0,2.0,14.0,13.0,440.0,0.38116919310581715,26362.0,33.846127810670914
