,round,tube,sp_div_H,tot_pop_0,tot_final_pop,tot_auc,mean_fc,deg_score,nut_score
0,0.0,0.0,-0.0,5.0,702.0,23131.0,140.3997192005616,0.3514157806119441,0.7936529267989949
1,0.0,1.0,-0.0,5.0,735.0,20273.0,146.99970600058802,0.3505612476249794,0.7936413436400923
2,0.0,2.0,-0.0,5.0,586.0,29841.0,117.19976560046881,0.35065846673300516,0.7936757971306422
