,round,tube,sp,pop_0,final_pop,st_div_H,auc,fc
0,0.0,0.0,8.0,15.0,334.0,1.6474726318558865,55089.0,22.26665182223212
1,0.0,1.0,8.0,15.0,286.0,1.7262585936663988,48699.0,19.06665395556403
2,0.0,2.0,8.0,15.0,298.0,1.824769513367614,48547.0,19.866653422231053
