,round,tube,sp,pop_0,final_pop,st_div_H,auc,fc
0,0.0,0.0,5.0,12.0,47.0,-0.0,1693.0,3.9166634027804976
1,0.0,1.0,5.0,12.0,25.0,-0.0,1315.0,2.083331597223669
2,0.0,2.0,5.0,12.0,41.0,-0.0,1915.0,3.4166638194468173
