,round,tube,sp_div_H,tot_pop_0,tot_final_pop,tot_auc,mean_fc,deg_score,nut_score
0,0.0,0.0,-0.0,12.0,133.0,15667.0,11.08332409722992,0.10858838087511846,0.13397457263976986
1,0.0,1.0,-0.0,12.0,136.0,18127.0,11.333323888896759,0.10896126722552302,0.13397459591508143
2,0.0,2.0,-0.0,12.0,148.0,16880.0,12.33332305556412,0.11054876322082097,0.13397459142045165
