,round,tube,nut,amount
0,0.0,0.0,0.0,0.6132373016173247
1,0.0,0.0,1.0,912.2347506753985
2,0.0,0.0,2.0,0.21821824367846077
3,0.0,0.0,3.0,0.3292791408532061
4,0.0,1.0,0.0,1259.3459056045083
5,0.0,1.0,1.0,1597.0475544381025
6,0.0,1.0,2.0,0.5635740521908801
7,0.0,1.0,3.0,0.1485347244935249
8,0.0,2.0,0.0,1259.2890892107475
9,0.0,2.0,1.0,1597.0166435108722
10,0.0,2.0,2.0,0.41019507523870047
11,0.0,2.0,3.0,0.23149625336226004
