,round,tube,sp,pop_0,final_pop,st_div_H,auc,fc
0,0.0,0.0,13.0,8.0,84.0,0.6905939864775922,8377.0,10.499986875016408
1,0.0,1.0,13.0,8.0,73.0,0.6923025066041153,8449.0,9.124988593764257
2,0.0,2.0,13.0,8.0,89.0,0.6463970669149279,7935.0,11.124986093767383
