,round,tube,sp_div_H,tot_pop_0,tot_final_pop,tot_auc,mean_fc,deg_score,nut_score
0,0.0,0.0,-0.0,8.0,275.0,9575.0,34.374957031303715,0.27578389093272904,0.4419353978067181
1,0.0,1.0,-0.0,8.0,279.0,7764.0,34.87495640630449,0.2739657395742918,0.4414004723600581
2,0.0,2.0,-0.0,8.0,256.0,5986.0,31.999960000050002,0.2573426090041341,0.4208289863081893
