,round,tube,nut,amount
0,0.0,0.0,0.0,2000.0
1,0.0,0.0,1.0,2000.0
2,0.0,0.0,2.0,0.37332022016055166
3,0.0,0.0,3.0,0.7479538891523602
4,0.0,1.0,0.0,2000.0
5,0.0,1.0,1.0,2000.0
6,0.0,1.0,2.0,0.8258108974016438
7,0.0,1.0,3.0,0.4695693558771833
8,0.0,2.0,0.0,2000.0
9,0.0,2.0,1.0,2000.0
10,0.0,2.0,2.0,0.32278478295749924
11,0.0,2.0,3.0,0.7307610410450588
