,round,tube,sp,st,final_pop
0,0,0,1,"(0.0, 0.027883605042187953, 0.044588638878710875, 0.0, 0.05065640116558809, 0.0, 0.0, 0.0, 0.0, 0.034480130811573785)",5
1,0,0,1,"(0.0, 0.027883605042187953, 0.044588638878710875, 0.0, 0.031488363291038005, 0.0, 0.0, 0.0, 0.0, 0.034480130811573785)",273
2,0,0,1,"(0.0, 0.03926162523356134, 0.044588638878710875, 0.0, 0.015855828012473445, 0.0, 0.0, 0.0, 0.0, 0.034480130811573785)",161
3,0,1,1,"(0.0, 0.027883605042187953, 0.044588638878710875, 0.0, 0.031488363291038005, 0.0, 0.0, 0.0, 0.0, 0.034480130811573785)",240
4,0,1,1,"(0.0, 0.027883605042187953, 0.044588638878710875, 0.0, 0.05065640116558809, 0.0, 0.0, 0.0, 0.0, 0.034480130811573785)",56
5,0,1,1,"(0.0, 0.03926162523356134, 0.044588638878710875, 0.0, 0.015855828012473445, 0.0, 0.0, 0.0, 0.0, 0.034480130811573785)",183
6,0,2,1,"(0.0, 0.03926162523356134, 0.044588638878710875, 0.0, 0.015855828012473445, 0.0, 0.0, 0.0, 0.0, 0.034480130811573785)",356
7,0,2,1,"(0.0, 0.027883605042187953, 0.044588638878710875, 0.0, 0.05065640116558809, 0.0, 0.0, 0.0, 0.0, 0.034480130811573785)",42
8,0,2,1,"(0.0, 0.027883605042187953, 0.044588638878710875, 0.0, 0.031488363291038005, 0.0, 0.0, 0.0, 0.0, 0.034480130811573785)",128
