,round,tube,sp_div_H,tot_pop_0,tot_final_pop,tot_auc,mean_fc,deg_score,nut_score
0,0.0,0.0,-0.0,42.0,534.0,54101.0,12.71428268707555,0.2277332426604327,0.2928932007964211
1,0.0,1.0,-0.0,42.0,467.0,49434.0,11.119044971655958,0.22801049795828465,0.29289318753685134
2,0.0,2.0,-0.0,42.0,488.0,50985.0,11.619044852608367,0.2287264719519262,0.29289321821932324
