,round,tube,sp_div_H,tot_pop_0,tot_final_pop,tot_auc,mean_fc,deg_score,nut_score
0,0.0,0.0,-0.0,36.0,556.0,47440.0,15.444440154322178,0.16333997346592444,0.29288204016496666
1,0.0,1.0,-0.0,36.0,550.0,44217.0,15.277773533951795,0.16333997346592444,0.29282906868373115
2,0.0,2.0,-0.0,36.0,561.0,44673.0,15.58332900463083,0.16333997346592444,0.2928182991636965
