,round,tube,sp,pop_0,final_pop,st_div_H,auc,fc
0,0.0,0.0,2.0,10.0,8.0,-0.0,626.0,0.7999992000008
1,0.0,1.0,2.0,10.0,14.0,-0.0,814.0,1.3999986000014
2,0.0,2.0,2.0,10.0,1.0,-0.0,350.0,0.0999999000001
