,round,tube,sp,st,final_pop
0,0,0,8,"(0.09605717927189591, 0.046525949225991035, 0.0, 0.0, 0.07022106556493442, 0.0, 0.08319516954615302, 0.1116381245929446, 0.0, 0.0)",33
1,0,0,8,"(0.11463106117907225, 0.046525949225991035, 0.0, 0.0, 0.07022106556493442, 0.0, 0.08319516954615302, 0.1116381245929446, 0.0, 0.0)",150
2,0,0,8,"(0.0659052450799334, 0.046525949225991035, 0.0, 0.0, 0.07022106556493442, 0.0, 0.08319516954615302, 0.1116381245929446, 0.0, 0.0)",39
3,0,1,8,"(0.11463106117907225, 0.046525949225991035, 0.0, 0.0, 0.07022106556493442, 0.0, 0.08319516954615302, 0.1116381245929446, 0.0, 0.0)",151
4,0,1,8,"(0.09605717927189591, 0.046525949225991035, 0.0, 0.0, 0.07022106556493442, 0.0, 0.08319516954615302, 0.1116381245929446, 0.0, 0.0)",86
5,0,1,8,"(0.0659052450799334, 0.046525949225991035, 0.0, 0.0, 0.07022106556493442, 0.0, 0.08319516954615302, 0.1116381245929446, 0.0, 0.0)",7
6,0,2,8,"(0.11463106117907225, 0.046525949225991035, 0.0, 0.0, 0.07022106556493442, 0.0, 0.08319516954615302, 0.1116381245929446, 0.0, 0.0)",121
7,0,2,8,"(0.0659052450799334, 0.046525949225991035, 0.0, 0.0, 0.07022106556493442, 0.0, 0.08319516954615302, 0.1116381245929446, 0.0, 0.0)",74
8,0,2,8,"(0.09605717927189591, 0.046525949225991035, 0.0, 0.0, 0.07022106556493442, 0.0, 0.08319516954615302, 0.1116381245929446, 0.0, 0.0)",35
