,round,tube,nut,amount
0,0.0,0.0,0.0,0.13385174504969527
1,0.0,0.0,1.0,2000.0
2,0.0,0.0,2.0,0.55922371155117
3,0.0,0.0,3.0,0.12633648903430383
4,0.0,1.0,0.0,0.3285102848083007
5,0.0,1.0,1.0,2000.0
6,0.0,1.0,2.0,207.11235843858236
7,0.0,1.0,3.0,0.3614723512174123
8,0.0,2.0,0.0,0.35257623397865984
9,0.0,2.0,1.0,2000.0
10,0.0,2.0,2.0,207.13393575419434
11,0.0,2.0,3.0,0.16328143993363242
