,round,tube,nut,amount
0,0.0,0.0,0.0,0.4673591863997393
1,0.0,0.0,1.0,2000.0
2,0.0,0.0,2.0,0.46929280840694787
3,0.0,0.0,3.0,2000.0
4,0.0,1.0,0.0,1994.0447810672033
5,0.0,1.0,1.0,2000.0
6,0.0,1.0,2.0,1993.4466273242867
7,0.0,1.0,3.0,2000.0
8,0.0,2.0,0.0,32.334038661296354
9,0.0,2.0,1.0,2000.0
10,0.0,2.0,2.0,0.26585391225630906
11,0.0,2.0,3.0,2000.0
