,round,tube,nut,amount
0,0.0,0.0,0.0,1373.1522910012704
1,0.0,0.0,1.0,2000.0
2,0.0,0.0,2.0,2000.0
3,0.0,0.0,3.0,1723.2932206777796
4,0.0,1.0,0.0,1600.6348110151525
5,0.0,1.0,1.0,2000.0
6,0.0,1.0,2.0,2000.0
7,0.0,1.0,3.0,1823.709884185561
8,0.0,2.0,0.0,945.4489656521715
9,0.0,2.0,1.0,2000.0
10,0.0,2.0,2.0,2000.0
11,0.0,2.0,3.0,1534.4939190869768
