,round,tube,sp,pop_0,final_pop,st_div_H,auc,fc
0,0.0,0.0,0.0,10.0,246.0,-0.0,22427.0,24.5999754000246
1,0.0,1.0,0.0,10.0,299.0,-0.0,25938.0,29.8999701000299
2,0.0,2.0,0.0,10.0,234.0,-0.0,23122.0,23.3999766000234
