,round,tube,sp_div_H,tot_pop_0,tot_final_pop,tot_auc,mean_fc,deg_score,nut_score
0,0.0,0.0,-0.0,8.0,46.0,2104.0,5.749992812508984,0.1887974857914806,0.13187478597298363
1,0.0,1.0,-0.0,8.0,52.0,2682.0,6.499991875010156,0.20943259273740134,0.13397456819567177
2,0.0,2.0,-0.0,8.0,14.0,875.0,1.7499978125027345,0.08600851040072333,0.08030236701990512
