,round,tube,nut,amount
0,0.0,0.0,0.0,891.5286322151048
1,0.0,0.0,1.0,0.26320997851970773
2,0.0,0.0,2.0,2000.0
3,0.0,0.0,3.0,0.5106995261831495
4,0.0,1.0,0.0,0.26061217448650176
5,0.0,1.0,1.0,0.0037643470691977043
6,0.0,1.0,2.0,2000.0
7,0.0,1.0,3.0,0.29882207198268773
8,0.0,2.0,0.0,0.3546672188212261
9,0.0,2.0,1.0,0.08868077711919398
10,0.0,2.0,2.0,2000.0
11,0.0,2.0,3.0,0.04309605885900414
