,round,tube,nut,amount
0,0.0,0.0,0.0,0.43684582383664033
1,0.0,0.0,1.0,0.38862034893261477
2,0.0,0.0,2.0,2000.0
3,0.0,0.0,3.0,1335.9486996463365
4,0.0,1.0,0.0,0.384600977691387
5,0.0,1.0,1.0,0.44371904555041397
6,0.0,1.0,2.0,2000.0
7,0.0,1.0,3.0,7.184112612237573
8,0.0,2.0,0.0,0.5989492232378442
9,0.0,2.0,1.0,0.4284063308671955
10,0.0,2.0,2.0,2000.0
11,0.0,2.0,3.0,1336.00253389155
