,round,tube,sp,pop_0,final_pop,st_div_H,auc,fc
0,0.0,0.0,8.0,24.0,764.0,1.7110937283330925,87876.0,31.83332006944997
1,0.0,1.0,8.0,24.0,784.0,1.9890391216558483,87800.0,32.66665305556123
2,0.0,2.0,8.0,24.0,759.0,1.9787973367719427,87941.0,31.624986822922157
