,round,tube,sp,pop_0,final_pop,st_div_H,auc,fc
0,0.0,0.0,7.0,8.0,656.0,-0.0,48816.0,81.99989750012813
1,0.0,1.0,7.0,8.0,616.0,-0.0,49998.0,76.99990375012031
2,0.0,2.0,7.0,8.0,639.0,-0.0,49623.0,79.8749001563748
