,round,tube,nut,amount
0,0.0,0.0,0.0,2000.0
1,0.0,0.0,1.0,0.583406018323156
2,0.0,0.0,2.0,2000.0
3,0.0,0.0,3.0,441.79947194430736
4,0.0,1.0,0.0,2000.0
5,0.0,1.0,1.0,0.18956931096091267
6,0.0,1.0,2.0,2000.0
7,0.0,1.0,3.0,25.530552872829276
8,0.0,2.0,0.0,2000.0
9,0.0,2.0,1.0,0.7037055034033521
10,0.0,2.0,2.0,2000.0
11,0.0,2.0,3.0,0.8209869144473434
