,round,tube,nut,amount
0,0.0,0.0,0.0,2000.0
1,0.0,0.0,1.0,2000.0
2,0.0,0.0,2.0,0.9381037910760615
3,0.0,0.0,3.0,0.42774165797329955
4,0.0,1.0,0.0,2000.0
5,0.0,1.0,1.0,2000.0
6,0.0,1.0,2.0,0.9975128702001526
7,0.0,1.0,3.0,0.36416457837706695
8,0.0,2.0,0.0,2000.0
9,0.0,2.0,1.0,2000.0
10,0.0,2.0,2.0,0.5614724558404125
11,0.0,2.0,3.0,0.5049988074789071
