,round,tube,sp,pop_0,final_pop,st_div_H,auc,fc
0,0.0,0.0,4.0,4.0,70.0,-0.0,2056.0,17.499956250109378
1,0.0,1.0,4.0,4.0,91.0,-0.0,3428.0,22.749943125142188
2,0.0,2.0,4.0,4.0,7.0,-0.0,298.0,1.7499956250109376
