,round,tube,nut,amount
0,0.0,0.0,0.0,0.08399725456690743
1,0.0,0.0,1.0,2000.0
2,0.0,0.0,2.0,0.4734994882693466
3,0.0,0.0,3.0,2000.0
4,0.0,1.0,0.0,0.8705124809334837
5,0.0,1.0,1.0,2000.0
6,0.0,1.0,2.0,0.14402621293600637
7,0.0,1.0,3.0,2000.0
8,0.0,2.0,0.0,0.5848202304488248
9,0.0,2.0,1.0,2000.0
10,0.0,2.0,2.0,0.028803081375688322
11,0.0,2.0,3.0,2000.0
