,round,tube,sp_div_H,tot_pop_0,tot_final_pop,tot_auc,mean_fc,deg_score,nut_score
0,0.0,0.0,-0.0,10.0,81.0,9491.0,8.099991900008101,0.17708677439898524,0.13397459581948745
1,0.0,1.0,-0.0,10.0,78.0,9229.0,7.7999922000078,0.1753363537328787,0.1339745845698036
2,0.0,2.0,-0.0,10.0,73.0,9019.0,7.299992700007301,0.17844300812726943,0.13397458400418072
