,round,tube,sp,pop_0,final_pop,st_div_H,auc,fc
0,0.0,0.0,0.0,17.0,304.0,1.527841729001245,35342.0,17.882342422151517
1,0.0,1.0,0.0,17.0,335.0,1.845435702703834,36917.0,19.705870761252495
2,0.0,2.0,0.0,17.0,288.0,1.6668344169774207,35384.0,16.941166505196176
