,round,tube,sp,pop_0,final_pop,st_div_H,auc,fc
0,0.0,0.0,11.0,21.0,488.0,1.5400506271882188,52419.0,23.23808417234087
1,0.0,1.0,11.0,21.0,530.0,1.594613569315741,50692.0,25.238083219960373
2,0.0,2.0,11.0,21.0,528.0,1.5117155966705393,53259.0,25.14284517007373
