,round,tube,sp,pop_0,final_pop,st_div_H,auc,fc
0,0.0,0.0,8.0,8.0,529.0,-0.0,59999.0,66.12491734385333
1,0.0,1.0,8.0,8.0,562.0,-0.0,57142.0,70.24991218760977
2,0.0,2.0,8.0,8.0,986.0,-0.0,84614.0,123.24984593769258
