,round,tube,sp,st,final_pop
0,0,0,8,"(0.0, 0.016643627919484913, 0.0317854160140576, 0.0, 0.0, 0.0, 0.00026087500255182283, 0.0, 0.0, 0.0)",12
1,0,0,8,"(0.0, 0.016643627919484913, 0.02852076469392659, 0.0, 0.0, 0.0, 0.00026087500255182283, 0.0, 0.0, 0.0)",380
2,0,1,8,"(0.0, 0.016643627919484913, 0.02852076469392659, 0.0, 0.0, 0.0, 0.00026087500255182283, 0.0, 0.0, 0.0)",272
3,0,2,8,"(0.0, 0.016643627919484913, 0.0317854160140576, 0.0, 0.0, 0.0, 0.00026087500255182283, 0.0, 0.0, 0.0)",12
4,0,2,8,"(0.0, 0.016643627919484913, 0.02852076469392659, 0.0, 0.0, 0.0, 0.00026087500255182283, 0.0, 0.0, 0.0)",359
