,round,tube,sp,pop_0,final_pop,st_div_H,auc,fc
0,0.0,0.0,3.0,10.0,417.0,0.0541197149945183,28622.0,41.6999583000417
1,0.0,1.0,3.0,10.0,413.0,0.22173898134862044,28420.0,41.2999587000413
2,0.0,2.0,3.0,10.0,409.0,0.23005100979489923,26408.0,40.8999591000409
