,round,tube,sp_div_H,tot_pop_0,tot_final_pop,tot_auc,mean_fc,deg_score,nut_score
0,0.0,0.0,-0.0,14.0,319.0,50644.0,22.785698010215707,0.04956216194666141,0.39911387612764226
1,0.0,1.0,-0.0,14.0,297.0,45417.0,21.214270561235313,0.04967417560012244,0.3991193744249262
2,0.0,2.0,-0.0,14.0,294.0,48124.0,20.999985000010714,0.0512287801770297,0.39912068389869926
