,round,tube,sp_div_H,tot_pop_0,tot_final_pop,tot_auc,mean_fc,deg_score,nut_score
0,0.0,0.0,-0.0,9.0,140.0,17274.0,15.555538271624144,0.10591726523219513,0.13397457075678043
1,0.0,1.0,-0.0,9.0,166.0,17435.0,18.444423950640054,0.10496955286303145,0.13397459148230528
2,0.0,2.0,-0.0,9.0,147.0,15931.0,16.33331518520535,0.1068349354256849,0.1339745954392918
