,round,tube,sp,st,final_pop
0,0,0,5,"(0.1792078360399821, 0.13151103531888653, 0.10350937996452789, 0.15450405232413814, 0.0, 0.0, 0.0, 0.004136860434887662, 0.0, 0.0)",711
1,0,0,5,"(0.27958235562412564, 0.13151103531888653, 0.10350937996452789, 0.15450405232413814, 0.0, 0.0, 0.0, 0.004136860434887662, 0.0, 0.0)",34
2,0,1,5,"(0.1792078360399821, 0.13151103531888653, 0.10350937996452789, 0.15450405232413814, 0.0, 0.0, 0.0, 0.004136860434887662, 0.0, 0.0)",622
3,0,1,5,"(0.27958235562412564, 0.13151103531888653, 0.10350937996452789, 0.15450405232413814, 0.0, 0.0, 0.0, 0.004136860434887662, 0.0, 0.0)",19
4,0,2,5,"(0.27958235562412564, 0.13151103531888653, 0.10350937996452789, 0.15450405232413814, 0.0, 0.0, 0.0, 0.004136860434887662, 0.0, 0.0)",4
5,0,2,5,"(0.1792078360399821, 0.13151103531888653, 0.10350937996452789, 0.15450405232413814, 0.0, 0.0, 0.0, 0.004136860434887662, 0.0, 0.0)",639
