,round,tube,sp_div_H,tot_pop_0,tot_final_pop,tot_auc,mean_fc,deg_score,nut_score
0,0.0,0.0,-0.0,67.0,999.0,109675.0,14.910445535754397,0.26000515889856,0.497324973256267
1,0.0,1.0,-0.0,67.0,1106.0,115813.0,16.50746022276713,0.26777450783900125,0.4999999901683443
2,0.0,2.0,-0.0,67.0,1068.0,115659.0,15.94029612831401,0.2596759611379196,0.4973257589306763
