,round,tube,nut,amount
0,0.0,0.0,0.0,0.3802277745395948
1,0.0,0.0,1.0,2000.0
2,0.0,0.0,2.0,207.1587278791117
3,0.0,0.0,3.0,0.19255999081729236
4,0.0,1.0,0.0,0.11832899544730108
5,0.0,1.0,1.0,2000.0
6,0.0,1.0,2.0,0.3362117105204171
7,0.0,1.0,3.0,0.1739724873280769
8,0.0,2.0,0.0,0.3461923983132057
9,0.0,2.0,1.0,2000.0
10,0.0,2.0,2.0,207.12821206401503
11,0.0,2.0,3.0,0.2570445813597027
