,round,tube,nut,amount
0,0.0,0.0,0.0,2000.0
1,0.0,0.0,1.0,0.3095483256548093
2,0.0,0.0,2.0,0.48077540168180954
3,0.0,0.0,3.0,2000.0
4,0.0,1.0,0.0,2000.0
5,0.0,1.0,1.0,0.09521418513289248
6,0.0,1.0,2.0,0.8339046182501342
7,0.0,1.0,3.0,2000.0
8,0.0,2.0,0.0,2000.0
9,0.0,2.0,1.0,0.3534771941745282
10,0.0,2.0,2.0,0.9133483683257713
11,0.0,2.0,3.0,2000.0
