,round,tube,sp,pop_0,final_pop,st_div_H,auc,fc
0,0.0,0.0,6.0,1.0,0.0,,4.0,0.0
1,0.0,1.0,6.0,1.0,212.0,-0.0,16766.0,211.99788002119976
2,0.0,2.0,6.0,1.0,258.0,-0.0,13198.0,257.9974200257997
