,round,tube,nut,amount
0,0.0,0.0,0.0,0.2542292333366172
1,0.0,0.0,1.0,2000.0
2,0.0,0.0,2.0,0.9726213544662915
3,0.0,0.0,3.0,2000.0
4,0.0,1.0,0.0,0.21018547101557994
5,0.0,1.0,1.0,2000.0
6,0.0,1.0,2.0,0.8374083745652873
7,0.0,1.0,3.0,2000.0
8,0.0,2.0,0.0,0.40989567244338154
9,0.0,2.0,1.0,2000.0
10,0.0,2.0,2.0,0.12286682001136306
11,0.0,2.0,3.0,2000.0
