,round,tube,sp,pop_0,final_pop,st_div_H,auc,fc
0,0.0,0.0,13.0,45.0,1017.0,2.5525932265965956,111511.0,22.59999497777889
1,0.0,1.0,13.0,45.0,984.0,2.4181716181265793,113386.0,21.866661807408487
2,0.0,2.0,13.0,45.0,1072.0,2.265064234273388,116703.0,23.822216928396237
