,round,tube,sp,pop_0,final_pop,st_div_H,auc,fc
0,0.0,0.0,7.0,9.0,293.0,0.6052693404719033,8079.0,32.555519382756245
1,0.0,1.0,7.0,9.0,242.0,0.1309874498456759,10390.0,26.888859012378877
2,0.0,2.0,7.0,9.0,236.0,-0.0,10488.0,26.222193086452126
