,round,tube,sp_div_H,tot_pop_0,tot_final_pop,tot_auc,mean_fc,deg_score,nut_score
0,0.0,0.0,-0.0,8.0,89.0,4885.0,11.124986093767383,0.1860414952750563,0.13397458122650618
1,0.0,1.0,-0.0,8.0,112.0,6062.0,13.999982500021876,0.19128019989427014,0.1339745860973769
2,0.0,2.0,-0.0,8.0,83.0,6076.0,10.374987031266212,0.1895675686331486,0.1339745770183297
