,round,tube,nut,amount
0,0.0,0.0,0.0,1540.2926246167333
1,0.0,0.0,1.0,2000.0
2,0.0,0.0,2.0,1423.8285920556805
3,0.0,0.0,3.0,1555.5355591776101
4,0.0,1.0,0.0,1166.9440590623303
5,0.0,1.0,1.0,2000.0
6,0.0,1.0,2.0,955.8944665913602
7,0.0,1.0,3.0,1194.5664507689664
8,0.0,2.0,0.0,1296.756868505437
9,0.0,2.0,1.0,2000.0
10,0.0,2.0,2.0,1118.5945518873216
11,0.0,2.0,3.0,1320.0749391037677
