,round,tube,sp,pop_0,final_pop,st_div_H,auc,fc
0,0.0,0.0,1.0,11.0,447.0,0.04027236958915692,68084.0,40.63632669424846
1,0.0,1.0,1.0,11.0,493.0,0.31470960024690653,69095.0,44.818141074417206
2,0.0,2.0,1.0,11.0,490.0,0.21327228615764524,74600.0,44.545414049623595
