,round,tube,nut,amount
0,0.0,0.0,0.0,2000.0
1,0.0,0.0,1.0,0.69117326591937
2,0.0,0.0,2.0,2000.0
3,0.0,0.0,3.0,0.34025137476692624
4,0.0,1.0,0.0,2000.0
5,0.0,1.0,1.0,0.7526665834926898
6,0.0,1.0,2.0,2000.0
7,0.0,1.0,3.0,0.21911374852300014
8,0.0,2.0,0.0,2000.0
9,0.0,2.0,1.0,0.09356883842086539
10,0.0,2.0,2.0,2000.0
11,0.0,2.0,3.0,0.7815014058658729
