,round,tube,sp_div_H,tot_pop_0,tot_final_pop,tot_auc,mean_fc,deg_score,nut_score
0,0.0,0.0,-0.0,39.0,1110.0,112062.0,28.461531163709957,0.2864942129475383,0.4999999328550577
1,0.0,1.0,-0.0,39.0,1072.0,109338.0,27.48717243918655,0.28121125604660746,0.4973222264714806
2,0.0,2.0,-0.0,39.0,1054.0,106301.0,27.025634095991254,0.28300559999574537,0.49999998307690174
