,round,tube,sp,pop_0,final_pop,st_div_H,auc,fc
0,0.0,0.0,9.0,4.0,76.0,0.6424220210762541,1861.0,18.999952500118752
1,0.0,1.0,9.0,4.0,68.0,0.48792436937043204,5032.0,16.99995750010625
2,0.0,2.0,9.0,4.0,86.0,0.686371452146747,5287.0,21.499946250134375
