,round,tube,sp,st,final_pop
0,0,0,5,"(0.058578320432266816, 0.07469670966282117, 0.15112437981031296, 0.04764228081645097, 0.0, 0.0, 0.0, 0.06141851429237126, 0.0, 0.0)",207
1,0,0,5,"(0.06532435616590872, 0.07469670966282117, 0.15112437981031296, 0.1385992746133966, 0.0, 0.0, 0.0, 0.028680626553339604, 0.0, 0.0)",330
2,0,1,5,"(0.058578320432266816, 0.07469670966282117, 0.15112437981031296, 0.04764228081645097, 0.0, 0.0, 0.0, 0.06141851429237126, 0.0, 0.0)",44
3,0,1,5,"(0.06532435616590872, 0.07469670966282117, 0.15112437981031296, 0.1385992746133966, 0.0, 0.0, 0.0, 0.028680626553339604, 0.0, 0.0)",406
4,0,2,5,"(0.058578320432266816, 0.07469670966282117, 0.15112437981031296, 0.04764228081645097, 0.0, 0.0, 0.0, 0.06141851429237126, 0.0, 0.0)",221
5,0,2,5,"(0.06532435616590872, 0.07469670966282117, 0.15112437981031296, 0.1385992746133966, 0.0, 0.0, 0.0, 0.028680626553339604, 0.0, 0.0)",220
