,round,tube,nut,amount
0,0.0,0.0,0.0,2000.0
1,0.0,0.0,1.0,0.8587809052860974
2,0.0,0.0,2.0,2000.0
3,0.0,0.0,3.0,0.06516647569135259
4,0.0,1.0,0.0,2000.0
5,0.0,1.0,1.0,0.518760096899568
6,0.0,1.0,2.0,2000.0
7,0.0,1.0,3.0,0.12714679567007714
8,0.0,2.0,0.0,2000.0
9,0.0,2.0,1.0,0.5139336228096284
10,0.0,2.0,2.0,2000.0
11,0.0,2.0,3.0,0.48989116710794955
