,round,tube,sp_div_H,tot_pop_0,tot_final_pop,tot_auc,mean_fc,deg_score,nut_score
0,0.0,0.0,-0.0,8.0,313.0,47435.0,39.124951093811134,0.0448741259430937,0.39911768466702024
1,0.0,1.0,-0.0,8.0,425.0,56598.0,53.12493359383301,0.05024087021019341,0.4999999737848272
2,0.0,2.0,-0.0,8.0,265.0,51655.0,33.12495859380176,0.043713751992327965,0.39912312939146466
