,round,tube,sp,pop_0,final_pop,st_div_H,auc,fc
0,0.0,0.0,14.0,12.0,623.0,-0.0,31779.0,51.91662340281383
1,0.0,1.0,14.0,12.0,639.0,-0.0,29758.0,53.24995562503698
2,0.0,2.0,14.0,12.0,627.0,-0.0,29002.0,52.24995645836962
