,round,tube,nut,amount
0,0.0,0.0,0.0,0.16537825254195138
1,0.0,0.0,1.0,2000.0
2,0.0,0.0,2.0,0.10215071921185048
3,0.0,0.0,3.0,2000.0
4,0.0,1.0,0.0,0.4560434894842682
5,0.0,1.0,1.0,2000.0
6,0.0,1.0,2.0,0.1514847048005734
7,0.0,1.0,3.0,2000.0
8,0.0,2.0,0.0,0.01509589867852279
9,0.0,2.0,1.0,2000.0
10,0.0,2.0,2.0,0.3732212138094009
11,0.0,2.0,3.0,2000.0
