,round,tube,nut,amount
0,0.0,0.0,0.0,2000.0
1,0.0,0.0,1.0,2000.0
2,0.0,0.0,2.0,0.4164814587109289
3,0.0,0.0,3.0,0.18972944365926825
4,0.0,1.0,0.0,2000.0
5,0.0,1.0,1.0,2000.0
6,0.0,1.0,2.0,0.9837875742031138
7,0.0,1.0,3.0,0.10515067235726194
8,0.0,2.0,0.0,2000.0
9,0.0,2.0,1.0,2000.0
10,0.0,2.0,2.0,0.5644240164467013
11,0.0,2.0,3.0,0.30300519753367516
