,round,tube,sp_div_H,tot_pop_0,tot_final_pop,tot_auc,mean_fc,deg_score,nut_score
0,0.0,0.0,-0.0,4.0,121.0,3419.0,30.249924375189064,0.17524913876231785,0.1742008711126638
1,0.0,1.0,-0.0,4.0,143.0,5093.0,35.74991062522344,0.18763776115284314,0.2547686248270924
2,0.0,2.0,-0.0,4.0,143.0,5488.0,35.74991062522344,0.18682253092111645,0.2572518026426146
