,round,tube,sp,pop_0,final_pop,st_div_H,auc,fc
0,0.0,0.0,5.0,4.0,121.0,0.6890092384766586,3419.0,30.249924375189064
1,0.0,1.0,5.0,4.0,143.0,0.7705904908502806,5093.0,35.74991062522344
2,0.0,2.0,5.0,4.0,143.0,0.5484867491415426,5488.0,35.74991062522344
