,round,tube,sp,pop_0,final_pop,st_div_H,auc,fc
0,0.0,0.0,6.0,11.0,96.0,0.4154129738607282,13892.0,8.727264793395642
1,0.0,1.0,6.0,11.0,91.0,0.5769287655548124,12516.0,8.272719752072954
2,0.0,2.0,6.0,11.0,91.0,-0.0,13182.0,8.272719752072954
