,round,tube,sp,pop_0,final_pop,st_div_H,auc,fc
0,0.0,0.0,4.0,8.0,369.0,-0.0,12519.0,46.12494234382207
1,0.0,1.0,4.0,8.0,375.0,-0.0,13886.0,46.874941406323245
2,0.0,2.0,4.0,8.0,288.0,-0.0,8132.0,35.999955000056254
