,round,tube,sp_div_H,tot_pop_0,tot_final_pop,tot_auc,mean_fc,deg_score,nut_score
0,0.0,0.0,-0.0,8.0,382.0,49176.0,47.74994031257461,0.11934061581035904,0.45257019737435533
1,0.0,1.0,-0.0,8.0,478.0,58531.0,59.74992531259336,0.12548727240154756,0.49999999119762906
2,0.0,2.0,-0.0,8.0,385.0,52325.0,48.124939843825196,0.12120559874275216,0.45258008082190515
