,round,tube,sp,pop_0,final_pop,st_div_H,auc,fc
0,0.0,0.0,12.0,4.0,49.0,-0.0,1395.0,12.249969375076564
1,0.0,1.0,12.0,4.0,74.0,-0.0,1280.0,18.499953750115626
2,0.0,2.0,12.0,4.0,85.0,-0.0,3324.0,21.249946875132814
