,round,tube,sp_div_H,tot_pop_0,tot_final_pop,tot_auc,mean_fc,deg_score,nut_score
0,0.0,0.0,-0.0,10.0,717.0,26947.0,71.6999283000717,0.2054370670964073,0.31215340975412387
1,0.0,1.0,-0.0,10.0,647.0,21034.0,64.69993530006471,0.2015872956432676,0.3061245914078067
2,0.0,2.0,-0.0,10.0,671.0,31525.0,67.0999329000671,0.2078168297675419,0.31400316630406955
