,round,tube,sp_div_H,tot_pop_0,tot_final_pop,tot_auc,mean_fc,deg_score,nut_score
0,0.0,0.0,-0.0,1.0,104.0,2177.0,103.99896001039988,0.12982815988839347,0.1858535819319922
1,0.0,1.0,-0.0,1.0,141.0,2085.0,140.99859001409985,0.12303971791325696,0.17431233108589872
2,0.0,2.0,-0.0,1.0,205.0,4149.0,204.9979500204998,0.1935771027209171,0.2711461578105522
