,round,tube,sp_div_H,tot_pop_0,tot_final_pop,tot_auc,mean_fc,deg_score,nut_score
0,0.0,0.0,-0.0,11.0,234.0,16482.0,21.27270793390188,0.2410314830078989,0.49999994503804746
1,0.0,1.0,-0.0,11.0,214.0,14282.0,19.45452776861112,0.2389034026804252,0.49862791767510284
2,0.0,2.0,-0.0,11.0,264.0,14910.0,23.999978181838017,0.24488801278299943,0.4986297670473392
