,round,tube,sp_div_H,tot_pop_0,tot_final_pop,tot_auc,mean_fc,deg_score,nut_score
0,0.0,0.0,-0.0,10.0,132.0,29891.0,13.1999868000132,0.1978630511463796,0.2928931881251746
1,0.0,1.0,-0.0,10.0,134.0,29798.0,13.399986600013401,0.19521040894068875,0.2928931919837877
2,0.0,2.0,-0.0,10.0,138.0,30080.0,13.7999862000138,0.20160631882898217,0.2928932142471036
