,round,tube,nut,amount
0,0.0,0.0,0.0,0.24199150029664107
1,0.0,0.0,1.0,2000.0
2,0.0,0.0,2.0,0.45903301659997764
3,0.0,0.0,3.0,2000.0
4,0.0,1.0,0.0,0.50241437544818
5,0.0,1.0,1.0,2000.0
6,0.0,1.0,2.0,0.7871807860995094
7,0.0,1.0,3.0,2000.0
8,0.0,2.0,0.0,0.44410258210342235
9,0.0,2.0,1.0,2000.0
10,0.0,2.0,2.0,0.7352907374044744
11,0.0,2.0,3.0,2000.0
