,round,tube,sp_div_H,tot_pop_0,tot_final_pop,tot_auc,mean_fc,deg_score,nut_score
0,0.0,0.0,-0.0,2.0,301.0,38132.0,150.4992475037625,0.13573548384552292,0.4915457095703816
1,0.0,1.0,-0.0,2.0,336.0,37882.0,167.99916000419998,0.1370673393757016,0.491535668293551
2,0.0,2.0,-0.0,2.0,600.0,43893.0,299.99850000749996,0.16312887935322484,0.7719936629267085
