,round,tube,nut,amount
0,0.0,0.0,0.0,2000.0
1,0.0,0.0,1.0,2000.0
2,0.0,0.0,2.0,0.9541673456760172
3,0.0,0.0,3.0,0.08375978159936892
4,0.0,1.0,0.0,2000.0
5,0.0,1.0,1.0,2000.0
6,0.0,1.0,2.0,0.956405060403662
7,0.0,1.0,3.0,0.2799890849578669
8,0.0,2.0,0.0,2000.0
9,0.0,2.0,1.0,2000.0
10,0.0,2.0,2.0,0.8258573894668159
11,0.0,2.0,3.0,0.358227004352337
