,round,tube,sp,pop_0,final_pop,st_div_H,auc,fc
0,0.0,0.0,7.0,4.0,80.0,-0.0,2118.0,19.999950000125
1,0.0,1.0,7.0,4.0,115.0,-0.0,2773.0,28.74992812517969
2,0.0,2.0,7.0,4.0,217.0,-0.0,5151.0,54.249864375339065
