,round,tube,sp_div_H,tot_pop_0,tot_final_pop,tot_auc,mean_fc,deg_score,nut_score
0,0.0,0.0,0.0,1.0,0.0,87.0,0.0,0.007423307173173188,0.008873534331716448
1,0.0,1.0,0.0,1.0,0.0,11.0,0.0,0.0009420819475993714,0.0012230744603186627
2,0.0,2.0,0.0,1.0,0.0,4.0,0.0,0.0003426917423785536,0.0002998020279243452
