,round,tube,sp_div_H,tot_pop_0,tot_final_pop,tot_auc,mean_fc,deg_score,nut_score
0,0.0,0.0,-0.0,13.0,430.0,26176.0,33.07689763315567,0.2263380634785317,0.345145921008848
1,0.0,1.0,-0.0,13.0,370.0,22812.0,28.46151656806418,0.22575021878224943,0.3451499936321929
2,0.0,2.0,-0.0,13.0,430.0,26714.0,33.07689763315567,0.22503934760422395,0.34515596171903384
