,round,tube,nut,amount
0,0.0,0.0,0.0,0.5231048083679692
1,0.0,0.0,1.0,0.4151914579117714
2,0.0,0.0,2.0,2000.0
3,0.0,0.0,3.0,2000.0
4,0.0,1.0,0.0,0.8912795056767382
5,0.0,1.0,1.0,0.34338672124418573
6,0.0,1.0,2.0,2000.0
7,0.0,1.0,3.0,2000.0
8,0.0,2.0,0.0,0.48747797585617314
9,0.0,2.0,1.0,0.4510218772411866
10,0.0,2.0,2.0,2000.0
11,0.0,2.0,3.0,2000.0
