,round,tube,nut,amount
0,0.0,0.0,0.0,1259.3499620616199
1,0.0,0.0,1.0,1597.0497613513216
2,0.0,0.0,2.0,0.5745246810657871
3,0.0,0.0,3.0,0.3853015439958627
4,0.0,1.0,0.0,0.5589812407528916
5,0.0,1.0,1.0,912.2052326958462
6,0.0,1.0,2.0,0.25741586577703757
7,0.0,1.0,3.0,0.0783010401584825
8,0.0,2.0,0.0,0.13237767198806427
9,0.0,2.0,1.0,11.27862620797248
10,0.0,2.0,2.0,0.20177587281340048
11,0.0,2.0,3.0,0.3244461434981005
