,round,tube,sp,st,final_pop
0,0,0,8,"(0.09369258606422372, 0.0, 0.09886232529533268, 0.08423565292507454, 0.05671529234585902, 0.0, 0.013976145008882102, 0.0, 0.0, 0.0)",64
1,0,0,8,"(0.09369258606422372, 0.0, 0.09886232529533268, 0.08423565292507454, 0.09173902283359818, 0.0, 0.013976145008882102, 0.0, 0.0, 0.0)",404
2,0,1,8,"(0.09369258606422372, 0.0, 0.09886232529533268, 0.08423565292507454, 0.05671529234585902, 0.0, 0.013976145008882102, 0.0, 0.0, 0.0)",62
3,0,1,8,"(0.09369258606422372, 0.0, 0.09886232529533268, 0.08423565292507454, 0.09173902283359818, 0.0, 0.013976145008882102, 0.0, 0.0, 0.0)",386
4,0,2,8,"(0.09369258606422372, 0.0, 0.09886232529533268, 0.08423565292507454, 0.05671529234585902, 0.0, 0.013976145008882102, 0.0, 0.0, 0.0)",2
5,0,2,8,"(0.09369258606422372, 0.0, 0.09886232529533268, 0.08423565292507454, 0.09173902283359818, 0.0, 0.013976145008882102, 0.0, 0.0, 0.0)",501
