,round,tube,nut,amount
0,0.0,0.0,0.0,2000.0
1,0.0,0.0,1.0,2000.0
2,0.0,0.0,2.0,0.4532744811171927
3,0.0,0.0,3.0,0.11348526171299067
4,0.0,1.0,0.0,2000.0
5,0.0,1.0,1.0,2000.0
6,0.0,1.0,2.0,0.21189287770490095
7,0.0,1.0,3.0,0.110709173988643
8,0.0,2.0,0.0,2000.0
9,0.0,2.0,1.0,2000.0
10,0.0,2.0,2.0,0.13662291531757798
11,0.0,2.0,3.0,0.42509135466527503
