,round,tube,sp_div_H,tot_pop_0,tot_final_pop,tot_auc,mean_fc,deg_score,nut_score
0,0.0,0.0,-0.0,13.0,72.0,4115.0,5.538457278109786,0.14922005148709927,0.13397457183041228
1,0.0,1.0,-0.0,13.0,47.0,3071.0,3.615381834321666,0.14863395478716046,0.133974595477516
2,0.0,2.0,-0.0,13.0,77.0,4600.0,5.923072366867411,0.14883839174690106,0.13397457584414363
