,round,tube,nut,amount
0,0.0,0.0,0.0,1934.7599818473327
1,0.0,0.0,1.0,1927.4767490512922
2,0.0,0.0,2.0,2000.0
3,0.0,0.0,3.0,1936.366328576649
4,0.0,1.0,0.0,1957.5649720729652
5,0.0,1.0,1.0,1952.8276314674406
6,0.0,1.0,2.0,2000.0
7,0.0,1.0,3.0,1958.6098118852306
8,0.0,2.0,0.0,1947.9897764825398
9,0.0,2.0,1.0,1942.183484939739
10,0.0,2.0,2.0,2000.0
11,0.0,2.0,3.0,1949.2703777883657
