,round,tube,sp,pop_0,final_pop,st_div_H,auc,fc
0,0.0,0.0,11.0,7.0,318.0,-0.0,17694.0,45.42850653070496
1,0.0,1.0,11.0,7.0,299.0,-0.0,22103.0,42.714224693964724
2,0.0,2.0,11.0,7.0,258.0,-0.0,19084.0,36.857090204156854
