,round,tube,sp_div_H,tot_pop_0,tot_final_pop,tot_auc,mean_fc,deg_score,nut_score
0,0.0,0.0,-0.0,35.0,365.0,33822.0,10.428568448980442,0.14603535736817785,0.29289303779208054
1,0.0,1.0,-0.0,35.0,408.0,34582.0,11.657139526531562,0.1428598026098613,0.2928931743319606
2,0.0,2.0,-0.0,35.0,405.0,36928.0,11.571425265307067,0.13693257104995238,0.2928931787945179
