,round,tube,sp,pop_0,final_pop,st_div_H,auc,fc
0,0.0,0.0,2.0,5.0,130.0,-0.0,3825.0,25.999948000104002
1,0.0,1.0,2.0,5.0,90.0,-0.0,2652.0,17.999964000072
2,0.0,2.0,2.0,5.0,22.0,-0.0,792.0,4.399991200017601
