,round,tube,sp,pop_0,final_pop,st_div_H,auc,fc
0,0.0,0.0,0.0,11.0,105.0,0.3354217069750239,7925.0,9.545445867776484
1,0.0,1.0,0.0,11.0,95.0,0.4697935723295532,8342.0,8.636355785131105
2,0.0,2.0,0.0,11.0,86.0,0.5806978226600542,8153.0,7.818174710750263
