,round,tube,nut,amount
0,0.0,0.0,0.0,0.1287260947367712
1,0.0,0.0,1.0,2000.0
2,0.0,0.0,2.0,0.269338517787731
3,0.0,0.0,3.0,350.56454472567617
4,0.0,1.0,0.0,0.5354646528025824
5,0.0,1.0,1.0,2000.0
6,0.0,1.0,2.0,0.5268491255633307
7,0.0,1.0,3.0,350.77694689298824
8,0.0,2.0,0.0,0.2788468088091265
9,0.0,2.0,1.0,2000.0
10,0.0,2.0,2.0,0.29785623981029596
11,0.0,2.0,3.0,350.5880669642946
