,round,tube,sp_div_H,tot_pop_0,tot_final_pop,tot_auc,mean_fc,deg_score,nut_score
0,0.0,0.0,-0.0,14.0,130.0,29723.0,9.285707653065963,0.1984910585238373,0.29289321108526956
1,0.0,1.0,-0.0,14.0,149.0,30349.0,10.642849540821757,0.20109573988128726,0.2928931877959411
2,0.0,2.0,-0.0,14.0,181.0,32221.0,12.928562193884147,0.1969091851626642,0.2928932107028003
