,round,tube,nut,amount
0,0.0,0.0,0.0,0.25216056748130544
1,0.0,0.0,1.0,1.4654768331471748
2,0.0,0.0,2.0,0.32092051982212766
3,0.0,0.0,3.0,2000.0
4,0.0,1.0,0.0,0.3592612618412474
5,0.0,1.0,1.0,1556.9591196743163
6,0.0,1.0,2.0,0.46837008876473796
7,0.0,1.0,3.0,2000.0
8,0.0,2.0,0.0,0.3852728001806469
9,0.0,2.0,1.0,61.25123205637506
10,0.0,2.0,2.0,0.27179043507828204
11,0.0,2.0,3.0,2000.0
