,round,tube,sp,st,final_pop
0,0,0,12,"(0.055299457498055184, 0.08627970313317249, 0.0, 0.03912119349526376, 0.046704754273107475, 0.0, 0.013681456804258765, 0.04377134538079039, 0.0, 0.0)",146
1,0,1,12,"(0.055299457498055184, 0.08627970313317249, 0.0, 0.03912119349526376, 0.046704754273107475, 0.0, 0.013681456804258765, 0.04377134538079039, 0.0, 0.0)",173
2,0,2,12,"(0.055299457498055184, 0.08627970313317249, 0.0, 0.03912119349526376, 0.046704754273107475, 0.0, 0.013681456804258765, 0.04377134538079039, 0.0, 0.0)",145
