,round,tube,nut,amount
0,0.0,0.0,0.0,0.33657825007248077
1,0.0,0.0,1.0,2000.0
2,0.0,0.0,2.0,0.2946096005710239
3,0.0,0.0,3.0,350.5853890427295
4,0.0,1.0,0.0,0.3598382214524216
5,0.0,1.0,1.0,2000.0
6,0.0,1.0,2.0,0.09381971415799456
7,0.0,1.0,3.0,0.3088048334270286
8,0.0,2.0,0.0,0.2676475185152829
9,0.0,2.0,1.0,2000.0
10,0.0,2.0,2.0,0.3925748157659007
11,0.0,2.0,3.0,350.66619357428635
