,round,tube,sp,pop_0,final_pop,st_div_H,auc,fc
0,0.0,0.0,14.0,11.0,643.0,-0.0,27894.0,58.4544923140979
1,0.0,1.0,14.0,11.0,579.0,-0.0,28124.0,52.63631578516747
2,0.0,2.0,14.0,11.0,592.0,-0.0,26230.0,53.818132892606464
