,round,tube,sp,pop_0,final_pop,st_div_H,auc,fc
0,0.0,0.0,7.0,12.0,5.0,-0.0,507.0,0.4166663194447338
1,0.0,1.0,7.0,12.0,2.0,-0.0,623.0,0.16666652777789354
2,0.0,2.0,7.0,12.0,6.0,-0.0,864.0,0.49999958333368055
