,round,tube,sp,pop_0,final_pop,st_div_H,auc,fc
0,0.0,0.0,2.0,6.0,85.0,-0.0,6146.0,14.166643055594909
1,0.0,1.0,2.0,6.0,83.0,-0.0,7025.0,13.833310277816205
2,0.0,2.0,2.0,6.0,77.0,-0.0,6894.0,12.833311944480092
