,round,tube,nut,amount
0,0.0,0.0,0.0,2000.0
1,0.0,0.0,1.0,0.9331674986291633
2,0.0,0.0,2.0,0.20964803540684074
3,0.0,0.0,3.0,2000.0
4,0.0,1.0,0.0,2000.0
5,0.0,1.0,1.0,0.6451903433048052
6,0.0,1.0,2.0,0.42776060456660625
7,0.0,1.0,3.0,2000.0
8,0.0,2.0,0.0,2000.0
9,0.0,2.0,1.0,0.6570997708566595
10,0.0,2.0,2.0,0.20686834709438373
11,0.0,2.0,3.0,2000.0
