,round,tube,sp,st,final_pop
0,0,0,5,"(0.06821915277273262, 0.03775482593710799, 0.0, 0.06339445944252166, 0.061481196520038466, 0.0, 0.05196530257504701, 0.0841018434912883, 0.0, 0.0)",26
1,0,0,5,"(0.06821915277273262, 0.03775482593710799, 0.0, 0.06339445944252166, 0.04841075290335639, 0.0, 0.05196530257504701, 0.0841018434912883, 0.0, 0.0)",27
2,0,0,5,"(0.06821915277273262, 0.03775482593710799, 0.0, 0.05134233367610137, 0.04841075290335639, 0.0, 0.05196530257504701, 0.0841018434912883, 0.0, 0.0)",48
3,0,1,5,"(0.06821915277273262, 0.03775482593710799, 0.0, 0.06339445944252166, 0.061481196520038466, 0.0, 0.05196530257504701, 0.0841018434912883, 0.0, 0.0)",31
4,0,1,5,"(0.06821915277273262, 0.03775482593710799, 0.0, 0.05134233367610137, 0.04841075290335639, 0.0, 0.05196530257504701, 0.0841018434912883, 0.0, 0.0)",48
5,0,1,5,"(0.06821915277273262, 0.03775482593710799, 0.0, 0.06339445944252166, 0.04841075290335639, 0.0, 0.05196530257504701, 0.0841018434912883, 0.0, 0.0)",19
6,0,2,5,"(0.06821915277273262, 0.03775482593710799, 0.0, 0.06339445944252166, 0.061481196520038466, 0.0, 0.05196530257504701, 0.0841018434912883, 0.0, 0.0)",59
7,0,2,5,"(0.06821915277273262, 0.03775482593710799, 0.0, 0.05134233367610137, 0.04841075290335639, 0.0, 0.05196530257504701, 0.0841018434912883, 0.0, 0.0)",26
8,0,2,5,"(0.06821915277273262, 0.03775482593710799, 0.0, 0.06339445944252166, 0.04841075290335639, 0.0, 0.05196530257504701, 0.0841018434912883, 0.0, 0.0)",18
