,round,tube,sp_div_H,tot_pop_0,tot_final_pop,tot_auc,mean_fc,deg_score,nut_score
0,0.0,0.0,-0.0,7.0,100.0,16048.0,14.285693877580176,0.11121933389562377,0.13397457964680448
1,0.0,1.0,-0.0,7.0,85.0,14650.0,12.14283979594315,0.11087693877044569,0.13397458254964167
2,0.0,2.0,-0.0,7.0,94.0,15303.0,13.428552244925365,0.11205124006309164,0.1339745741412236
