,round,tube,nut,amount
0,0.0,0.0,0.0,2000.0
1,0.0,0.0,1.0,0.7226493577208961
2,0.0,0.0,2.0,2000.0
3,0.0,0.0,3.0,261.53628224431435
4,0.0,1.0,0.0,2000.0
5,0.0,1.0,1.0,0.3216283512365272
6,0.0,1.0,2.0,2000.0
7,0.0,1.0,3.0,199.2433877144264
8,0.0,2.0,0.0,2000.0
9,0.0,2.0,1.0,0.7546351367061028
10,0.0,2.0,2.0,2000.0
11,0.0,2.0,3.0,0.6467383169014103
