,round,tube,sp_div_H,tot_pop_0,tot_final_pop,tot_auc,mean_fc,deg_score,nut_score
0,0.0,0.0,-0.0,26.0,415.0,47708.0,15.96153232248757,0.03888141330926698,0.13397456197559032
1,0.0,1.0,-0.0,26.0,395.0,44800.0,15.192301849114674,0.040167807183343895,0.1339745662874836
2,0.0,2.0,-0.0,26.0,407.0,46763.0,15.653840133138411,0.04183751977006078,0.13397456799702112
