,round,tube,sp,st,final_pop
0,0,0,1,"(0.0, 0.03926162523356134, 0.044588638878710875, 0.0, 0.023873015676097863, 0.0, 0.0, 0.0, 0.0, 0.025051747870632975)",475
1,0,0,1,"(0.0, 0.03926162523356134, 0.044588638878710875, 0.0, 0.023873015676097863, 0.0, 0.0, 0.0, 0.0, 0.03150496374458154)",23
2,0,1,1,"(0.0, 0.03926162523356134, 0.044588638878710875, 0.0, 0.023873015676097863, 0.0, 0.0, 0.0, 0.0, 0.03150496374458154)",37
3,0,1,1,"(0.0, 0.03926162523356134, 0.044588638878710875, 0.0, 0.023873015676097863, 0.0, 0.0, 0.0, 0.0, 0.025051747870632975)",441
4,0,2,1,"(0.0, 0.03926162523356134, 0.044588638878710875, 0.0, 0.023873015676097863, 0.0, 0.0, 0.0, 0.0, 0.03150496374458154)",30
5,0,2,1,"(0.0, 0.03926162523356134, 0.044588638878710875, 0.0, 0.023873015676097863, 0.0, 0.0, 0.0, 0.0, 0.025051747870632975)",477
