,round,tube,sp,pop_0,final_pop,st_div_H,auc,fc
0,0.0,0.0,3.0,4.0,18.0,-0.0,495.0,4.499988750028125
1,0.0,1.0,3.0,4.0,43.0,-0.0,1320.0,10.749973125067187
2,0.0,2.0,3.0,4.0,44.0,-0.0,1525.0,10.99997250006875
