,round,tube,nut,amount
0,0.0,0.0,0.0,0.2293131210895505
1,0.0,0.0,1.0,2000.0
2,0.0,0.0,2.0,0.3797561757146731
3,0.0,0.0,3.0,0.08544122776089474
4,0.0,1.0,0.0,0.18825673361462442
5,0.0,1.0,1.0,2000.0
6,0.0,1.0,2.0,0.7922321838409094
7,0.0,1.0,3.0,0.18872917380897553
8,0.0,2.0,0.0,0.5070984559431038
9,0.0,2.0,1.0,2000.0
10,0.0,2.0,2.0,207.2724790016921
11,0.0,2.0,3.0,0.3588336162780261
