,round,tube,nut,amount
0,0.0,0.0,0.0,0.057892399822450535
1,0.0,0.0,1.0,2000.0
2,0.0,0.0,2.0,0.5367053888529374
3,0.0,0.0,3.0,2000.0
4,0.0,1.0,0.0,0.286497003049353
5,0.0,1.0,1.0,2000.0
6,0.0,1.0,2.0,0.1554309346325089
7,0.0,1.0,3.0,2000.0
8,0.0,2.0,0.0,0.9854855943609957
9,0.0,2.0,1.0,2000.0
10,0.0,2.0,2.0,0.7648388683768914
11,0.0,2.0,3.0,2000.0
