,round,tube,sp,st,final_pop
0,0,0,1,"(0.0, 0.01791288560343275, 0.0, 0.024584807322582867, 0.0, 0.01498355219082073, 0.0, 0.0, 0.0154164923044359, 0.023187541493778534)",24
1,0,0,1,"(0.0, 0.01819021681934756, 0.0, 0.024584807322582867, 0.0, 0.01498355219082073, 0.0, 0.0, 0.0154164923044359, 0.023187541493778534)",393
2,0,1,1,"(0.0, 0.01639631632646436, 0.0, 0.024584807322582867, 0.0, 0.025194479400678323, 0.0, 0.0, 0.0154164923044359, 0.023187541493778534)",5
3,0,1,1,"(0.0, 0.01819021681934756, 0.0, 0.024584807322582867, 0.0, 0.01498355219082073, 0.0, 0.0, 0.0154164923044359, 0.023187541493778534)",363
4,0,1,1,"(0.0, 0.01791288560343275, 0.0, 0.024584807322582867, 0.0, 0.01498355219082073, 0.0, 0.0, 0.0154164923044359, 0.023187541493778534)",35
5,0,2,1,"(0.0, 0.01791288560343275, 0.0, 0.024584807322582867, 0.0, 0.01498355219082073, 0.0, 0.0, 0.0154164923044359, 0.023187541493778534)",110
6,0,2,1,"(0.0, 0.01819021681934756, 0.0, 0.024584807322582867, 0.0, 0.01498355219082073, 0.0, 0.0, 0.0154164923044359, 0.023187541493778534)",282
7,0,2,1,"(0.0, 0.01639631632646436, 0.0, 0.024584807322582867, 0.0, 0.025194479400678323, 0.0, 0.0, 0.0154164923044359, 0.023187541493778534)",1
