,round,tube,sp_div_H,tot_pop_0,tot_final_pop,tot_auc,mean_fc,deg_score,nut_score
0,0.0,0.0,-0.0,10.0,422.0,29124.0,42.1999578000422,0.13899324993738038,0.29283156189380166
1,0.0,1.0,-0.0,10.0,521.0,28850.0,52.0999479000521,0.14036857428699157,0.29277699311787875
2,0.0,2.0,-0.0,10.0,472.0,27889.0,47.1999528000472,0.14655886489012893,0.29288872452922576
