,round,tube,sp,st,final_pop
0,0,0,4,"(0.18133528319020414, 0.03459178595702372, 0.27515118758613866, 0.11411329062395457, 0.008517090718657762, 0.0, 0.0, 0.0, 0.0, 0.17724391245611096)",54
1,0,0,4,"(0.18133528319020414, 0.03459178595702372, 0.27515118758613866, 0.11411329062395457, 0.008517090718657762, 0.0, 0.0, 0.0, 0.0, 0.14604193106300462)",121
2,0,1,4,"(0.18133528319020414, 0.03459178595702372, 0.27515118758613866, 0.11411329062395457, 0.008517090718657762, 0.0, 0.0, 0.0, 0.0, 0.17724391245611096)",83
3,0,1,4,"(0.18133528319020414, 0.03459178595702372, 0.27515118758613866, 0.11411329062395457, 0.008517090718657762, 0.0, 0.0, 0.0, 0.0, 0.14604193106300462)",84
4,0,2,4,"(0.18133528319020414, 0.03459178595702372, 0.27515118758613866, 0.11411329062395457, 0.008517090718657762, 0.0, 0.0, 0.0, 0.0, 0.14604193106300462)",33
5,0,2,4,"(0.18133528319020414, 0.03459178595702372, 0.27515118758613866, 0.11411329062395457, 0.008517090718657762, 0.0, 0.0, 0.0, 0.0, 0.17724391245611096)",117
