,round,tube,sp_div_H,tot_pop_0,tot_final_pop,tot_auc,mean_fc,deg_score,nut_score
0,0.0,0.0,-0.0,12.0,45.0,2000.0,3.7499968750026045,0.18070772670224056,0.12949031662223387
1,0.0,1.0,-0.0,12.0,57.0,2118.0,4.749996041669966,0.18899839252637818,0.13145051827761567
2,0.0,2.0,-0.0,12.0,44.0,2224.0,3.6666636111136577,0.19807864484141913,0.13297595381859173
