,round,tube,nut,amount
0,0.0,0.0,0.0,0.47241370792426696
1,0.0,0.0,1.0,2000.0
2,0.0,0.0,2.0,0.2728863882774182
3,0.0,0.0,3.0,2000.0
4,0.0,1.0,0.0,0.013754207886431447
5,0.0,1.0,1.0,2000.0
6,0.0,1.0,2.0,0.19608898431278965
7,0.0,1.0,3.0,2000.0
8,0.0,2.0,0.0,0.47655624786170736
9,0.0,2.0,1.0,2000.0
10,0.0,2.0,2.0,0.20518494631492268
11,0.0,2.0,3.0,2000.0
