,round,tube,nut,amount
0,0.0,0.0,0.0,1008.5213406173234
1,0.0,0.0,1.0,26.421121845362467
2,0.0,0.0,2.0,34.36730942433388
3,0.0,0.0,3.0,2000.0
4,0.0,1.0,0.0,1047.1659130927276
5,0.0,1.0,1.0,103.34472607125625
6,0.0,1.0,2.0,110.9811974310287
7,0.0,1.0,3.0,2000.0
8,0.0,2.0,0.0,1082.5450501873356
9,0.0,2.0,1.0,173.76834743364765
10,0.0,2.0,2.0,181.12127334635167
11,0.0,2.0,3.0,2000.0
