,round,tube,sp_div_H,tot_pop_0,tot_final_pop,tot_auc,mean_fc,deg_score,nut_score
0,0.0,0.0,-0.0,13.0,127.0,10626.0,9.76922325444365,0.17568836824551604,0.13397457858056627
1,0.0,1.0,-0.0,13.0,126.0,10490.0,9.692300236692127,0.17530744258841702,0.13397459027475234
2,0.0,2.0,-0.0,13.0,128.0,9807.0,9.846146272195176,0.17438613361483613,0.13397457744058205
