,round,tube,sp,pop_0,final_pop,st_div_H,auc,fc
0,0.0,0.0,0.0,7.0,72.0,0.6741218961767368,16519.0,10.285699591857727
1,0.0,1.0,0.0,7.0,85.0,0.7676842663618335,14957.0,12.14283979594315
2,0.0,2.0,0.0,7.0,62.0,0.5710227109429162,13127.0,8.85713020409971
