,round,tube,nut,amount
0,0.0,0.0,0.0,1857.4801563247133
1,0.0,0.0,1.0,0.401710055154314
2,0.0,0.0,2.0,44.93553166220298
3,0.0,0.0,3.0,2000.0
4,0.0,1.0,0.0,1857.8827605992026
5,0.0,1.0,1.0,0.1277143968208757
6,0.0,1.0,2.0,50.458392841016604
7,0.0,1.0,3.0,2000.0
8,0.0,2.0,0.0,1854.3257998192955
9,0.0,2.0,1.0,0.17282165426887736
10,0.0,2.0,2.0,1.6645725790270838
11,0.0,2.0,3.0,2000.0
