,round,tube,nut,amount
0,0.0,0.0,0.0,2000.0
1,0.0,0.0,1.0,0.40212228945735795
2,0.0,0.0,2.0,2000.0
3,0.0,0.0,3.0,0.15550817105970616
4,0.0,1.0,0.0,2000.0
5,0.0,1.0,1.0,0.5513011418912779
6,0.0,1.0,2.0,2000.0
7,0.0,1.0,3.0,0.4838127014509457
8,0.0,2.0,0.0,2000.0
9,0.0,2.0,1.0,0.9010086010849692
10,0.0,2.0,2.0,2000.0
11,0.0,2.0,3.0,0.05857527043007593
