,round,tube,sp,pop_0,final_pop,st_div_H,auc,fc
0,0.0,0.0,2.0,4.0,165.0,-0.0,14237.0,41.24989687525782
1,0.0,1.0,2.0,4.0,161.0,-0.0,12240.0,40.249899375251566
2,0.0,2.0,2.0,4.0,164.0,-0.0,14538.0,40.99989750025625
