,round,tube,sp_div_H,tot_pop_0,tot_final_pop,tot_auc,mean_fc,deg_score,nut_score
0,0.0,0.0,-0.0,11.0,496.0,54577.0,45.09086809921082,0.16164094168128884,0.292893180977852
1,0.0,1.0,-0.0,11.0,498.0,52926.0,45.272686115739894,0.16071677217974645,0.29289320851332634
2,0.0,2.0,-0.0,11.0,514.0,53400.0,46.7272302479725,0.16111211800867486,0.29289318246379514
