,round,tube,sp,st,final_pop
0,0,0,11,"(0.0, 0.0, 0.042758230132867295, 0.01650583712158267, 0.0, 0.030645849071221472, 0.16773790467281977, 0.07076840267443678, 0.015105800238738414, 0.0)",245
1,0,0,11,"(0.0, 0.0, 0.042758230132867295, 0.024034961123097075, 0.0, 0.030645849071221472, 0.16773790467281977, 0.07076840267443678, 0.015105800238738414, 0.0)",211
2,0,0,11,"(0.0, 0.0, 0.042758230132867295, 0.009268953384451184, 0.0, 0.030645849071221472, 0.16773790467281977, 0.07076840267443678, 0.015105800238738414, 0.0)",225
3,0,1,11,"(0.0, 0.0, 0.042758230132867295, 0.01650583712158267, 0.0, 0.030645849071221472, 0.16773790467281977, 0.07076840267443678, 0.015105800238738414, 0.0)",326
4,0,1,11,"(0.0, 0.0, 0.042758230132867295, 0.024034961123097075, 0.0, 0.030645849071221472, 0.16773790467281977, 0.07076840267443678, 0.015105800238738414, 0.0)",232
5,0,1,11,"(0.0, 0.0, 0.042758230132867295, 0.009268953384451184, 0.0, 0.030645849071221472, 0.16773790467281977, 0.07076840267443678, 0.015105800238738414, 0.0)",95
6,0,2,11,"(0.0, 0.0, 0.042758230132867295, 0.009268953384451184, 0.0, 0.030645849071221472, 0.16773790467281977, 0.07076840267443678, 0.015105800238738414, 0.0)",562
7,0,2,11,"(0.0, 0.0, 0.042758230132867295, 0.01650583712158267, 0.0, 0.030645849071221472, 0.16773790467281977, 0.07076840267443678, 0.015105800238738414, 0.0)",70
8,0,2,11,"(0.0, 0.0, 0.042758230132867295, 0.024034961123097075, 0.0, 0.030645849071221472, 0.16773790467281977, 0.07076840267443678, 0.015105800238738414, 0.0)",68
