,round,tube,nut,amount
0,0.0,0.0,0.0,0.3839370247943359
1,0.0,0.0,1.0,2000.0
2,0.0,0.0,2.0,0.491657404708822
3,0.0,0.0,3.0,811.7536653325374
4,0.0,1.0,0.0,0.0988639989283766
5,0.0,1.0,1.0,2000.0
6,0.0,1.0,2.0,0.07091733465139427
7,0.0,1.0,3.0,0.33531490352979976
8,0.0,2.0,0.0,0.36745336379518534
9,0.0,2.0,1.0,2000.0
10,0.0,2.0,2.0,0.37370125622528505
11,0.0,2.0,3.0,811.7438701272883
