,round,tube,nut,amount
0,0.0,0.0,0.0,2000.0
1,0.0,0.0,1.0,0.7935516757950145
2,0.0,0.0,2.0,2000.0
3,0.0,0.0,3.0,1214.8049733381135
4,0.0,1.0,0.0,2000.0
5,0.0,1.0,1.0,0.06113010238163408
6,0.0,1.0,2.0,2000.0
7,0.0,1.0,3.0,1497.6791742764963
8,0.0,2.0,0.0,2000.0
9,0.0,2.0,1.0,44.288276104266934
10,0.0,2.0,2.0,2000.0
11,0.0,2.0,3.0,1849.2073415092125
