,round,tube,sp,pop_0,final_pop,st_div_H,auc,fc
0,0.0,0.0,10.0,1.0,281.0,-0.0,4039.0,280.9971900280997
1,0.0,1.0,10.0,1.0,0.0,,3.0,0.0
2,0.0,2.0,10.0,1.0,47.0,-0.0,790.0,46.99953000469995
