,round,tube,sp_div_H,tot_pop_0,tot_final_pop,tot_auc,mean_fc,deg_score,nut_score
0,0.0,0.0,-0.0,15.0,429.0,21070.0,28.599980933346046,0.22832703130458998,0.44963439756164614
1,0.0,1.0,-0.0,15.0,465.0,22428.0,30.999979333347113,0.22735624905062124,0.44969560137096976
2,0.0,2.0,-0.0,15.0,418.0,18621.0,27.866648088901275,0.2288752834825386,0.4454423941154724
