,round,tube,nut,amount
0,0.0,0.0,0.0,0.9978723266778284
1,0.0,0.0,1.0,0.48717455899816453
2,0.0,0.0,2.0,2000.0
3,0.0,0.0,3.0,2000.0
4,0.0,1.0,0.0,0.48236122766119327
5,0.0,1.0,1.0,0.2733450992922097
6,0.0,1.0,2.0,2000.0
7,0.0,1.0,3.0,2000.0
8,0.0,2.0,0.0,0.9886173935839779
9,0.0,2.0,1.0,0.2665334571085681
10,0.0,2.0,2.0,2000.0
11,0.0,2.0,3.0,2000.0
