,round,tube,sp,st,final_pop
0,0,0,7,"(0.0, 0.0, 0.0, 0.0, 0.1640106010697726, 0.0, 0.0, 0.05924345412590238, 0.0, 0.1842944379780426)",66
1,0,0,7,"(0.0, 0.0, 0.0, 0.0, 0.13776485123240056, 0.0, 0.0, 0.05924345412590238, 0.0, 0.1842944379780426)",460
2,0,1,7,"(0.0, 0.0, 0.0, 0.0, 0.1640106010697726, 0.0, 0.0, 0.05924345412590238, 0.0, 0.1842944379780426)",89
3,0,1,7,"(0.0, 0.0, 0.0, 0.0, 0.13776485123240056, 0.0, 0.0, 0.05924345412590238, 0.0, 0.1842944379780426)",436
4,0,2,7,"(0.0, 0.0, 0.0, 0.0, 0.13776485123240056, 0.0, 0.0, 0.05924345412590238, 0.0, 0.1842944379780426)",496
5,0,2,7,"(0.0, 0.0, 0.0, 0.0, 0.1640106010697726, 0.0, 0.0, 0.05924345412590238, 0.0, 0.1842944379780426)",35
