,round,tube,nut,amount
0,0.0,0.0,0.0,0.13837430175965704
1,0.0,0.0,1.0,2000.0
2,0.0,0.0,2.0,1332.9809481078428
3,0.0,0.0,3.0,0.49379031716130584
4,0.0,1.0,0.0,0.3308232856392337
5,0.0,1.0,1.0,2000.0
6,0.0,1.0,2.0,1333.0451361182127
7,0.0,1.0,3.0,0.6862050989520725
8,0.0,2.0,0.0,0.3285957227094576
9,0.0,2.0,1.0,2000.0
10,0.0,2.0,2.0,1333.044393153356
11,0.0,2.0,3.0,0.6839779319079291
