,round,tube,nut,amount
0,0.0,0.0,0.0,1494.1304949396333
1,0.0,0.0,1.0,2000.0
2,0.0,0.0,2.0,1865.5391448917692
3,0.0,0.0,3.0,1498.9066850167019
4,0.0,1.0,0.0,1725.2236065703328
5,0.0,1.0,1.0,2000.0
6,0.0,1.0,2.0,1926.9640323156125
7,0.0,1.0,3.0,1727.8179204607557
8,0.0,2.0,0.0,1487.8945944851184
9,0.0,2.0,1.0,2000.0
10,0.0,2.0,2.0,1863.8816334207404
11,0.0,2.0,3.0,1492.7296611016486
