,round,tube,nut,amount
0,0.0,0.0,0.0,0.5295511921196763
1,0.0,0.0,1.0,2000.0
2,0.0,0.0,2.0,0.11916018590397748
3,0.0,0.0,3.0,811.8401946937541
4,0.0,1.0,0.0,0.4414770698164201
5,0.0,1.0,1.0,2000.0
6,0.0,1.0,2.0,0.44019744702353414
7,0.0,1.0,3.0,811.7878577702078
8,0.0,2.0,0.0,0.4677056409800264
9,0.0,2.0,1.0,2000.0
10,0.0,2.0,2.0,0.19391794113824545
11,0.0,2.0,3.0,811.803443764002
