,round,tube,sp_div_H,tot_pop_0,tot_final_pop,tot_auc,mean_fc,deg_score,nut_score
0,0.0,0.0,-0.0,3.0,343.0,24575.0,114.33295222349258,0.10341768970474985,0.2928931703947023
1,0.0,1.0,-0.0,3.0,429.0,26407.0,142.9995233349222,0.09409994568951574,0.29289320895525917
2,0.0,2.0,-0.0,3.0,342.0,27492.0,113.99962000126666,0.1041518729966332,0.29289320777930417
