,round,tube,sp,pop_0,final_pop,st_div_H,auc,fc
0,0.0,0.0,13.0,6.0,90.0,0.662965753462289,9861.0,14.999975000041667
1,0.0,1.0,13.0,6.0,81.0,1.056903915184466,10079.0,13.4999775000375
2,0.0,2.0,13.0,6.0,71.0,0.7769218494451494,8633.0,11.833313611143982
