,round,tube,sp,st,final_pop
0,0,0,3,"(0.10171774043149463, 0.0, 0.29560028157990376, 0.0, 0.0, 0.0, 0.0, 0.0, 0.0, 0.0)",23
1,0,1,3,"(0.10171774043149463, 0.0, 0.29560028157990376, 0.0, 0.0, 0.0, 0.0, 0.0, 0.0, 0.0)",19
2,0,2,3,"(0.10171774043149463, 0.0, 0.29560028157990376, 0.0, 0.0, 0.0, 0.0, 0.0, 0.0, 0.0)",32
