,round,tube,sp,pop_0,final_pop,st_div_H,auc,fc
0,0.0,0.0,6.0,11.0,285.0,0.6860278046136683,23260.0,25.909067355393315
1,0.0,1.0,6.0,11.0,362.0,0.43565693895196056,25737.0,32.909060991762736
2,0.0,2.0,6.0,11.0,262.0,0.6577970664354097,23186.0,23.818160165308942
