,round,tube,sp,pop_0,final_pop,st_div_H,auc,fc
0,0.0,0.0,4.0,30.0,379.0,1.4803535916600556,53570.0,12.633329122223627
1,0.0,1.0,4.0,30.0,393.0,1.4479747573033626,60426.0,13.099995633334789
2,0.0,2.0,4.0,30.0,420.0,1.5656404002238857,61661.0,13.999995333334889
