,round,tube,sp,pop_0,final_pop,st_div_H,auc,fc
0,0.0,0.0,6.0,10.0,276.0,-0.0,23456.0,27.5999724000276
1,0.0,1.0,6.0,10.0,303.0,-0.0,22212.0,30.2999697000303
2,0.0,2.0,6.0,10.0,284.0,-0.0,24364.0,28.3999716000284
