,round,tube,sp,pop_0,final_pop,st_div_H,auc,fc
0,0.0,0.0,10.0,4.0,104.0,-0.0,16772.0,25.999935000162502
1,0.0,1.0,10.0,4.0,119.0,-0.0,16286.0,29.74992562518594
2,0.0,2.0,10.0,4.0,109.0,-0.0,18725.0,27.249931875170315
