,round,tube,sp,pop_0,final_pop,st_div_H,auc,fc
0,0.0,0.0,4.0,12.0,95.0,-0.0,5486.0,7.916660069449942
1,0.0,1.0,4.0,12.0,96.0,-0.0,4330.0,7.999993333338889
2,0.0,2.0,4.0,12.0,91.0,-0.0,5495.0,7.583327013894156
