,round,tube,sp_div_H,tot_pop_0,tot_final_pop,tot_auc,mean_fc,deg_score,nut_score
0,0.0,0.0,-0.0,13.0,27.0,1338.0,2.07692147929117,0.020725047078250625,0.07266626519810404
1,0.0,1.0,-0.0,13.0,40.0,1832.0,3.0769207100609925,0.028046688893073046,0.09790095246324881
2,0.0,2.0,-0.0,13.0,57.0,3538.0,4.384612011836914,0.05248899084539915,0.12671027334443452
