,round,tube,sp_div_H,tot_pop_0,tot_final_pop,tot_auc,mean_fc,deg_score,nut_score
0,0.0,0.0,-0.0,10.0,88.0,18135.0,8.799991200008801,0.08903863826368663,0.1339745910100727
1,0.0,1.0,-0.0,10.0,90.0,17773.0,8.999991000009,0.09102611319843024,0.13397459373002518
2,0.0,2.0,-0.0,10.0,106.0,18776.0,10.5999894000106,0.08841514406865458,0.13397459619154717
