,round,tube,nut,amount
0,0.0,0.0,0.0,343.36664777261865
1,0.0,0.0,1.0,2000.0
2,0.0,0.0,2.0,0.5872648952773689
3,0.0,0.0,3.0,2000.0
4,0.0,1.0,0.0,262.87069223294486
5,0.0,1.0,1.0,2000.0
6,0.0,1.0,2.0,0.1668239958463822
7,0.0,1.0,3.0,2000.0
8,0.0,2.0,0.0,482.99843107902836
9,0.0,2.0,1.0,2000.0
10,0.0,2.0,2.0,0.6410855981535173
11,0.0,2.0,3.0,2000.0
