,round,tube,sp,pop_0,final_pop,st_div_H,auc,fc
0,0.0,0.0,2.0,10.0,255.0,-0.0,13293.0,25.499974500025502
1,0.0,1.0,2.0,10.0,272.0,0.4931837565604233,11687.0,27.1999728000272
2,0.0,2.0,2.0,10.0,243.0,-0.0,15832.0,24.2999757000243
