,round,tube,sp,pop_0,final_pop,st_div_H,auc,fc
0,0.0,0.0,14.0,28.0,445.0,0.6572489500507098,36731.0,15.892851466838762
1,0.0,1.0,14.0,28.0,498.0,0.4640481092446354,40725.0,17.785707933675738
2,0.0,2.0,14.0,28.0,441.0,0.4100747708657271,39239.0,15.749994375002009
