,round,tube,sp,pop_0,final_pop,st_div_H,auc,fc
0,0.0,0.0,13.0,5.0,86.0,-0.0,8782.0,17.1999656000688
1,0.0,1.0,13.0,5.0,68.0,-0.0,8325.0,13.5999728000544
2,0.0,2.0,13.0,5.0,86.0,-0.0,7464.0,17.1999656000688
