,round,tube,nut,amount
0,0.0,0.0,0.0,0.7919675349768553
1,0.0,0.0,1.0,0.3799465687439003
2,0.0,0.0,2.0,2000.0
3,0.0,0.0,3.0,2000.0
4,0.0,1.0,0.0,0.9652783429633743
5,0.0,1.0,1.0,0.20380929278067816
6,0.0,1.0,2.0,2000.0
7,0.0,1.0,3.0,2000.0
8,0.0,2.0,0.0,0.9474198961066468
9,0.0,2.0,1.0,0.4002028349533473
10,0.0,2.0,2.0,2000.0
11,0.0,2.0,3.0,2000.0
