,round,tube,nut,amount
0,0.0,0.0,0.0,1948.7612202104995
1,0.0,0.0,1.0,1932.1422353594987
2,0.0,0.0,2.0,2000.0
3,0.0,0.0,3.0,1848.4465536601024
4,0.0,1.0,0.0,1911.5808705833438
5,0.0,1.0,1.0,1882.9026667238597
6,0.0,1.0,2.0,2000.0
7,0.0,1.0,3.0,1738.4749628988045
8,0.0,2.0,0.0,1928.8006241999813
9,0.0,2.0,1.0,1905.70754211094
10,0.0,2.0,2.0,2000.0
11,0.0,2.0,3.0,1789.4073429524888
