,round,tube,sp_div_H,tot_pop_0,tot_final_pop,tot_auc,mean_fc,deg_score,nut_score
0,0.0,0.0,-0.0,9.0,75.0,4059.0,8.333324074084363,0.20351871202101757,0.23957736068961044
1,0.0,1.0,-0.0,9.0,91.0,5241.0,10.111099876555693,0.2093738129766709,0.2811832307309551
2,0.0,2.0,-0.0,9.0,72.0,5229.0,7.999991111120988,0.2087689702607055,0.27965891455692715
