,round,tube,sp_div_H,tot_pop_0,tot_final_pop,tot_auc,mean_fc,deg_score,nut_score
0,0.0,0.0,-0.0,8.0,708.0,68615.0,88.49988937513828,0.19539193219367268,0.2928932175114862
1,0.0,1.0,-0.0,8.0,756.0,75094.0,94.49988187514766,0.19353890082607939,0.29289317451589536
2,0.0,2.0,-0.0,8.0,723.0,69560.0,90.37488703139121,0.19497530055993162,0.2928932074476809
