,round,tube,sp_div_H,tot_pop_0,tot_final_pop,tot_auc,mean_fc,deg_score,nut_score
0,0.0,0.0,-0.0,5.0,562.0,26050.0,112.39977520044961,0.1403434076616551,0.29289129788248613
1,0.0,1.0,-0.0,5.0,548.0,25097.0,109.59978080043841,0.1459241218215045,0.29289157745430294
2,0.0,2.0,-0.0,5.0,546.0,23348.0,109.19978160043681,0.14096509341253427,0.29274380334204875
