,round,tube,sp_div_H,tot_pop_0,tot_final_pop,tot_auc,mean_fc,deg_score,nut_score
0,0.0,0.0,-0.0,13.0,430.0,57388.0,33.07689763315567,0.12552468816929474,0.4999999918074408
1,0.0,1.0,-0.0,13.0,389.0,54210.0,29.92305390534315,0.1288487390177171,0.49999996891237175
2,0.0,2.0,-0.0,13.0,477.0,60520.0,36.692279467477334,0.1302851578031371,0.49999996301765126
