,round,tube,sp_div_H,tot_pop_0,tot_final_pop,tot_auc,mean_fc,deg_score,nut_score
0,0.0,0.0,-0.0,10.0,71.0,3475.0,7.0999929000071,0.16277181403133723,0.13397459619959529
1,0.0,1.0,-0.0,10.0,69.0,4859.0,6.8999931000069,0.15894589526932823,0.13397456821852427
2,0.0,2.0,-0.0,10.0,71.0,4039.0,7.0999929000071,0.16285695139412215,0.1339745669944591
