,round,tube,sp,pop_0,final_pop,st_div_H,auc,fc
0,0.0,0.0,6.0,6.0,152.0,-0.0,20912.0,25.333291111181484
1,0.0,1.0,6.0,6.0,168.0,-0.0,19384.0,27.999953333411113
2,0.0,2.0,6.0,6.0,164.0,-0.0,20828.0,27.333287777853705
