,round,tube,nut,amount
0,0.0,0.0,0.0,0.3159270112968012
1,0.0,0.0,1.0,0.7271506131949936
2,0.0,0.0,2.0,2000.0
3,0.0,0.0,3.0,0.2778730931688861
4,0.0,1.0,0.0,0.20719037019945655
5,0.0,1.0,1.0,0.6568180456265988
6,0.0,1.0,2.0,2000.0
7,0.0,1.0,3.0,0.19593659632616234
8,0.0,2.0,0.0,0.11814027962123194
9,0.0,2.0,1.0,131.08174965242665
10,0.0,2.0,2.0,2000.0
11,0.0,2.0,3.0,0.4907748402073904
