,round,tube,sp_div_H,tot_pop_0,tot_final_pop,tot_auc,mean_fc,deg_score,nut_score
0,0.0,0.0,-0.0,11.0,131.0,10945.0,11.909080082654471,0.12271896296305596,0.13397458641624616
1,0.0,1.0,-0.0,11.0,119.0,10273.0,10.818171983480015,0.1199997143307423,0.13397459078360752
2,0.0,2.0,-0.0,11.0,108.0,10919.0,9.818172892570098,0.12002902066079446,0.1339745954171736
