,round,tube,sp,pop_0,final_pop,st_div_H,auc,fc
0,0.0,0.0,6.0,11.0,11.0,-0.0,977.0,0.9999990909099173
1,0.0,1.0,6.0,11.0,6.0,-0.0,728.0,0.5454540495872277
2,0.0,2.0,6.0,11.0,11.0,-0.0,844.0,0.9999990909099173
