,round,tube,sp_div_H,tot_pop_0,tot_final_pop,tot_auc,mean_fc,deg_score,nut_score
0,0.0,0.0,-0.0,10.0,11.0,830.0,1.0999989000011001,0.06437275126414299,0.06291258408778888
1,0.0,1.0,-0.0,10.0,5.0,669.0,0.49999950000050003,0.05325199109215051,0.05129371784225667
2,0.0,2.0,-0.0,10.0,11.0,1134.0,1.0999989000011001,0.08461376497378914,0.08134735193556863
