,round,tube,sp_div_H,tot_pop_0,tot_final_pop,tot_auc,mean_fc,deg_score,nut_score
0,0.0,0.0,0.0,8.0,0.0,85.0,0.0,0.011267186464561818,0.009967542814870445
1,0.0,1.0,0.0,8.0,0.0,119.0,0.0,0.015730860172859185,0.013830156183137543
2,0.0,2.0,0.0,8.0,0.0,98.0,0.0,0.012976838333592311,0.011339854499404445
