,round,tube,sp,pop_0,final_pop,st_div_H,auc,fc
0,0.0,0.0,4.0,18.0,350.0,-0.0,52316.0,19.44443364198131
1,0.0,1.0,4.0,18.0,371.0,0.04700972268244619,53702.0,20.611099660500187
2,0.0,2.0,4.0,18.0,377.0,0.32098398650555265,55198.0,20.94443280864844
