,round,tube,sp_div_H,tot_pop_0,tot_final_pop,tot_auc,mean_fc,deg_score,nut_score
0,0.0,0.0,-0.0,17.0,100.0,9237.0,5.882349480970894,0.14745231839969242,0.13397457561956194
1,0.0,1.0,-0.0,17.0,108.0,9984.0,6.352937439448565,0.1459798564752408,0.13397457459649464
2,0.0,2.0,-0.0,17.0,105.0,9504.0,6.176466955019438,0.14403009340741235,0.13397458673047202
