,round,tube,sp_div_H,tot_pop_0,tot_final_pop,tot_auc,mean_fc,deg_score,nut_score
0,0.0,0.0,-0.0,32.0,528.0,37421.0,16.499994843751608,0.2114905658979389,0.31797802254219176
1,0.0,1.0,-0.0,32.0,548.0,33082.0,17.12499464843917,0.2132168924114073,0.31637438543384655
2,0.0,2.0,-0.0,32.0,578.0,36071.0,18.062494355470513,0.214241753364952,0.3174719295534685
