,round,tube,sp_div_H,tot_pop_0,tot_final_pop,tot_auc,mean_fc,deg_score,nut_score
0,0.0,0.0,0.0,2.0,0.0,18.0,0.0,0.001160060398300633,0.0021118772845039047
1,0.0,1.0,-0.0,2.0,151.0,3119.0,75.49962250188749,0.16624133599645863,0.2714811845786761
2,0.0,2.0,-0.0,2.0,49.0,1215.0,24.499877500612495,0.0717531284052989,0.11703265663103268
