,round,tube,sp,pop_0,final_pop,st_div_H,auc,fc
0,0.0,0.0,0.0,1.0,142.0,-0.0,6985.0,141.99858001419986
1,0.0,1.0,0.0,1.0,139.0,-0.0,7563.0,138.99861001389985
2,0.0,2.0,0.0,1.0,161.0,-0.0,5624.0,160.99839001609982
