,round,tube,nut,amount
0,0.0,0.0,0.0,2.4341857626482386
1,0.0,0.0,1.0,2000.0
2,0.0,0.0,2.0,0.18881339390107232
3,0.0,0.0,3.0,2000.0
4,0.0,1.0,0.0,0.9295887321069248
5,0.0,1.0,1.0,2000.0
6,0.0,1.0,2.0,0.5709557811319144
7,0.0,1.0,3.0,2000.0
8,0.0,2.0,0.0,7.542598116236804
9,0.0,2.0,1.0,2000.0
10,0.0,2.0,2.0,0.13456786216959848
11,0.0,2.0,3.0,2000.0
