,round,tube,sp,pop_0,final_pop,st_div_H,auc,fc
0,0.0,0.0,7.0,10.0,255.0,0.6437469543384357,8892.0,25.499974500025502
1,0.0,1.0,7.0,10.0,256.0,0.9690713643579043,7702.0,25.5999744000256
2,0.0,2.0,7.0,10.0,257.0,1.089836116662335,12181.0,25.6999743000257
