,round,tube,sp,pop_0,final_pop,st_div_H,auc,fc
0,0.0,0.0,11.0,5.0,45.0,-0.0,21263.0,8.999982000036
1,0.0,1.0,11.0,5.0,45.0,0.6199868019113608,21193.0,8.999982000036
2,0.0,2.0,11.0,5.0,50.0,0.6640641265641081,23344.0,9.99998000004
