,round,tube,sp_div_H,tot_pop_0,tot_final_pop,tot_auc,mean_fc,deg_score,nut_score
0,0.0,0.0,-0.0,10.0,95.0,4032.0,9.4999905000095,0.03584700140646779,0.13143772013271016
1,0.0,1.0,-0.0,10.0,48.0,2127.0,4.7999952000048,0.019690017212922295,0.10492064436037007
2,0.0,2.0,-0.0,10.0,60.0,2442.0,5.999994000006001,0.022456825549548753,0.10858377803012664
