,round,tube,sp_div_H,tot_pop_0,tot_final_pop,tot_auc,mean_fc,deg_score,nut_score
0,0.0,0.0,-0.0,20.0,393.0,43708.0,19.649990175004913,0.0430778546227264,0.13397456167011912
1,0.0,1.0,-0.0,20.0,400.0,46740.0,19.999990000005,0.04025486464744654,0.13397458808152185
2,0.0,2.0,-0.0,20.0,406.0,44210.0,20.299989850005076,0.04227246176648358,0.13397458770887782
