,round,tube,sp,pop_0,final_pop,st_div_H,auc,fc
0,0.0,0.0,0.0,17.0,322.0,1.5946527038960348,34309.0,18.941165328726278
1,0.0,1.0,0.0,17.0,292.0,1.2871913219281206,31610.0,17.176460484435008
2,0.0,2.0,0.0,17.0,312.0,0.9545045649954855,32130.0,18.35293038062919
