,round,tube,sp_div_H,tot_pop_0,tot_final_pop,tot_auc,mean_fc,deg_score,nut_score
0,0.0,0.0,-0.0,12.0,504.0,40607.0,41.99996500002917,0.2363185032372047,0.2928931996529879
1,0.0,1.0,-0.0,12.0,456.0,38827.0,37.999968333359725,0.23623083284354562,0.2928931978886167
2,0.0,2.0,-0.0,12.0,465.0,41020.0,38.749967708360245,0.23683195097354204,0.2928932050000599
