,round,tube,nut,amount
0,0.0,0.0,0.0,1691.5440329422763
1,0.0,0.0,1.0,2000.0
2,0.0,0.0,2.0,0.7625863901592901
3,0.0,0.0,3.0,0.32852274180404145
4,0.0,1.0,0.0,1691.508077960882
5,0.0,1.0,1.0,2000.0
6,0.0,1.0,2.0,0.5295465022057211
7,0.0,1.0,3.0,0.4605701365660618
8,0.0,2.0,0.0,1691.5468863063252
9,0.0,2.0,1.0,2000.0
10,0.0,2.0,2.0,0.7810802848227915
11,0.0,2.0,3.0,0.31073948304644045
