,round,tube,sp_div_H,tot_pop_0,tot_final_pop,tot_auc,mean_fc,deg_score,nut_score
0,0.0,0.0,-0.0,12.0,626.0,33201.0,52.16662319448067,0.3593232939434401,0.8673269954062394
1,0.0,1.0,-0.0,12.0,603.0,31476.0,50.249958125034894,0.3585961751964535,0.8673463407320051
2,0.0,2.0,-0.0,12.0,548.0,34769.0,45.666628611142826,0.3604532050408321,0.8673929818153777
