,round,tube,sp,pop_0,final_pop,st_div_H,auc,fc
0,0.0,0.0,14.0,25.0,4.0,-0.0,781.0,0.1599999360000256
1,0.0,1.0,14.0,25.0,7.0,-0.0,912.0,0.2799998880000448
2,0.0,2.0,14.0,25.0,2.0,-0.0,718.0,0.0799999680000128
