,round,tube,sp,pop_0,final_pop,st_div_H,auc,fc
0,0.0,0.0,8.0,24.0,253.0,1.5722868086965769,48263.0,10.541662274307386
1,0.0,1.0,8.0,24.0,236.0,1.358832846191613,48713.0,9.833329236112819
2,0.0,2.0,8.0,24.0,257.0,1.2280270404291336,49058.0,10.708328871529638
