,round,tube,nut,amount
0,0.0,0.0,0.0,2000.0
1,0.0,0.0,1.0,2000.0
2,0.0,0.0,2.0,0.38427182108114755
3,0.0,0.0,3.0,0.7130597253131161
4,0.0,1.0,0.0,2000.0
5,0.0,1.0,1.0,2000.0
6,0.0,1.0,2.0,0.684416635190521
7,0.0,1.0,3.0,0.4935666554535687
8,0.0,2.0,0.0,2000.0
9,0.0,2.0,1.0,2000.0
10,0.0,2.0,2.0,0.8201288899400049
11,0.0,2.0,3.0,0.60717039340188
