,round,tube,sp_div_H,tot_pop_0,tot_final_pop,tot_auc,mean_fc,deg_score,nut_score
0,0.0,0.0,-0.0,17.0,189.0,9172.0,11.117640519034989,0.3301494282860098,0.2928931672303605
1,0.0,1.0,-0.0,17.0,207.0,11728.0,12.17646342560975,0.3279422597630822,0.2928931919116635
2,0.0,2.0,-0.0,17.0,191.0,9439.0,11.235287508654407,0.3304739928146151,0.2928931935399052
