,round,tube,sp_div_H,tot_pop_0,tot_final_pop,tot_auc,mean_fc,deg_score,nut_score
0,0.0,0.0,-0.0,9.0,229.0,7128.0,25.44441617287092,0.30323812954598883,0.4394038248821218
1,0.0,1.0,-0.0,9.0,144.0,3276.0,15.999982222241975,0.2129789966408535,0.2745582375645522
2,0.0,2.0,-0.0,9.0,214.0,6210.0,23.777751358054047,0.2943507209276497,0.4247893171496905
