,round,tube,sp,pop_0,final_pop,st_div_H,auc,fc
0,0.0,0.0,8.0,10.0,440.0,0.17082260380928876,33182.0,43.999956000044
1,0.0,1.0,8.0,10.0,442.0,0.02894070967377299,34850.0,44.1999558000442
2,0.0,2.0,8.0,10.0,490.0,0.21327228615764524,36337.0,48.999951000049
