,round,tube,sp_div_H,tot_pop_0,tot_final_pop,tot_auc,mean_fc,deg_score,nut_score
0,0.0,0.0,-0.0,5.0,194.0,18610.0,38.799922400155204,0.11943959503646506,0.292893181663081
1,0.0,1.0,-0.0,5.0,193.0,19069.0,38.5999228001544,0.1193303634603311,0.29289318455435054
2,0.0,2.0,-0.0,5.0,184.0,20227.0,36.7999264001472,0.11840646302280311,0.2928931709913418
