,round,tube,nut,amount
0,0.0,0.0,0.0,0.5568438847912491
1,0.0,0.0,1.0,0.11911583049199437
2,0.0,0.0,2.0,1677.4824165938517
3,0.0,0.0,3.0,1456.7870808268415
4,0.0,1.0,0.0,0.33761834943230795
5,0.0,1.0,1.0,0.06171150688594196
6,0.0,1.0,2.0,812.7844926457999
7,0.0,1.0,3.0,0.3856080447788912
8,0.0,2.0,0.0,0.3229314744981622
9,0.0,2.0,1.0,0.19732768695340397
10,0.0,2.0,2.0,812.6347288520411
11,0.0,2.0,3.0,0.13336248738746392
