,round,tube,sp_div_H,tot_pop_0,tot_final_pop,tot_auc,mean_fc,deg_score,nut_score
0,0.0,0.0,-0.0,8.0,88.0,9931.0,10.999986250017187,0.17474549113624072,0.13397459174207693
1,0.0,1.0,-0.0,8.0,102.0,10733.0,12.749984062519923,0.17366029787121406,0.13397457632835486
2,0.0,2.0,-0.0,8.0,95.0,9695.0,11.874985156268556,0.1731443886054832,0.1339745955609054
