,round,tube,sp_div_H,tot_pop_0,tot_final_pop,tot_auc,mean_fc,deg_score,nut_score
0,0.0,0.0,-0.0,38.0,651.0,67513.0,17.131574439059357,0.20312799641521284,0.2928931733767136
1,0.0,1.0,-0.0,38.0,608.0,62780.0,15.999995789474792,0.20470160000830862,0.29289318579272394
2,0.0,2.0,-0.0,38.0,666.0,68250.0,17.52631117728653,0.20471664716797766,0.2928931973467943
