,round,tube,sp,st,final_pop
0,0,0,11,"(0.0, 0.0, 0.02627205313270739, 0.01650583712158267, 0.0, 0.030645849071221472, 0.16773790467281977, 0.08559266796774243, 0.02169955899473172, 0.0)",221
1,0,0,11,"(0.0, 0.0, 0.04843576528766825, 0.01650583712158267, 0.0, 0.030645849071221472, 0.16773790467281977, 0.08559266796774243, 0.02169955899473172, 0.0)",336
2,0,1,11,"(0.0, 0.0, 0.02627205313270739, 0.01650583712158267, 0.0, 0.030645849071221472, 0.16773790467281977, 0.08559266796774243, 0.02169955899473172, 0.0)",157
3,0,1,11,"(0.0, 0.0, 0.04843576528766825, 0.01650583712158267, 0.0, 0.030645849071221472, 0.16773790467281977, 0.08559266796774243, 0.02169955899473172, 0.0)",416
4,0,2,11,"(0.0, 0.0, 0.02627205313270739, 0.01650583712158267, 0.0, 0.030645849071221472, 0.16773790467281977, 0.08559266796774243, 0.02169955899473172, 0.0)",424
5,0,2,11,"(0.0, 0.0, 0.04843576528766825, 0.01650583712158267, 0.0, 0.030645849071221472, 0.16773790467281977, 0.08559266796774243, 0.02169955899473172, 0.0)",193
