,round,tube,sp,pop_0,final_pop,st_div_H,auc,fc
0,0.0,0.0,0.0,7.0,349.0,0.4931688103549836,28107.0,49.85707163275481
1,0.0,1.0,0.0,7.0,410.0,0.06586093594147825,28712.0,58.57134489807872
2,0.0,2.0,0.0,7.0,386.0,0.5902913269374086,27096.0,55.14277836745948
