,round,tube,sp,st,final_pop
0,0,0,13,"(0.0, 0.0, 0.027780683806419616, 0.0, 0.10087429390457471, 0.01968972182002845, 0.020881219712101783, 0.0, 0.07742961306953348, 0.022854187839533902)",196
1,0,0,13,"(0.0, 0.0, 0.027780683806419616, 0.0, 0.10087429390457471, 0.012272649458557041, 0.020881219712101783, 0.0, 0.07742961306953348, 0.022854187839533902)",911
2,0,0,13,"(0.0, 0.0, 0.032937487356509296, 0.0, 0.10087429390457471, 0.022588617209137594, 0.020881219712101783, 0.0, 0.07742961306953348, 0.042925450671184945)",16
3,0,1,13,"(0.0, 0.0, 0.027780683806419616, 0.0, 0.10087429390457471, 0.012272649458557041, 0.020881219712101783, 0.0, 0.07742961306953348, 0.022854187839533902)",857
4,0,1,13,"(0.0, 0.0, 0.027780683806419616, 0.0, 0.10087429390457471, 0.01968972182002845, 0.020881219712101783, 0.0, 0.07742961306953348, 0.022854187839533902)",109
5,0,1,13,"(0.0, 0.0, 0.032937487356509296, 0.0, 0.10087429390457471, 0.022588617209137594, 0.020881219712101783, 0.0, 0.07742961306953348, 0.042925450671184945)",3
6,0,2,13,"(0.0, 0.0, 0.027780683806419616, 0.0, 0.10087429390457471, 0.012272649458557041, 0.020881219712101783, 0.0, 0.07742961306953348, 0.022854187839533902)",905
7,0,2,13,"(0.0, 0.0, 0.032937487356509296, 0.0, 0.10087429390457471, 0.022588617209137594, 0.020881219712101783, 0.0, 0.07742961306953348, 0.042925450671184945)",3
8,0,2,13,"(0.0, 0.0, 0.027780683806419616, 0.0, 0.10087429390457471, 0.01968972182002845, 0.020881219712101783, 0.0, 0.07742961306953348, 0.022854187839533902)",131
