,round,tube,sp,st,final_pop
0,0,0,8,"(0.0, 0.0, 0.016361534780228625, 0.0028132147162191006, 0.0, 0.006935454618720939, 0.02773054755533034, 0.017443176133622482, 0.010110609728921907, 0.013538136313320443)",1127
1,0,1,8,"(0.0, 0.0, 0.016361534780228625, 0.0028132147162191006, 0.0, 0.006935454618720939, 0.02773054755533034, 0.017443176133622482, 0.010110609728921907, 0.013538136313320443)",922
