,round,tube,nut,amount
0,0.0,0.0,0.0,0.28429311637655164
1,0.0,0.0,1.0,0.19614805279312564
2,0.0,0.0,2.0,812.7526780689857
3,0.0,0.0,3.0,0.33202309302303457
4,0.0,1.0,0.0,0.381498052831703
5,0.0,1.0,1.0,0.31158283913892165
6,0.0,1.0,2.0,812.6563336267596
7,0.0,1.0,3.0,0.16975117855811317
8,0.0,2.0,0.0,0.6731756548104673
9,0.0,2.0,1.0,0.09201439364610592
10,0.0,2.0,2.0,1677.5011813390502
11,0.0,2.0,3.0,1456.8186860866315
