,round,tube,sp,pop_0,final_pop,st_div_H,auc,fc
0,0.0,0.0,7.0,19.0,487.0,0.9133369262883377,51282.0,25.631565457070813
1,0.0,1.0,7.0,19.0,489.0,0.7601752235371548,50546.0,25.736828559563918
2,0.0,2.0,7.0,19.0,463.0,1.064548596362705,50815.0,24.368408227153566
