,round,tube,sp,st,final_pop
0,0,0,8,"(0.09369258606422372, 0.0, 0.10393310452610566, 0.09247639241939104, 0.09173902283359818, 0.0, 0.021498507963233365, 0.0, 0.0, 0.0)",149
1,0,0,8,"(0.1030726092621456, 0.0, 0.08962621730482778, 0.09247639241939104, 0.05200072985655469, 0.0, 0.017518411102049325, 0.0, 0.0, 0.0)",43
2,0,0,8,"(0.09369258606422372, 0.0, 0.10393310452610566, 0.08770131382151461, 0.09173902283359818, 0.0, 0.021498507963233365, 0.0, 0.0, 0.0)",286
3,0,1,8,"(0.1030726092621456, 0.0, 0.08962621730482778, 0.09247639241939104, 0.05200072985655469, 0.0, 0.017518411102049325, 0.0, 0.0, 0.0)",58
4,0,1,8,"(0.09369258606422372, 0.0, 0.10393310452610566, 0.08770131382151461, 0.09173902283359818, 0.0, 0.021498507963233365, 0.0, 0.0, 0.0)",212
5,0,1,8,"(0.09369258606422372, 0.0, 0.10393310452610566, 0.09247639241939104, 0.09173902283359818, 0.0, 0.021498507963233365, 0.0, 0.0, 0.0)",173
6,0,2,8,"(0.09369258606422372, 0.0, 0.10393310452610566, 0.08770131382151461, 0.09173902283359818, 0.0, 0.021498507963233365, 0.0, 0.0, 0.0)",268
7,0,2,8,"(0.1030726092621456, 0.0, 0.08962621730482778, 0.09247639241939104, 0.05200072985655469, 0.0, 0.017518411102049325, 0.0, 0.0, 0.0)",34
8,0,2,8,"(0.09369258606422372, 0.0, 0.10393310452610566, 0.09247639241939104, 0.09173902283359818, 0.0, 0.021498507963233365, 0.0, 0.0, 0.0)",111
