,round,tube,nut,amount
0,0.0,0.0,0.0,0.35025503512497647
1,0.0,0.0,1.0,2000.0
2,0.0,0.0,2.0,0.9034494928156552
3,0.0,0.0,3.0,2000.0
4,0.0,1.0,0.0,0.7631209398624543
5,0.0,1.0,1.0,2000.0
6,0.0,1.0,2.0,0.994334814123333
7,0.0,1.0,3.0,2000.0
8,0.0,2.0,0.0,0.5434170233838556
9,0.0,2.0,1.0,2000.0
10,0.0,2.0,2.0,0.9284765146791317
11,0.0,2.0,3.0,2000.0
