,round,tube,sp,pop_0,final_pop,st_div_H,auc,fc
0,0.0,0.0,0.0,9.0,62.0,0.08256493803586595,15252.0,6.888881234576406
1,0.0,1.0,0.0,9.0,74.0,0.5696371770967608,15820.0,8.222213086429905
2,0.0,2.0,0.0,9.0,75.0,0.8907130961699785,15997.0,8.333324074084363
