,round,tube,sp,st,final_pop
0,0,0,7,"(0.11781548560357764, 0.0, 0.0, 0.0, 0.08963196916637059, 0.06164521714842443, 0.0, 0.06846774248654515, 0.11387011139749449, 0.0)",38
1,0,0,7,"(0.14552794723576878, 0.0, 0.0, 0.0, 0.08963196916637059, 0.0604406538404338, 0.0, 0.06846774248654515, 0.11387011139749449, 0.0)",96
2,0,0,7,"(0.1940114011002142, 0.0, 0.0, 0.0, 0.08963196916637059, 0.034633745942239766, 0.0, 0.06846774248654515, 0.05468693994740766, 0.0)",72
3,0,1,7,"(0.1940114011002142, 0.0, 0.0, 0.0, 0.08963196916637059, 0.034633745942239766, 0.0, 0.06846774248654515, 0.05468693994740766, 0.0)",80
4,0,1,7,"(0.11781548560357764, 0.0, 0.0, 0.0, 0.08963196916637059, 0.06164521714842443, 0.0, 0.06846774248654515, 0.11387011139749449, 0.0)",26
5,0,1,7,"(0.14552794723576878, 0.0, 0.0, 0.0, 0.08963196916637059, 0.0604406538404338, 0.0, 0.06846774248654515, 0.11387011139749449, 0.0)",19
6,0,2,7,"(0.1940114011002142, 0.0, 0.0, 0.0, 0.08963196916637059, 0.034633745942239766, 0.0, 0.06846774248654515, 0.05468693994740766, 0.0)",11
7,0,2,7,"(0.14552794723576878, 0.0, 0.0, 0.0, 0.08963196916637059, 0.0604406538404338, 0.0, 0.06846774248654515, 0.11387011139749449, 0.0)",62
