,round,tube,sp,st,final_pop
0,0,0,7,"(0.0, 0.0, 0.0, 0.0, 0.06356282464815058, 0.0, 0.0, 0.05705778880474752, 0.0, 0.11764515817316334)",296
1,0,0,7,"(0.0, 0.0, 0.0, 0.0, 0.040723721416497057, 0.0, 0.0, 0.05705778880474752, 0.0, 0.11764515817316334)",186
2,0,0,7,"(0.0, 0.0, 0.0, 0.0, 0.07727403309888257, 0.0, 0.0, 0.07724786232360498, 0.0, 0.11764515817316334)",25
3,0,1,7,"(0.0, 0.0, 0.0, 0.0, 0.040723721416497057, 0.0, 0.0, 0.05705778880474752, 0.0, 0.11764515817316334)",161
4,0,1,7,"(0.0, 0.0, 0.0, 0.0, 0.06356282464815058, 0.0, 0.0, 0.05705778880474752, 0.0, 0.11764515817316334)",429
5,0,2,7,"(0.0, 0.0, 0.0, 0.0, 0.06356282464815058, 0.0, 0.0, 0.05705778880474752, 0.0, 0.11764515817316334)",347
6,0,2,7,"(0.0, 0.0, 0.0, 0.0, 0.07727403309888257, 0.0, 0.0, 0.07724786232360498, 0.0, 0.11764515817316334)",109
7,0,2,7,"(0.0, 0.0, 0.0, 0.0, 0.040723721416497057, 0.0, 0.0, 0.05705778880474752, 0.0, 0.11764515817316334)",60
