,round,tube,sp_div_H,tot_pop_0,tot_final_pop,tot_auc,mean_fc,deg_score,nut_score
0,0.0,0.0,-0.0,27.0,530.0,55836.0,19.629622359399125,0.2146335377373063,0.2928931960681619
1,0.0,1.0,-0.0,27.0,563.0,56906.0,20.85184412894662,0.21376477855022202,0.29289317149637595
2,0.0,2.0,-0.0,27.0,526.0,56484.0,19.481474266120642,0.21702888829535505,0.29289320750959247
