,round,tube,nut,amount
0,0.0,0.0,0.0,25.304616070823133
1,0.0,0.0,1.0,2000.0
2,0.0,0.0,2.0,2000.0
3,0.0,0.0,3.0,0.20944972565380338
4,0.0,1.0,0.0,68.4049380759761
5,0.0,1.0,1.0,2000.0
6,0.0,1.0,2.0,2000.0
7,0.0,1.0,3.0,0.20944972565368414
8,0.0,2.0,0.0,17.743156069919063
9,0.0,2.0,1.0,2000.0
10,0.0,2.0,2.0,2000.0
11,0.0,2.0,3.0,0.2094497256525497
