,round,tube,sp,st,final_pop
0,0,0,8,"(0.0, 0.011982899995137153, 0.02852076469392659, 0.0, 0.0, 0.0, 0.00026087500255182283, 0.0, 0.0, 0.0)",389
1,0,1,8,"(0.0, 0.011982899995137153, 0.02852076469392659, 0.0, 0.0, 0.0, 0.00026087500255182283, 0.0, 0.0, 0.0)",304
2,0,2,8,"(0.0, 0.011982899995137153, 0.02852076469392659, 0.0, 0.0, 0.0, 0.00026087500255182283, 0.0, 0.0, 0.0)",414
