,round,tube,sp,st,final_pop
0,0,0,10,"(0.010930127561874522, 0.10751333355865468, 0.0, 0.0, 0.0, 0.0, 0.0, 0.0, 0.0, 0.0)",116
1,0,0,10,"(0.010930127561874522, 0.0723075176073625, 0.0, 0.0, 0.0, 0.0, 0.0, 0.0, 0.0, 0.0)",19
2,0,1,10,"(0.010930127561874522, 0.10751333355865468, 0.0, 0.0, 0.0, 0.0, 0.0, 0.0, 0.0, 0.0)",172
3,0,1,10,"(0.010930127561874522, 0.0723075176073625, 0.0, 0.0, 0.0, 0.0, 0.0, 0.0, 0.0, 0.0)",22
4,0,2,10,"(0.010930127561874522, 0.0723075176073625, 0.0, 0.0, 0.0, 0.0, 0.0, 0.0, 0.0, 0.0)",57
5,0,2,10,"(0.010930127561874522, 0.10751333355865468, 0.0, 0.0, 0.0, 0.0, 0.0, 0.0, 0.0, 0.0)",149
