,round,tube,sp_div_H,tot_pop_0,tot_final_pop,tot_auc,mean_fc,deg_score,nut_score
0,0.0,0.0,-0.0,29.0,545.0,52119.0,18.793096967897597,0.24173409586780215,0.29289319459647023
1,0.0,1.0,-0.0,29.0,579.0,53629.0,19.965510356720568,0.24365596045939641,0.2928931779741518
2,0.0,2.0,-0.0,29.0,545.0,50842.0,18.793096967897597,0.24325692067121918,0.2928932012932286
