,round,tube,sp,pop_0,final_pop,st_div_H,auc,fc
0,0.0,0.0,1.0,14.0,544.0,0.51821176546376,42593.0,38.85711510206064
1,0.0,1.0,1.0,14.0,586.0,0.1488165579488874,40950.0,41.85711295920503
2,0.0,2.0,1.0,14.0,582.0,0.4306725115734663,43340.0,41.57139887757223
