,round,tube,sp,pop_0,final_pop,st_div_H,auc,fc
0,0.0,0.0,11.0,13.0,588.0,0.48691270946460224,41644.0,45.23073443789659
1,0.0,1.0,11.0,13.0,577.0,0.6260305561707112,38898.0,44.384581242629814
2,0.0,2.0,11.0,13.0,620.0,0.6929598639730798,41894.0,47.69227100594538
