,round,tube,sp,pop_0,final_pop,st_div_H,auc,fc
0,0.0,0.0,13.0,24.0,434.0,-0.0,48484.0,18.08332579861425
1,0.0,1.0,13.0,24.0,398.0,-0.0,46262.0,16.58332642361399
2,0.0,2.0,13.0,24.0,428.0,-0.0,45728.0,17.833325902780874
