,round,tube,sp_div_H,tot_pop_0,tot_final_pop,tot_auc,mean_fc,deg_score,nut_score
0,0.0,0.0,-0.0,14.0,471.0,40017.0,33.64283311226206,0.25039422529033306,0.2928932089932893
1,0.0,1.0,-0.0,14.0,442.0,37505.0,31.571406020424273,0.2524572625586352,0.2928932084629837
2,0.0,2.0,-0.0,14.0,442.0,38854.0,31.571406020424273,0.2476462109058689,0.2928931709703775
