,round,tube,sp,pop_0,final_pop,st_div_H,auc,fc
0,0.0,0.0,1.0,26.0,433.0,0.7258152082129105,35038.0,16.653839748523176
1,0.0,1.0,1.0,26.0,444.0,0.922085314046245,33942.0,17.076916508878266
2,0.0,2.0,1.0,26.0,428.0,0.784376902134159,34270.0,16.46153213017995
