,round,tube,nut,amount
0,0.0,0.0,0.0,0.34460445210746715
1,0.0,0.0,1.0,2000.0
2,0.0,0.0,2.0,0.6868430475794793
3,0.0,0.0,3.0,2000.0
4,0.0,1.0,0.0,0.11578699530040504
5,0.0,1.0,1.0,2000.0
6,0.0,1.0,2.0,0.8556230449828817
7,0.0,1.0,3.0,2000.0
8,0.0,2.0,0.0,0.22280291123661522
9,0.0,2.0,1.0,2000.0
10,0.0,2.0,2.0,0.5127984918408723
11,0.0,2.0,3.0,2000.0
