,round,tube,nut,amount
0,0.0,0.0,0.0,2000.0
1,0.0,0.0,1.0,0.9530862268426445
2,0.0,0.0,2.0,2000.0
3,0.0,0.0,3.0,0.06860484636950215
4,0.0,1.0,0.0,2000.0
5,0.0,1.0,1.0,0.9108704015140945
6,0.0,1.0,2.0,2000.0
7,0.0,1.0,3.0,0.5217565727494887
8,0.0,2.0,0.0,2000.0
9,0.0,2.0,1.0,0.6676196333428726
10,0.0,2.0,2.0,2000.0
11,0.0,2.0,3.0,0.13052412289116866
