,round,tube,nut,amount
0,0.0,0.0,0.0,64.98255630733634
1,0.0,0.0,1.0,2000.0
2,0.0,0.0,2.0,2000.0
3,0.0,0.0,3.0,0.18202360416328128
4,0.0,1.0,0.0,57.82920184297189
5,0.0,1.0,1.0,2000.0
6,0.0,1.0,2.0,2000.0
7,0.0,1.0,3.0,0.18202360416174318
8,0.0,2.0,0.0,65.69789175377264
9,0.0,2.0,1.0,2000.0
10,0.0,2.0,2.0,2000.0
11,0.0,2.0,3.0,0.1820236041636954
