,round,tube,nut,amount
0,0.0,0.0,0.0,2000.0
1,0.0,0.0,1.0,0.2404104930153137
2,0.0,0.0,2.0,2000.0
3,0.0,0.0,3.0,0.2580515632037126
4,0.0,1.0,0.0,2000.0
5,0.0,1.0,1.0,0.8225936850060034
6,0.0,1.0,2.0,2000.0
7,0.0,1.0,3.0,0.7551424888585245
8,0.0,2.0,0.0,2000.0
9,0.0,2.0,1.0,0.6751198281582056
10,0.0,2.0,2.0,2000.0
11,0.0,2.0,3.0,0.5762037453734049
