,round,tube,sp_div_H,tot_pop_0,tot_final_pop,tot_auc,mean_fc,deg_score,nut_score
0,0.0,0.0,-0.0,18.0,403.0,35665.0,22.388876450624196,0.26244517182990323,0.292893180685058
1,0.0,1.0,-0.0,18.0,395.0,36907.0,21.944432253093193,0.2635311784215495,0.2928931965450192
2,0.0,2.0,-0.0,18.0,418.0,37056.0,23.22220932099482,0.2635693382941745,0.2928931949253546
