,round,tube,sp,pop_0,final_pop,st_div_H,auc,fc
0,0.0,0.0,8.0,18.0,403.0,0.8312098515991975,35665.0,22.388876450624196
1,0.0,1.0,8.0,18.0,395.0,0.7470581419992662,36907.0,21.944432253093193
2,0.0,2.0,8.0,18.0,418.0,0.9530085229031414,37056.0,23.22220932099482
