,round,tube,sp_div_H,tot_pop_0,tot_final_pop,tot_auc,mean_fc,deg_score,nut_score
0,0.0,0.0,-0.0,8.0,128.0,8886.0,15.999980000025001,0.17733195166168347,0.13397459594858718
1,0.0,1.0,-0.0,8.0,113.0,8428.0,14.124982343772071,0.1804004181364509,0.1339745961396771
2,0.0,2.0,-0.0,8.0,115.0,8698.0,14.374982031272461,0.17417782547952387,0.13397458223839032
