,round,tube,nut,amount
0,0.0,0.0,0.0,2000.0
1,0.0,0.0,1.0,0.06451599591184021
2,0.0,0.0,2.0,0.4223663051055109
3,0.0,0.0,3.0,148.19226365146324
4,0.0,1.0,0.0,2000.0
5,0.0,1.0,1.0,0.16148039026027305
6,0.0,1.0,2.0,934.3017656246125
7,0.0,1.0,3.0,1013.0574568476891
8,0.0,2.0,0.0,2000.0
9,0.0,2.0,1.0,0.3082270838449688
10,0.0,2.0,2.0,360.5010024134332
11,0.0,2.0,3.0,481.66088862657955
