,round,tube,sp,pop_0,final_pop,st_div_H,auc,fc
0,0.0,0.0,0.0,2.0,115.0,-0.0,5554.0,57.49971250143749
1,0.0,1.0,0.0,2.0,121.0,-0.0,5541.0,60.49969750151249
2,0.0,2.0,0.0,2.0,122.0,-0.0,3003.0,60.99969500152499
