,round,tube,sp_div_H,tot_pop_0,tot_final_pop,tot_auc,mean_fc,deg_score,nut_score
0,0.0,0.0,-0.0,14.0,459.0,30178.0,32.78569086736367,0.1523411979915834,0.29285673641277965
1,0.0,1.0,-0.0,14.0,453.0,30849.0,32.35711974491447,0.15097346444028004,0.2928778290786612
2,0.0,2.0,-0.0,14.0,388.0,28269.0,27.71426591838149,0.15185348603877546,0.2928510168368814
