,round,tube,sp,pop_0,final_pop,st_div_H,auc,fc
0,0.0,0.0,9.0,12.0,180.0,-0.0,6160.0,14.999987500010418
1,0.0,1.0,9.0,12.0,191.0,-0.0,5495.0,15.916653402788832
2,0.0,2.0,9.0,12.0,230.0,-0.0,8097.0,19.166650694457754
