,round,tube,nut,amount
0,0.0,0.0,0.0,0.3828543383401716
1,0.0,0.0,1.0,0.9211153213936694
2,0.0,0.0,2.0,2000.0
3,0.0,0.0,3.0,2000.0
4,0.0,1.0,0.0,0.2821626435785358
5,0.0,1.0,1.0,0.5655937155356526
6,0.0,1.0,2.0,2000.0
7,0.0,1.0,3.0,2000.0
8,0.0,2.0,0.0,0.36000024775500894
9,0.0,2.0,1.0,0.9976370888041819
10,0.0,2.0,2.0,2000.0
11,0.0,2.0,3.0,2000.0
