,round,tube,sp,st,final_pop
0,0,0,1,"(0.0, 0.010267115151412777, 0.0, 0.01791374384252807, 0.0, 0.012300171759776058, 0.0, 0.0, 0.0154164923044359, 0.023187541493778534)",22
1,0,0,1,"(0.0, 0.01819021681934756, 0.0, 0.01791374384252807, 0.0, 0.01498355219082073, 0.0, 0.0, 0.0154164923044359, 0.023187541493778534)",406
2,0,1,1,"(0.0, 0.01819021681934756, 0.0, 0.01791374384252807, 0.0, 0.01498355219082073, 0.0, 0.0, 0.0154164923044359, 0.023187541493778534)",423
3,0,2,1,"(0.0, 0.01819021681934756, 0.0, 0.01791374384252807, 0.0, 0.01498355219082073, 0.0, 0.0, 0.0154164923044359, 0.023187541493778534)",378
4,0,2,1,"(0.0, 0.010267115151412777, 0.0, 0.01791374384252807, 0.0, 0.012300171759776058, 0.0, 0.0, 0.0154164923044359, 0.023187541493778534)",9
