,round,tube,sp,pop_0,final_pop,st_div_H,auc,fc
0,0.0,0.0,11.0,10.0,30.0,-0.0,19405.0,2.9999970000030003
1,0.0,1.0,11.0,10.0,37.0,-0.0,18429.0,3.6999963000037
2,0.0,2.0,11.0,10.0,44.0,-0.0,19625.0,4.3999956000044005
