,round,tube,nut,amount
0,0.0,0.0,0.0,1871.4676570355784
1,0.0,0.0,1.0,68.16404964922435
2,0.0,0.0,2.0,236.8138339073881
3,0.0,0.0,3.0,2000.0
4,0.0,1.0,0.0,1877.466522707488
5,0.0,1.0,1.0,158.32675966482685
6,0.0,1.0,2.0,319.1053157322614
7,0.0,1.0,3.0,2000.0
8,0.0,2.0,0.0,1880.9484935581677
9,0.0,2.0,1.0,210.66064164557125
10,0.0,2.0,2.0,366.87043611404846
11,0.0,2.0,3.0,2000.0
