,round,tube,sp,pop_0,final_pop,st_div_H,auc,fc
0,0.0,0.0,14.0,6.0,706.0,-0.0,23381.0,117.66647055588241
1,0.0,1.0,14.0,6.0,656.0,-0.0,19468.0,109.33315111141482
2,0.0,2.0,14.0,6.0,647.0,-0.0,18024.0,107.83315361141065
