,round,tube,sp,st,final_pop
0,0,0,11,"(0.020646886068902165, 0.0, 0.0, 0.0, 0.0, 0.0, 0.0, 0.0, 0.042986047839331784, 0.0)",5
1,0,0,11,"(0.011378175154511404, 0.0, 0.0, 0.0, 0.0, 0.0, 0.0, 0.0, 0.042986047839331784, 0.0)",39
2,0,1,11,"(0.011378175154511404, 0.0, 0.0, 0.0, 0.0, 0.0, 0.0, 0.0, 0.042986047839331784, 0.0)",22
3,0,1,11,"(0.020646886068902165, 0.0, 0.0, 0.0, 0.0, 0.0, 0.0, 0.0, 0.042986047839331784, 0.0)",19
4,0,2,11,"(0.011378175154511404, 0.0, 0.0, 0.0, 0.0, 0.0, 0.0, 0.0, 0.042986047839331784, 0.0)",33
5,0,2,11,"(0.020646886068902165, 0.0, 0.0, 0.0, 0.0, 0.0, 0.0, 0.0, 0.042986047839331784, 0.0)",5
