,round,tube,sp,pop_0,final_pop,st_div_H,auc,fc
0,0.0,0.0,1.0,12.0,417.0,-0.0,62653.0,34.7499710416908
1,0.0,1.0,1.0,12.0,483.0,-0.0,64242.0,40.249966458361286
2,0.0,2.0,1.0,12.0,420.0,-0.0,61550.0,34.99997083335764
