,round,tube,sp,pop_0,final_pop,st_div_H,auc,fc
0,0.0,0.0,1.0,43.0,833.0,0.3749120637591763,89818.0,19.372088518118947
1,0.0,1.0,1.0,43.0,807.0,0.4666682680676141,85480.0,18.767437495944765
2,0.0,2.0,1.0,43.0,803.0,0.5630166632622322,86682.0,18.674414261764124
