,round,tube,nut,amount
0,0.0,0.0,0.0,0.4951900900405555
1,0.0,0.0,1.0,0.11178616337601421
2,0.0,0.0,2.0,1677.4724716085148
3,0.0,0.0,3.0,1456.7703305943076
4,0.0,1.0,0.0,0.5391989845010698
5,0.0,1.0,1.0,0.2896682536069771
6,0.0,1.0,2.0,1677.4795704061225
7,0.0,1.0,3.0,1456.7822870232565
8,0.0,2.0,0.0,0.5883332966248083
9,0.0,2.0,1.0,0.2416704182630206
10,0.0,2.0,2.0,1677.4874959525716
11,0.0,2.0,3.0,1456.7956359364546
