,round,tube,sp,pop_0,final_pop,st_div_H,auc,fc
0,0.0,0.0,8.0,20.0,637.0,1.884414441030319,85969.0,31.849984075007963
1,0.0,1.0,8.0,20.0,621.0,1.7681795486626621,84532.0,31.04998447500776
2,0.0,2.0,8.0,20.0,460.0,1.5086144741183038,67771.0,22.99998850000575
