,round,tube,nut,amount
0,0.0,0.0,0.0,2000.0
1,0.0,0.0,1.0,0.5694069405574869
2,0.0,0.0,2.0,0.9929257319979143
3,0.0,0.0,3.0,2000.0
4,0.0,1.0,0.0,2000.0
5,0.0,1.0,1.0,0.22065744209807292
6,0.0,1.0,2.0,0.9275199221656103
7,0.0,1.0,3.0,2000.0
8,0.0,2.0,0.0,2000.0
9,0.0,2.0,1.0,0.21730137516032677
10,0.0,2.0,2.0,0.12946688868786183
11,0.0,2.0,3.0,2000.0
