,round,tube,sp_div_H,tot_pop_0,tot_final_pop,tot_auc,mean_fc,deg_score,nut_score
0,0.0,0.0,-0.0,13.0,289.0,19032.0,22.23075213019067,0.16319075255418436,0.2926800064486549
1,0.0,1.0,-0.0,13.0,325.0,17578.0,24.999980769245564,0.16301384319355172,0.2920819480627067
2,0.0,2.0,-0.0,13.0,332.0,19074.0,25.538441893506235,0.1631839252063041,0.29261448330999906
