,round,tube,nut,amount
0,0.0,0.0,0.0,0.9236192545524999
1,0.0,0.0,1.0,2000.0
2,0.0,0.0,2.0,0.45237347757998947
3,0.0,0.0,3.0,2000.0
4,0.0,1.0,0.0,0.3128238362645366
5,0.0,1.0,1.0,2000.0
6,0.0,1.0,2.0,0.2680569171562448
7,0.0,1.0,3.0,2000.0
8,0.0,2.0,0.0,0.4963091069739838
9,0.0,2.0,1.0,2000.0
10,0.0,2.0,2.0,0.16077391127181828
11,0.0,2.0,3.0,2000.0
