,round,tube,sp_div_H,tot_pop_0,tot_final_pop,tot_auc,mean_fc,deg_score,nut_score
0,0.0,0.0,-0.0,3.0,149.0,2117.0,49.66650111166296,0.12314582305984112,0.17652451092689436
1,0.0,1.0,-0.0,3.0,230.0,6629.0,76.66641111196296,0.21289611052054536,0.4195340401012253
2,0.0,2.0,-0.0,3.0,359.0,9986.0,119.6662677791074,0.23655250042899112,0.4912280166068672
