,round,tube,sp,pop_0,final_pop,st_div_H,auc,fc
0,0.0,0.0,11.0,32.0,644.0,0.7319352802270866,73918.0,20.124993710939464
1,0.0,1.0,11.0,32.0,655.0,1.0216281853829112,75971.0,20.468743603517623
2,0.0,2.0,11.0,32.0,660.0,1.1356307804687955,75164.0,20.624993554689514
