,round,tube,sp,pop_0,final_pop,st_div_H,auc,fc
0,0.0,0.0,13.0,6.0,76.0,-0.0,7745.0,12.666645555590742
1,0.0,1.0,13.0,6.0,78.0,-0.0,7980.0,12.999978333369445
2,0.0,2.0,13.0,6.0,93.0,-0.0,8239.0,15.499974166709723
