,round,tube,sp_div_H,tot_pop_0,tot_final_pop,tot_auc,mean_fc,deg_score,nut_score
0,0.0,0.0,-0.0,16.0,772.0,69275.0,48.24996984376885,0.18508324531822717,0.4923720905808794
1,0.0,1.0,-0.0,16.0,811.0,72783.0,50.6874683203323,0.18215783079401748,0.49237428189729626
2,0.0,2.0,-0.0,16.0,811.0,74377.0,50.6874683203323,0.18371463758055795,0.492370460449452
