,round,tube,sp,pop_0,final_pop,st_div_H,auc,fc
0,0.0,0.0,10.0,11.0,217.0,-0.0,14948.0,19.727254793404732
1,0.0,1.0,10.0,11.0,222.0,0.27032750542034545,14763.0,20.181799834727425
2,0.0,2.0,10.0,11.0,222.0,0.4124155683583893,13988.0,20.181799834727425
