,round,tube,sp_div_H,tot_pop_0,tot_final_pop,tot_auc,mean_fc,deg_score,nut_score
0,0.0,0.0,-0.0,72.0,1038.0,114226.0,14.41666466435213,0.2714828051977346,0.4999999901577842
1,0.0,1.0,-0.0,72.0,1015.0,109814.0,14.097220264274963,0.26815158270420647,0.4973245877517837
2,0.0,2.0,-0.0,72.0,1069.0,111643.0,14.84722016010831,0.27119004918775236,0.4973230693613808
