,round,tube,sp,pop_0,final_pop,st_div_H,auc,fc
0,0.0,0.0,11.0,3.0,313.0,-0.0,16986.0,104.3329855567148
1,0.0,1.0,11.0,3.0,269.0,-0.0,16977.0,89.66636777877407
2,0.0,2.0,11.0,3.0,322.0,-0.0,18432.0,107.33297555674814
