,round,tube,sp_div_H,tot_pop_0,tot_final_pop,tot_auc,mean_fc,deg_score,nut_score
0,0.0,0.0,-0.0,25.0,507.0,63567.0,20.279991888003245,0.14501439070442435,0.29289319848190865
1,0.0,1.0,-0.0,25.0,500.0,64731.0,19.9999920000032,0.1450866683816041,0.2928932014683866
2,0.0,2.0,-0.0,25.0,502.0,64744.0,20.079991968003213,0.14249630842695937,0.29289318450498714
