,round,tube,sp,st,final_pop
0,0,0,1,"(0.0, 0.0, 0.0739517619970899, 0.0, 0.0, 0.05729966357645052, 0.0, 0.0, 0.0, 0.09965925051150999)",88
1,0,0,1,"(0.0, 0.0, 0.0739517619970899, 0.0, 0.0, 0.07577624578880941, 0.0, 0.0, 0.0, 0.0725408306533976)",394
2,0,1,1,"(0.0, 0.0, 0.0739517619970899, 0.0, 0.0, 0.07577624578880941, 0.0, 0.0, 0.0, 0.0725408306533976)",434
3,0,1,1,"(0.0, 0.0, 0.0739517619970899, 0.0, 0.0, 0.05729966357645052, 0.0, 0.0, 0.0, 0.09965925051150999)",59
4,0,2,1,"(0.0, 0.0, 0.0739517619970899, 0.0, 0.0, 0.05729966357645052, 0.0, 0.0, 0.0, 0.09965925051150999)",18
5,0,2,1,"(0.0, 0.0, 0.0739517619970899, 0.0, 0.0, 0.07577624578880941, 0.0, 0.0, 0.0, 0.0725408306533976)",495
