,round,tube,nut,amount
0,0.0,0.0,0.0,2000.0
1,0.0,0.0,1.0,545.997182467511
2,0.0,0.0,2.0,0.7392510611126895
3,0.0,0.0,3.0,2000.0
4,0.0,1.0,0.0,2000.0
5,0.0,1.0,1.0,319.28129487732787
6,0.0,1.0,2.0,0.6500342166846815
7,0.0,1.0,3.0,2000.0
8,0.0,2.0,0.0,2000.0
9,0.0,2.0,1.0,341.5209200991882
10,0.0,2.0,2.0,0.27690058539227635
11,0.0,2.0,3.0,2000.0
