,round,tube,sp_div_H,tot_pop_0,tot_final_pop,tot_auc,mean_fc,deg_score,nut_score
0,0.0,0.0,-0.0,14.0,103.0,10212.0,7.3571376020445705,0.17137816499229186,0.1339745942011844
1,0.0,1.0,-0.0,14.0,98.0,8975.0,6.9999950000035716,0.17433005203106533,0.13397458656521954
2,0.0,2.0,-0.0,14.0,100.0,10581.0,7.142852040819971,0.1693638159324219,0.1339745703253057
