,round,tube,sp_div_H,tot_pop_0,tot_final_pop,tot_auc,mean_fc,deg_score,nut_score
0,0.0,0.0,-0.0,7.0,1.0,256.0,0.14285693877580175,0.028521595320613713,0.027963329301988638
1,0.0,1.0,0.0,7.0,0.0,136.0,0.0,0.015537306693402475,0.014932040476204445
2,0.0,2.0,-0.0,7.0,1.0,282.0,0.14285693877580175,0.031280181022842246,0.03012268677984864
