,round,tube,sp_div_H,tot_pop_0,tot_final_pop,tot_auc,mean_fc,deg_score,nut_score
0,0.0,0.0,-0.0,14.0,87.0,5609.0,6.2142812755133745,0.18799257586620421,0.13397457430564397
1,0.0,1.0,-0.0,14.0,82.0,5925.0,5.8571386734723765,0.18556729572226216,0.13397456330550173
2,0.0,2.0,-0.0,14.0,76.0,5433.0,5.428567551023178,0.18747170925740864,0.13397456037657018
