,round,tube,sp,pop_0,final_pop,st_div_H,auc,fc
0,0.0,0.0,0.0,12.0,79.0,0.9391962692140088,14525.0,6.583327847226794
1,0.0,1.0,0.0,12.0,71.0,1.262994480721782,15451.0,5.91666173611522
2,0.0,2.0,0.0,12.0,56.0,1.2784007663461616,14100.0,4.666662777781019
