,round,tube,nut,amount
0,0.0,0.0,0.0,0.5034308231223356
1,0.0,0.0,1.0,2000.0
2,0.0,0.0,2.0,0.39183887173108656
3,0.0,0.0,3.0,350.6655865464552
4,0.0,1.0,0.0,0.4628787262577779
5,0.0,1.0,1.0,2000.0
6,0.0,1.0,2.0,0.510000019659791
7,0.0,1.0,3.0,350.7630492651042
8,0.0,2.0,0.0,0.3409594697244221
9,0.0,2.0,1.0,2000.0
10,0.0,2.0,2.0,0.3622535049133314
11,0.0,2.0,3.0,350.64118368364706
