,round,tube,sp_div_H,tot_pop_0,tot_final_pop,tot_auc,mean_fc,deg_score,nut_score
0,0.0,0.0,-0.0,11.0,345.0,51206.0,31.36360785126559,0.14924358480952882,0.7719530825887069
1,0.0,1.0,-0.0,11.0,368.0,51873.0,33.454515041349964,0.14880422331466825,0.7719915364642449
2,0.0,2.0,-0.0,11.0,356.0,48635.0,32.36360694217551,0.1495256547476277,0.7719481859795154
