,round,tube,sp,st,final_pop
0,0,0,8,"(0.0, 0.0069292940759038855, 0.03701816961846335, 0.0, 0.0, 0.0, 0.00022650590929186224, 0.0, 0.0, 0.0)",103
1,0,0,8,"(0.0, 0.012093596506554186, 0.03701816961846335, 0.0, 0.0, 0.0, 0.00022650590929186224, 0.0, 0.0, 0.0)",203
2,0,0,8,"(0.0, 0.005036379330141069, 0.03701816961846335, 0.0, 0.0, 0.0, 0.00022650590929186224, 0.0, 0.0, 0.0)",50
3,0,1,8,"(0.0, 0.012093596506554186, 0.03701816961846335, 0.0, 0.0, 0.0, 0.00022650590929186224, 0.0, 0.0, 0.0)",100
4,0,1,8,"(0.0, 0.0069292940759038855, 0.03701816961846335, 0.0, 0.0, 0.0, 0.00022650590929186224, 0.0, 0.0, 0.0)",66
5,0,1,8,"(0.0, 0.005036379330141069, 0.03701816961846335, 0.0, 0.0, 0.0, 0.00022650590929186224, 0.0, 0.0, 0.0)",94
6,0,2,8,"(0.0, 0.012093596506554186, 0.03701816961846335, 0.0, 0.0, 0.0, 0.00022650590929186224, 0.0, 0.0, 0.0)",215
7,0,2,8,"(0.0, 0.0069292940759038855, 0.03701816961846335, 0.0, 0.0, 0.0, 0.00022650590929186224, 0.0, 0.0, 0.0)",47
8,0,2,8,"(0.0, 0.005036379330141069, 0.03701816961846335, 0.0, 0.0, 0.0, 0.00022650590929186224, 0.0, 0.0, 0.0)",41
