,round,tube,sp,pop_0,final_pop,st_div_H,auc,fc
0,0.0,0.0,8.0,13.0,356.0,0.9548210403898321,60723.0,27.38459431954283
1,0.0,1.0,8.0,13.0,260.0,1.0833587806080909,43872.0,19.99998461539645
2,0.0,2.0,8.0,13.0,303.0,0.8031698746093794,49381.0,23.30767437871202
