,round,tube,sp_div_H,tot_pop_0,tot_final_pop,tot_auc,mean_fc,deg_score,nut_score
0,0.0,0.0,-0.0,8.0,311.0,22119.0,38.87495140631074,0.014766588056074559,0.2813479288497074
1,0.0,1.0,-0.0,8.0,327.0,24243.0,40.87494890631387,0.014755059939898563,0.28539923952369106
2,0.0,2.0,-0.0,8.0,268.0,22763.0,33.499958125052345,0.014117897739410856,0.2802786026788412
