,round,tube,nut,amount
0,0.0,0.0,0.0,938.41248125143
1,0.0,0.0,1.0,0.20650414636440767
2,0.0,0.0,2.0,35.57078026218796
3,0.0,0.0,3.0,2000.0
4,0.0,1.0,0.0,935.5042820331178
5,0.0,1.0,1.0,0.635673327604404
6,0.0,1.0,2.0,30.1892630340952
7,0.0,1.0,3.0,2000.0
8,0.0,2.0,0.0,919.4409822535399
9,0.0,2.0,1.0,0.3127805188677703
10,0.0,2.0,2.0,0.4647091041350628
11,0.0,2.0,3.0,2000.0
