,round,tube,sp,st,final_pop
0,0,0,1,"(0.0, 0.01819021681934756, 0.0, 0.024584807322582867, 0.0, 0.01498355219082073, 0.0, 0.0, 0.0154164923044359, 0.023187541493778534)",439
1,0,0,1,"(0.0, 0.01819021681934756, 0.0, 0.023455775187228797, 0.0, 0.01498355219082073, 0.0, 0.0, 0.03000951330725249, 0.0227402141572235)",14
2,0,1,1,"(0.0, 0.01819021681934756, 0.0, 0.024584807322582867, 0.0, 0.01498355219082073, 0.0, 0.0, 0.0154164923044359, 0.023187541493778534)",375
3,0,1,1,"(0.0, 0.01819021681934756, 0.0, 0.023455775187228797, 0.0, 0.01498355219082073, 0.0, 0.0, 0.03000951330725249, 0.0227402141572235)",59
4,0,2,1,"(0.0, 0.01819021681934756, 0.0, 0.024584807322582867, 0.0, 0.01498355219082073, 0.0, 0.0, 0.0154164923044359, 0.023187541493778534)",454
