,round,tube,sp_div_H,tot_pop_0,tot_final_pop,tot_auc,mean_fc,deg_score,nut_score
0,0.0,0.0,-0.0,12.0,308.0,52151.0,25.666645277795602,0.05519378953205367,0.39912590069399045
1,0.0,1.0,-0.0,12.0,286.0,47914.0,23.833313472238775,0.053741657241476726,0.39911388203148834
2,0.0,2.0,-0.0,12.0,401.0,59300.0,33.41663881946765,0.06492029618890915,0.4999999320592844
