,round,tube,sp_div_H,tot_pop_0,tot_final_pop,tot_auc,mean_fc,deg_score,nut_score
0,0.0,0.0,-0.0,28.0,861.0,74082.0,30.749989017861065,0.18873075518446225,0.4923683338899848
1,0.0,1.0,-0.0,28.0,776.0,70986.0,27.714275816330066,0.18704878134482306,0.4923674528998284
2,0.0,2.0,-0.0,28.0,794.0,74763.0,28.357132729595453,0.18862217208556764,0.49237305567134315
