,round,tube,sp_div_H,tot_pop_0,tot_final_pop,tot_auc,mean_fc,deg_score,nut_score
0,0.0,0.0,-0.0,12.0,266.0,40042.0,22.16664819445984,0.13570606578103617,0.4915491218678445
1,0.0,1.0,-0.0,12.0,348.0,50895.0,28.999975833353474,0.1645191454821614,0.9997467387055174
2,0.0,2.0,-0.0,12.0,379.0,48994.0,31.583307013910822,0.15673366813728073,0.7719581849145535
