,round,tube,nut,amount
0,0.0,0.0,0.0,1943.0940596164978
1,0.0,0.0,1.0,1756.7158263893245
2,0.0,0.0,2.0,1613.7751294555962
3,0.0,0.0,3.0,2000.0
4,0.0,1.0,0.0,1908.8220839541525
5,0.0,1.0,1.0,1610.1963378996115
6,0.0,1.0,2.0,1381.1686691408754
7,0.0,1.0,3.0,2000.0
8,0.0,2.0,0.0,1919.924862117926
9,0.0,2.0,1.0,1657.662915064534
10,0.0,2.0,2.0,1456.5240543622995
11,0.0,2.0,3.0,2000.0
