,round,tube,sp_div_H,tot_pop_0,tot_final_pop,tot_auc,mean_fc,deg_score,nut_score
0,0.0,0.0,-0.0,21.0,53.0,15878.0,2.523808321996037,0.12644676099670293,0.13397456120407314
1,0.0,1.0,-0.0,21.0,48.0,16680.0,2.28571319727943,0.12406480405987608,0.1339745635246169
2,0.0,2.0,-0.0,21.0,66.0,18610.0,3.1428556462592163,0.12515496265340698,0.13397456083067483
