,round,tube,nut,amount
0,0.0,0.0,0.0,1900.6092974137466
1,0.0,0.0,1.0,1968.4772252327443
2,0.0,0.0,2.0,2000.0
3,0.0,0.0,3.0,2000.0
4,0.0,1.0,0.0,1882.1977778542528
5,0.0,1.0,1.0,1962.6378240705192
6,0.0,1.0,2.0,2000.0
7,0.0,1.0,3.0,2000.0
8,0.0,2.0,0.0,1927.126827828088
9,0.0,2.0,1.0,1976.887530390926
10,0.0,2.0,2.0,2000.0
11,0.0,2.0,3.0,2000.0
