,round,tube,sp,pop_0,final_pop,st_div_H,auc,fc
0,0.0,0.0,12.0,7.0,61.0,-0.0,1495.0,8.714273265323907
1,0.0,1.0,12.0,7.0,109.0,-0.0,5020.0,15.571406326562391
2,0.0,2.0,12.0,7.0,92.0,0.6526640257573958,5222.0,13.142838367373761
