,round,tube,sp,pop_0,final_pop,st_div_H,auc,fc
0,0.0,0.0,13.0,1.0,102.0,-0.0,6628.0,101.99898001019989
1,0.0,1.0,13.0,1.0,0.0,,1.0,0.0
2,0.0,2.0,13.0,1.0,138.0,-0.0,6631.0,137.99862001379987
