,round,tube,nut,amount
0,0.0,0.0,0.0,2000.0
1,0.0,0.0,1.0,0.7890426163511706
2,0.0,0.0,2.0,0.5668528504506897
3,0.0,0.0,3.0,2000.0
4,0.0,1.0,0.0,2000.0
5,0.0,1.0,1.0,0.6700214088895355
6,0.0,1.0,2.0,0.22613035878839643
7,0.0,1.0,3.0,2000.0
8,0.0,2.0,0.0,2000.0
9,0.0,2.0,1.0,0.973052720996014
10,0.0,2.0,2.0,0.2546279627566765
11,0.0,2.0,3.0,2000.0
