,round,tube,nut,amount
0,0.0,0.0,0.0,0.488983810105177
1,0.0,0.0,1.0,0.4079947109762315
2,0.0,0.0,2.0,2000.0
3,0.0,0.0,3.0,2000.0
4,0.0,1.0,0.0,0.39016604740557853
5,0.0,1.0,1.0,0.1646508755729576
6,0.0,1.0,2.0,2000.0
7,0.0,1.0,3.0,2000.0
8,0.0,2.0,0.0,0.47348283915544886
9,0.0,2.0,1.0,0.6681205653021649
10,0.0,2.0,2.0,2000.0
11,0.0,2.0,3.0,2000.0
