,round,tube,sp,pop_0,final_pop,st_div_H,auc,fc
0,0.0,0.0,8.0,13.0,306.0,1.6641230072030588,49029.0,23.53844343196659
1,0.0,1.0,8.0,13.0,394.0,1.283474369564427,56306.0,30.307668994100776
2,0.0,2.0,8.0,13.0,277.0,1.2748122489888067,48984.0,21.30767591717237
