,round,tube,sp_div_H,tot_pop_0,tot_final_pop,tot_auc,mean_fc,deg_score,nut_score
0,0.0,0.0,-0.0,5.0,125.0,6454.0,24.9999500001,0.20332502770871386,0.2884315334805553
1,0.0,1.0,-0.0,5.0,155.0,5664.0,30.999938000124,0.19887235524940416,0.27194087777740306
2,0.0,2.0,-0.0,5.0,106.0,4779.0,21.1999576000848,0.19248145302499853,0.24302831620854304
