,round,tube,sp,pop_0,final_pop,st_div_H,auc,fc
0,0.0,0.0,8.0,6.0,319.0,-0.0,10363.0,53.16657805570324
1,0.0,1.0,8.0,6.0,304.0,-0.0,9947.0,50.66658222236297
2,0.0,2.0,8.0,6.0,277.0,-0.0,14317.0,46.166589722350466
