,round,tube,sp,pop_0,final_pop,st_div_H,auc,fc
0,0.0,0.0,8.0,15.0,238.0,-0.0,12386.0,15.86665608889594
1,0.0,1.0,8.0,15.0,270.0,-0.0,13329.0,17.999988000008
2,0.0,2.0,8.0,15.0,281.0,-0.0,13553.0,18.73332084445277
