,round,tube,sp_div_H,tot_pop_0,tot_final_pop,tot_auc,mean_fc,deg_score,nut_score
0,0.0,0.0,-0.0,15.0,581.0,42305.0,38.733307511128324,0.16333997346592444,0.2928069528771815
1,0.0,1.0,-0.0,15.0,569.0,41208.0,37.933308044461306,0.16333997346592444,0.29283560582401924
2,0.0,2.0,-0.0,15.0,591.0,41982.0,39.39997373335085,0.16333997346592444,0.29284241992242355
