,round,tube,sp,st,final_pop
0,0,0,4,"(0.5550968574519293, 0.0, 0.0, 0.03753889199419092, 0.0, 0.0, 0.0, 0.0, 0.0, 0.19564515366205473)",87
1,0,1,4,"(0.5550968574519293, 0.0, 0.0, 0.03753889199419092, 0.0, 0.0, 0.0, 0.0, 0.0, 0.19564515366205473)",189
2,0,2,4,"(0.5550968574519293, 0.0, 0.0, 0.03753889199419092, 0.0, 0.0, 0.0, 0.0, 0.0, 0.19564515366205473)",127
