,round,tube,sp,pop_0,final_pop,st_div_H,auc,fc
0,0.0,0.0,8.0,28.0,825.0,-0.0,97391.0,29.46427519133029
1,0.0,1.0,8.0,28.0,812.0,-0.0,96821.0,28.999989642860843
2,0.0,2.0,8.0,28.0,836.0,-0.0,100696.0,29.85713219388136
