,round,tube,sp,pop_0,final_pop,st_div_H,auc,fc
0,0.0,0.0,9.0,8.0,106.0,0.48430217949997767,9417.0,13.249983437520704
1,0.0,1.0,9.0,8.0,104.0,0.4754515010083028,9404.0,12.999983750020313
2,0.0,2.0,9.0,8.0,116.0,0.6877868229921127,9474.0,14.499981875022657
