,round,tube,sp_div_H,tot_pop_0,tot_final_pop,tot_auc,mean_fc,deg_score,nut_score
0,0.0,0.0,-0.0,8.0,115.0,9060.0,14.374982031272461,0.17071527898756234,0.13397457708644445
1,0.0,1.0,-0.0,8.0,106.0,6963.0,13.249983437520704,0.17139393253502822,0.13397456977954902
2,0.0,2.0,-0.0,8.0,116.0,10189.0,14.499981875022657,0.1724086643068541,0.13397459372336618
