,round,tube,sp_div_H,tot_pop_0,tot_final_pop,tot_auc,mean_fc,deg_score,nut_score
0,0.0,0.0,-0.0,10.0,60.0,4005.0,5.999994000006001,0.15983804783616418,0.13397457105052357
1,0.0,1.0,-0.0,10.0,68.0,2347.0,6.7999932000068,0.14037218995408285,0.13028644012373114
2,0.0,2.0,-0.0,10.0,57.0,4291.0,5.6999943000057005,0.16031799250489343,0.13397458292312792
