,round,tube,sp,pop_0,final_pop,st_div_H,auc,fc
0,0.0,0.0,8.0,21.0,870.0,0.47726799422044697,98738.0,41.42855170068967
1,0.0,1.0,8.0,21.0,836.0,0.6179859468138744,95357.0,39.80950485261674
2,0.0,2.0,8.0,21.0,871.0,0.6393923334854008,97279.0,41.47617072563299
