,round,tube,sp_div_H,tot_pop_0,tot_final_pop,tot_auc,mean_fc,deg_score,nut_score
0,0.0,0.0,-0.0,14.0,283.0,28474.0,20.214271275520517,0.09561351618989333,0.2928932170563505
1,0.0,1.0,-0.0,14.0,287.0,30107.0,20.499985357153317,0.09865951485029334,0.292893167934951
2,0.0,2.0,-0.0,14.0,284.0,29502.0,20.285699795928718,0.09984514847733572,0.29289321244337485
