,round,tube,sp,pop_0,final_pop,st_div_H,auc,fc
0,0.0,0.0,8.0,12.0,543.0,-0.0,46779.0,45.24996229169809
1,0.0,1.0,8.0,12.0,583.0,-0.0,49240.0,48.58329284725596
2,0.0,2.0,8.0,12.0,574.0,-0.0,49504.0,47.83329347225544
