,round,tube,sp,pop_0,final_pop,st_div_H,auc,fc
0,0.0,0.0,0.0,15.0,312.0,-0.0,32885.0,20.79998613334258
1,0.0,1.0,0.0,15.0,312.0,-0.0,30632.0,20.79998613334258
2,0.0,2.0,0.0,15.0,316.0,-0.0,32079.0,21.066652622231587
