,round,tube,sp_div_H,tot_pop_0,tot_final_pop,tot_auc,mean_fc,deg_score,nut_score
0,0.0,0.0,-0.0,13.0,519.0,43307.0,39.923046213041374,0.23222394251390643,0.2928931904462597
1,0.0,1.0,-0.0,13.0,500.0,42955.0,38.461508875762405,0.23074485806239398,0.2928932069476543
2,0.0,2.0,-0.0,13.0,507.0,41788.0,38.999970000023076,0.2308868821792276,0.29289318886199855
