,round,tube,sp,pop_0,final_pop,st_div_H,auc,fc
0,0.0,0.0,1.0,18.0,415.0,0.8363240803619697,32855.0,23.055542746920697
1,0.0,1.0,1.0,18.0,439.0,1.0022798134408835,36921.0,24.3888753395137
2,0.0,2.0,1.0,18.0,407.0,0.7198872803250137,33554.0,22.611098549389695
