,round,tube,sp,pop_0,final_pop,st_div_H,auc,fc
0,0.0,0.0,8.0,13.0,557.0,1.708610182699101,83230.0,42.84612088759932
1,0.0,1.0,8.0,13.0,411.0,1.562535279667358,66237.0,31.615360295876698
2,0.0,2.0,8.0,13.0,676.0,1.4005324225389024,89390.0,51.99996000003077
