,round,tube,sp_div_H,tot_pop_0,tot_final_pop,tot_auc,mean_fc,deg_score,nut_score
0,0.0,0.0,-0.0,6.0,1.0,233.0,0.16666638888935187,0.029120225397841315,0.02616035418979823
1,0.0,1.0,0.0,6.0,0.0,130.0,0.0,0.016571601247237,0.014605425826981766
2,0.0,2.0,-0.0,6.0,3.0,347.0,0.4999991666680556,0.04241923085556887,0.037626660250255295
