,round,tube,sp,pop_0,final_pop,st_div_H,auc,fc
0,0.0,0.0,9.0,9.0,45.0,-0.0,2073.0,4.999994444450618
1,0.0,1.0,9.0,9.0,39.0,-0.0,1639.0,4.333328518523868
2,0.0,2.0,9.0,9.0,35.0,-0.0,2182.0,3.888884567906036
