,round,tube,sp,pop_0,final_pop,st_div_H,auc,fc
0,0.0,0.0,1.0,6.0,787.0,-0.0,70994.0,131.16644805591991
1,0.0,1.0,1.0,6.0,795.0,-0.0,71897.0,132.49977916703472
2,0.0,2.0,1.0,6.0,876.0,-0.0,74055.0,145.99975666707223
