,round,tube,sp_div_H,tot_pop_0,tot_final_pop,tot_auc,mean_fc,deg_score,nut_score
0,0.0,0.0,-0.0,31.0,538.0,58867.0,17.354833111344156,0.27629402260370706,0.49999689337174236
1,0.0,1.0,-0.0,31.0,399.0,49649.0,12.870963590011746,0.26836685759982737,0.3987081881828983
2,0.0,2.0,-0.0,31.0,379.0,47652.0,12.225802507805643,0.26901616209802215,0.3987047965728844
