,round,tube,sp,pop_0,final_pop,st_div_H,auc,fc
0,0.0,0.0,11.0,3.0,0.0,,6.0,0.0
1,0.0,1.0,11.0,3.0,60.0,0.6909233093138181,22773.0,19.999933333555553
2,0.0,2.0,11.0,3.0,47.0,0.641317327350994,20228.0,15.666614444618517
