,round,tube,sp,st,final_pop
0,0,0,1,"(0.0, 0.0, 0.10922905711608999, 0.0, 0.0, 0.07577624578880941, 0.0, 0.0, 0.0, 0.09965925051150999)",549
1,0,1,1,"(0.0, 0.0, 0.06132586932815616, 0.0, 0.0, 0.07577624578880941, 0.0, 0.0, 0.0, 0.09965925051150999)",40
2,0,1,1,"(0.0, 0.0, 0.10922905711608999, 0.0, 0.0, 0.07577624578880941, 0.0, 0.0, 0.0, 0.09965925051150999)",522
3,0,2,1,"(0.0, 0.0, 0.06132586932815616, 0.0, 0.0, 0.07577624578880941, 0.0, 0.0, 0.0, 0.09965925051150999)",7
4,0,2,1,"(0.0, 0.0, 0.10922905711608999, 0.0, 0.0, 0.07577624578880941, 0.0, 0.0, 0.0, 0.09965925051150999)",602
