,round,tube,sp_div_H,tot_pop_0,tot_final_pop,tot_auc,mean_fc,deg_score,nut_score
0,0.0,0.0,-0.0,9.0,270.0,11550.0,29.999966666703706,0.24239238511387085,0.4986209257712493
1,0.0,1.0,-0.0,9.0,255.0,13017.0,28.333301851886834,0.24248412623594273,0.4986299761670072
2,0.0,2.0,-0.0,9.0,280.0,11611.0,31.111076543248288,0.24466936547349627,0.4985936864767361
