,round,tube,nut,amount
0,0.0,0.0,0.0,0.44329032422772996
1,0.0,0.0,1.0,912.142291117452
2,0.0,0.0,2.0,0.30430700759287355
3,0.0,0.0,3.0,0.36229986230131317
4,0.0,1.0,0.0,0.43290077468460775
5,0.0,1.0,1.0,912.1366386888367
6,0.0,1.0,2.0,0.33367071538669535
7,0.0,1.0,3.0,0.27721898294543124
8,0.0,2.0,0.0,1259.3470722958161
9,0.0,2.0,1.0,1597.048189175844
10,0.0,2.0,2.0,0.5667235994842867
11,0.0,2.0,3.0,0.36061655705619433
