,round,tube,sp,pop_0,final_pop,st_div_H,auc,fc
0,0.0,0.0,0.0,1.0,379.0,-0.0,21271.0,378.9962100378996
1,0.0,1.0,0.0,1.0,356.0,-0.0,26531.0,355.9964400355996
2,0.0,2.0,0.0,1.0,339.0,-0.0,25504.0,338.99661003389963
