,round,tube,sp,pop_0,final_pop,st_div_H,auc,fc
0,0.0,0.0,14.0,14.0,4.0,-0.0,582.0,0.2857140816327988
1,0.0,1.0,14.0,14.0,10.0,-0.0,819.0,0.7142852040819971
2,0.0,2.0,14.0,14.0,8.0,-0.0,809.0,0.5714281632655976
