,round,tube,sp,pop_0,final_pop,st_div_H,auc,fc
0,0.0,0.0,8.0,22.0,391.0,1.0699268991468007,35286.0,17.77271919421855
1,0.0,1.0,8.0,22.0,424.0,0.9968769206440251,38104.0,19.272718512400676
2,0.0,2.0,8.0,22.0,425.0,1.3270106779068458,37370.0,19.318173037194075
