,round,tube,sp,pop_0,final_pop,st_div_H,auc,fc
0,0.0,0.0,0.0,6.0,115.0,-0.0,8104.0,19.166634722275464
1,0.0,1.0,0.0,6.0,106.0,0.6343121750360023,8871.0,17.666637222271298
2,0.0,2.0,0.0,6.0,110.0,0.18490739916777568,9912.0,18.333302777828706
