,round,tube,sp_div_H,tot_pop_0,tot_final_pop,tot_auc,mean_fc,deg_score,nut_score
0,0.0,0.0,-0.0,8.0,366.0,59115.0,45.74994281257149,0.048125637260725385,0.49999995792447083
1,0.0,1.0,-0.0,8.0,416.0,58558.0,51.99993500008125,0.049116765221292824,0.4999999917167468
2,0.0,2.0,-0.0,8.0,279.0,47157.0,34.87495640630449,0.04287153500295782,0.3991260286184398
