,round,tube,sp_div_H,tot_pop_0,tot_final_pop,tot_auc,mean_fc,deg_score,nut_score
0,0.0,0.0,-0.0,13.0,299.0,10596.0,22.999982307705917,0.24134020575911186,0.4973380618738352
1,0.0,1.0,-0.0,13.0,248.0,12635.0,19.07690840237815,0.24489631530306277,0.49863213658999794
2,0.0,2.0,-0.0,13.0,277.0,13373.0,21.30767591717237,0.2431108339171385,0.4986309992479495
