,round,tube,nut,amount
0,0.0,0.0,0.0,55.502998354842866
1,0.0,0.0,1.0,2000.0
2,0.0,0.0,2.0,2000.0
3,0.0,0.0,3.0,0.24491341712455855
4,0.0,1.0,0.0,51.13897932019219
5,0.0,1.0,1.0,2000.0
6,0.0,1.0,2.0,2000.0
7,0.0,1.0,3.0,0.3971296299428738
8,0.0,2.0,0.0,42.87877136990822
9,0.0,2.0,1.0,2000.0
10,0.0,2.0,2.0,2000.0
11,0.0,2.0,3.0,0.21605766401797138
