,round,tube,nut,amount
0,0.0,0.0,0.0,0.4457296062719962
1,0.0,0.0,1.0,0.13859287823431776
2,0.0,0.0,2.0,1677.4644934493806
3,0.0,0.0,3.0,1456.7568930661055
4,0.0,1.0,0.0,0.42043794285200065
5,0.0,1.0,1.0,0.23119421732170076
6,0.0,1.0,2.0,1677.460413810438
7,0.0,1.0,3.0,1456.7500217738248
8,0.0,2.0,0.0,0.3075230353020366
9,0.0,2.0,1.0,0.4144166663095259
10,0.0,2.0,2.0,812.651819139639
11,0.0,2.0,3.0,0.16214747612135905
