,round,tube,nut,amount
0,0.0,0.0,0.0,580.9915183458968
1,0.0,0.0,1.0,2000.0
2,0.0,0.0,2.0,0.34325175969358135
3,0.0,0.0,3.0,2000.0
4,0.0,1.0,0.0,2.122789797944184
5,0.0,1.0,1.0,2000.0
6,0.0,1.0,2.0,0.4872379005203378
7,0.0,1.0,3.0,2000.0
8,0.0,2.0,0.0,85.70028132113093
9,0.0,2.0,1.0,2000.0
10,0.0,2.0,2.0,0.3075831507946557
11,0.0,2.0,3.0,2000.0
