,round,tube,sp,pop_0,final_pop,st_div_H,auc,fc
0,0.0,0.0,6.0,10.0,4.0,-0.0,490.0,0.3999996000004
1,0.0,1.0,6.0,10.0,16.0,-0.0,1120.0,1.5999984000016
2,0.0,2.0,6.0,10.0,14.0,-0.0,907.0,1.3999986000014
