,round,tube,nut,amount
0,0.0,0.0,0.0,2000.0
1,0.0,0.0,1.0,446.767552525428
2,0.0,0.0,2.0,0.37043601388902125
3,0.0,0.0,3.0,2000.0
4,0.0,1.0,0.0,2000.0
5,0.0,1.0,1.0,335.34716964553667
6,0.0,1.0,2.0,0.5015768408260897
7,0.0,1.0,3.0,2000.0
8,0.0,2.0,0.0,2000.0
9,0.0,2.0,1.0,485.095141171508
10,0.0,2.0,2.0,0.5875628478034258
11,0.0,2.0,3.0,2000.0
