,round,tube,sp,pop_0,final_pop,st_div_H,auc,fc
0,0.0,0.0,3.0,12.0,9.0,-0.0,807.0,0.7499993750005208
1,0.0,1.0,3.0,12.0,5.0,-0.0,846.0,0.4166663194447338
2,0.0,2.0,3.0,12.0,10.0,-0.0,1026.0,0.8333326388894676
