,round,tube,sp,pop_0,final_pop,st_div_H,auc,fc
0,0.0,0.0,0.0,9.0,262.0,-0.0,26314.0,29.11107876546804
1,0.0,1.0,0.0,9.0,280.0,-0.0,23309.0,31.111076543248288
2,0.0,2.0,0.0,9.0,299.0,-0.0,25346.0,33.222185308682995
