,round,tube,nut,amount
0,0.0,0.0,0.0,0.032032412944248634
1,0.0,0.0,1.0,2000.0
2,0.0,0.0,2.0,0.01145719605994966
3,0.0,0.0,3.0,0.35145616354798503
4,0.0,1.0,0.0,0.01992674174743847
5,0.0,1.0,1.0,2000.0
6,0.0,1.0,2.0,0.4052684408595155
7,0.0,1.0,3.0,0.29873088827375405
8,0.0,2.0,0.0,0.2080351242780324
9,0.0,2.0,1.0,2000.0
10,0.0,2.0,2.0,0.4718091215383797
11,0.0,2.0,3.0,0.2999824790963159
