,round,tube,sp,pop_0,final_pop,st_div_H,auc,fc
0,0.0,0.0,13.0,5.0,91.0,-0.0,7921.0,18.199963600072802
1,0.0,1.0,13.0,5.0,84.0,-0.0,7613.0,16.799966400067202
2,0.0,2.0,13.0,5.0,78.0,-0.0,8291.0,15.5999688000624
