,round,tube,sp,pop_0,final_pop,st_div_H,auc,fc
0,0.0,0.0,4.0,28.0,674.0,1.1398768349317772,42635.0,24.071419974492866
1,0.0,1.0,4.0,28.0,543.0,1.0999758109640405,42451.0,19.392850216839207
2,0.0,2.0,4.0,28.0,653.0,1.1823144070610947,41989.0,23.321420242349912
