,round,tube,sp_div_H,tot_pop_0,tot_final_pop,tot_auc,mean_fc,deg_score,nut_score
0,0.0,0.0,-0.0,15.0,398.0,32741.0,26.533315644456238,0.2733680620275667,0.29289319596037977
1,0.0,1.0,-0.0,15.0,375.0,33318.0,24.999983333344446,0.27417330727548717,0.2928932135378072
2,0.0,2.0,-0.0,15.0,401.0,35292.0,26.733315511122992,0.2707231930371158,0.29289317895227773
