,round,tube,nut,amount
0,0.0,0.0,0.0,2000.0
1,0.0,0.0,1.0,2000.0
2,0.0,0.0,2.0,0.018112511473080684
3,0.0,0.0,3.0,0.2534893092892738
4,0.0,1.0,0.0,2000.0
5,0.0,1.0,1.0,2000.0
6,0.0,1.0,2.0,0.2801479207737495
7,0.0,1.0,3.0,0.14076781036210484
8,0.0,2.0,0.0,2000.0
9,0.0,2.0,1.0,2000.0
10,0.0,2.0,2.0,0.4426813059474255
11,0.0,2.0,3.0,0.5140837004880301
