,round,tube,nut,amount
0,0.0,0.0,0.0,1866.9675956017004
1,0.0,0.0,1.0,0.528307109586983
2,0.0,0.0,2.0,175.08270939982512
3,0.0,0.0,3.0,2000.0
4,0.0,1.0,0.0,1862.9819895040193
5,0.0,1.0,1.0,0.2600094101120126
6,0.0,1.0,2.0,120.40880108346511
7,0.0,1.0,3.0,2000.0
8,0.0,2.0,0.0,1865.092543030622
9,0.0,2.0,1.0,0.3834911226958244
10,0.0,2.0,2.0,149.3610375016738
11,0.0,2.0,3.0,2000.0
