,round,tube,sp,st,final_pop
0,0,0,5,"(0.1406356978696038, 0.13151103531888653, 0.15112437981031296, 0.08733432223160699, 0.0, 0.0, 0.0, 0.07424480772207269, 0.0, 0.0)",33
1,0,0,5,"(0.1406356978696038, 0.13151103531888653, 0.15112437981031296, 0.07852067362436661, 0.0, 0.0, 0.0, 0.07424480772207269, 0.0, 0.0)",8
2,0,0,5,"(0.1406356978696038, 0.12026024856871691, 0.15112437981031296, 0.08733432223160699, 0.0, 0.0, 0.0, 0.07424480772207269, 0.0, 0.0)",334
3,0,1,5,"(0.1406356978696038, 0.12026024856871691, 0.15112437981031296, 0.08733432223160699, 0.0, 0.0, 0.0, 0.07424480772207269, 0.0, 0.0)",234
4,0,1,5,"(0.1406356978696038, 0.13151103531888653, 0.15112437981031296, 0.07852067362436661, 0.0, 0.0, 0.0, 0.07424480772207269, 0.0, 0.0)",48
5,0,1,5,"(0.1406356978696038, 0.13151103531888653, 0.15112437981031296, 0.08733432223160699, 0.0, 0.0, 0.0, 0.07424480772207269, 0.0, 0.0)",91
6,0,2,5,"(0.1406356978696038, 0.12026024856871691, 0.15112437981031296, 0.08733432223160699, 0.0, 0.0, 0.0, 0.07424480772207269, 0.0, 0.0)",320
7,0,2,5,"(0.1406356978696038, 0.13151103531888653, 0.15112437981031296, 0.08733432223160699, 0.0, 0.0, 0.0, 0.07424480772207269, 0.0, 0.0)",38
8,0,2,5,"(0.1406356978696038, 0.13151103531888653, 0.15112437981031296, 0.07852067362436661, 0.0, 0.0, 0.0, 0.07424480772207269, 0.0, 0.0)",13
