,round,tube,nut,amount
0,0.0,0.0,0.0,0.03598808398125114
1,0.0,0.0,1.0,2000.0
2,0.0,0.0,2.0,0.3511511293034673
3,0.0,0.0,3.0,350.63202612444456
4,0.0,1.0,0.0,0.513785095554167
5,0.0,1.0,1.0,2000.0
6,0.0,1.0,2.0,0.17713975379360225
7,0.0,1.0,3.0,0.7241699163828899
8,0.0,2.0,0.0,0.5226825445608863
9,0.0,2.0,1.0,2000.0
10,0.0,2.0,2.0,0.3857216665019415
11,0.0,2.0,3.0,350.660540899371
