,round,tube,nut,amount
0,0.0,0.0,0.0,0.720016088316008
1,0.0,0.0,1.0,0.1508585637199002
2,0.0,0.0,2.0,2000.0
3,0.0,0.0,3.0,2000.0
4,0.0,1.0,0.0,0.9202280495635524
5,0.0,1.0,1.0,0.0875520356309849
6,0.0,1.0,2.0,2000.0
7,0.0,1.0,3.0,2000.0
8,0.0,2.0,0.0,0.8366670606155684
9,0.0,2.0,1.0,0.0015057854789937153
10,0.0,2.0,2.0,2000.0
11,0.0,2.0,3.0,2000.0
