,round,tube,nut,amount
0,0.0,0.0,0.0,0.35871385361132513
1,0.0,0.0,1.0,0.7152914102444315
2,0.0,0.0,2.0,2000.0
3,0.0,0.0,3.0,2000.0
4,0.0,1.0,0.0,0.16909899209318618
5,0.0,1.0,1.0,1.5687829335396108
6,0.0,1.0,2.0,2000.0
7,0.0,1.0,3.0,2000.0
8,0.0,2.0,0.0,0.47103264728079686
9,0.0,2.0,1.0,0.35465081789062614
10,0.0,2.0,2.0,2000.0
11,0.0,2.0,3.0,2000.0
