,round,tube,sp_div_H,tot_pop_0,tot_final_pop,tot_auc,mean_fc,deg_score,nut_score
0,0.0,0.0,-0.0,2.0,996.0,81248.0,497.99751001244994,0.11039763218782161,0.2928932015738055
1,0.0,1.0,-0.0,2.0,955.0,91872.0,477.4976125119374,0.10540822706003039,0.29289317658838954
2,0.0,2.0,-0.0,2.0,1067.0,89288.0,533.4973325133374,0.11110031368856454,0.2928932101313264
