,round,tube,sp_div_H,tot_pop_0,tot_final_pop,tot_auc,mean_fc,deg_score,nut_score
0,0.0,0.0,-0.0,13.0,151.0,20393.0,11.615375680480247,0.12180466706541704,0.29289315582154074
1,0.0,1.0,-0.0,13.0,130.0,19509.0,9.999992307698225,0.11857515033860855,0.2928931605941295
2,0.0,2.0,-0.0,13.0,162.0,21051.0,12.46152887574702,0.11496974434449536,0.2928931766480839
