,round,tube,nut,amount
0,0.0,0.0,0.0,0.1672542956622376
1,0.0,0.0,1.0,2000.0
2,0.0,0.0,2.0,0.9116902689213146
3,0.0,0.0,3.0,2000.0
4,0.0,1.0,0.0,0.4597815238744687
5,0.0,1.0,1.0,2000.0
6,0.0,1.0,2.0,0.9286682219630377
7,0.0,1.0,3.0,2000.0
8,0.0,2.0,0.0,0.551657527463711
9,0.0,2.0,1.0,2000.0
10,0.0,2.0,2.0,3.2309593810554293
11,0.0,2.0,3.0,2000.0
