,round,tube,sp,pop_0,final_pop,st_div_H,auc,fc
0,0.0,0.0,9.0,8.0,84.0,-0.0,4812.0,10.499986875016408
1,0.0,1.0,9.0,8.0,80.0,0.599898019262134,4539.0,9.999987500015626
2,0.0,2.0,9.0,8.0,90.0,0.6199868019113608,5891.0,11.249985937517579
