,round,tube,nut,amount
0,0.0,0.0,0.0,0.9714435883463509
1,0.0,0.0,1.0,0.5247669426394459
2,0.0,0.0,2.0,2000.0
3,0.0,0.0,3.0,2000.0
4,0.0,1.0,0.0,0.8830695812450147
5,0.0,1.0,1.0,0.5749345009981475
6,0.0,1.0,2.0,2000.0
7,0.0,1.0,3.0,2000.0
8,0.0,2.0,0.0,0.45561821906751776
9,0.0,2.0,1.0,0.5934706838917843
10,0.0,2.0,2.0,2000.0
11,0.0,2.0,3.0,2000.0
