,round,tube,sp_div_H,tot_pop_0,tot_final_pop,tot_auc,mean_fc,deg_score,nut_score
0,0.0,0.0,-0.0,16.0,410.0,42832.0,25.62498398438501,0.048201243845391595,0.13397459112806576
1,0.0,1.0,-0.0,16.0,379.0,42400.0,23.687485195321752,0.04654250902746626,0.13397458471078139
2,0.0,2.0,-0.0,16.0,362.0,39108.0,22.624985859383838,0.05149796099618442,0.1339745799575941
