,round,tube,sp_div_H,tot_pop_0,tot_final_pop,tot_auc,mean_fc,deg_score,nut_score
0,0.0,0.0,-0.0,2.0,384.0,25953.0,191.99904000479998,0.1309757177134525,0.29289320559723975
1,0.0,1.0,-0.0,2.0,355.0,28794.0,177.49911250443748,0.13288169379069192,0.29289320561293286
2,0.0,2.0,-0.0,2.0,372.0,25540.0,185.99907000464998,0.1316079634993389,0.29289320169653976
