,round,tube,sp_div_H,tot_pop_0,tot_final_pop,tot_auc,mean_fc,deg_score,nut_score
0,0.0,0.0,-0.0,9.0,617.0,16699.0,68.55547938280068,0.1899282103794525,0.29938298902827454
1,0.0,1.0,-0.0,9.0,686.0,21571.0,76.2221375309583,0.19776626665201547,0.31015104331804455
2,0.0,2.0,-0.0,9.0,705.0,29030.0,78.33324629639301,0.20098906698155117,0.3135845744803708
