,round,tube,nut,amount
0,0.0,0.0,0.0,2000.0
1,0.0,0.0,1.0,0.9372867958761353
2,0.0,0.0,2.0,2000.0
3,0.0,0.0,3.0,0.5782388568015904
4,0.0,1.0,0.0,2000.0
5,0.0,1.0,1.0,0.5973022432008706
6,0.0,1.0,2.0,2000.0
7,0.0,1.0,3.0,0.29730592699109604
8,0.0,2.0,0.0,2000.0
9,0.0,2.0,1.0,0.6806752227418755
10,0.0,2.0,2.0,2000.0
11,0.0,2.0,3.0,0.1008982646315908
