,round,tube,sp_div_H,tot_pop_0,tot_final_pop,tot_auc,mean_fc,deg_score,nut_score
0,0.0,0.0,-0.0,13.0,60.0,6635.0,4.615381065091489,0.2095835388177787,0.2928905009084225
1,0.0,1.0,-0.0,13.0,77.0,6687.0,5.923072366867411,0.20973428612504885,0.292890854291492
2,0.0,2.0,-0.0,13.0,67.0,6740.0,5.153842189352162,0.20830238828281378,0.2928931446757398
