,round,tube,sp,st,final_pop
0,0,0,8,"(0.154342424754451, 0.0, 0.08205900548326381, 0.038084294380563724, 0.06104878429846902, 0.0, 0.028624918864351683, 0.0, 0.0, 0.0)",54
1,0,0,8,"(0.13161441595690904, 0.0, 0.08205900548326381, 0.038084294380563724, 0.06104878429846902, 0.0, 0.028624918864351683, 0.0, 0.0, 0.0)",537
2,0,1,8,"(0.13161441595690904, 0.0, 0.08205900548326381, 0.038084294380563724, 0.06104878429846902, 0.0, 0.028624918864351683, 0.0, 0.0, 0.0)",581
3,0,1,8,"(0.154342424754451, 0.0, 0.08205900548326381, 0.038084294380563724, 0.06104878429846902, 0.0, 0.028624918864351683, 0.0, 0.0, 0.0)",33
4,0,2,8,"(0.13161441595690904, 0.0, 0.08205900548326381, 0.038084294380563724, 0.06104878429846902, 0.0, 0.028624918864351683, 0.0, 0.0, 0.0)",508
5,0,2,8,"(0.154342424754451, 0.0, 0.08205900548326381, 0.038084294380563724, 0.06104878429846902, 0.0, 0.028624918864351683, 0.0, 0.0, 0.0)",58
