,round,tube,sp,pop_0,final_pop,st_div_H,auc,fc
0,0.0,0.0,14.0,14.0,2.0,-0.0,506.0,0.1428570408163994
1,0.0,1.0,14.0,14.0,2.0,-0.0,508.0,0.1428570408163994
2,0.0,2.0,14.0,14.0,2.0,-0.0,574.0,0.1428570408163994
