,round,tube,nut,amount
0,0.0,0.0,0.0,0.7207718573240021
1,0.0,0.0,1.0,2000.0
2,0.0,0.0,2.0,0.28806550342581927
3,0.0,0.0,3.0,2000.0
4,0.0,1.0,0.0,0.402953632551061
5,0.0,1.0,1.0,2000.0
6,0.0,1.0,2.0,0.3744724760578002
7,0.0,1.0,3.0,2000.0
8,0.0,2.0,0.0,0.8597770307660924
9,0.0,2.0,1.0,2000.0
10,0.0,2.0,2.0,0.4170868664371916
11,0.0,2.0,3.0,2000.0
