,round,tube,sp_div_H,tot_pop_0,tot_final_pop,tot_auc,mean_fc,deg_score,nut_score
0,0.0,0.0,-0.0,11.0,117.0,8910.0,10.63635396695094,0.189289386821756,0.1339745865093307
1,0.0,1.0,-0.0,11.0,110.0,8572.0,9.999990909099173,0.19259303166829977,0.13397456858684875
2,0.0,2.0,-0.0,11.0,130.0,8718.0,11.818171074389932,0.1904069729443889,0.13397456798769103
