,round,tube,sp,pop_0,final_pop,st_div_H,auc,fc
0,0.0,0.0,3.0,4.0,1.0,-0.0,118.0,0.24999937500156252
1,0.0,1.0,3.0,4.0,1.0,-0.0,123.0,0.24999937500156252
2,0.0,2.0,3.0,4.0,1.0,-0.0,240.0,0.24999937500156252
