,round,tube,sp,pop_0,final_pop,st_div_H,auc,fc
0,0.0,0.0,4.0,37.0,587.0,1.0664039015626299,39024.0,15.864860577064707
1,0.0,1.0,4.0,37.0,537.0,0.9946636086660825,38840.0,14.513509590943352
2,0.0,2.0,4.0,37.0,494.0,1.0630547964765515,35483.0,13.351347742878987
