,round,tube,sp_div_H,tot_pop_0,tot_final_pop,tot_auc,mean_fc,deg_score,nut_score
0,0.0,0.0,-0.0,4.0,608.0,22563.0,151.99962000095002,0.1455084399403307,0.2916611090919462
1,0.0,1.0,-0.0,4.0,590.0,21382.0,147.49963125092188,0.1418881720958527,0.2901868600801415
2,0.0,2.0,-0.0,4.0,534.0,26703.0,133.4996662508344,0.1401541449742434,0.29286153423043215
