,round,tube,sp_div_H,tot_pop_0,tot_final_pop,tot_auc,mean_fc,deg_score,nut_score
0,0.0,0.0,-0.0,12.0,533.0,74839.0,44.41662965280862,0.12221470210023355,0.4999999747441882
1,0.0,1.0,-0.0,12.0,478.0,64714.0,39.83330013891655,0.11487667343435304,0.4603826124435053
2,0.0,2.0,-0.0,12.0,495.0,65116.0,41.24996562502865,0.1183604212357442,0.46038808231641126
