,round,tube,sp_div_H,tot_pop_0,tot_final_pop,tot_auc,mean_fc,deg_score,nut_score
0,0.0,0.0,-0.0,11.0,42.0,7750.0,3.8181783471105937,0.10318026402396507,0.13397456279071518
1,0.0,1.0,-0.0,11.0,57.0,7450.0,5.181813471078663,0.1050364010800332,0.1339745639384815
2,0.0,2.0,-0.0,11.0,64.0,7510.0,5.818176528930429,0.10604725424006622,0.1339745632368825
