,round,tube,sp,pop_0,final_pop,st_div_H,auc,fc
0,0.0,0.0,2.0,11.0,42.0,0.6517565611726531,7750.0,3.8181783471105937
1,0.0,1.0,2.0,11.0,57.0,0.5763341277567499,7450.0,5.181813471078663
2,0.0,2.0,2.0,11.0,64.0,0.6690268361602776,7510.0,5.818176528930429
