,round,tube,sp_div_H,tot_pop_0,tot_final_pop,tot_auc,mean_fc,deg_score,nut_score
0,0.0,0.0,-0.0,5.0,186.0,20285.0,37.1999256001488,0.11076329511742566,0.29289168876294425
1,0.0,1.0,-0.0,5.0,172.0,19588.0,34.3999312001376,0.11615781668220282,0.29289314692732793
2,0.0,2.0,-0.0,5.0,195.0,20503.0,38.999922000156005,0.11459808494055512,0.29289315917813064
