,round,tube,sp_div_H,tot_pop_0,tot_final_pop,tot_auc,mean_fc,deg_score,nut_score
0,0.0,0.0,-0.0,19.0,262.0,21069.0,13.789466426596618,0.2894200742367118,0.4999991053276771
1,0.0,1.0,-0.0,19.0,224.0,18472.0,11.789467479227643,0.2822815527102417,0.3046194634013799
2,0.0,2.0,-0.0,19.0,256.0,22877.0,13.473677119117307,0.28367536117741465,0.30462116256833294
