,round,tube,sp,pop_0,final_pop,st_div_H,auc,fc
0,0.0,0.0,3.0,10.0,6.0,-0.0,619.0,0.5999994000006
1,0.0,1.0,3.0,10.0,18.0,-0.0,1029.0,1.7999982000018
2,0.0,2.0,3.0,10.0,8.0,-0.0,530.0,0.7999992000008
