,round,tube,sp,st,final_pop
0,0,0,0,"(0.03511958634192262, 0.0, 0.0, 0.0, 0.0, 0.017098731129875016, 0.08040073281782287, 0.0691048466035698, 0.0, 0.0)",63
1,0,0,0,"(0.03511958634192262, 0.0, 0.0, 0.0, 0.0, 0.017098731129875016, 0.08380840797570269, 0.0691048466035698, 0.0, 0.0)",86
2,0,0,0,"(0.03748295403995006, 0.0, 0.0, 0.0, 0.0, 0.017098731129875016, 0.08380840797570269, 0.0691048466035698, 0.0, 0.0)",121
3,0,1,0,"(0.03511958634192262, 0.0, 0.0, 0.0, 0.0, 0.017098731129875016, 0.08380840797570269, 0.0691048466035698, 0.0, 0.0)",228
4,0,1,0,"(0.03748295403995006, 0.0, 0.0, 0.0, 0.0, 0.017098731129875016, 0.08380840797570269, 0.0691048466035698, 0.0, 0.0)",44
5,0,2,0,"(0.03511958634192262, 0.0, 0.0, 0.0, 0.0, 0.017098731129875016, 0.08380840797570269, 0.0691048466035698, 0.0, 0.0)",168
6,0,2,0,"(0.03511958634192262, 0.0, 0.0, 0.0, 0.0, 0.017098731129875016, 0.08040073281782287, 0.0691048466035698, 0.0, 0.0)",113
