,round,tube,sp_div_H,tot_pop_0,tot_final_pop,tot_auc,mean_fc,deg_score,nut_score
0,0.0,0.0,-0.0,17.0,259.0,23768.0,15.235285155714614,0.014783560819078834,0.2775314219368188
1,0.0,1.0,-0.0,17.0,290.0,25429.0,17.058813494815592,0.014711930986772925,0.2820358888177982
2,0.0,2.0,-0.0,17.0,284.0,26190.0,16.70587252595734,0.015149865212153668,0.28406117941874176
