,round,tube,sp_div_H,tot_pop_0,tot_final_pop,tot_auc,mean_fc,deg_score,nut_score
0,0.0,0.0,-0.0,2.0,608.0,16210.0,303.99848000759994,0.12595654481842944,0.26100944440082785
1,0.0,1.0,-0.0,2.0,614.0,23667.0,306.99846500767495,0.13460109803119225,0.292308877612131
2,0.0,2.0,-0.0,2.0,643.0,21032.0,321.49839250803745,0.13640794971289705,0.2903220993571948
