,round,tube,sp_div_H,tot_pop_0,tot_final_pop,tot_auc,mean_fc,deg_score,nut_score
0,0.0,0.0,-0.0,12.0,9.0,1014.0,0.7499993750005208,0.0698391675875869,0.07094452137368246
1,0.0,1.0,-0.0,12.0,15.0,1252.0,1.2499989583342015,0.0835983809889933,0.08188575854364544
2,0.0,2.0,-0.0,12.0,23.0,1541.0,1.9166650694457754,0.09895220689256445,0.09636836450161823
