,round,tube,sp,pop_0,final_pop,st_div_H,auc,fc
0,0.0,0.0,7.0,12.0,9.0,-0.0,1014.0,0.7499993750005208
1,0.0,1.0,7.0,12.0,15.0,-0.0,1252.0,1.2499989583342015
2,0.0,2.0,7.0,12.0,23.0,-0.0,1541.0,1.9166650694457754
