,round,tube,nut,amount
0,0.0,0.0,0.0,2000.0
1,0.0,0.0,1.0,2000.0
2,0.0,0.0,2.0,2000.0
3,0.0,0.0,3.0,0.5189690269603655
4,0.0,1.0,0.0,2000.0
5,0.0,1.0,1.0,2000.0
6,0.0,1.0,2.0,2000.0
7,0.0,1.0,3.0,0.02794052867440744
8,0.0,2.0,0.0,2000.0
9,0.0,2.0,1.0,2000.0
10,0.0,2.0,2.0,2000.0
11,0.0,2.0,3.0,0.1184206211705936
