,round,tube,sp,pop_0,final_pop,st_div_H,auc,fc
0,0.0,0.0,8.0,2.0,423.0,-0.0,9227.0,211.49894250528746
1,0.0,1.0,8.0,2.0,310.0,-0.0,7573.0,154.99922500387498
2,0.0,2.0,8.0,2.0,275.0,-0.0,6870.0,137.49931250343747
