,round,tube,sp,pop_0,final_pop,st_div_H,auc,fc
0,0.0,0.0,4.0,17.0,456.0,1.4458938098720757,57599.0,26.823513633227275
1,0.0,1.0,4.0,17.0,442.0,1.6814720123075109,54972.0,25.99998470589135
2,0.0,2.0,4.0,17.0,496.0,1.386634659947674,64025.0,29.176453425615634
