,round,tube,sp,pop_0,final_pop,st_div_H,auc,fc
0,0.0,0.0,8.0,16.0,753.0,0.49370286151240517,90499.0,47.062470585955886
1,0.0,1.0,8.0,16.0,509.0,0.4573473311946372,70876.0,31.81248011719993
2,0.0,2.0,8.0,16.0,760.0,0.5534944964897364,99793.0,47.499970312518556
