,round,tube,sp_div_H,tot_pop_0,tot_final_pop,tot_auc,mean_fc,deg_score,nut_score
0,0.0,0.0,-0.0,41.0,837.0,88548.0,20.414629167163618,0.18025662194516667,0.4999999650312721
1,0.0,1.0,-0.0,41.0,812.0,88287.0,19.804873218323603,0.17711646599997766,0.49237283738951965
2,0.0,2.0,-0.0,41.0,764.0,82956.0,18.63414179655078,0.17591472530806862,0.49237633125093094
