,round,tube,sp,pop_0,final_pop,st_div_H,auc,fc
0,0.0,0.0,9.0,13.0,72.0,-0.0,6791.0,5.538457278109786
1,0.0,1.0,9.0,13.0,66.0,-0.0,6554.0,5.076919171600637
2,0.0,2.0,9.0,13.0,69.0,-0.0,6920.0,5.3076882248552115
