,round,tube,nut,amount
0,0.0,0.0,0.0,0.5352168996630233
1,0.0,0.0,1.0,0.005497895345235038
2,0.0,0.0,2.0,1677.4789280811094
3,0.0,0.0,3.0,1456.7812051620822
4,0.0,1.0,0.0,0.019051402413521323
5,0.0,1.0,1.0,0.012884607110419055
6,0.0,1.0,2.0,812.6587363189338
7,0.0,1.0,3.0,0.17379800729863393
8,0.0,2.0,0.0,0.2596617741519518
9,0.0,2.0,1.0,0.29430027402662173
10,0.0,2.0,2.0,812.6935001127882
11,0.0,2.0,3.0,0.23235029378810534
