,round,tube,sp_div_H,tot_pop_0,tot_final_pop,tot_auc,mean_fc,deg_score,nut_score
0,0.0,0.0,-0.0,4.0,597.0,69472.0,149.24962687593282,0.13925843840298635,0.4999999514612363
1,0.0,1.0,-0.0,4.0,556.0,74124.0,138.99965250086876,0.13932169226433488,0.49999995010939824
2,0.0,2.0,-0.0,4.0,549.0,61904.0,137.24965687585782,0.1326022979587238,0.4603808977161846
