,round,tube,sp,pop_0,final_pop,st_div_H,auc,fc
0,0.0,0.0,13.0,66.0,1073.0,1.89787958588232,124257.0,16.257573294307075
1,0.0,1.0,13.0,66.0,1011.0,1.852044524406834,121044.0,15.31817949724553
2,0.0,2.0,13.0,66.0,978.0,2.1139968493497174,116373.0,14.818179573003095
