,round,tube,nut,amount
0,0.0,0.0,0.0,822.7711700391949
1,0.0,0.0,1.0,2000.0
2,0.0,0.0,2.0,524.5274956364198
3,0.0,0.0,3.0,861.8056145122954
4,0.0,1.0,0.0,691.8513175739603
5,0.0,1.0,1.0,2000.0
6,0.0,1.0,2.0,360.4399047861135
7,0.0,1.0,3.0,735.2267903853252
8,0.0,2.0,0.0,715.6759302721646
9,0.0,2.0,1.0,2000.0
10,0.0,2.0,2.0,390.3003363935239
11,0.0,2.0,3.0,758.2614287830396
