,round,tube,sp,pop_0,final_pop,st_div_H,auc,fc
0,0.0,0.0,3.0,2.0,9.0,-0.0,358.0,4.499977500112499
1,0.0,1.0,3.0,2.0,11.0,-0.0,259.0,5.499972500137499
2,0.0,2.0,3.0,2.0,15.0,-0.0,380.0,7.4999625001874985
