,round,tube,sp,pop_0,final_pop,st_div_H,auc,fc
0,0.0,0.0,0.0,10.0,282.0,1.2267090373773935,29300.0,28.1999718000282
1,0.0,1.0,0.0,10.0,262.0,1.4897497821596832,28010.0,26.1999738000262
2,0.0,2.0,0.0,10.0,281.0,1.3967383348559257,27381.0,28.099971900028102
