,round,tube,nut,amount
0,0.0,0.0,0.0,2000.0
1,0.0,0.0,1.0,0.3090841850407964
2,0.0,0.0,2.0,0.11985179252370592
3,0.0,0.0,3.0,2000.0
4,0.0,1.0,0.0,2000.0
5,0.0,1.0,1.0,0.46422764671161687
6,0.0,1.0,2.0,0.23848073454448482
7,0.0,1.0,3.0,2000.0
8,0.0,2.0,0.0,2000.0
9,0.0,2.0,1.0,0.3460783593267447
10,0.0,2.0,2.0,0.6642784775399383
11,0.0,2.0,3.0,2000.0
