,round,tube,sp_div_H,tot_pop_0,tot_final_pop,tot_auc,mean_fc,deg_score,nut_score
0,0.0,0.0,-0.0,16.0,446.0,62459.0,27.87498257813589,0.14657347381691677,0.44456573281425726
1,0.0,1.0,-0.0,16.0,623.0,81382.0,38.93747566407771,0.1545765997526808,0.7967973902524965
2,0.0,2.0,-0.0,16.0,423.0,61079.0,26.43748347657283,0.1439315547156096,0.4445733945269976
