,round,tube,sp,st,final_pop
0,0,0,8,"(0.0, 0.0, 0.0132952402022934, 0.0, 0.03638145440251015, 0.0, 0.0, 0.0, 0.10496992698505436, 0.0600164742083264)",10
1,0,0,8,"(0.0, 0.0, 0.0132952402022934, 0.0, 0.02532929724624815, 0.0, 0.0, 0.0, 0.10496992698505436, 0.07018923911739403)",414
2,0,0,8,"(0.0, 0.0, 0.015563977934926296, 0.0, 0.02532929724624815, 0.0, 0.0, 0.0, 0.10496992698505436, 0.07018923911739403)",22
3,0,1,8,"(0.0, 0.0, 0.0132952402022934, 0.0, 0.02532929724624815, 0.0, 0.0, 0.0, 0.10496992698505436, 0.07018923911739403)",620
4,0,1,8,"(0.0, 0.0, 0.015563977934926296, 0.0, 0.02532929724624815, 0.0, 0.0, 0.0, 0.10496992698505436, 0.07018923911739403)",3
5,0,2,8,"(0.0, 0.0, 0.0132952402022934, 0.0, 0.02532929724624815, 0.0, 0.0, 0.0, 0.10496992698505436, 0.07018923911739403)",398
6,0,2,8,"(0.0, 0.0, 0.015563977934926296, 0.0, 0.02532929724624815, 0.0, 0.0, 0.0, 0.10496992698505436, 0.07018923911739403)",19
7,0,2,8,"(0.0, 0.0, 0.0132952402022934, 0.0, 0.03638145440251015, 0.0, 0.0, 0.0, 0.10496992698505436, 0.0600164742083264)",6
