,round,tube,sp,pop_0,final_pop,st_div_H,auc,fc
0,0.0,0.0,6.0,13.0,11.0,-0.0,1001.0,0.8461531952667729
1,0.0,1.0,6.0,13.0,13.0,-0.0,983.0,0.9999992307698226
2,0.0,2.0,6.0,13.0,12.0,-0.0,910.0,0.9230762130182977
