,round,tube,sp,pop_0,final_pop,st_div_H,auc,fc
0,0.0,0.0,13.0,51.0,1000.0,1.1565034029667591,115274.0,19.60783929258053
1,0.0,1.0,13.0,51.0,938.0,0.9092044686632451,115451.0,18.392153256440537
2,0.0,2.0,13.0,51.0,1032.0,1.0971491533138975,121294.0,20.235290149943108
