,round,tube,sp_div_H,tot_pop_0,tot_final_pop,tot_auc,mean_fc,deg_score,nut_score
0,0.0,0.0,-0.0,35.0,519.0,37168.0,14.828567191837944,0.21306704080141237,0.3177080557785431
1,0.0,1.0,-0.0,35.0,471.0,35848.0,13.457139012245996,0.21380165980829102,0.31774416910502856
2,0.0,2.0,-0.0,35.0,474.0,35604.0,13.542853273470492,0.21395533053818094,0.317649125532399
