,round,tube,nut,amount
0,0.0,0.0,0.0,8.132718294222231
1,0.0,0.0,1.0,2000.0
2,0.0,0.0,2.0,2000.0
3,0.0,0.0,3.0,0.4607726261706684
4,0.0,1.0,0.0,31.545626439853667
5,0.0,1.0,1.0,2000.0
6,0.0,1.0,2.0,2000.0
7,0.0,1.0,3.0,0.2977723089009055
8,0.0,2.0,0.0,27.07526979596307
9,0.0,2.0,1.0,2000.0
10,0.0,2.0,2.0,2000.0
11,0.0,2.0,3.0,0.38779702447510017
