,round,tube,sp_div_H,tot_pop_0,tot_final_pop,tot_auc,mean_fc,deg_score,nut_score
0,0.0,0.0,-0.0,5.0,89.0,3052.0,17.7999644000712,0.22154895940638952,0.27781776772990974
1,0.0,1.0,-0.0,5.0,25.0,889.0,4.99999000002,0.07595588821963262,0.08653085035486463
2,0.0,2.0,-0.0,5.0,12.0,565.0,2.3999952000096,0.04947458204863153,0.055242783194158984
