,round,tube,sp,pop_0,final_pop,st_div_H,auc,fc
0,0.0,0.0,5.0,6.0,843.0,0.37358401957786513,34456.0,140.49976583372361
1,0.0,1.0,5.0,6.0,746.0,0.16002469288267418,36851.0,124.3331261114565
2,0.0,2.0,5.0,6.0,693.0,0.5603448306972365,35078.0,115.49980750032084
