,round,tube,sp_div_H,tot_pop_0,tot_final_pop,tot_auc,mean_fc,deg_score,nut_score
0,0.0,0.0,-0.0,1.0,23.0,441.0,22.999770002299975,0.04069211565935771,0.04015968659817437
1,0.0,1.0,0.0,1.0,0.0,9.0,0.0,0.000909667968782224,0.0009418360881585652
2,0.0,2.0,-0.0,1.0,76.0,1797.0,75.99924000759992,0.14337953716892116,0.14302660024440428
