,round,tube,nut,amount
0,0.0,0.0,0.0,2000.0
1,0.0,0.0,1.0,2000.0
2,0.0,0.0,2.0,0.9734294155491976
3,0.0,0.0,3.0,0.5269344481315485
4,0.0,1.0,0.0,2000.0
5,0.0,1.0,1.0,2000.0
6,0.0,1.0,2.0,0.18581542043146004
7,0.0,1.0,3.0,0.1919334449856116
8,0.0,2.0,0.0,2000.0
9,0.0,2.0,1.0,2000.0
10,0.0,2.0,2.0,0.9379218501554535
11,0.0,2.0,3.0,0.2486418703822011
