,round,tube,nut,amount
0,0.0,0.0,0.0,1718.6891881943445
1,0.0,0.0,1.0,0.5259583773030955
2,0.0,0.0,2.0,2000.0
3,0.0,0.0,3.0,0.21023999508816194
4,0.0,1.0,0.0,1718.7134679077863
5,0.0,1.0,1.0,0.6985313987515167
6,0.0,1.0,2.0,2000.0
7,0.0,1.0,3.0,0.29730966271852494
8,0.0,2.0,0.0,16.453383045424104
9,0.0,2.0,1.0,0.4143124509175139
10,0.0,2.0,2.0,2000.0
11,0.0,2.0,3.0,0.2596635823426583
