,round,tube,nut,amount
0,0.0,0.0,0.0,2000.0
1,0.0,0.0,1.0,0.021457906881193978
2,0.0,0.0,2.0,0.3961860532785515
3,0.0,0.0,3.0,2000.0
4,0.0,1.0,0.0,2000.0
5,0.0,1.0,1.0,0.10284509030284861
6,0.0,1.0,2.0,0.39640255531838164
7,0.0,1.0,3.0,2000.0
8,0.0,2.0,0.0,2000.0
9,0.0,2.0,1.0,0.633936707784791
10,0.0,2.0,2.0,0.0454563348267083
11,0.0,2.0,3.0,2000.0
