,round,tube,nut,amount
0,0.0,0.0,0.0,1691.5544140780291
1,0.0,0.0,1.0,2000.0
2,0.0,0.0,2.0,0.8298710505838998
3,0.0,0.0,3.0,0.5537384807112251
4,0.0,1.0,0.0,1691.5522924493619
5,0.0,1.0,1.0,2000.0
6,0.0,1.0,2.0,0.816119851531673
7,0.0,1.0,3.0,0.3774471943614037
8,0.0,2.0,0.0,1691.5086098193729
9,0.0,2.0,1.0,2000.0
10,0.0,2.0,2.0,0.5329937086622489
11,0.0,2.0,3.0,0.527556843896307
