,round,tube,sp_div_H,tot_pop_0,tot_final_pop,tot_auc,mean_fc,deg_score,nut_score
0,0.0,0.0,-0.0,1.0,705.0,43954.0,704.9929500704992,0.15856643033531925,0.2928931769363947
1,0.0,1.0,-0.0,1.0,764.0,37805.0,763.9923600763992,0.15884235786649903,0.2928929891448725
2,0.0,2.0,-0.0,1.0,811.0,32617.0,810.9918900810991,0.15865559242279503,0.29289276323124525
