,round,tube,sp_div_H,tot_pop_0,tot_final_pop,tot_auc,mean_fc,deg_score,nut_score
0,0.0,0.0,-0.0,3.0,601.0,12668.0,200.33266555778147,0.18545156596619394,0.2896800823428861
1,0.0,1.0,-0.0,3.0,636.0,14492.0,211.9992933356889,0.19291247474980533,0.2990914159481196
2,0.0,2.0,-0.0,3.0,691.0,24726.0,230.3325655581148,0.20889431097876288,0.3137630899579036
