,round,tube,sp_div_H,tot_pop_0,tot_final_pop,tot_auc,mean_fc,deg_score,nut_score
0,0.0,0.0,0.0,17.0,0.0,229.0,0.0,0.028205474254079377,0.025275097505091493
1,0.0,1.0,0.0,17.0,0.0,615.0,0.0,0.07279663824740767,0.06729598351003407
2,0.0,2.0,-0.0,17.0,2.0,547.0,0.11764698961941787,0.06500401383430698,0.0602356941047123
