,round,tube,nut,amount
0,0.0,0.0,0.0,777.1772374447445
1,0.0,0.0,1.0,160.57451581664228
2,0.0,0.0,2.0,2000.0
3,0.0,0.0,3.0,2000.0
4,0.0,1.0,0.0,699.7618880734351
5,0.0,1.0,1.0,44.12283462370611
6,0.0,1.0,2.0,2000.0
7,0.0,1.0,3.0,2000.0
8,0.0,2.0,0.0,697.6974462896796
9,0.0,2.0,1.0,41.0174076199421
10,0.0,2.0,2.0,2000.0
11,0.0,2.0,3.0,2000.0
