,round,tube,nut,amount
0,0.0,0.0,0.0,1741.8095031318937
1,0.0,0.0,1.0,164.85831821460874
2,0.0,0.0,2.0,2000.0
3,0.0,0.0,3.0,52.69070189502963
4,0.0,1.0,0.0,1739.0690209670604
5,0.0,1.0,1.0,145.37978159194188
6,0.0,1.0,2.0,2000.0
7,0.0,1.0,3.0,32.02159723936285
8,0.0,2.0,0.0,1759.5451792983633
9,0.0,2.0,1.0,290.91825838494424
10,0.0,2.0,2.0,2000.0
11,0.0,2.0,3.0,186.45568366658478
