,round,tube,sp_div_H,tot_pop_0,tot_final_pop,tot_auc,mean_fc,deg_score,nut_score
0,0.0,0.0,-0.0,2.0,128.0,17497.0,63.99968000159999,0.09978961670743736,0.1339745921096961
1,0.0,1.0,-0.0,2.0,111.0,15212.0,55.49972250138749,0.0992539100199945,0.1339745804218474
2,0.0,2.0,-0.0,2.0,106.0,14506.0,52.99973500132499,0.09885660852296585,0.13397459344992257
