,round,tube,sp_div_H,tot_pop_0,tot_final_pop,tot_auc,mean_fc,deg_score,nut_score
0,0.0,0.0,-0.0,9.0,5.0,244.0,0.5555549382722909,0.025990857789674693,0.02434587724236703
1,0.0,1.0,0.0,9.0,0.0,130.0,0.0,0.014394507275319768,0.012906218717076978
2,0.0,2.0,-0.0,9.0,7.0,514.0,0.7777769135812072,0.0525657398882553,0.049326229179368686
