,round,tube,sp,pop_0,final_pop,st_div_H,auc,fc
0,0.0,0.0,3.0,9.0,65.0,-0.0,3888.0,7.222214197539781
1,0.0,1.0,3.0,9.0,66.0,-0.0,4163.0,7.333325185194239
2,0.0,2.0,3.0,9.0,49.0,-0.0,5018.0,5.44443839506845
