,round,tube,sp,pop_0,final_pop,st_div_H,auc,fc
0,0.0,0.0,0.0,10.0,375.0,0.5339912530850225,38774.0,37.499962500037505
1,0.0,1.0,0.0,10.0,323.0,0.674075926577933,32551.0,32.299967700032305
2,0.0,2.0,0.0,10.0,326.0,0.24011923248716474,31533.0,32.599967400032604
