,round,tube,sp,st,final_pop
0,0,0,0,"(0.0, 0.0, 0.0, 0.04708852339072999, 0.04609860324021297, 0.0, 0.07362998183750705, 0.0, 0.041512277075777884, 0.0)",300
1,0,0,0,"(0.0, 0.0, 0.0, 0.04708852339072999, 0.04609860324021297, 0.0, 0.07362998183750705, 0.0, 0.07098281781122052, 0.0)",3
2,0,0,0,"(0.0, 0.0, 0.0, 0.04708852339072999, 0.04356372842177486, 0.0, 0.07362998183750705, 0.0, 0.07098281781122052, 0.0)",72
3,0,1,0,"(0.0, 0.0, 0.0, 0.04708852339072999, 0.04609860324021297, 0.0, 0.07362998183750705, 0.0, 0.07098281781122052, 0.0)",11
4,0,1,0,"(0.0, 0.0, 0.0, 0.04708852339072999, 0.04609860324021297, 0.0, 0.07362998183750705, 0.0, 0.041512277075777884, 0.0)",239
5,0,1,0,"(0.0, 0.0, 0.0, 0.04708852339072999, 0.04356372842177486, 0.0, 0.07362998183750705, 0.0, 0.07098281781122052, 0.0)",73
6,0,2,0,"(0.0, 0.0, 0.0, 0.04708852339072999, 0.04609860324021297, 0.0, 0.07362998183750705, 0.0, 0.041512277075777884, 0.0)",309
7,0,2,0,"(0.0, 0.0, 0.0, 0.04708852339072999, 0.04609860324021297, 0.0, 0.07362998183750705, 0.0, 0.07098281781122052, 0.0)",10
8,0,2,0,"(0.0, 0.0, 0.0, 0.04708852339072999, 0.04356372842177486, 0.0, 0.07362998183750705, 0.0, 0.07098281781122052, 0.0)",7
