,round,tube,sp_div_H,tot_pop_0,tot_final_pop,tot_auc,mean_fc,deg_score,nut_score
0,0.0,0.0,-0.0,11.0,571.0,50684.0,51.90904371905117,0.24511312889568004,0.3987042113133914
1,0.0,1.0,-0.0,11.0,546.0,47470.0,49.63631851243772,0.24473605723870762,0.39870124443442967
2,0.0,2.0,-0.0,11.0,572.0,49096.0,51.9999527273157,0.24580645308303306,0.39870908272495575
