,round,tube,sp_div_H,tot_pop_0,tot_final_pop,tot_auc,mean_fc,deg_score,nut_score
0,0.0,0.0,-0.0,27.0,1206.0,115983.0,44.666650123462915,0.2603045913540367,0.49999994957125937
1,0.0,1.0,-0.0,27.0,1184.0,114416.0,43.85183561043126,0.26039857381731446,0.49732231130331384
2,0.0,2.0,-0.0,27.0,1148.0,118901.0,42.5185027709249,0.25342214890644277,0.4973261482840945
