,round,tube,sp_div_H,tot_pop_0,tot_final_pop,tot_auc,mean_fc,deg_score,nut_score
0,0.0,0.0,-0.0,17.0,257.0,18887.0,15.117638166095198,0.29188619365659807,0.3046220034261051
1,0.0,1.0,-0.0,17.0,290.0,24068.0,17.058813494815592,0.29159426016140044,0.3046195733554279
2,0.0,2.0,-0.0,17.0,262.0,19906.0,15.411755640143742,0.29080409038393173,0.3046222669909211
