,round,tube,sp,pop_0,final_pop,st_div_H,auc,fc
0,0.0,0.0,7.0,11.0,559.0,0.4908329389062196,47199.0,50.81813561987671
1,0.0,1.0,7.0,11.0,578.0,0.5351888494135261,51371.0,52.54540677690293
2,0.0,2.0,7.0,11.0,553.0,0.4228658912907857,48752.0,50.272681570289485
