,round,tube,sp_div_H,tot_pop_0,tot_final_pop,tot_auc,mean_fc,deg_score,nut_score
0,0.0,0.0,-0.0,27.0,679.0,93481.0,25.148138834022653,0.14069247853260136,0.7968115959536832
1,0.0,1.0,-0.0,27.0,674.0,90392.0,24.96295371742455,0.1465023968104574,0.9998554358129839
2,0.0,2.0,-0.0,27.0,459.0,70959.0,16.999993703706036,0.12851427092443735,0.44455641550489755
