,round,tube,sp,pop_0,final_pop,st_div_H,auc,fc
0,0.0,0.0,12.0,21.0,192.0,0.9218374799906521,13303.0,9.14285278911772
1,0.0,1.0,12.0,21.0,183.0,1.0162113301194768,12729.0,8.714281564627827
2,0.0,2.0,12.0,21.0,186.0,0.8645476401720957,13481.0,8.85713863945779
