,round,tube,sp_div_H,tot_pop_0,tot_final_pop,tot_auc,mean_fc,deg_score,nut_score
0,0.0,0.0,-0.0,7.0,80.0,5459.0,11.428555102064141,0.19169329884902264,0.13397459620968377
1,0.0,1.0,-0.0,7.0,89.0,5790.0,12.714267551046357,0.18974524301931195,0.13397459523539623
2,0.0,2.0,-0.0,7.0,77.0,4976.0,10.999984285736735,0.18963342659742832,0.13397459606056916
