,round,tube,sp,pop_0,final_pop,st_div_H,auc,fc
0,0.0,0.0,9.0,10.0,107.0,0.2657970821557091,8410.0,10.699989300010701
1,0.0,1.0,9.0,10.0,107.0,-0.0,9961.0,10.699989300010701
2,0.0,2.0,9.0,10.0,101.0,0.34423221653922054,8890.0,10.099989900010101
