,round,tube,nut,amount
0,0.0,0.0,0.0,2000.0
1,0.0,0.0,1.0,2000.0
2,0.0,0.0,2.0,1660.9822657217933
3,0.0,0.0,3.0,0.5300118813521622
4,0.0,1.0,0.0,2000.0
5,0.0,1.0,1.0,2000.0
6,0.0,1.0,2.0,1560.4170217327953
7,0.0,1.0,3.0,0.15376735649329576
8,0.0,2.0,0.0,2000.0
9,0.0,2.0,1.0,2000.0
10,0.0,2.0,2.0,1965.0070572060822
11,0.0,2.0,3.0,715.6171839159081
