,round,tube,sp,pop_0,final_pop,st_div_H,auc,fc
0,0.0,0.0,3.0,10.0,35.0,-0.0,2863.0,3.4999965000035003
1,0.0,1.0,3.0,10.0,60.0,-0.0,3045.0,5.999994000006001
2,0.0,2.0,3.0,10.0,30.0,-0.0,1553.0,2.9999970000030003
