,round,tube,sp_div_H,tot_pop_0,tot_final_pop,tot_auc,mean_fc,deg_score,nut_score
0,0.0,0.0,-0.0,5.0,2.0,190.0,0.39999920000160005,0.025354498606280473,0.022300875533809106
1,0.0,1.0,0.0,5.0,0.0,146.0,0.0,0.01977164392994435,0.017658697339800522
2,0.0,2.0,-0.0,5.0,2.0,176.0,0.39999920000160005,0.023498878092220954,0.02088426820658751
