,round,tube,sp_div_H,tot_pop_0,tot_final_pop,tot_auc,mean_fc,deg_score,nut_score
0,0.0,0.0,-0.0,1.0,187.0,3941.0,186.9981300186998,0.1917400735763094,0.25443206622353054
1,0.0,1.0,-0.0,1.0,229.0,5219.0,228.99771002289975,0.20384339540895624,0.33661432031374416
2,0.0,2.0,0.0,1.0,0.0,20.0,0.0,0.0014382601964126884,0.002187257217709182
