,round,tube,sp_div_H,tot_pop_0,tot_final_pop,tot_auc,mean_fc,deg_score,nut_score
0,0.0,0.0,-0.0,11.0,261.0,15823.0,23.727251157044403,0.32288862676358043,0.2928932180666799
1,0.0,1.0,-0.0,11.0,259.0,16647.0,23.54543314051533,0.32192019941257055,0.2928931941437106
2,0.0,2.0,-0.0,11.0,242.0,17953.0,21.999980000018184,0.3212885245589432,0.2928931844322372
