,round,tube,sp,st,final_pop
0,0,0,12,"(0.0, 0.1063989220923299, 0.0012625152456132796, 0.04642784640271252, 0.07727899819739281, 0.0, 0.09621130192085704, 0.1115125014927428, 0.0, 0.10322515837540021)",63
1,0,0,12,"(0.0, 0.1561239028472002, 0.0012625152456132796, 0.04642784640271252, 0.07727899819739281, 0.0, 0.09621130192085704, 0.1115125014927428, 0.0, 0.10322515837540021)",42
2,0,0,12,"(0.0, 0.1063989220923299, 0.0009344926973618671, 0.04642784640271252, 0.07727899819739281, 0.0, 0.09621130192085704, 0.1115125014927428, 0.0, 0.10322515837540021)",156
3,0,1,12,"(0.0, 0.1063989220923299, 0.0009344926973618671, 0.04642784640271252, 0.07727899819739281, 0.0, 0.09621130192085704, 0.1115125014927428, 0.0, 0.10322515837540021)",90
4,0,1,12,"(0.0, 0.1063989220923299, 0.0012625152456132796, 0.04642784640271252, 0.07727899819739281, 0.0, 0.09621130192085704, 0.1115125014927428, 0.0, 0.10322515837540021)",169
5,0,2,12,"(0.0, 0.1063989220923299, 0.0009344926973618671, 0.04642784640271252, 0.07727899819739281, 0.0, 0.09621130192085704, 0.1115125014927428, 0.0, 0.10322515837540021)",59
6,0,2,12,"(0.0, 0.1063989220923299, 0.0012625152456132796, 0.04642784640271252, 0.07727899819739281, 0.0, 0.09621130192085704, 0.1115125014927428, 0.0, 0.10322515837540021)",176
7,0,2,12,"(0.0, 0.1561239028472002, 0.0012625152456132796, 0.04642784640271252, 0.07727899819739281, 0.0, 0.09621130192085704, 0.1115125014927428, 0.0, 0.10322515837540021)",7
