,round,tube,sp_div_H,tot_pop_0,tot_final_pop,tot_auc,mean_fc,deg_score,nut_score
0,0.0,0.0,-0.0,44.0,840.0,85341.0,19.0909047520671,0.19035569875840586,0.49237115779772433
1,0.0,1.0,-0.0,44.0,859.0,86585.0,19.52272283574481,0.19049234130117032,0.499999926692961
2,0.0,2.0,-0.0,44.0,880.0,86166.0,19.999995454546486,0.1929952111290527,0.4999999380625201
