,round,tube,sp,pop_0,final_pop,st_div_H,auc,fc
0,0.0,0.0,2.0,11.0,35.0,0.6927389617440811,7199.0,3.181815289258828
1,0.0,1.0,2.0,11.0,51.0,0.6367834000369009,7253.0,4.636359421491435
2,0.0,2.0,2.0,11.0,43.0,0.3594451475127912,8226.0,3.9090873553751315
