,round,tube,sp,pop_0,final_pop,st_div_H,auc,fc
0,0.0,0.0,10.0,12.0,196.0,-0.0,14536.0,16.333319722233565
1,0.0,1.0,10.0,12.0,205.0,-0.0,13794.0,17.083319097234085
2,0.0,2.0,10.0,12.0,198.0,-0.0,13853.0,16.49998625001146
