,round,tube,sp_div_H,tot_pop_0,tot_final_pop,tot_auc,mean_fc,deg_score,nut_score
0,0.0,0.0,-0.0,55.0,1065.0,109540.0,19.363632842975846,0.27982828263191617,0.4999999899885452
1,0.0,1.0,-0.0,55.0,995.0,108214.0,18.090905801653488,0.28083405136488027,0.49732409224572927
2,0.0,2.0,-0.0,55.0,1077.0,112058.0,19.58181462148825,0.2794562895124991,0.4999999552286306
