,round,tube,nut,amount
0,0.0,0.0,0.0,0.1908544941079604
1,0.0,0.0,1.0,912.0049535453444
2,0.0,0.0,2.0,0.31952285203335906
3,0.0,0.0,3.0,0.055609191083463294
4,0.0,1.0,0.0,0.3541451323476702
5,0.0,1.0,1.0,912.0937917256873
6,0.0,1.0,2.0,0.07508000590379549
7,0.0,1.0,3.0,0.0027615152966520284
8,0.0,2.0,0.0,1259.313900280415
9,0.0,2.0,1.0,1597.0301419594439
10,0.0,2.0,2.0,0.47717392112935975
11,0.0,2.0,3.0,0.24178852630241643
