,round,tube,sp,st,final_pop
0,0,0,0,"(0.07400250769571483, 0.0, 0.0, 0.0, 0.0, 0.017098731129875016, 0.08380840797570269, 0.0691048466035698, 0.0, 0.0)",177
1,0,0,0,"(0.07400250769571483, 0.0, 0.0, 0.0, 0.0, 0.008415043554629823, 0.08380840797570269, 0.0691048466035698, 0.0, 0.0)",186
2,0,1,0,"(0.07400250769571483, 0.0, 0.0, 0.0, 0.0, 0.008415043554629823, 0.08380840797570269, 0.0691048466035698, 0.0, 0.0)",92
3,0,1,0,"(0.07400250769571483, 0.0, 0.0, 0.0, 0.0, 0.017098731129875016, 0.08380840797570269, 0.0691048466035698, 0.0, 0.0)",223
4,0,2,0,"(0.07400250769571483, 0.0, 0.0, 0.0, 0.0, 0.008415043554629823, 0.08380840797570269, 0.0691048466035698, 0.0, 0.0)",81
5,0,2,0,"(0.07400250769571483, 0.0, 0.0, 0.0, 0.0, 0.017098731129875016, 0.08380840797570269, 0.0691048466035698, 0.0, 0.0)",303
