,round,tube,sp_div_H,tot_pop_0,tot_final_pop,tot_auc,mean_fc,deg_score,nut_score
0,0.0,0.0,-0.0,29.0,486.0,67110.0,16.758614910822445,0.1375219557482562,0.4445719736124406
1,0.0,1.0,-0.0,29.0,723.0,85632.0,24.931025885853142,0.15160374041715252,0.7968049448860559
2,0.0,2.0,-0.0,29.0,492.0,64587.0,16.96551139120297,0.1409332524155853,0.44455391987464543
