,round,tube,sp_div_H,tot_pop_0,tot_final_pop,tot_auc,mean_fc,deg_score,nut_score
0,0.0,0.0,-0.0,15.0,2.0,466.0,0.1333332444445037,0.0484939181005537,0.04446699763344064
1,0.0,1.0,-0.0,15.0,2.0,524.0,0.1333332444445037,0.05396837246902941,0.04876185197487404
2,0.0,2.0,0.0,15.0,0.0,217.0,0.0,0.02368588604210753,0.021557836265054697
