,round,tube,sp,st,final_pop
0,0,0,13,"(0.0, 0.02461978404713738, 0.023035932332134326, 0.0, 0.02337253198744099, 0.017178462734871756, 0.0, 0.0, 0.004614333533171394, 0.00476393156717078)",222
1,0,0,13,"(0.0, 0.012584264740221784, 0.023035932332134326, 0.0, 0.02337253198744099, 0.017178462734871756, 0.0, 0.0, 0.0042652757640837015, 0.00476393156717078)",154
2,0,1,13,"(0.0, 0.012584264740221784, 0.023035932332134326, 0.0, 0.02337253198744099, 0.017178462734871756, 0.0, 0.0, 0.0042652757640837015, 0.00476393156717078)",289
3,0,1,13,"(0.0, 0.02461978404713738, 0.023035932332134326, 0.0, 0.02337253198744099, 0.017178462734871756, 0.0, 0.0, 0.004614333533171394, 0.00476393156717078)",96
4,0,2,13,"(0.0, 0.02461978404713738, 0.023035932332134326, 0.0, 0.02337253198744099, 0.017178462734871756, 0.0, 0.0, 0.004614333533171394, 0.00476393156717078)",230
5,0,2,13,"(0.0, 0.012584264740221784, 0.023035932332134326, 0.0, 0.02337253198744099, 0.017178462734871756, 0.0, 0.0, 0.0042652757640837015, 0.00476393156717078)",207
