,round,tube,sp,st,final_pop
0,0,0,10,"(0.06183229356803319, 0.003983248689718548, 0.06832740139210945, 0.0, 0.10772597225744233, 0.0, 0.0, 0.0022730731527826477, 0.0, 0.0)",77
1,0,0,10,"(0.06183229356803319, 0.004075255445102899, 0.06832740139210945, 0.0, 0.10772597225744233, 0.0, 0.0, 0.0022730731527826477, 0.0, 0.0)",22
2,0,1,10,"(0.06183229356803319, 0.003983248689718548, 0.06832740139210945, 0.0, 0.10772597225744233, 0.0, 0.0, 0.0022730731527826477, 0.0, 0.0)",47
3,0,1,10,"(0.06588242668394391, 0.003983248689718548, 0.06832740139210945, 0.0, 0.11700781442119315, 0.0, 0.0, 0.0022730731527826477, 0.0, 0.0)",56
4,0,2,10,"(0.06183229356803319, 0.003983248689718548, 0.06832740139210945, 0.0, 0.10772597225744233, 0.0, 0.0, 0.0022730731527826477, 0.0, 0.0)",80
5,0,2,10,"(0.06183229356803319, 0.004075255445102899, 0.06832740139210945, 0.0, 0.10772597225744233, 0.0, 0.0, 0.0022730731527826477, 0.0, 0.0)",7
6,0,2,10,"(0.06588242668394391, 0.003983248689718548, 0.06832740139210945, 0.0, 0.11700781442119315, 0.0, 0.0, 0.0022730731527826477, 0.0, 0.0)",30
