,round,tube,sp,pop_0,final_pop,st_div_H,auc,fc
0,0.0,0.0,11.0,12.0,223.0,0.41919274348305047,21018.0,18.58331784723513
1,0.0,1.0,11.0,12.0,242.0,0.30463609734923813,18399.0,20.166649861125116
2,0.0,2.0,11.0,12.0,225.0,0.5929533174474745,22064.0,18.74998437501302
