,round,tube,sp,pop_0,final_pop,st_div_H,auc,fc
0,0.0,0.0,1.0,2.0,632.0,0.6847062834607209,16220.0,315.99842000789994
1,0.0,1.0,1.0,2.0,686.0,-0.0,15353.0,342.99828500857495
2,0.0,2.0,1.0,2.0,571.0,0.17434755141927738,22042.0,285.49857250713745
