,round,tube,sp,st,final_pop
0,0,0,1,"(0.0, 0.01819021681934756, 0.0, 0.024584807322582867, 0.0, 0.01498355219082073, 0.0, 0.0, 0.0154164923044359, 0.023187541493778534)",275
1,0,0,1,"(0.0, 0.01819021681934756, 0.0, 0.024584807322582867, 0.0, 0.01498355219082073, 0.0, 0.0, 0.0154164923044359, 0.015255830738299487)",357
2,0,1,1,"(0.0, 0.01819021681934756, 0.0, 0.024584807322582867, 0.0, 0.01498355219082073, 0.0, 0.0, 0.0154164923044359, 0.023187541493778534)",686
3,0,2,1,"(0.0, 0.01819021681934756, 0.0, 0.024584807322582867, 0.0, 0.01498355219082073, 0.0, 0.0, 0.0154164923044359, 0.023187541493778534)",24
4,0,2,1,"(0.0, 0.01819021681934756, 0.0, 0.024584807322582867, 0.0, 0.01498355219082073, 0.0, 0.0, 0.0154164923044359, 0.015255830738299487)",547
