,round,tube,sp_div_H,tot_pop_0,tot_final_pop,tot_auc,mean_fc,deg_score,nut_score
0,0.0,0.0,-0.0,10.0,58.0,13454.0,5.7999942000058,0.1458951894741265,0.1339745947588301
1,0.0,1.0,-0.0,10.0,65.0,13157.0,6.4999935000065,0.14394980999883,0.13397456886943304
2,0.0,2.0,-0.0,10.0,76.0,14448.0,7.599992400007601,0.14178477096155007,0.13397458173542942
