,round,tube,sp_div_H,tot_pop_0,tot_final_pop,tot_auc,mean_fc,deg_score,nut_score
0,0.0,0.0,-0.0,8.0,245.0,16980.0,30.624961718797852,0.2554669004241824,0.2928932016811715
1,0.0,1.0,-0.0,8.0,227.0,17344.0,28.37496453129434,0.25564646455452433,0.29289320091072657
2,0.0,2.0,-0.0,8.0,213.0,16929.0,26.6249667187916,0.25612752498859337,0.2928932186521319
