,round,tube,sp,pop_0,final_pop,st_div_H,auc,fc
0,0.0,0.0,13.0,35.0,1095.0,1.4589431346181991,106271.0,31.285705346941327
1,0.0,1.0,13.0,35.0,1118.0,1.5239161595122213,112219.0,31.942848016329137
2,0.0,2.0,13.0,35.0,1162.0,1.1477357706484896,112782.0,33.19999051428842
