,round,tube,nut,amount
0,0.0,0.0,0.0,0.10920455066025386
1,0.0,0.0,1.0,0.5300796491423745
2,0.0,0.0,2.0,2000.0
3,0.0,0.0,3.0,0.2764781256285236
4,0.0,1.0,0.0,0.3392583775117587
5,0.0,1.0,1.0,0.7175688890081809
6,0.0,1.0,2.0,2000.0
7,0.0,1.0,3.0,0.27108714416746377
8,0.0,2.0,0.0,0.12872626832486764
9,0.0,2.0,1.0,130.96551133648822
10,0.0,2.0,2.0,2000.0
11,0.0,2.0,3.0,0.36641435255505506
