,round,tube,sp_div_H,tot_pop_0,tot_final_pop,tot_auc,mean_fc,deg_score,nut_score
0,0.0,0.0,-0.0,17.0,513.0,35479.0,30.176452837380683,0.21220879741984444,0.36497750459354605
1,0.0,1.0,-0.0,17.0,480.0,31804.0,28.23527750866029,0.21179580462378567,0.31817033223374136
2,0.0,2.0,-0.0,17.0,552.0,29939.0,32.470569134959334,0.21301181168839445,0.3260091410007888
