,round,tube,sp_div_H,tot_pop_0,tot_final_pop,tot_auc,mean_fc,deg_score,nut_score
0,0.0,0.0,-0.0,17.0,90.0,18089.0,5.294114532873804,0.1003732847917701,0.1339745735865706
1,0.0,1.0,-0.0,17.0,89.0,18690.0,5.235291038064095,0.10054263946683284,0.13397457042657568
2,0.0,2.0,-0.0,17.0,89.0,16854.0,5.235291038064095,0.09829944515915523,0.1339745923202177
