,round,tube,sp,st,final_pop
0,0,0,1,"(0.00847046266239965, 0.0, 0.0, 0.07704671796415064, 0.2667732097353895, 0.0, 0.0, 0.0, 0.2296363637559237, 0.0)",607
1,0,0,1,"(0.01423507054326358, 0.0, 0.0, 0.07704671796415064, 0.2667732097353895, 0.0, 0.0, 0.0, 0.2296363637559237, 0.0)",203
2,0,0,1,"(0.012197157357149357, 0.0, 0.0, 0.07704671796415064, 0.2667732097353895, 0.0, 0.0, 0.0, 0.2296363637559237, 0.0)",480
3,0,1,1,"(0.01423507054326358, 0.0, 0.0, 0.07704671796415064, 0.2667732097353895, 0.0, 0.0, 0.0, 0.2296363637559237, 0.0)",633
4,0,1,1,"(0.00847046266239965, 0.0, 0.0, 0.07704671796415064, 0.2667732097353895, 0.0, 0.0, 0.0, 0.2296363637559237, 0.0)",221
5,0,1,1,"(0.012197157357149357, 0.0, 0.0, 0.07704671796415064, 0.2667732097353895, 0.0, 0.0, 0.0, 0.2296363637559237, 0.0)",474
6,0,2,1,"(0.00847046266239965, 0.0, 0.0, 0.07704671796415064, 0.2667732097353895, 0.0, 0.0, 0.0, 0.2296363637559237, 0.0)",292
7,0,2,1,"(0.012197157357149357, 0.0, 0.0, 0.07704671796415064, 0.2667732097353895, 0.0, 0.0, 0.0, 0.2296363637559237, 0.0)",513
8,0,2,1,"(0.01423507054326358, 0.0, 0.0, 0.07704671796415064, 0.2667732097353895, 0.0, 0.0, 0.0, 0.2296363637559237, 0.0)",433
