,round,tube,sp_div_H,tot_pop_0,tot_final_pop,tot_auc,mean_fc,deg_score,nut_score
0,0.0,0.0,-0.0,2.0,114.0,9060.0,56.99971500142499,0.19501115377048894,0.13397457896625686
1,0.0,1.0,-0.0,2.0,147.0,8251.0,73.49963250183748,0.1971886361887636,0.13397457146992076
2,0.0,2.0,-0.0,2.0,147.0,7710.0,73.49963250183748,0.19692376189943428,0.13397457594482598
