,round,tube,sp,pop_0,final_pop,st_div_H,auc,fc
0,0.0,0.0,4.0,9.0,49.0,-0.0,2128.0,5.44443839506845
1,0.0,1.0,4.0,9.0,7.0,-0.0,723.0,0.7777769135812072
2,0.0,2.0,4.0,9.0,12.0,-0.0,699.0,1.333331851853498
