,round,tube,nut,amount
0,0.0,0.0,0.0,0.42691481434651246
1,0.0,0.0,1.0,0.2917478864164019
2,0.0,0.0,2.0,2000.0
3,0.0,0.0,3.0,1335.9454015760762
4,0.0,1.0,0.0,0.6745135924171362
5,0.0,1.0,1.0,0.2658310928032064
6,0.0,1.0,2.0,2000.0
7,0.0,1.0,3.0,1336.027628681632
8,0.0,2.0,0.0,0.7190547439321474
9,0.0,2.0,1.0,0.2526659835484605
10,0.0,2.0,2.0,2000.0
11,0.0,2.0,3.0,1336.0424207173446
