,round,tube,nut,amount
0,0.0,0.0,0.0,0.4078582033477709
1,0.0,0.0,1.0,2000.0
2,0.0,0.0,2.0,0.3234474419389609
3,0.0,0.0,3.0,2000.0
4,0.0,1.0,0.0,0.30863808083288036
5,0.0,1.0,1.0,2000.0
6,0.0,1.0,2.0,0.7617080558357583
7,0.0,1.0,3.0,2000.0
8,0.0,2.0,0.0,0.32990096718725637
9,0.0,2.0,1.0,2000.0
10,0.0,2.0,2.0,0.6364704382661925
11,0.0,2.0,3.0,2000.0
