,round,tube,sp,pop_0,final_pop,st_div_H,auc,fc
0,0.0,0.0,1.0,24.0,547.0,0.9773354067517941,44324.0,22.791657170142845
1,0.0,1.0,1.0,24.0,586.0,0.6982159921711417,44073.0,24.416656493059794
2,0.0,2.0,1.0,24.0,555.0,0.6197947773816223,42753.0,23.124990364587347
