,round,tube,sp,st,final_pop
0,0,0,0,"(0.05516488279955076, 0.05110121456135165, 0.019894588600982716, 0.0, 0.0, 0.029000295196854937, 0.021449624884566053, 0.05423737125218688, 0.0, 0.0)",59
1,0,0,0,"(0.05516488279955076, 0.11813099526623705, 0.03452479932097983, 0.0, 0.0, 0.023095372466506593, 0.021449624884566053, 0.05423737125218688, 0.0, 0.0)",15
2,0,1,0,"(0.05516488279955076, 0.05110121456135165, 0.019894588600982716, 0.0, 0.0, 0.029000295196854937, 0.021449624884566053, 0.05423737125218688, 0.0, 0.0)",51
3,0,1,0,"(0.05516488279955076, 0.11813099526623705, 0.03452479932097983, 0.0, 0.0, 0.023095372466506593, 0.021449624884566053, 0.05423737125218688, 0.0, 0.0)",13
4,0,1,0,"(0.05516488279955076, 0.07323568104370785, 0.019894588600982716, 0.0, 0.0, 0.029000295196854937, 0.021449624884566053, 0.05423737125218688, 0.0, 0.0)",1
5,0,2,0,"(0.05516488279955076, 0.07323568104370785, 0.019894588600982716, 0.0, 0.0, 0.029000295196854937, 0.021449624884566053, 0.05423737125218688, 0.0, 0.0)",18
6,0,2,0,"(0.05516488279955076, 0.05110121456135165, 0.019894588600982716, 0.0, 0.0, 0.029000295196854937, 0.021449624884566053, 0.05423737125218688, 0.0, 0.0)",16
7,0,2,0,"(0.05516488279955076, 0.11813099526623705, 0.03452479932097983, 0.0, 0.0, 0.023095372466506593, 0.021449624884566053, 0.05423737125218688, 0.0, 0.0)",15
