,round,tube,sp,pop_0,final_pop,st_div_H,auc,fc
0,0.0,0.0,9.0,20.0,475.0,0.7319442801791773,29606.0,23.749988125005938
1,0.0,1.0,9.0,20.0,399.0,0.8674286706065579,23765.0,19.949990025004986
2,0.0,2.0,9.0,20.0,435.0,0.8069135149314458,26936.0,21.74998912500544
