,round,tube,sp,st,final_pop
0,0,0,6,"(0.02498612410972782, 0.060567902097448605, 0.04477045167749137, 0.0, 0.0, 0.019787538810802065, 0.0, 0.0, 0.017081544759145573, 0.03297099355630315)",139
1,0,0,6,"(0.02498612410972782, 0.060567902097448605, 0.04477045167749137, 0.0, 0.0, 0.05423798823769475, 0.0, 0.0, 0.017081544759145573, 0.03297099355630315)",2
2,0,1,6,"(0.02498612410972782, 0.060567902097448605, 0.04477045167749137, 0.0, 0.0, 0.019787538810802065, 0.0, 0.0, 0.017081544759145573, 0.03297099355630315)",131
3,0,1,6,"(0.02498612410972782, 0.060567902097448605, 0.04477045167749137, 0.0, 0.0, 0.05423798823769475, 0.0, 0.0, 0.017081544759145573, 0.03297099355630315)",6
4,0,2,6,"(0.02498612410972782, 0.060567902097448605, 0.04477045167749137, 0.0, 0.0, 0.019787538810802065, 0.0, 0.0, 0.017081544759145573, 0.03297099355630315)",133
5,0,2,6,"(0.02498612410972782, 0.060567902097448605, 0.04477045167749137, 0.0, 0.0, 0.05423798823769475, 0.0, 0.0, 0.017081544759145573, 0.03297099355630315)",7
