,round,tube,sp,pop_0,final_pop,st_div_H,auc,fc
0,0.0,0.0,5.0,13.0,610.0,0.3995303527192729,59426.0,46.92304082843013
1,0.0,1.0,5.0,13.0,482.0,0.6886317243941512,53104.0,37.076894556234954
2,0.0,2.0,5.0,13.0,502.0,0.8757227195688198,51584.0,38.615354911265456
