,round,tube,sp,st,final_pop
0,0,0,5,"(0.1792078360399821, 0.13151103531888653, 0.09409701613381062, 0.10724668113492593, 0.0, 0.0, 0.0, 0.013026841387469198, 0.0, 0.0)",69
1,0,0,5,"(0.1792078360399821, 0.13151103531888653, 0.03786777314950173, 0.10724668113492593, 0.0, 0.0, 0.0, 0.013026841387469198, 0.0, 0.0)",536
2,0,0,5,"(0.1792078360399821, 0.13151103531888653, 0.04952623399846841, 0.10724668113492593, 0.0, 0.0, 0.0, 0.01949776196191275, 0.0, 0.0)",5
3,0,1,5,"(0.1792078360399821, 0.13151103531888653, 0.04952623399846841, 0.10724668113492593, 0.0, 0.0, 0.0, 0.01949776196191275, 0.0, 0.0)",1
4,0,1,5,"(0.1792078360399821, 0.13151103531888653, 0.09409701613381062, 0.10724668113492593, 0.0, 0.0, 0.0, 0.013026841387469198, 0.0, 0.0)",195
5,0,1,5,"(0.1792078360399821, 0.13151103531888653, 0.03786777314950173, 0.10724668113492593, 0.0, 0.0, 0.0, 0.013026841387469198, 0.0, 0.0)",286
6,0,2,5,"(0.1792078360399821, 0.13151103531888653, 0.04952623399846841, 0.10724668113492593, 0.0, 0.0, 0.0, 0.01949776196191275, 0.0, 0.0)",41
7,0,2,5,"(0.1792078360399821, 0.13151103531888653, 0.09409701613381062, 0.10724668113492593, 0.0, 0.0, 0.0, 0.013026841387469198, 0.0, 0.0)",160
8,0,2,5,"(0.1792078360399821, 0.13151103531888653, 0.03786777314950173, 0.10724668113492593, 0.0, 0.0, 0.0, 0.013026841387469198, 0.0, 0.0)",301
