,round,tube,sp,pop_0,final_pop,st_div_H,auc,fc
0,0.0,0.0,10.0,10.0,107.0,-0.0,16516.0,10.699989300010701
1,0.0,1.0,10.0,10.0,205.0,-0.0,19633.0,20.4999795000205
2,0.0,2.0,10.0,10.0,117.0,-0.0,18246.0,11.6999883000117
