,round,tube,nut,amount
0,0.0,0.0,0.0,1993.7147136916105
1,0.0,0.0,1.0,1987.4888801851748
2,0.0,0.0,2.0,1987.539253497323
3,0.0,0.0,3.0,2000.0
4,0.0,1.0,0.0,1897.939335767151
5,0.0,1.0,1.0,1796.8440678836457
6,0.0,1.0,2.0,1797.6620312101907
7,0.0,1.0,3.0,2000.0
8,0.0,2.0,0.0,1850.5273288685462
9,0.0,2.0,1.0,1702.4685263623862
10,0.0,2.0,2.0,1703.6664723509355
11,0.0,2.0,3.0,2000.0
