,round,tube,nut,amount
0,0.0,0.0,0.0,211.83578747059508
1,0.0,0.0,1.0,0.39125596957474845
2,0.0,0.0,2.0,2000.0
3,0.0,0.0,3.0,2000.0
4,0.0,1.0,0.0,392.1335769031904
5,0.0,1.0,1.0,0.3895356828887967
6,0.0,1.0,2.0,2000.0
7,0.0,1.0,3.0,2000.0
8,0.0,2.0,0.0,164.69219169872275
9,0.0,2.0,1.0,0.4277769086548676
10,0.0,2.0,2.0,2000.0
11,0.0,2.0,3.0,2000.0
