,round,tube,sp,pop_0,final_pop,st_div_H,auc,fc
0,0.0,0.0,8.0,17.0,283.0,0.9127464143686921,48766.0,16.647049031147628
1,0.0,1.0,8.0,17.0,259.0,1.1664694203358237,50046.0,15.235285155714614
2,0.0,2.0,8.0,17.0,283.0,1.0793322953238949,48001.0,16.647049031147628
