,round,tube,sp_div_H,tot_pop_0,tot_final_pop,tot_auc,mean_fc,deg_score,nut_score
0,0.0,0.0,-0.0,10.0,80.0,8197.0,7.9999920000080005,0.18492819262716098,0.1339745691522547
1,0.0,1.0,-0.0,10.0,100.0,8780.0,9.99999000001,0.18408732521698723,0.13397457927491196
2,0.0,2.0,-0.0,10.0,79.0,8130.0,7.8999921000079,0.18310638141946178,0.13397458744752544
