,round,tube,nut,amount
0,0.0,0.0,0.0,0.40631359671564116
1,0.0,0.0,1.0,2000.0
2,0.0,0.0,2.0,0.5034322639527447
3,0.0,0.0,3.0,2000.0
4,0.0,1.0,0.0,0.4802277070379471
5,0.0,1.0,1.0,2000.0
6,0.0,1.0,2.0,0.6669575536638974
7,0.0,1.0,3.0,2000.0
8,0.0,2.0,0.0,0.2926104348034981
9,0.0,2.0,1.0,2000.0
10,0.0,2.0,2.0,0.5788729525234337
11,0.0,2.0,3.0,2000.0
