,round,tube,sp,st,final_pop
0,0,0,6,"(0.03426039533065134, 0.011572197494497125, 0.0, 0.030181603934096246, 0.005422768956954101, 0.0, 0.019795240631728064, 0.0, 0.028146417112716555, 0.05874522297052942)",146
1,0,0,6,"(0.03426039533065134, 0.011572197494497125, 0.0, 0.030181603934096246, 0.005422768956954101, 0.0, 0.019795240631728064, 0.0, 0.016730248197507642, 0.05874522297052942)",53
2,0,1,6,"(0.03426039533065134, 0.011572197494497125, 0.0, 0.030181603934096246, 0.005422768956954101, 0.0, 0.019795240631728064, 0.0, 0.028146417112716555, 0.05874522297052942)",113
3,0,1,6,"(0.03426039533065134, 0.011572197494497125, 0.0, 0.030181603934096246, 0.005422768956954101, 0.0, 0.019795240631728064, 0.0, 0.016730248197507642, 0.05874522297052942)",70
4,0,2,6,"(0.03426039533065134, 0.011572197494497125, 0.0, 0.030181603934096246, 0.005422768956954101, 0.0, 0.019795240631728064, 0.0, 0.016730248197507642, 0.05874522297052942)",110
5,0,2,6,"(0.03426039533065134, 0.011572197494497125, 0.0, 0.030181603934096246, 0.005422768956954101, 0.0, 0.019795240631728064, 0.0, 0.028146417112716555, 0.05874522297052942)",106
