,round,tube,sp_div_H,tot_pop_0,tot_final_pop,tot_auc,mean_fc,deg_score,nut_score
0,0.0,0.0,-0.0,12.0,2.0,296.0,0.16666652777789354,0.03909520225949226,0.03448659540180121
1,0.0,1.0,-0.0,12.0,4.0,578.0,0.33333305555578707,0.0754296810319478,0.06560166900209752
2,0.0,2.0,-0.0,12.0,2.0,515.0,0.16666652777789354,0.06759405996125256,0.05974416117777237
