,round,tube,nut,amount
0,0.0,0.0,0.0,2000.0
1,0.0,0.0,1.0,1095.4382051689097
2,0.0,0.0,2.0,2000.0
3,0.0,0.0,3.0,1930.2549163329288
4,0.0,1.0,0.0,2000.0
5,0.0,1.0,1.0,552.7759196756978
6,0.0,1.0,2.0,2000.0
7,0.0,1.0,3.0,1888.413632828624
8,0.0,2.0,0.0,2000.0
9,0.0,2.0,1.0,0.7331112393233932
10,0.0,2.0,2.0,2000.0
11,0.0,2.0,3.0,1454.2003421075212
