,round,tube,nut,amount
0,0.0,0.0,0.0,0.487932592377391
1,0.0,0.0,1.0,2000.0
2,0.0,0.0,2.0,0.44144631503457155
3,0.0,0.0,3.0,350.706504194727
4,0.0,1.0,0.0,0.47203442983857635
5,0.0,1.0,1.0,2000.0
6,0.0,1.0,2.0,0.47148208114948553
7,0.0,1.0,3.0,350.73127855984916
8,0.0,2.0,0.0,0.3928030357350778
9,0.0,2.0,1.0,2000.0
10,0.0,2.0,2.0,0.4457834540966024
11,0.0,2.0,3.0,350.7100815919632
