,round,tube,sp,st,final_pop
0,0,0,6,"(0.03426039533065134, 0.011572197494497125, 0.0, 0.030181603934096246, 0.0026950656425051623, 0.0, 0.019795240631728064, 0.0, 0.022625673780732596, 0.05874522297052942)",36
1,0,0,6,"(0.03584962703463081, 0.011572197494497125, 0.0, 0.030181603934096246, 0.0026950656425051623, 0.0, 0.017978696717904797, 0.0, 0.02594814319638073, 0.05874522297052942)",77
2,0,0,6,"(0.03584962703463081, 0.011572197494497125, 0.0, 0.030181603934096246, 0.0026950656425051623, 0.0, 0.017978696717904797, 0.0, 0.022625673780732596, 0.05874522297052942)",56
3,0,1,6,"(0.03584962703463081, 0.011572197494497125, 0.0, 0.030181603934096246, 0.0026950656425051623, 0.0, 0.017978696717904797, 0.0, 0.02594814319638073, 0.05874522297052942)",9
4,0,1,6,"(0.03584962703463081, 0.011572197494497125, 0.0, 0.030181603934096246, 0.0026950656425051623, 0.0, 0.017978696717904797, 0.0, 0.022625673780732596, 0.05874522297052942)",74
5,0,1,6,"(0.03426039533065134, 0.011572197494497125, 0.0, 0.030181603934096246, 0.0026950656425051623, 0.0, 0.019795240631728064, 0.0, 0.022625673780732596, 0.05874522297052942)",72
6,0,2,6,"(0.03426039533065134, 0.011572197494497125, 0.0, 0.030181603934096246, 0.0026950656425051623, 0.0, 0.019795240631728064, 0.0, 0.022625673780732596, 0.05874522297052942)",68
7,0,2,6,"(0.03584962703463081, 0.011572197494497125, 0.0, 0.030181603934096246, 0.0026950656425051623, 0.0, 0.017978696717904797, 0.0, 0.022625673780732596, 0.05874522297052942)",52
8,0,2,6,"(0.03584962703463081, 0.011572197494497125, 0.0, 0.030181603934096246, 0.0026950656425051623, 0.0, 0.017978696717904797, 0.0, 0.02594814319638073, 0.05874522297052942)",46
