,round,tube,sp_div_H,tot_pop_0,tot_final_pop,tot_auc,mean_fc,deg_score,nut_score
0,0.0,0.0,-0.0,12.0,65.0,5173.0,5.41666215278154,0.21024017010679952,0.2781766861368493
1,0.0,1.0,-0.0,12.0,65.0,6221.0,5.41666215278154,0.2124672129939813,0.2928931691963096
2,0.0,2.0,-0.0,12.0,64.0,5937.0,5.333328888892593,0.2118236480449942,0.29238256528490814
