,round,tube,nut,amount
0,0.0,0.0,0.0,1999.8095653335697
1,0.0,0.0,1.0,1999.1858540578162
2,0.0,0.0,2.0,1998.7075056858089
3,0.0,0.0,3.0,2000.0
4,0.0,1.0,0.0,1986.0105162757625
5,0.0,1.0,1.0,1940.1921844335343
6,0.0,1.0,2.0,1905.0523283866803
7,0.0,1.0,3.0,2000.0
8,0.0,2.0,0.0,1981.3096671591734
9,0.0,2.0,1.0,1920.0951227754808
10,0.0,2.0,2.0,1873.1473140900252
11,0.0,2.0,3.0,2000.0
