,round,tube,nut,amount
0,0.0,0.0,0.0,919.5339630152652
1,0.0,0.0,1.0,0.7477758661952214
2,0.0,0.0,2.0,0.6367666330515862
3,0.0,0.0,3.0,2000.0
4,0.0,1.0,0.0,919.5277700502983
5,0.0,1.0,1.0,0.4383259657144622
6,0.0,1.0,2.0,0.6253067758832551
7,0.0,1.0,3.0,2000.0
8,0.0,2.0,0.0,919.4508260887923
9,0.0,2.0,1.0,0.619553942763125
10,0.0,2.0,2.0,0.4829247644199157
11,0.0,2.0,3.0,2000.0
