,round,tube,nut,amount
0,0.0,0.0,0.0,1591.9762663471324
1,0.0,0.0,1.0,2000.0
2,0.0,0.0,2.0,2000.0
3,0.0,0.0,3.0,1819.8877787932638
4,0.0,1.0,0.0,1832.7443275200412
5,0.0,1.0,1.0,2000.0
6,0.0,1.0,2.0,2000.0
7,0.0,1.0,3.0,1926.169023526904
8,0.0,2.0,0.0,1322.6369050656854
9,0.0,2.0,1.0,2000.0
10,0.0,2.0,2.0,2000.0
11,0.0,2.0,3.0,1700.9944237805516
