,round,tube,sp,st,final_pop
0,0,0,5,"(0.1792078360399821, 0.13151103531888653, 0.15112437981031296, 0.10724668113492593, 0.0, 0.0, 0.0, 0.013026841387469198, 0.0, 0.0)",637
1,0,1,5,"(0.1792078360399821, 0.13151103531888653, 0.15112437981031296, 0.10724668113492593, 0.0, 0.0, 0.0, 0.013026841387469198, 0.0, 0.0)",593
2,0,2,5,"(0.1792078360399821, 0.13151103531888653, 0.15112437981031296, 0.10724668113492593, 0.0, 0.0, 0.0, 0.013026841387469198, 0.0, 0.0)",646
