,round,tube,sp,pop_0,final_pop,st_div_H,auc,fc
0,0.0,0.0,12.0,9.0,81.0,0.6653781224447001,5038.0,8.999990000011111
1,0.0,1.0,12.0,9.0,84.0,0.6365141682948128,5304.0,9.333322962974487
2,0.0,2.0,12.0,9.0,94.0,0.6543912549266473,5308.0,10.444432839519068
