,round,tube,sp,pop_0,final_pop,st_div_H,auc,fc
0,0.0,0.0,7.0,11.0,646.0,-0.0,54656.0,58.727219338891516
1,0.0,1.0,7.0,11.0,588.0,-0.0,52787.0,53.454496859548314
2,0.0,2.0,7.0,11.0,623.0,-0.0,51636.0,56.63631214880714
