,round,tube,sp_div_H,tot_pop_0,tot_final_pop,tot_auc,mean_fc,deg_score,nut_score
0,0.0,0.0,-0.0,68.0,1124.0,121647.0,16.52940933391039,0.24291523881428334,0.49999994165121664
1,0.0,1.0,-0.0,68.0,1104.0,117373.0,16.235291730104155,0.24529401832862363,0.4999999302001934
2,0.0,2.0,-0.0,68.0,1185.0,125060.0,17.42646802551941,0.24454490417989583,0.4999999770567586
