,round,tube,sp_div_H,tot_pop_0,tot_final_pop,tot_auc,mean_fc,deg_score,nut_score
0,0.0,0.0,-0.0,6.0,95.0,3544.0,15.833306944488427,0.1865482051005085,0.13394622611177787
1,0.0,1.0,-0.0,6.0,106.0,4038.0,17.666637222271298,0.18585057562214913,0.13397456997479706
2,0.0,2.0,-0.0,6.0,85.0,5055.0,14.166643055594909,0.18430324088318784,0.13397458022141961
