,round,tube,sp,pop_0,final_pop,st_div_H,auc,fc
0,0.0,0.0,12.0,6.0,95.0,-0.0,3544.0,15.833306944488427
1,0.0,1.0,12.0,6.0,106.0,-0.0,4038.0,17.666637222271298
2,0.0,2.0,12.0,6.0,85.0,-0.0,5055.0,14.166643055594909
