,round,tube,sp,pop_0,final_pop,st_div_H,auc,fc
0,0.0,0.0,8.0,9.0,518.0,0.6786466397174244,59845.0,57.55549160500933
1,0.0,1.0,8.0,9.0,889.0,0.5930382882854554,80146.0,98.77766802481331
2,0.0,2.0,8.0,9.0,476.0,0.6751643279883965,55047.0,52.888830123522084
