,round,tube,nut,amount
0,0.0,0.0,0.0,0.316355132062597
1,0.0,0.0,1.0,2000.0
2,0.0,0.0,2.0,0.47319946484319075
3,0.0,0.0,3.0,811.7135056549823
4,0.0,1.0,0.0,0.16082656184888044
5,0.0,1.0,1.0,2000.0
6,0.0,1.0,2.0,0.3707636874895801
7,0.0,1.0,3.0,0.2054763133012596
8,0.0,2.0,0.0,0.021896562490184124
9,0.0,2.0,1.0,2000.0
10,0.0,2.0,2.0,0.06345635542243233
11,0.0,2.0,3.0,0.7544095385154321
