,round,tube,sp_div_H,tot_pop_0,tot_final_pop,tot_auc,mean_fc,deg_score,nut_score
0,0.0,0.0,-0.0,28.0,555.0,81014.0,19.82142149234947,0.1593207757499906,0.7967683163567634
1,0.0,1.0,-0.0,28.0,604.0,81406.0,21.57142086734969,0.1576296316216269,0.7968237510243679
2,0.0,2.0,-0.0,28.0,645.0,89192.0,23.035706058676407,0.1578809146323812,0.7968390877379101
