,round,tube,sp,st,final_pop
0,0,0,7,"(0.0, 0.0, 0.0, 0.0, 0.0578975542703063, 0.0, 0.0, 0.06477344310532056, 0.0, 0.13247421244685764)",82
1,0,0,7,"(0.0, 0.0, 0.0, 0.0, 0.0578975542703063, 0.0, 0.0, 0.06477344310532056, 0.0, 0.0749878172081498)",551
2,0,1,7,"(0.0, 0.0, 0.0, 0.0, 0.0578975542703063, 0.0, 0.0, 0.06477344310532056, 0.0, 0.0749878172081498)",413
3,0,1,7,"(0.0, 0.0, 0.0, 0.0, 0.0578975542703063, 0.0, 0.0, 0.06477344310532056, 0.0, 0.13247421244685764)",181
4,0,2,7,"(0.0, 0.0, 0.0, 0.0, 0.0578975542703063, 0.0, 0.0, 0.06477344310532056, 0.0, 0.0749878172081498)",226
5,0,2,7,"(0.0, 0.0, 0.0, 0.0, 0.0578975542703063, 0.0, 0.0, 0.06477344310532056, 0.0, 0.13247421244685764)",338
