,round,tube,sp,pop_0,final_pop,st_div_H,auc,fc
0,0.0,0.0,11.0,7.0,270.0,0.9671285165029739,18507.0,38.57137346946647
1,0.0,1.0,11.0,7.0,290.0,0.38834849497196344,19631.0,41.42851224498251
2,0.0,2.0,11.0,7.0,326.0,0.9416143895203437,20528.0,46.571362040911374
