,round,tube,nut,amount
0,0.0,0.0,0.0,942.7756577487797
1,0.0,0.0,1.0,409.67517355318455
2,0.0,0.0,2.0,2000.0
3,0.0,0.0,3.0,2000.0
4,0.0,1.0,0.0,1232.7203432681047
5,0.0,1.0,1.0,845.8231255534483
6,0.0,1.0,2.0,2000.0
7,0.0,1.0,3.0,2000.0
8,0.0,2.0,0.0,994.4430370877237
9,0.0,2.0,1.0,487.39558992687444
10,0.0,2.0,2.0,2000.0
11,0.0,2.0,3.0,2000.0
