,round,tube,nut,amount
0,0.0,0.0,0.0,991.5238305409852
1,0.0,0.0,1.0,0.37812053066288936
2,0.0,0.0,2.0,0.6692957069266432
3,0.0,0.0,3.0,2000.0
4,0.0,1.0,0.0,694.527340770373
5,0.0,1.0,1.0,0.26573611439237954
6,0.0,1.0,2.0,0.3466760602914473
7,0.0,1.0,3.0,2000.0
8,0.0,2.0,0.0,996.0356097727993
9,0.0,2.0,1.0,1.5677632381275541
10,0.0,2.0,2.0,9.614017478556999
11,0.0,2.0,3.0,2000.0
