,round,tube,sp_div_H,tot_pop_0,tot_final_pop,tot_auc,mean_fc,deg_score,nut_score
0,0.0,0.0,-0.0,8.0,81.0,8106.0,10.12498734376582,0.17899480765353448,0.13397458669593565
1,0.0,1.0,-0.0,8.0,88.0,10188.0,10.999986250017187,0.1789356750068416,0.13397456497671834
2,0.0,2.0,-0.0,8.0,77.0,9695.0,9.624987968765039,0.17959644430539412,0.13397458062992573
