,round,tube,sp_div_H,tot_pop_0,tot_final_pop,tot_auc,mean_fc,deg_score,nut_score
0,0.0,0.0,-0.0,12.0,244.0,13869.0,20.33331638890301,0.2254033307585166,0.28859622837044197
1,0.0,1.0,-0.0,12.0,273.0,12915.0,22.749981041682467,0.2254033307585166,0.28779584926283597
2,0.0,2.0,-0.0,12.0,296.0,10859.0,24.66664611112824,0.22536851487880138,0.28751234316053587
