,round,tube,sp_div_H,tot_pop_0,tot_final_pop,tot_auc,mean_fc,deg_score,nut_score
0,0.0,0.0,0.0,1.0,0.0,26.0,0.0,0.002463434806280862,0.0022813391315426035
1,0.0,1.0,0.0,1.0,0.0,14.0,0.0,0.0013271680648087036,0.0012032557713601566
2,0.0,2.0,-0.0,1.0,35.0,809.0,34.999650003499966,0.07072670798882474,0.07334765052623515
