,round,tube,sp,pop_0,final_pop,st_div_H,auc,fc
0,0.0,0.0,5.0,12.0,29.0,-0.0,1336.0,2.416664652779456
1,0.0,1.0,5.0,12.0,13.0,-0.0,846.0,1.083332430556308
2,0.0,2.0,5.0,12.0,28.0,-0.0,1612.0,2.3333313888905094
