,round,tube,sp,pop_0,final_pop,st_div_H,auc,fc
0,0.0,0.0,13.0,6.0,1254.0,0.14668140068045424,108162.0,208.99965166724724
1,0.0,1.0,13.0,6.0,1316.0,0.2819499495139037,112074.0,219.33296777838706
2,0.0,2.0,13.0,6.0,1328.0,0.1403513830954381,111460.0,221.33296444505928
