,round,tube,sp_div_H,tot_pop_0,tot_final_pop,tot_auc,mean_fc,deg_score,nut_score
0,0.0,0.0,-0.0,23.0,526.0,51287.0,22.869555274106403,0.22266248626495433,0.2928932094140473
1,0.0,1.0,-0.0,23.0,512.0,51386.0,22.260859886582658,0.22324709368729145,0.29289320074949843
2,0.0,2.0,-0.0,23.0,548.0,52233.0,23.826076597358,0.22213827337280023,0.292893191222117
