,round,tube,sp,pop_0,final_pop,st_div_H,auc,fc
0,0.0,0.0,13.0,11.0,68.0,-0.0,9741.0,6.18181256198858
1,0.0,1.0,13.0,11.0,59.0,-0.0,9900.0,5.363631487607739
2,0.0,2.0,13.0,11.0,86.0,-0.0,10755.0,7.818174710750263
