,round,tube,sp,pop_0,final_pop,st_div_H,auc,fc
0,0.0,0.0,3.0,8.0,483.0,-0.0,31511.0,60.37492453134434
1,0.0,1.0,3.0,8.0,458.0,-0.0,29785.0,57.24992843758945
2,0.0,2.0,3.0,8.0,436.0,-0.0,31424.0,54.49993187508516
