,round,tube,sp_div_H,tot_pop_0,tot_final_pop,tot_auc,mean_fc,deg_score,nut_score
0,0.0,0.0,-0.0,12.0,6.0,620.0,0.49999958333368055,0.06399608594316519,0.0665772767073054
1,0.0,1.0,-0.0,12.0,10.0,779.0,0.8333326388894676,0.07748022681669142,0.08263427715249083
2,0.0,2.0,-0.0,12.0,7.0,596.0,0.5833328472226273,0.06171430661573518,0.06396003884623569
