,round,tube,sp_div_H,tot_pop_0,tot_final_pop,tot_auc,mean_fc,deg_score,nut_score
0,0.0,0.0,-0.0,20.0,431.0,34891.0,21.549989225005387,0.1400957257942005,0.2928932074618197
1,0.0,1.0,-0.0,20.0,437.0,33461.0,21.849989075005464,0.14026786131273772,0.2928887268725281
2,0.0,2.0,-0.0,20.0,446.0,33822.0,22.299988850005576,0.14073397088088735,0.29289300461093903
