,round,tube,sp,pop_0,final_pop,st_div_H,auc,fc
0,0.0,0.0,0.0,17.0,261.0,0.2509548043576197,27170.0,15.352932145334032
1,0.0,1.0,0.0,17.0,221.0,-0.0,25681.0,12.999992352945675
2,0.0,2.0,0.0,17.0,256.0,0.2008091930000576,25419.0,15.058814671285488
