,round,tube,sp,pop_0,final_pop,st_div_H,auc,fc
0,0.0,0.0,9.0,16.0,141.0,-0.0,4423.0,8.812494492190943
1,0.0,1.0,9.0,16.0,103.0,-0.0,3521.0,6.437495976565015
2,0.0,2.0,9.0,16.0,122.0,-0.0,3640.0,7.6249952343779785
