,round,tube,sp,pop_0,final_pop,st_div_H,auc,fc
0,0.0,0.0,13.0,7.0,279.0,0.30985676161842246,38546.0,39.85708591844869
1,0.0,1.0,13.0,7.0,233.0,0.5514753748243438,39431.0,33.28566673476181
2,0.0,2.0,13.0,7.0,365.0,0.5615814186691639,47788.0,52.14278265316764
