,round,tube,sp_div_H,tot_pop_0,tot_final_pop,tot_auc,mean_fc,deg_score,nut_score
0,0.0,0.0,-0.0,11.0,267.0,6524.0,24.27270520663163,0.2657212640444305,0.43190143668107384
1,0.0,1.0,-0.0,11.0,248.0,8464.0,22.54543404960541,0.27584612268305286,0.4415020446578346
2,0.0,2.0,-0.0,11.0,268.0,9504.0,24.36361421489617,0.27513815122341934,0.44193333415369696
