,round,tube,nut,amount
0,0.0,0.0,0.0,2000.0
1,0.0,0.0,1.0,2000.0
2,0.0,0.0,2.0,0.9557920341683331
3,0.0,0.0,3.0,0.17231498973153236
4,0.0,1.0,0.0,2000.0
5,0.0,1.0,1.0,2000.0
6,0.0,1.0,2.0,0.5109096763793192
7,0.0,1.0,3.0,0.2310594682910505
8,0.0,2.0,0.0,2000.0
9,0.0,2.0,1.0,2000.0
10,0.0,2.0,2.0,0.5486001116576905
11,0.0,2.0,3.0,0.19203304467025006
