,round,tube,sp,pop_0,final_pop,st_div_H,auc,fc
0,0.0,0.0,11.0,1.0,373.0,-0.0,11283.0,372.9962700372996
1,0.0,1.0,11.0,1.0,385.0,-0.0,10722.0,384.9961500384996
2,0.0,2.0,11.0,1.0,367.0,-0.0,12508.0,366.9963300366996
