,round,tube,nut,amount
0,0.0,0.0,0.0,0.49281204372302667
1,0.0,0.0,1.0,2000.0
2,0.0,0.0,2.0,0.4938111662432009
3,0.0,0.0,3.0,350.7496962324711
4,0.0,1.0,0.0,0.5271446848415156
5,0.0,1.0,1.0,2000.0
6,0.0,1.0,2.0,0.5178401744526677
7,0.0,1.0,3.0,350.7695160506403
8,0.0,2.0,0.0,0.47481572683636525
9,0.0,2.0,1.0,2000.0
10,0.0,2.0,2.0,0.46447272705246523
11,0.0,2.0,3.0,350.72549704267647
