,round,tube,sp,pop_0,final_pop,st_div_H,auc,fc
0,0.0,0.0,7.0,16.0,568.0,0.27687332409858256,51060.0,35.49997781251387
1,0.0,1.0,7.0,16.0,531.0,0.27655603005340046,53654.0,33.187479257825466
2,0.0,2.0,7.0,16.0,532.0,0.20619205063323187,52288.0,33.24997921876299
