,round,tube,sp_div_H,tot_pop_0,tot_final_pop,tot_auc,mean_fc,deg_score,nut_score
0,0.0,0.0,-0.0,29.0,584.0,45576.0,20.137924090371005,0.16333997346592444,0.29278523875365514
1,0.0,1.0,-0.0,29.0,540.0,45493.0,18.62068323424716,0.16333997346592444,0.2928091875097196
2,0.0,2.0,-0.0,29.0,562.0,43825.0,19.37930366230908,0.16333997346592444,0.292872062392288
