,round,tube,sp,pop_0,final_pop,st_div_H,auc,fc
0,0.0,0.0,6.0,9.0,136.0,0.6487704062977189,15913.0,15.111094321006311
1,0.0,1.0,6.0,9.0,150.0,0.3250829733914482,16708.0,16.666648148168726
2,0.0,2.0,6.0,9.0,149.0,0.6990856095046534,18068.0,16.555537160514266
