,round,tube,sp_div_H,tot_pop_0,tot_final_pop,tot_auc,mean_fc,deg_score,nut_score
0,0.0,0.0,0.0,10.0,0.0,278.0,0.0,0.027664861170184074,0.02443066213435241
1,0.0,1.0,-0.0,10.0,2.0,357.0,0.1999998000002,0.03508865929809857,0.03152533800460011
2,0.0,2.0,-0.0,10.0,1.0,156.0,0.0999999000001,0.01558785298810883,0.01366556817739939
