,round,tube,sp,pop_0,final_pop,st_div_H,auc,fc
0,0.0,0.0,0.0,3.0,306.0,0.8260760350110612,22323.0,101.99966000113332
1,0.0,1.0,0.0,3.0,304.0,0.88075298633899,20424.0,101.33299555668148
2,0.0,2.0,0.0,3.0,312.0,1.0045404896968042,21058.0,103.99965333448888
