,round,tube,sp,st,final_pop
0,0,0,5,"(0.0, 0.0, 0.0, 0.0, 0.020070694266657217, 0.025403479351308596, 0.0359549700031496, 0.0, 0.0, 0.0)",35
1,0,0,5,"(0.0, 0.0, 0.0, 0.0, 0.020070694266657217, 0.04203004017864035, 0.0359549700031496, 0.0, 0.0, 0.0)",9
2,0,0,5,"(0.0, 0.0, 0.0, 0.0, 0.020070694266657217, 0.025403479351308596, 0.021302303831684185, 0.0, 0.0, 0.0)",1
3,0,1,5,"(0.0, 0.0, 0.0, 0.0, 0.020070694266657217, 0.025403479351308596, 0.021302303831684185, 0.0, 0.0, 0.0)",7
4,0,1,5,"(0.0, 0.0, 0.0, 0.0, 0.020070694266657217, 0.04203004017864035, 0.0359549700031496, 0.0, 0.0, 0.0)",7
5,0,1,5,"(0.0, 0.0, 0.0, 0.0, 0.020070694266657217, 0.025403479351308596, 0.0359549700031496, 0.0, 0.0, 0.0)",32
6,0,2,5,"(0.0, 0.0, 0.0, 0.0, 0.020070694266657217, 0.04203004017864035, 0.0359549700031496, 0.0, 0.0, 0.0)",2
7,0,2,5,"(0.0, 0.0, 0.0, 0.0, 0.020070694266657217, 0.025403479351308596, 0.021302303831684185, 0.0, 0.0, 0.0)",4
8,0,2,5,"(0.0, 0.0, 0.0, 0.0, 0.020070694266657217, 0.025403479351308596, 0.0359549700031496, 0.0, 0.0, 0.0)",24
