,round,tube,sp_div_H,tot_pop_0,tot_final_pop,tot_auc,mean_fc,deg_score,nut_score
0,0.0,0.0,0.0,1.0,0.0,1.0,0.0,1.3280227808776246e-05,1.1620197395312282e-05
1,0.0,1.0,-0.0,1.0,1062.0,89359.0,1061.989380106199,0.10233893321012777,0.2928931814461787
2,0.0,2.0,-0.0,1.0,1102.0,84579.0,1101.9889801101988,0.10249065029768378,0.29289321192509055
