,round,tube,nut,amount
0,0.0,0.0,0.0,0.24281938471587705
1,0.0,0.0,1.0,0.2723154756471955
2,0.0,0.0,2.0,2000.0
3,0.0,0.0,3.0,2000.0
4,0.0,1.0,0.0,0.3451035349568884
5,0.0,1.0,1.0,0.4473292736341751
6,0.0,1.0,2.0,2000.0
7,0.0,1.0,3.0,2000.0
8,0.0,2.0,0.0,0.4511926027433928
9,0.0,2.0,1.0,0.8380916331511159
10,0.0,2.0,2.0,2000.0
11,0.0,2.0,3.0,2000.0
