,round,tube,sp,pop_0,final_pop,st_div_H,auc,fc
0,0.0,0.0,9.0,13.0,63.0,-0.0,5937.0,4.846150118346063
1,0.0,1.0,9.0,13.0,83.0,-0.0,5038.0,6.384610473376559
2,0.0,2.0,9.0,13.0,67.0,-0.0,7335.0,5.153842189352162
