,round,tube,sp_div_H,tot_pop_0,tot_final_pop,tot_auc,mean_fc,deg_score,nut_score
0,0.0,0.0,-0.0,11.0,196.0,36724.0,17.818165619849438,0.154006901180204,0.4915404296049758
1,0.0,1.0,-0.0,11.0,252.0,34767.0,22.90907008266356,0.16655859390747285,0.49155474429224677
2,0.0,2.0,-0.0,11.0,228.0,35987.0,20.727253884314653,0.16600635418725262,0.49153990122264857
