,round,tube,sp_div_H,tot_pop_0,tot_final_pop,tot_auc,mean_fc,deg_score,nut_score
0,0.0,0.0,-0.0,1.0,196.0,18176.0,195.99804001959978,0.11261803405139159,0.292887611631546
1,0.0,1.0,0.0,1.0,0.0,8.0,0.0,0.00021483564730162552,0.0008973713562084873
2,0.0,2.0,0.0,1.0,0.0,1.0,0.0,2.6856847464395983e-05,0.00012497817166412517
