,round,tube,nut,amount
0,0.0,0.0,0.0,1147.2210983538187
1,0.0,0.0,1.0,717.2112818835221
2,0.0,0.0,2.0,2000.0
3,0.0,0.0,3.0,2000.0
4,0.0,1.0,0.0,1087.0774715255375
5,0.0,1.0,1.0,626.7405094324289
6,0.0,1.0,2.0,2000.0
7,0.0,1.0,3.0,2000.0
8,0.0,2.0,0.0,728.4387434804651
9,0.0,2.0,1.0,87.25986171966744
10,0.0,2.0,2.0,2000.0
11,0.0,2.0,3.0,2000.0
