,round,tube,sp,pop_0,final_pop,st_div_H,auc,fc
0,0.0,0.0,1.0,11.0,650.0,0.4961072018797622,42269.0,59.090855371949665
1,0.0,1.0,1.0,11.0,506.0,0.5634181283655669,38601.0,45.9999581818562
2,0.0,2.0,1.0,11.0,501.0,0.3990821380205123,41365.0,45.54541314053351
