,round,tube,nut,amount
0,0.0,0.0,0.0,0.2449712404631348
1,0.0,0.0,1.0,2000.0
2,0.0,0.0,2.0,0.33645332582771564
3,0.0,0.0,3.0,350.6199029526745
4,0.0,1.0,0.0,0.24832018745721607
5,0.0,1.0,1.0,2000.0
6,0.0,1.0,2.0,0.06352659652192505
7,0.0,1.0,3.0,0.8087129316634378
8,0.0,2.0,0.0,0.38514790370493995
9,0.0,2.0,1.0,2000.0
10,0.0,2.0,2.0,0.07155504047780648
11,0.0,2.0,3.0,0.6016816691536638
