,round,tube,sp_div_H,tot_pop_0,tot_final_pop,tot_auc,mean_fc,deg_score,nut_score
0,0.0,0.0,-0.0,9.0,237.0,20375.0,26.333304074106586,0.06391047063998656,0.47670330980421194
1,0.0,1.0,-0.0,9.0,217.0,20525.0,24.111084321017422,0.06391184152737894,0.47668675075650924
2,0.0,2.0,-0.0,9.0,272.0,20720.0,30.222188642012622,0.06338651782624571,0.47227828121955506
