,round,tube,sp,pop_0,final_pop,st_div_H,auc,fc
0,0.0,0.0,10.0,11.0,84.0,-0.0,16138.0,7.636356694221187
1,0.0,1.0,10.0,11.0,75.0,-0.0,15538.0,6.818175619840346
2,0.0,2.0,10.0,11.0,78.0,-0.0,15459.0,7.090902644633959
