,round,tube,sp,pop_0,final_pop,st_div_H,auc,fc
0,0.0,0.0,13.0,31.0,413.0,-0.0,48243.0,13.322576347556017
1,0.0,1.0,13.0,31.0,409.0,-0.0,48074.0,13.193544131114797
2,0.0,2.0,13.0,31.0,386.0,-0.0,44719.0,12.451608886577779
