,round,tube,sp_div_H,tot_pop_0,tot_final_pop,tot_auc,mean_fc,deg_score,nut_score
0,0.0,0.0,-0.0,18.0,427.0,38287.0,23.722209043217198,0.249410300049128,0.29289320074696057
1,0.0,1.0,-0.0,18.0,451.0,38346.0,25.055541635810204,0.2501764049328391,0.2928931912690159
2,0.0,2.0,-0.0,18.0,405.0,36772.0,22.499987500006945,0.2485752432689139,0.2928932063554802
