,round,tube,sp,pop_0,final_pop,st_div_H,auc,fc
0,0.0,0.0,12.0,3.0,184.0,0.2824703454430478,34416.0,61.33312888957037
1,0.0,1.0,12.0,3.0,203.0,0.40118986218700575,35211.0,67.66644111186297
2,0.0,2.0,12.0,3.0,205.0,0.6387445485173644,33226.0,68.3331055563148
