,round,tube,sp,pop_0,final_pop,st_div_H,auc,fc
0,0.0,0.0,12.0,10.0,182.0,0.5769287655548124,5842.0,18.1999818000182
1,0.0,1.0,12.0,10.0,197.0,0.09922208455970179,6216.0,19.6999803000197
2,0.0,2.0,12.0,10.0,202.0,-0.0,9751.0,20.199979800020202
