,round,tube,nut,amount
0,0.0,0.0,0.0,1718.6933061783764
1,0.0,0.0,1.0,0.5552277897793105
2,0.0,0.0,2.0,2000.0
3,0.0,0.0,3.0,0.42622677631858563
4,0.0,1.0,0.0,0.7846026292910923
5,0.0,1.0,1.0,0.4257337533450386
6,0.0,1.0,2.0,2000.0
7,0.0,1.0,3.0,0.3421815426192618
8,0.0,2.0,0.0,1718.7375404860973
9,0.0,2.0,1.0,0.8696321649966432
10,0.0,2.0,2.0,2000.0
11,0.0,2.0,3.0,0.3006975336404709
