,round,tube,nut,amount
0,0.0,0.0,0.0,0.21524431381910514
1,0.0,0.0,1.0,0.1607837341670666
2,0.0,0.0,2.0,2000.0
3,0.0,0.0,3.0,2000.0
4,0.0,1.0,0.0,0.9081110627039761
5,0.0,1.0,1.0,0.383481240772926
6,0.0,1.0,2.0,2000.0
7,0.0,1.0,3.0,2000.0
8,0.0,2.0,0.0,0.038326534915572696
9,0.0,2.0,1.0,0.2694877813724952
10,0.0,2.0,2.0,2000.0
11,0.0,2.0,3.0,2000.0
