,round,tube,sp,pop_0,final_pop,st_div_H,auc,fc
0,0.0,0.0,8.0,20.0,455.0,0.6930288326958663,61888.0,22.749988625005688
1,0.0,1.0,8.0,20.0,454.0,0.6903403072435292,64181.0,22.699988650005675
2,0.0,2.0,8.0,20.0,464.0,0.6158909318713447,64394.0,23.1999884000058
