,round,tube,nut,amount
0,0.0,0.0,0.0,2000.0
1,0.0,0.0,1.0,521.1497492676701
2,0.0,0.0,2.0,0.7865830523019959
3,0.0,0.0,3.0,2000.0
4,0.0,1.0,0.0,2000.0
5,0.0,1.0,1.0,699.1642525908595
6,0.0,1.0,2.0,0.3934784236798934
7,0.0,1.0,3.0,2000.0
8,0.0,2.0,0.0,2000.0
9,0.0,2.0,1.0,643.009419040368
10,0.0,2.0,2.0,0.46003983505295665
11,0.0,2.0,3.0,2000.0
