,round,tube,sp,pop_0,final_pop,st_div_H,auc,fc
0,0.0,0.0,4.0,9.0,11.0,-0.0,733.0,1.2222208641990397
1,0.0,1.0,4.0,9.0,24.0,-0.0,1386.0,2.666663703706996
2,0.0,2.0,4.0,9.0,29.0,-0.0,1102.0,3.222218641979287
