,round,tube,sp_div_H,tot_pop_0,tot_final_pop,tot_auc,mean_fc,deg_score,nut_score
0,0.0,0.0,-0.0,44.0,729.0,78829.0,16.568178052686804,0.18728356323380613,0.4923680086836454
1,0.0,1.0,-0.0,44.0,762.0,77403.0,17.3181778822323,0.18843225024921428,0.49237214851207634
2,0.0,2.0,-0.0,44.0,766.0,77835.0,17.409086952480237,0.1893252436213635,0.4999999654700785
