,round,tube,sp,pop_0,final_pop,st_div_H,auc,fc
0,0.0,0.0,13.0,69.0,1073.0,2.5272516274451196,115377.0,15.550722383953277
1,0.0,1.0,13.0,69.0,1082.0,2.659955852890785,113265.0,15.681157147658384
2,0.0,2.0,13.0,69.0,1060.0,2.60940324073054,115243.0,15.362316614157011
