,round,tube,sp_div_H,tot_pop_0,tot_final_pop,tot_auc,mean_fc,deg_score,nut_score
0,0.0,0.0,-0.0,5.0,14.0,755.0,2.7999944000112,0.08860613182370247,0.08239080811348976
1,0.0,1.0,-0.0,5.0,12.0,605.0,2.3999952000096,0.07208214746195762,0.06688262668656886
2,0.0,2.0,-0.0,5.0,24.0,934.0,4.7999904000192,0.10667498246418283,0.0998238441803696
