,round,tube,sp,st,final_pop
0,0,0,13,"(0.0, 0.0, 0.04942214159167364, 0.06920069129515957, 0.09172770611919409, 0.07489992963210028, 0.0, 0.0, 0.14899621190854193, 0.0)",71
1,0,0,13,"(0.0, 0.0, 0.11679612853536596, 0.06920069129515957, 0.09172770611919409, 0.07489992963210028, 0.0, 0.0, 0.14899621190854193, 0.0)",16
2,0,0,13,"(0.0, 0.0, 0.04942214159167364, 0.06920069129515957, 0.09172770611919409, 0.03966085572350327, 0.0, 0.0, 0.14899621190854193, 0.0)",1
3,0,1,13,"(0.0, 0.0, 0.04942214159167364, 0.06920069129515957, 0.09172770611919409, 0.07489992963210028, 0.0, 0.0, 0.14899621190854193, 0.0)",78
4,0,1,13,"(0.0, 0.0, 0.11679612853536596, 0.06920069129515957, 0.09172770611919409, 0.07489992963210028, 0.0, 0.0, 0.14899621190854193, 0.0)",4
5,0,1,13,"(0.0, 0.0, 0.04942214159167364, 0.06920069129515957, 0.09172770611919409, 0.03966085572350327, 0.0, 0.0, 0.14899621190854193, 0.0)",7
6,0,2,13,"(0.0, 0.0, 0.04942214159167364, 0.06920069129515957, 0.09172770611919409, 0.07489992963210028, 0.0, 0.0, 0.14899621190854193, 0.0)",35
7,0,2,13,"(0.0, 0.0, 0.04942214159167364, 0.06920069129515957, 0.09172770611919409, 0.03966085572350327, 0.0, 0.0, 0.14899621190854193, 0.0)",25
8,0,2,13,"(0.0, 0.0, 0.11679612853536596, 0.06920069129515957, 0.09172770611919409, 0.07489992963210028, 0.0, 0.0, 0.14899621190854193, 0.0)",21
