,round,tube,sp,pop_0,final_pop,st_div_H,auc,fc
0,0.0,0.0,7.0,8.0,208.0,-0.0,4908.0,25.999967500040626
1,0.0,1.0,7.0,8.0,273.0,-0.0,10262.0,34.124957343803324
2,0.0,2.0,7.0,8.0,290.0,-0.0,9450.0,36.249954687556645
