,round,tube,sp,pop_0,final_pop,st_div_H,auc,fc
0,0.0,0.0,14.0,1.0,600.0,-0.0,14813.0,599.9940000599994
1,0.0,1.0,14.0,1.0,587.0,-0.0,12668.0,586.9941300586994
2,0.0,2.0,14.0,1.0,597.0,-0.0,12004.0,596.9940300596994
