,round,tube,nut,amount
0,0.0,0.0,0.0,2000.0
1,0.0,0.0,1.0,2000.0
2,0.0,0.0,2.0,0.9557520569209585
3,0.0,0.0,3.0,0.42931535472916593
4,0.0,1.0,0.0,2000.0
5,0.0,1.0,1.0,2000.0
6,0.0,1.0,2.0,0.27766523085191963
7,0.0,1.0,3.0,0.1916339145959398
8,0.0,2.0,0.0,2000.0
9,0.0,2.0,1.0,2000.0
10,0.0,2.0,2.0,0.8358694861899352
11,0.0,2.0,3.0,0.281501039349088
