,round,tube,sp,st,final_pop
0,0,0,8,"(0.0, 0.0, 0.016361534780228625, 0.0033097906454404528, 0.0, 0.006935454618720939, 0.02773054755533034, 0.017443176133622482, 0.011466327601190322, 0.013538136313320443)",716
1,0,0,8,"(0.0, 0.0, 0.016361534780228625, 0.0033097906454404528, 0.0, 0.0061556845464684744, 0.03137517806398777, 0.017443176133622482, 0.011466327601190322, 0.013538136313320443)",218
2,0,1,8,"(0.0, 0.0, 0.016361534780228625, 0.0033097906454404528, 0.0, 0.0061556845464684744, 0.03137517806398777, 0.017443176133622482, 0.011466327601190322, 0.013538136313320443)",30
3,0,1,8,"(0.0, 0.0, 0.016361534780228625, 0.0033097906454404528, 0.0, 0.006935454618720939, 0.02773054755533034, 0.017443176133622482, 0.011466327601190322, 0.013538136313320443)",916
4,0,2,8,"(0.0, 0.0, 0.016361534780228625, 0.0033097906454404528, 0.0, 0.006935454618720939, 0.02773054755533034, 0.017443176133622482, 0.011466327601190322, 0.013538136313320443)",831
5,0,2,8,"(0.0, 0.0, 0.016361534780228625, 0.0033097906454404528, 0.0, 0.0061556845464684744, 0.03137517806398777, 0.017443176133622482, 0.011466327601190322, 0.013538136313320443)",76
