,round,tube,nut,amount
0,0.0,0.0,0.0,1858.523394216494
1,0.0,0.0,1.0,0.4263587887001059
2,0.0,0.0,2.0,59.2465025533544
3,0.0,0.0,3.0,2000.0
4,0.0,1.0,0.0,1862.3694200633308
5,0.0,1.0,1.0,0.4983706905928508
6,0.0,1.0,2.0,112.00567126664733
7,0.0,1.0,3.0,2000.0
8,0.0,2.0,0.0,1860.5968191439058
9,0.0,2.0,1.0,0.48217602910147916
10,0.0,2.0,2.0,87.68941477391104
11,0.0,2.0,3.0,2000.0
