,round,tube,sp,pop_0,final_pop,st_div_H,auc,fc
0,0.0,0.0,12.0,10.0,102.0,-0.0,4906.0,10.1999898000102
1,0.0,1.0,12.0,10.0,86.0,-0.0,4883.0,8.5999914000086
2,0.0,2.0,12.0,10.0,79.0,-0.0,4400.0,7.8999921000079
