,round,tube,sp,pop_0,final_pop,st_div_H,auc,fc
0,0.0,0.0,6.0,3.0,208.0,-0.0,17158.0,69.3331022229926
1,0.0,1.0,6.0,3.0,153.0,0.672478086078163,18587.0,50.99983000056666
2,0.0,2.0,6.0,3.0,193.0,-0.0,18469.0,64.3331188896037
