,round,tube,sp_div_H,tot_pop_0,tot_final_pop,tot_auc,mean_fc,deg_score,nut_score
0,0.0,0.0,0.0,11.0,0.0,556.0,0.0,0.07312234114405125,0.06408322316727466
1,0.0,1.0,0.0,11.0,0.0,293.0,0.0,0.03896380142682643,0.034381857713945085
2,0.0,2.0,-0.0,11.0,6.0,535.0,0.5454540495872277,0.06965376311855143,0.06032952291810145
