,round,tube,sp_div_H,tot_pop_0,tot_final_pop,tot_auc,mean_fc,deg_score,nut_score
0,0.0,0.0,-0.0,8.0,582.0,63189.0,72.74990906261368,0.22784689729446517,0.39870674877297396
1,0.0,1.0,-0.0,8.0,554.0,66785.0,69.2499134376082,0.2288003451225571,0.39870143088275956
2,0.0,2.0,-0.0,8.0,500.0,60005.0,62.49992187509766,0.22896081409322688,0.39871101922381347
