,round,tube,nut,amount
0,0.0,0.0,0.0,0.5108136267680462
1,0.0,0.0,1.0,2000.0
2,0.0,0.0,2.0,54.23293658092244
3,0.0,0.0,3.0,395.0752749224935
4,0.0,1.0,0.0,0.43597249665375604
5,0.0,1.0,1.0,2000.0
6,0.0,1.0,2.0,119.85205392628961
7,0.0,1.0,3.0,449.1998131805741
8,0.0,2.0,0.0,0.44084307569966186
9,0.0,2.0,1.0,2000.0
10,0.0,2.0,2.0,139.80004456298815
11,0.0,2.0,3.0,465.65349049392836
