,round,tube,nut,amount
0,0.0,0.0,0.0,2000.0
1,0.0,0.0,1.0,2000.0
2,0.0,0.0,2.0,0.024799093298770725
3,0.0,0.0,3.0,86.44821100462633
4,0.0,1.0,0.0,2000.0
5,0.0,1.0,1.0,2000.0
6,0.0,1.0,2.0,0.9129133024111777
7,0.0,1.0,3.0,434.81909634729755
8,0.0,2.0,0.0,2000.0
9,0.0,2.0,1.0,2000.0
10,0.0,2.0,2.0,0.1315038973272329
11,0.0,2.0,3.0,37.553541704106124
