,round,tube,sp_div_H,tot_pop_0,tot_final_pop,tot_auc,mean_fc,deg_score,nut_score
0,0.0,0.0,-0.0,7.0,299.0,10598.0,42.714224693964724,0.22994367978888597,0.49684152504587753
1,0.0,1.0,-0.0,7.0,274.0,9488.0,39.14280122456968,0.22364343125697284,0.48405194696965037
2,0.0,2.0,-0.0,7.0,275.0,13871.0,39.28565816334548,0.23574860670859932,0.498630514187848
