,round,tube,sp,pop_0,final_pop,st_div_H,auc,fc
0,0.0,0.0,1.0,55.0,1061.0,1.9596188531645804,115160.0,19.290905583471712
1,0.0,1.0,1.0,55.0,938.0,1.6907319165046435,104234.0,17.054542353719572
2,0.0,2.0,1.0,55.0,912.0,2.1166762969829054,102560.0,16.581815166942697
