,round,tube,sp,pop_0,final_pop,st_div_H,auc,fc
0,0.0,0.0,0.0,17.0,281.0,1.892478036766251,32798.0,16.52940204152821
1,0.0,1.0,0.0,17.0,278.0,1.4731644194617344,32862.0,16.352931557099083
2,0.0,2.0,0.0,17.0,299.0,1.98386239417482,32580.0,17.588224948102972
