,round,tube,sp,pop_0,final_pop,st_div_H,auc,fc
0,0.0,0.0,9.0,3.0,102.0,0.6774944044487072,5900.0,33.99988666704444
1,0.0,1.0,9.0,3.0,117.0,0.5781784577307373,5061.0,38.99987000043333
2,0.0,2.0,9.0,3.0,117.0,0.6922337604751891,3764.0,38.99987000043333
