,round,tube,sp_div_H,tot_pop_0,tot_final_pop,tot_auc,mean_fc,deg_score,nut_score
0,0.0,0.0,-0.0,28.0,373.0,52780.0,13.32142381377721,0.12528948890388425,0.4525689573146924
1,0.0,1.0,-0.0,28.0,361.0,52448.0,12.89285253826695,0.12354642671628191,0.4525806074218225
2,0.0,2.0,-0.0,28.0,342.0,50630.0,12.214281352042374,0.12696056595428662,0.45256771694191966
