,round,tube,nut,amount
0,0.0,0.0,0.0,2000.0
1,0.0,0.0,1.0,0.05592990948556853
2,0.0,0.0,2.0,0.05179845341252065
3,0.0,0.0,3.0,2000.0
4,0.0,1.0,0.0,2000.0
5,0.0,1.0,1.0,0.24642510524969907
6,0.0,1.0,2.0,0.35187071527743186
7,0.0,1.0,3.0,2000.0
8,0.0,2.0,0.0,2000.0
9,0.0,2.0,1.0,0.06395027903011208
10,0.0,2.0,2.0,0.8032168020692776
11,0.0,2.0,3.0,2000.0
