,round,tube,sp,pop_0,final_pop,st_div_H,auc,fc
0,0.0,0.0,5.0,8.0,97.0,-0.0,4561.0,12.124984843768946
1,0.0,1.0,5.0,8.0,91.0,0.6172417697303416,6025.0,11.374985781267775
2,0.0,2.0,5.0,8.0,94.0,-0.0,3082.0,11.74998531251836
