,round,tube,sp_div_H,tot_pop_0,tot_final_pop,tot_auc,mean_fc,deg_score,nut_score
0,0.0,0.0,-0.0,6.0,9.0,418.0,1.4999975000041668,0.03127989126965258,0.032192884130388455
1,0.0,1.0,-0.0,6.0,22.0,1244.0,3.6666605555657408,0.08441636448239442,0.08221882105835387
2,0.0,2.0,-0.0,6.0,17.0,1243.0,2.8333286111189815,0.08464538233707253,0.08152598417832468
