,round,tube,sp_div_H,tot_pop_0,tot_final_pop,tot_auc,mean_fc,deg_score,nut_score
0,0.0,0.0,-0.0,5.0,346.0,29084.0,69.1998616002768,0.13328884914121109,0.2928931866433775
1,0.0,1.0,-0.0,5.0,328.0,29057.0,65.5998688002624,0.1334426514159427,0.2928932108941228
2,0.0,2.0,-0.0,5.0,349.0,30954.0,69.7998604002792,0.1383552119239987,0.29289321881170116
