,round,tube,sp,pop_0,final_pop,st_div_H,auc,fc
0,0.0,0.0,7.0,22.0,496.0,1.585840003073522,66004.0,22.545444297525318
1,0.0,1.0,7.0,22.0,553.0,1.1882327161766464,67418.0,25.136352210748996
2,0.0,2.0,7.0,22.0,541.0,0.8153420820538791,68398.0,24.590897913228222
