,round,tube,sp,pop_0,final_pop,st_div_H,auc,fc
0,0.0,0.0,11.0,41.0,660.0,0.7097651784294368,63734.0,16.097557049376327
1,0.0,1.0,11.0,41.0,634.0,1.0043115663546893,62033.0,15.463410862582716
2,0.0,2.0,11.0,41.0,632.0,0.9738096665061978,61810.0,15.414630386675514
