,round,tube,nut,amount
0,0.0,0.0,0.0,2000.0
1,0.0,0.0,1.0,2000.0
2,0.0,0.0,2.0,0.5960771472921494
3,0.0,0.0,3.0,0.343222504080563
4,0.0,1.0,0.0,2000.0
5,0.0,1.0,1.0,2000.0
6,0.0,1.0,2.0,0.8623716704543855
7,0.0,1.0,3.0,0.4867796531155477
8,0.0,2.0,0.0,2000.0
9,0.0,2.0,1.0,2000.0
10,0.0,2.0,2.0,0.9669035294720293
11,0.0,2.0,3.0,0.008220413242476354
