,round,tube,sp,pop_0,final_pop,st_div_H,auc,fc
0,0.0,0.0,8.0,2.0,941.0,-0.0,85708.0,470.4976475117624
1,0.0,1.0,8.0,2.0,957.0,-0.0,95458.0,478.4976075119624
2,0.0,2.0,8.0,2.0,955.0,-0.0,85143.0,477.4976125119374
