,round,tube,sp,st,final_pop
0,0,0,5,"(0.0910952283051001, 0.03775482593710799, 0.0, 0.06339445944252166, 0.061481196520038466, 0.0, 0.05196530257504701, 0.0841018434912883, 0.0, 0.0)",38
1,0,0,5,"(0.0910952283051001, 0.07299023143041494, 0.0, 0.06339445944252166, 0.061481196520038466, 0.0, 0.05196530257504701, 0.09258561425267606, 0.0, 0.0)",15
2,0,0,5,"(0.0910952283051001, 0.03775482593710799, 0.0, 0.04736803463354167, 0.046952843018454, 0.0, 0.05196530257504701, 0.0841018434912883, 0.0, 0.0)",64
3,0,1,5,"(0.0910952283051001, 0.03775482593710799, 0.0, 0.06339445944252166, 0.061481196520038466, 0.0, 0.05196530257504701, 0.0841018434912883, 0.0, 0.0)",93
4,0,1,5,"(0.0910952283051001, 0.07299023143041494, 0.0, 0.06339445944252166, 0.061481196520038466, 0.0, 0.05196530257504701, 0.09258561425267606, 0.0, 0.0)",10
5,0,2,5,"(0.0910952283051001, 0.03775482593710799, 0.0, 0.06339445944252166, 0.061481196520038466, 0.0, 0.05196530257504701, 0.0841018434912883, 0.0, 0.0)",53
6,0,2,5,"(0.0910952283051001, 0.03775482593710799, 0.0, 0.04736803463354167, 0.046952843018454, 0.0, 0.05196530257504701, 0.0841018434912883, 0.0, 0.0)",102
