,round,tube,sp_div_H,tot_pop_0,tot_final_pop,tot_auc,mean_fc,deg_score,nut_score
0,0.0,0.0,-0.0,9.0,3.0,322.0,0.3333329629633745,0.03939637937358931,0.03674568701332448
1,0.0,1.0,-0.0,9.0,5.0,647.0,0.5555549382722909,0.07449257592618697,0.07354002601008747
2,0.0,2.0,-0.0,9.0,4.0,531.0,0.44444395061783265,0.06258538279193138,0.06057414106472159
