,round,tube,nut,amount
0,0.0,0.0,0.0,0.42437542168105513
1,0.0,0.0,1.0,2000.0
2,0.0,0.0,2.0,0.2893696005863451
3,0.0,0.0,3.0,350.58106693984695
4,0.0,1.0,0.0,0.29215202212493985
5,0.0,1.0,1.0,2000.0
6,0.0,1.0,2.0,0.46698277746091077
7,0.0,1.0,3.0,350.7275674045795
8,0.0,2.0,0.0,0.1370121237362416
9,0.0,2.0,1.0,2000.0
10,0.0,2.0,2.0,0.09016144897586542
11,0.0,2.0,3.0,0.9465440088764066
