,round,tube,nut,amount
0,0.0,0.0,0.0,0.4233953517353015
1,0.0,0.0,1.0,2000.0
2,0.0,0.0,2.0,1.6154513929080832
3,0.0,0.0,3.0,0.02890612213701549
4,0.0,1.0,0.0,0.18266440282948615
5,0.0,1.0,1.0,2000.0
6,0.0,1.0,2.0,1332.9957203005022
7,0.0,1.0,3.0,0.5380725469803114
8,0.0,2.0,0.0,0.3222454006063131
9,0.0,2.0,1.0,2000.0
10,0.0,2.0,2.0,1333.0422751138972
11,0.0,2.0,3.0,0.6776287383789246
