,round,tube,nut,amount
0,0.0,0.0,0.0,1918.1356642621884
1,0.0,0.0,1.0,1904.41868576521
2,0.0,0.0,2.0,2000.0
3,0.0,0.0,3.0,1954.9842570619555
4,0.0,1.0,0.0,1916.2442923850506
5,0.0,1.0,1.0,1902.2104004588632
6,0.0,1.0,2.0,2000.0
7,0.0,1.0,3.0,1953.944225289215
8,0.0,2.0,0.0,1948.1677864817332
9,0.0,2.0,1.0,1939.4829134918884
10,0.0,2.0,2.0,2000.0
11,0.0,2.0,3.0,1971.498387196095
