,round,tube,sp,pop_0,final_pop,st_div_H,auc,fc
0,0.0,0.0,0.0,11.0,274.0,0.3137089858133472,29745.0,24.9090682644834
1,0.0,1.0,0.0,11.0,305.0,0.34272846001428003,31693.0,27.727247520684074
2,0.0,2.0,0.0,11.0,327.0,0.22171835511736562,31462.0,29.727245702503907
