,round,tube,sp,st,final_pop
0,0,0,11,"(0.0, 0.0, 0.09864539577037362, 0.024543136890150526, 0.0, 0.030645849071221472, 0.07026461392182433, 0.09901048939786974, 0.026121609841380632, 0.0)",537
1,0,0,11,"(0.0, 0.0, 0.09864539577037362, 0.025029001561135703, 0.0, 0.030645849071221472, 0.07026461392182433, 0.09901048939786974, 0.026121609841380632, 0.0)",61
2,0,1,11,"(0.0, 0.0, 0.09864539577037362, 0.024543136890150526, 0.0, 0.030645849071221472, 0.07026461392182433, 0.09901048939786974, 0.026121609841380632, 0.0)",536
3,0,1,11,"(0.0, 0.0, 0.09864539577037362, 0.025029001561135703, 0.0, 0.030645849071221472, 0.07026461392182433, 0.09901048939786974, 0.026121609841380632, 0.0)",32
4,0,1,11,"(0.0, 0.0, 0.09864539577037362, 0.01650583712158267, 0.0, 0.030645849071221472, 0.16773790467281977, 0.08028238650273146, 0.026121609841380632, 0.0)",66
5,0,2,11,"(0.0, 0.0, 0.09864539577037362, 0.01650583712158267, 0.0, 0.030645849071221472, 0.16773790467281977, 0.08028238650273146, 0.026121609841380632, 0.0)",18
6,0,2,11,"(0.0, 0.0, 0.09864539577037362, 0.024543136890150526, 0.0, 0.030645849071221472, 0.07026461392182433, 0.09901048939786974, 0.026121609841380632, 0.0)",472
7,0,2,11,"(0.0, 0.0, 0.09864539577037362, 0.025029001561135703, 0.0, 0.030645849071221472, 0.07026461392182433, 0.09901048939786974, 0.026121609841380632, 0.0)",118
