,round,tube,sp_div_H,tot_pop_0,tot_final_pop,tot_auc,mean_fc,deg_score,nut_score
0,0.0,0.0,-0.0,28.0,506.0,49648.0,18.071422117349243,0.23448798945297322,0.29289319645946676
1,0.0,1.0,-0.0,28.0,495.0,46804.0,17.678565114798175,0.2368044771511877,0.29289318143756216
2,0.0,2.0,-0.0,28.0,434.0,43200.0,15.499994464287692,0.23565851134224114,0.29289321571128857
