,round,tube,sp_div_H,tot_pop_0,tot_final_pop,tot_auc,mean_fc,deg_score,nut_score
0,0.0,0.0,-0.0,67.0,851.0,95371.0,12.70149064156856,0.15866028852880198,0.4923746127372477
1,0.0,1.0,-0.0,67.0,837.0,93691.0,12.492535448875305,0.15845727702720658,0.49236857225029584
2,0.0,2.0,-0.0,67.0,863.0,95081.0,12.880595092448493,0.15923535651823828,0.49236879304425296
