,round,tube,sp_div_H,tot_pop_0,tot_final_pop,tot_auc,mean_fc,deg_score,nut_score
0,0.0,0.0,-0.0,12.0,450.0,69034.0,37.49996875002604,0.1428365084947919,0.4999999501778548
1,0.0,1.0,-0.0,12.0,507.0,70603.0,42.24996479169601,0.13928279779258945,0.49999999142826135
2,0.0,2.0,-0.0,12.0,525.0,73386.0,43.74996354169705,0.13424032040291334,0.49999999746988477
