,round,tube,sp_div_H,tot_pop_0,tot_final_pop,tot_auc,mean_fc,deg_score,nut_score
0,0.0,0.0,-0.0,12.0,75.0,6048.0,6.249994791671007,0.15979703924931477,0.13397457561884807
1,0.0,1.0,-0.0,12.0,67.0,4717.0,5.583328680559433,0.15801856319304686,0.13397457862642892
2,0.0,2.0,-0.0,12.0,70.0,4020.0,5.833328472226273,0.1601038216713565,0.13397456622182102
