,round,tube,sp,st,final_pop
0,0,0,13,"(0.05539516110147199, 0.1822415781633944, 0.0, 0.0, 0.0, 0.0, 0.0, 0.10615007620645343, 0.0, 0.15180546261116817)",46
1,0,0,13,"(0.05539516110147199, 0.2324089457760683, 0.0, 0.0, 0.0, 0.0, 0.0, 0.10615007620645343, 0.0, 0.15180546261116817)",29
2,0,1,13,"(0.05539516110147199, 0.2324089457760683, 0.0, 0.0, 0.0, 0.0, 0.0, 0.10615007620645343, 0.0, 0.15180546261116817)",25
3,0,1,13,"(0.05539516110147199, 0.1822415781633944, 0.0, 0.0, 0.0, 0.0, 0.0, 0.10615007620645343, 0.0, 0.15180546261116817)",42
4,0,2,13,"(0.05539516110147199, 0.2324089457760683, 0.0, 0.0, 0.0, 0.0, 0.0, 0.10615007620645343, 0.0, 0.15180546261116817)",47
5,0,2,13,"(0.05539516110147199, 0.1822415781633944, 0.0, 0.0, 0.0, 0.0, 0.0, 0.10615007620645343, 0.0, 0.15180546261116817)",23
