,round,tube,sp,pop_0,final_pop,st_div_H,auc,fc
0,0.0,0.0,13.0,4.0,438.0,0.5427290092288839,45004.0,109.49972625068439
1,0.0,1.0,13.0,4.0,299.0,1.0660207626933516,38288.0,74.7498131254672
2,0.0,2.0,13.0,4.0,296.0,1.0710159030334268,37541.0,73.9998150004625
