,round,tube,sp,pop_0,final_pop,st_div_H,auc,fc
0,0.0,0.0,11.0,21.0,533.0,0.12822512302711028,51093.0,25.380940294790335
1,0.0,1.0,11.0,21.0,539.0,0.20256551230471131,51637.0,25.666654444450266
2,0.0,2.0,11.0,21.0,531.0,0.563070027507035,49509.0,25.285702244903693
