,round,tube,sp,pop_0,final_pop,st_div_H,auc,fc
0,0.0,0.0,1.0,10.0,480.0,0.1338866807873192,30632.0,47.999952000048005
1,0.0,1.0,1.0,10.0,467.0,0.7623616736024174,32645.0,46.6999533000467
2,0.0,2.0,1.0,10.0,514.0,0.3360572660841232,28287.0,51.3999486000514
