,round,tube,sp_div_H,tot_pop_0,tot_final_pop,tot_auc,mean_fc,deg_score,nut_score
0,0.0,0.0,-0.0,17.0,479.0,56363.0,28.17645401385058,0.15030052071428934,0.4445690140266404
1,0.0,1.0,-0.0,17.0,928.0,80968.0,54.588203183409895,0.1613053241956497,0.7968010659020278
2,0.0,2.0,-0.0,17.0,475.0,57095.0,27.941160034611745,0.15029590552973648,0.4445679155903435
