,round,tube,sp,pop_0,final_pop,st_div_H,auc,fc
0,0.0,0.0,8.0,17.0,479.0,-0.0,56363.0,28.17645401385058
1,0.0,1.0,8.0,17.0,928.0,-0.0,80968.0,54.588203183409895
2,0.0,2.0,8.0,17.0,475.0,-0.0,57095.0,27.941160034611745
