,round,tube,sp,pop_0,final_pop,st_div_H,auc,fc
0,0.0,0.0,6.0,13.0,10.0,-0.0,953.0,0.7692301775152481
1,0.0,1.0,6.0,13.0,4.0,-0.0,551.0,0.30769207100609924
2,0.0,2.0,6.0,13.0,13.0,-0.0,959.0,0.9999992307698226
