,round,tube,nut,amount
0,0.0,0.0,0.0,2000.0
1,0.0,0.0,1.0,2000.0
2,0.0,0.0,2.0,0.5435583785586883
3,0.0,0.0,3.0,0.2607755515567831
4,0.0,1.0,0.0,2000.0
5,0.0,1.0,1.0,2000.0
6,0.0,1.0,2.0,0.779867550748453
7,0.0,1.0,3.0,0.3156204610450142
8,0.0,2.0,0.0,2000.0
9,0.0,2.0,1.0,2000.0
10,0.0,2.0,2.0,0.8183286200694939
11,0.0,2.0,3.0,0.05384931192171827
