,round,tube,sp,st,final_pop
0,0,1,13,"(0.0, 0.02461978404713738, 0.023035932332134326, 0.0, 0.01753925979251748, 0.022173256981297827, 0.0, 0.0, 0.012572849699104063, 0.00476393156717078)",760
1,0,2,13,"(0.0, 0.02461978404713738, 0.023035932332134326, 0.0, 0.01753925979251748, 0.022173256981297827, 0.0, 0.0, 0.012572849699104063, 0.00476393156717078)",833
