,round,tube,sp,pop_0,final_pop,st_div_H,auc,fc
0,0.0,0.0,8.0,36.0,780.0,0.8977686439807356,98136.0,21.66666064814982
1,0.0,1.0,8.0,36.0,807.0,1.0112115883000419,99888.0,22.416660439816543
2,0.0,2.0,8.0,36.0,751.0,0.7276296193342839,95668.0,20.861105316359634
