,round,tube,sp,pop_0,final_pop,st_div_H,auc,fc
0,0.0,0.0,13.0,10.0,89.0,-0.0,9870.0,8.8999911000089
1,0.0,1.0,13.0,10.0,59.0,-0.0,9150.0,5.8999941000059
2,0.0,2.0,13.0,10.0,74.0,-0.0,8332.0,7.3999926000074
