,round,tube,sp_div_H,tot_pop_0,tot_final_pop,tot_auc,mean_fc,deg_score,nut_score
0,0.0,0.0,-0.0,7.0,56.0,1654.0,7.999988571444899,0.14091056979265892,0.16182715778642287
1,0.0,1.0,-0.0,7.0,52.0,1902.0,7.428560816341691,0.15990795472307373,0.1839952013594417
2,0.0,2.0,-0.0,7.0,24.0,848.0,3.4285665306192423,0.07665604259541381,0.08357152221872888
