,round,tube,sp_div_H,tot_pop_0,tot_final_pop,tot_auc,mean_fc,deg_score,nut_score
0,0.0,0.0,-0.0,1.0,185.0,11161.0,184.9981500184998,0.08500926235607131,0.13397456603585445
1,0.0,1.0,-0.0,1.0,244.0,8456.0,243.99756002439975,0.08351823245715606,0.1339745633086563
2,0.0,2.0,-0.0,1.0,286.0,7219.0,285.9971400285997,0.08505360972178644,0.1339745868739337
