,round,tube,sp,st,final_pop
0,0,0,9,"(0.0, 0.05584686157607821, 0.15595526318820407, 0.0, 0.011606672883087865, 0.12323288550615832, 0.0, 0.21690787121425467, 0.11095554613991938, 0.0)",16
1,0,0,9,"(0.0, 0.05584686157607821, 0.15595526318820407, 0.0, 0.011606672883087865, 0.12323288550615832, 0.0, 0.21690787121425467, 0.10244533402587484, 0.0)",61
2,0,1,9,"(0.0, 0.05584686157607821, 0.15595526318820407, 0.0, 0.011606672883087865, 0.12323288550615832, 0.0, 0.21690787121425467, 0.10244533402587484, 0.0)",87
3,0,2,9,"(0.0, 0.05584686157607821, 0.15595526318820407, 0.0, 0.011606672883087865, 0.12323288550615832, 0.0, 0.21690787121425467, 0.10244533402587484, 0.0)",47
