,round,tube,sp,pop_0,final_pop,st_div_H,auc,fc
0,0.0,0.0,2.0,13.0,111.0,-0.0,12971.0,8.538454970419254
1,0.0,1.0,2.0,13.0,137.0,-0.0,14805.0,10.5384534319589
2,0.0,2.0,2.0,13.0,158.0,-0.0,15629.0,12.15383680474092
