,round,tube,sp_div_H,tot_pop_0,tot_final_pop,tot_auc,mean_fc,deg_score,nut_score
0,0.0,0.0,-0.0,9.0,4.0,385.0,0.44444395061783265,0.046698803824721136,0.04147888708896985
1,0.0,1.0,-0.0,9.0,1.0,255.0,0.11111098765445816,0.03177278527134486,0.028190385224507564
2,0.0,2.0,-0.0,9.0,1.0,378.0,0.11111098765445816,0.046238921637870245,0.04047430385059059
