,round,tube,sp,pop_0,final_pop,st_div_H,auc,fc
0,0.0,0.0,4.0,22.0,460.0,1.1955108982228277,58903.0,20.909081404962997
1,0.0,1.0,4.0,22.0,480.0,0.7946968624584672,60485.0,21.818171900830954
2,0.0,2.0,4.0,22.0,411.0,1.1297912386252411,60355.0,18.681809690086506
