,round,tube,sp_div_H,tot_pop_0,tot_final_pop,tot_auc,mean_fc,deg_score,nut_score
0,0.0,0.0,-0.0,12.0,81.0,6010.0,6.749994375004688,0.1572708587440771,0.28070703001995345
1,0.0,1.0,-0.0,12.0,93.0,5790.0,7.7499935416720485,0.15679027274328272,0.27814870544589565
2,0.0,2.0,-0.0,12.0,108.0,4487.0,8.99999250000625,0.15439656591213669,0.2487824100728998
