,round,tube,nut,amount
0,0.0,0.0,0.0,1855.6099696918882
1,0.0,0.0,1.0,0.2105006844158656
2,0.0,0.0,2.0,19.280609928461644
3,0.0,0.0,3.0,2000.0
4,0.0,1.0,0.0,1857.3196268449553
5,0.0,1.0,1.0,0.17245061594193267
6,0.0,1.0,2.0,42.7334138804547
7,0.0,1.0,3.0,2000.0
8,0.0,2.0,0.0,1854.6885909572213
9,0.0,2.0,1.0,0.40285801349571015
10,0.0,2.0,2.0,6.641283505021794
11,0.0,2.0,3.0,2000.0
