,round,tube,sp_div_H,tot_pop_0,tot_final_pop,tot_auc,mean_fc,deg_score,nut_score
0,0.0,0.0,-0.0,14.0,652.0,40960.0,46.57139530614621,0.2831587469028086,0.49999994381666846
1,0.0,1.0,-0.0,14.0,626.0,41732.0,44.71425377553302,0.2830046506063363,0.49892744916746845
2,0.0,2.0,-0.0,14.0,627.0,39709.0,44.78568229594122,0.28514501696773753,0.4989295563189098
