,round,tube,sp,pop_0,final_pop,st_div_H,auc,fc
0,0.0,0.0,10.0,4.0,133.0,0.6050212054214787,18068.0,33.249916875207816
1,0.0,1.0,10.0,4.0,113.0,0.25569428685412254,15883.0,28.249929375176563
2,0.0,2.0,10.0,4.0,106.0,0.3531693834437995,17224.0,26.499933750165628
