,round,tube,sp,pop_0,final_pop,st_div_H,auc,fc
0,0.0,0.0,1.0,3.0,581.0,0.6104261638425064,23813.0,193.66602111326296
1,0.0,1.0,1.0,3.0,633.0,0.3824942719491933,18742.0,210.9992966690111
2,0.0,2.0,1.0,3.0,516.0,0.6895071630136677,25189.0,171.99942666857777
