,round,tube,sp,pop_0,final_pop,st_div_H,auc,fc
0,0.0,0.0,5.0,10.0,50.0,-0.0,2625.0,4.999995000005
1,0.0,1.0,5.0,10.0,62.0,-0.0,2156.0,6.1999938000062
2,0.0,2.0,5.0,10.0,44.0,-0.0,1884.0,4.3999956000044005
