,round,tube,sp_div_H,tot_pop_0,tot_final_pop,tot_auc,mean_fc,deg_score,nut_score
0,0.0,0.0,-0.0,6.0,120.0,4661.0,19.999966666722223,0.19688901791601754,0.23335081622389375
1,0.0,1.0,-0.0,6.0,131.0,5666.0,21.833296944505094,0.20406714019783412,0.269134695985081
2,0.0,2.0,-0.0,6.0,127.0,6514.0,21.166631388947685,0.20352346994754278,0.28916183256966466
