,round,tube,nut,amount
0,0.0,0.0,0.0,2000.0
1,0.0,0.0,1.0,1877.7279502880524
2,0.0,0.0,2.0,2000.0
3,0.0,0.0,3.0,1731.489486507234
4,0.0,1.0,0.0,2000.0
5,0.0,1.0,1.0,1910.0834915512025
6,0.0,1.0,2.0,2000.0
7,0.0,1.0,3.0,1802.542544171445
8,0.0,2.0,0.0,2000.0
9,0.0,2.0,1.0,1884.9794040407776
10,0.0,2.0,2.0,2000.0
11,0.0,2.0,3.0,1747.4137437295467
