,round,tube,sp,pop_0,final_pop,st_div_H,auc,fc
0,0.0,0.0,13.0,26.0,423.0,0.12056729031628521,46457.0,16.269224511836725
1,0.0,1.0,13.0,26.0,384.0,0.11113140431967991,44137.0,14.769225088759582
2,0.0,2.0,13.0,26.0,418.0,0.04258329194642107,47152.0,16.076916893493504
