,round,tube,sp,pop_0,final_pop,st_div_H,auc,fc
0,0.0,0.0,7.0,20.0,565.0,0.46680022283329087,67964.0,28.249985875007063
1,0.0,1.0,7.0,20.0,542.0,0.5216271690333462,64297.0,27.099986450006774
2,0.0,2.0,7.0,20.0,607.0,0.2845255144352734,68350.0,30.34998482500759
