,round,tube,sp,pop_0,final_pop,st_div_H,auc,fc
0,0.0,0.0,12.0,9.0,182.0,0.9887914593261162,31612.0,20.222199753111386
1,0.0,1.0,12.0,9.0,177.0,0.8255775051124628,30655.0,19.666644814839096
2,0.0,2.0,12.0,9.0,198.0,0.6913095073117435,28588.0,21.99997555558272
