,round,tube,nut,amount
0,0.0,0.0,0.0,0.07466099460979159
1,0.0,0.0,1.0,2000.0
2,0.0,0.0,2.0,0.23810973369330157
3,0.0,0.0,3.0,2000.0
4,0.0,1.0,0.0,0.9302188797349837
5,0.0,1.0,1.0,2000.0
6,0.0,1.0,2.0,0.1616197273046147
7,0.0,1.0,3.0,2000.0
8,0.0,2.0,0.0,0.73996180415313
9,0.0,2.0,1.0,2000.0
10,0.0,2.0,2.0,0.18103554494481955
11,0.0,2.0,3.0,2000.0
