,round,tube,sp,st,final_pop
0,0,0,1,"(0.0, 0.01819021681934756, 0.0, 0.024584807322582867, 0.0, 0.01498355219082073, 0.0, 0.0, 0.0154164923044359, 0.023187541493778534)",359
1,0,0,1,"(0.0, 0.01819021681934756, 0.0, 0.028860389804498388, 0.0, 0.012562880297960795, 0.0, 0.0, 0.020049190293394217, 0.023187541493778534)",36
2,0,0,1,"(0.0, 0.01819021681934756, 0.0, 0.024584807322582867, 0.0, 0.013203700947908037, 0.0, 0.0, 0.0154164923044359, 0.023187541493778534)",44
3,0,1,1,"(0.0, 0.01819021681934756, 0.0, 0.024584807322582867, 0.0, 0.013203700947908037, 0.0, 0.0, 0.0154164923044359, 0.023187541493778534)",49
4,0,1,1,"(0.0, 0.01819021681934756, 0.0, 0.028860389804498388, 0.0, 0.012562880297960795, 0.0, 0.0, 0.020049190293394217, 0.023187541493778534)",27
5,0,1,1,"(0.0, 0.01819021681934756, 0.0, 0.024584807322582867, 0.0, 0.01498355219082073, 0.0, 0.0, 0.0154164923044359, 0.023187541493778534)",353
6,0,2,1,"(0.0, 0.01819021681934756, 0.0, 0.028860389804498388, 0.0, 0.012562880297960795, 0.0, 0.0, 0.020049190293394217, 0.023187541493778534)",55
7,0,2,1,"(0.0, 0.01819021681934756, 0.0, 0.024584807322582867, 0.0, 0.01498355219082073, 0.0, 0.0, 0.0154164923044359, 0.023187541493778534)",308
8,0,2,1,"(0.0, 0.01819021681934756, 0.0, 0.024584807322582867, 0.0, 0.013203700947908037, 0.0, 0.0, 0.0154164923044359, 0.023187541493778534)",33
