,round,tube,nut,amount
0,0.0,0.0,0.0,2000.0
1,0.0,0.0,1.0,0.3907860701846926
2,0.0,0.0,2.0,212.6045949228308
3,0.0,0.0,3.0,344.69410776537194
4,0.0,1.0,0.0,2000.0
5,0.0,1.0,1.0,0.006022820205046742
6,0.0,1.0,2.0,369.65807924135976
7,0.0,1.0,3.0,490.1412523926747
8,0.0,2.0,0.0,2000.0
9,0.0,2.0,1.0,0.1530173331222926
10,0.0,2.0,2.0,712.5868473683241
11,0.0,2.0,3.0,807.7273941522959
