,round,tube,sp_div_H,tot_pop_0,tot_final_pop,tot_auc,mean_fc,deg_score,nut_score
0,0.0,0.0,0.0,1.0,0.0,16.0,0.0,0.0002202310950163433,0.00019269493847251518
1,0.0,1.0,-0.0,1.0,619.0,20768.0,618.9938100618994,0.13220011480627847,0.2874254728195691
2,0.0,2.0,-0.0,1.0,242.0,2514.0,241.99758002419975,0.03072939901481675,0.08544145261316294
