,round,tube,sp,st,final_pop
0,0,0,10,"(0.06183229356803319, 0.003983248689718548, 0.05702459137644916, 0.0, 0.10772597225744233, 0.0, 0.0, 0.0022730731527826477, 0.0, 0.0)",30
1,0,0,10,"(0.06183229356803319, 0.003983248689718548, 0.06832740139210945, 0.0, 0.10772597225744233, 0.0, 0.0, 0.0022730731527826477, 0.0, 0.0)",69
2,0,1,10,"(0.06183229356803319, 0.003983248689718548, 0.05702459137644916, 0.0, 0.10772597225744233, 0.0, 0.0, 0.0022730731527826477, 0.0, 0.0)",53
3,0,1,10,"(0.06183229356803319, 0.003983248689718548, 0.06832740139210945, 0.0, 0.10772597225744233, 0.0, 0.0, 0.0022730731527826477, 0.0, 0.0)",79
4,0,2,10,"(0.06183229356803319, 0.003983248689718548, 0.06832740139210945, 0.0, 0.10772597225744233, 0.0, 0.0, 0.0022730731527826477, 0.0, 0.0)",32
5,0,2,10,"(0.06183229356803319, 0.003983248689718548, 0.05702459137644916, 0.0, 0.10772597225744233, 0.0, 0.0, 0.0022730731527826477, 0.0, 0.0)",103
