,round,tube,sp,pop_0,final_pop,st_div_H,auc,fc
0,0.0,0.0,8.0,25.0,779.0,0.090036956664184,88128.0,31.159987536004987
1,0.0,1.0,8.0,25.0,455.0,-0.0,61733.0,18.19999272000291
2,0.0,2.0,8.0,25.0,840.0,-0.0,85195.0,33.59998656000538
