,round,tube,sp,pop_0,final_pop,st_div_H,auc,fc
0,0.0,0.0,7.0,8.0,8.0,-0.0,541.0,0.9999987500015626
1,0.0,1.0,7.0,8.0,0.0,,274.0,0.0
2,0.0,2.0,7.0,8.0,5.0,-0.0,510.0,0.6249992187509766
