,round,tube,sp,pop_0,final_pop,st_div_H,auc,fc
0,0.0,0.0,11.0,7.0,42.0,0.6517565611726531,21516.0,5.999991428583674
1,0.0,1.0,11.0,7.0,46.0,0.6313727800636019,22309.0,6.5714191836868805
2,0.0,2.0,11.0,7.0,37.0,0.3960330896236365,19945.0,5.285706734704665
