,round,tube,nut,amount
0,0.0,0.0,0.0,0.3165704167154859
1,0.0,0.0,1.0,2000.0
2,0.0,0.0,2.0,0.9810345419999339
3,0.0,0.0,3.0,0.0625134811590432
4,0.0,1.0,0.0,0.3095489004834002
5,0.0,1.0,1.0,2000.0
6,0.0,1.0,2.0,0.3431680851149963
7,0.0,1.0,3.0,0.08612626634604087
8,0.0,2.0,0.0,0.208428943282144
9,0.0,2.0,1.0,2000.0
10,0.0,2.0,2.0,0.5596867091145648
11,0.0,2.0,3.0,0.05170740011657865
