,round,tube,sp,pop_0,final_pop,st_div_H,auc,fc
0,0.0,0.0,8.0,24.0,650.0,1.146344896936537,89790.0,27.083322048615813
1,0.0,1.0,8.0,24.0,588.0,1.2635433861937169,89091.0,24.49998979167092
2,0.0,2.0,8.0,24.0,447.0,1.234180173366713,66316.0,18.624992239586568
