,round,tube,sp_div_H,tot_pop_0,tot_final_pop,tot_auc,mean_fc,deg_score,nut_score
0,0.0,0.0,-0.0,11.0,27.0,1586.0,2.4545432231425246,0.13755934580434037,0.13782827172424594
1,0.0,1.0,-0.0,11.0,46.0,1896.0,4.1818143801687455,0.1590966988623954,0.16161775843809556
2,0.0,2.0,-0.0,11.0,36.0,1754.0,3.272724297523366,0.1491955113215767,0.15210156659570429
