,round,tube,sp_div_H,tot_pop_0,tot_final_pop,tot_auc,mean_fc,deg_score,nut_score
0,0.0,0.0,-0.0,5.0,138.0,6680.0,27.599944800110404,0.18158048089484624,0.1339745761922937
1,0.0,1.0,-0.0,5.0,140.0,6195.0,27.999944000112002,0.17962419673140062,0.1339745670412723
2,0.0,2.0,-0.0,5.0,150.0,9288.0,29.999940000120002,0.17408654567857618,0.1339745834196877
