,round,tube,nut,amount
0,0.0,0.0,0.0,123.2329016034988
1,0.0,0.0,1.0,2000.0
2,0.0,0.0,2.0,0.12549519658698838
3,0.0,0.0,3.0,2000.0
4,0.0,1.0,0.0,344.1974375766763
5,0.0,1.0,1.0,2000.0
6,0.0,1.0,2.0,0.28932448525444565
7,0.0,1.0,3.0,2000.0
8,0.0,2.0,0.0,379.5406574889988
9,0.0,2.0,1.0,2000.0
10,0.0,2.0,2.0,0.6724536746884839
11,0.0,2.0,3.0,2000.0
