,round,tube,sp_div_H,tot_pop_0,tot_final_pop,tot_auc,mean_fc,deg_score,nut_score
0,0.0,0.0,-0.0,32.0,898.0,87326.0,28.062491230471487,0.1805898441503745,0.4999999728886264
1,0.0,1.0,-0.0,32.0,840.0,87758.0,26.24999179687756,0.18042232209233866,0.49999993125981623
2,0.0,2.0,-0.0,32.0,884.0,89621.0,27.624991367190194,0.17845746602928347,0.4923775556538227
