,round,tube,sp_div_H,tot_pop_0,tot_final_pop,tot_auc,mean_fc,deg_score,nut_score
0,0.0,0.0,-0.0,5.0,5.0,288.0,0.9999980000040001,0.015781049316131668,0.016030389829740588
1,0.0,1.0,-0.0,5.0,8.0,666.0,1.5999968000064002,0.03436520821312494,0.03479564238560284
2,0.0,2.0,-0.0,5.0,5.0,356.0,0.9999980000040001,0.0193515489591094,0.018751191908597198
