,round,tube,sp_div_H,tot_pop_0,tot_final_pop,tot_auc,mean_fc,deg_score,nut_score
0,0.0,0.0,-0.0,40.0,744.0,88506.0,18.599995350001162,0.13699256418303474,0.2928932172998465
1,0.0,1.0,-0.0,40.0,718.0,84637.0,17.949995512501122,0.1331395946020849,0.2928932048193542
2,0.0,2.0,-0.0,40.0,746.0,86292.0,18.649995337501164,0.13729551018769237,0.292893181269437
