,round,tube,sp,pop_0,final_pop,st_div_H,auc,fc
0,0.0,0.0,2.0,19.0,169.0,-0.0,7835.0,8.894732160667283
1,0.0,1.0,2.0,19.0,158.0,-0.0,6966.0,8.315785096955212
2,0.0,2.0,2.0,19.0,134.0,-0.0,6457.0,7.052627867037965
