,round,tube,sp_div_H,tot_pop_0,tot_final_pop,tot_auc,mean_fc,deg_score,nut_score
0,0.0,0.0,-0.0,4.0,277.0,9327.0,69.24982687543282,0.2629860360349391,0.29289320017489817
1,0.0,1.0,-0.0,4.0,312.0,7174.0,77.99980500048751,0.26233457201910515,0.2924414733905252
2,0.0,2.0,-0.0,4.0,262.0,9499.0,65.49983625040937,0.2636035332571176,0.29289320411103614
