,round,tube,nut,amount
0,0.0,0.0,0.0,0.4969730667442097
1,0.0,0.0,1.0,2000.0
2,0.0,0.0,2.0,207.2634006679456
3,0.0,0.0,3.0,0.13502907663489405
4,0.0,1.0,0.0,0.28613019265634854
5,0.0,1.0,1.0,2000.0
6,0.0,1.0,2.0,0.9054987333102252
7,0.0,1.0,3.0,0.11843756387244903
8,0.0,2.0,0.0,0.1743118503467519
9,0.0,2.0,1.0,2000.0
10,0.0,2.0,2.0,0.9974312738396377
11,0.0,2.0,3.0,0.2686247599484644
