,round,tube,sp_div_H,tot_pop_0,tot_final_pop,tot_auc,mean_fc,deg_score,nut_score
0,0.0,0.0,-0.0,35.0,760.0,91581.0,21.714279510205852,0.16367453428206358,0.7967810255414179
1,0.0,1.0,-0.0,35.0,449.0,59523.0,12.828567763266353,0.15034862515295433,0.44455546505226795
2,0.0,2.0,-0.0,35.0,795.0,92482.0,22.714279224491648,0.16420003492175017,0.7967680108056218
