,round,tube,sp,pop_0,final_pop,st_div_H,auc,fc
0,0.0,0.0,11.0,23.0,615.0,0.4377570854163241,58826.0,26.73911880907878
1,0.0,1.0,11.0,23.0,568.0,0.5412029352718027,57780.0,24.695641436677636
2,0.0,2.0,11.0,23.0,602.0,0.9110689004576134,59320.0,26.173901663521015
