,round,tube,nut,amount
0,0.0,0.0,0.0,0.911458065910113
1,0.0,0.0,1.0,0.5233090997474967
2,0.0,0.0,2.0,2000.0
3,0.0,0.0,3.0,2000.0
4,0.0,1.0,0.0,0.8894075648610019
5,0.0,1.0,1.0,0.30921385396440293
6,0.0,1.0,2.0,2000.0
7,0.0,1.0,3.0,2000.0
8,0.0,2.0,0.0,0.9830924555160063
9,0.0,2.0,1.0,0.3811243958930257
10,0.0,2.0,2.0,2000.0
11,0.0,2.0,3.0,2000.0
