,round,tube,nut,amount
0,0.0,0.0,0.0,0.6065377394758498
1,0.0,0.0,1.0,2000.0
2,0.0,0.0,2.0,0.8344063049929532
3,0.0,0.0,3.0,2000.0
4,0.0,1.0,0.0,0.5536815723787996
5,0.0,1.0,1.0,2000.0
6,0.0,1.0,2.0,0.9231380589060972
7,0.0,1.0,3.0,2000.0
8,0.0,2.0,0.0,0.2583747783955346
9,0.0,2.0,1.0,2000.0
10,0.0,2.0,2.0,2.621307650504106
11,0.0,2.0,3.0,2000.0
