,round,tube,nut,amount
0,0.0,0.0,0.0,2000.0
1,0.0,0.0,1.0,2000.0
2,0.0,0.0,2.0,787.7843489958613
3,0.0,0.0,3.0,0.554999981503527
4,0.0,1.0,0.0,2000.0
5,0.0,1.0,1.0,2000.0
6,0.0,1.0,2.0,1295.7500447944983
7,0.0,1.0,3.0,0.8343583635457333
8,0.0,2.0,0.0,2000.0
9,0.0,2.0,1.0,2000.0
10,0.0,2.0,2.0,1607.6329929360597
11,0.0,2.0,3.0,0.5242926581661924
