,round,tube,sp_div_H,tot_pop_0,tot_final_pop,tot_auc,mean_fc,deg_score,nut_score
0,0.0,0.0,-0.0,9.0,504.0,60460.0,55.99993777784692,0.1289112362764342,0.49999998098190546
1,0.0,1.0,-0.0,9.0,465.0,57575.0,51.666609259323046,0.1313597626004257,0.4999999892701583
2,0.0,2.0,-0.0,9.0,455.0,58847.0,50.555499382778464,0.12499181834120288,0.499999992268249
