,round,tube,nut,amount
0,0.0,0.0,0.0,0.026505309595917126
1,0.0,0.0,1.0,0.41908440539623015
2,0.0,0.0,2.0,2000.0
3,0.0,0.0,3.0,0.35770832974944256
4,0.0,1.0,0.0,0.28441053592392374
5,0.0,1.0,1.0,0.30131064294335985
6,0.0,1.0,2.0,2000.0
7,0.0,1.0,3.0,0.00011595542045128582
8,0.0,2.0,0.0,0.11833042097583757
9,0.0,2.0,1.0,0.30022350182959556
10,0.0,2.0,2.0,2000.0
11,0.0,2.0,3.0,0.13989917508462213
