,round,tube,sp,st,final_pop
0,0,0,6,"(0.0009263126202435051, 0.0016924335176991608, 0.0010961133300019929, 0.00224068857226248, 0.0, 0.001664625277641753, 0.0007814656301445883, 0.0, 0.0017947159407385562, 0.0)",286
1,0,0,6,"(0.0009263126202435051, 0.0016979708171720807, 0.0010961133300019929, 0.00224068857226248, 0.0, 0.001664625277641753, 0.0007814656301445883, 0.0, 0.0017947159407385562, 0.0)",18
2,0,1,6,"(0.0009263126202435051, 0.0016924335176991608, 0.0010961133300019929, 0.00224068857226248, 0.0, 0.001664625277641753, 0.0007814656301445883, 0.0, 0.0017947159407385562, 0.0)",227
3,0,1,6,"(0.0009263126202435051, 0.0016979708171720807, 0.0010961133300019929, 0.00224068857226248, 0.0, 0.001664625277641753, 0.0007814656301445883, 0.0, 0.0017947159407385562, 0.0)",17
4,0,2,6,"(0.0009263126202435051, 0.0016979708171720807, 0.0010961133300019929, 0.00224068857226248, 0.0, 0.001664625277641753, 0.0007814656301445883, 0.0, 0.0017947159407385562, 0.0)",19
5,0,2,6,"(0.0009263126202435051, 0.0016924335176991608, 0.0010961133300019929, 0.00224068857226248, 0.0, 0.001664625277641753, 0.0007814656301445883, 0.0, 0.0017947159407385562, 0.0)",244
