,round,tube,sp,pop_0,final_pop,st_div_H,auc,fc
0,0.0,0.0,0.0,10.0,339.0,0.1901796945286669,32614.0,33.8999661000339
1,0.0,1.0,0.0,10.0,313.0,0.08192867706401444,32663.0,31.2999687000313
2,0.0,2.0,0.0,10.0,323.0,0.5063527356318963,32100.0,32.299967700032305
