,round,tube,sp_div_H,tot_pop_0,tot_final_pop,tot_auc,mean_fc,deg_score,nut_score
0,0.0,0.0,-0.0,20.0,397.0,53405.0,19.849990075004964,0.10130182341847627,0.4525705937087343
1,0.0,1.0,-0.0,20.0,442.0,62097.0,22.099988950005525,0.10916422601652065,0.499999966864655
2,0.0,2.0,-0.0,20.0,384.0,52351.0,19.1999904000048,0.10153456249891268,0.45257375595925053
