,round,tube,sp_div_H,tot_pop_0,tot_final_pop,tot_auc,mean_fc,deg_score,nut_score
0,0.0,0.0,-0.0,12.0,1.0,417.0,0.08333326388894677,0.05232299364256454,0.049795974502559015
1,0.0,1.0,0.0,12.0,0.0,352.0,0.0,0.044530773563255854,0.041930138267656014
2,0.0,2.0,-0.0,12.0,4.0,581.0,0.33333305555578707,0.07147967822760526,0.06816735949064656
