,round,tube,sp_div_H,tot_pop_0,tot_final_pop,tot_auc,mean_fc,deg_score,nut_score
0,0.0,0.0,-0.0,10.0,75.0,3077.0,7.4999925000075,0.16751731696813843,0.17101717480619194
1,0.0,1.0,-0.0,10.0,74.0,2788.0,7.3999926000074,0.16594905945339578,0.1600789760676049
2,0.0,2.0,-0.0,10.0,57.0,1459.0,5.6999943000057005,0.10549511899268016,0.11877528631482659
