,round,tube,nut,amount
0,0.0,0.0,0.0,0.5266468154676016
1,0.0,0.0,1.0,2000.0
2,0.0,0.0,2.0,66.80392810801351
3,0.0,0.0,3.0,405.44419086308585
4,0.0,1.0,0.0,0.4862440609675946
5,0.0,1.0,1.0,2000.0
6,0.0,1.0,2.0,97.44001014280404
7,0.0,1.0,3.0,430.71371385045745
8,0.0,2.0,0.0,0.4085996625122111
9,0.0,2.0,1.0,2000.0
10,0.0,2.0,2.0,118.15684262668448
11,0.0,2.0,3.0,447.8015540671818
