,round,tube,nut,amount
0,0.0,0.0,0.0,0.6026702956235923
1,0.0,0.0,1.0,1933.085363663785
2,0.0,0.0,2.0,2000.0
3,0.0,0.0,3.0,0.6108562864663449
4,0.0,1.0,0.0,0.9558987388662106
5,0.0,1.0,1.0,1933.0971853024735
6,0.0,1.0,2.0,2000.0
7,0.0,1.0,3.0,0.35349491871371164
8,0.0,2.0,0.0,0.550264515375869
9,0.0,2.0,1.0,1933.0836097784143
10,0.0,2.0,2.0,2000.0
11,0.0,2.0,3.0,0.4143606424435199
