,round,tube,sp_div_H,tot_pop_0,tot_final_pop,tot_auc,mean_fc,deg_score,nut_score
0,0.0,0.0,-0.0,22.0,549.0,91312.0,24.954534111575406,0.11897828732679805,0.999804815176625
1,0.0,1.0,-0.0,22.0,511.0,85874.0,23.227262169426286,0.1131974669503496,0.7968174748166038
2,0.0,2.0,-0.0,22.0,535.0,87674.0,24.318170764467833,0.11533365271362395,0.7967917377895849
