,round,tube,nut,amount
0,0.0,0.0,0.0,698.7272055348417
1,0.0,0.0,1.0,42.56641820111535
2,0.0,0.0,2.0,2000.0
3,0.0,0.0,3.0,2000.0
4,0.0,1.0,0.0,707.4738580099935
5,0.0,1.0,1.0,55.723529727625696
6,0.0,1.0,2.0,2000.0
7,0.0,1.0,3.0,2000.0
8,0.0,2.0,0.0,949.2145346466085
9,0.0,2.0,1.0,419.3608243425411
10,0.0,2.0,2.0,2000.0
11,0.0,2.0,3.0,2000.0
