,round,tube,sp,pop_0,final_pop,st_div_H,auc,fc
0,0.0,0.0,7.0,10.0,1.0,-0.0,460.0,0.0999999000001
1,0.0,1.0,7.0,10.0,9.0,-0.0,819.0,0.8999991000009
2,0.0,2.0,7.0,10.0,9.0,-0.0,1017.0,0.8999991000009
