,round,tube,sp_div_H,tot_pop_0,tot_final_pop,tot_auc,mean_fc,deg_score,nut_score
0,0.0,0.0,-0.0,7.0,338.0,12821.0,48.28564530622099,0.24932903721484223,0.2928932032420085
1,0.0,1.0,-0.0,7.0,242.0,20163.0,34.57137918374403,0.24715026220361935,0.2928931867210598
2,0.0,2.0,-0.0,7.0,236.0,19560.0,33.71423755108921,0.2438473346098422,0.29289318588380553
