,round,tube,nut,amount
0,0.0,0.0,0.0,2000.0
1,0.0,0.0,1.0,2000.0
2,0.0,0.0,2.0,545.7130323004798
3,0.0,0.0,3.0,1890.0102589876028
4,0.0,1.0,0.0,2000.0
5,0.0,1.0,1.0,2000.0
6,0.0,1.0,2.0,0.47153996368854223
7,0.0,1.0,3.0,1001.8229912728657
8,0.0,2.0,0.0,2000.0
9,0.0,2.0,1.0,2000.0
10,0.0,2.0,2.0,0.8278591536659712
11,0.0,2.0,3.0,1322.5330106466536
