,round,tube,sp,pop_0,final_pop,st_div_H,auc,fc
0,0.0,0.0,0.0,3.0,103.0,-0.0,3203.0,34.33321888927037
1,0.0,1.0,0.0,3.0,92.0,0.46203690946645704,4767.0,30.666564444785184
2,0.0,2.0,0.0,3.0,98.0,0.6677333174161975,5214.0,32.66655777814074
