,round,tube,nut,amount
0,0.0,0.0,0.0,2000.0
1,0.0,0.0,1.0,2000.0
2,0.0,0.0,2.0,0.20639458294571456
3,0.0,0.0,3.0,0.629928419165513
4,0.0,1.0,0.0,2000.0
5,0.0,1.0,1.0,2000.0
6,0.0,1.0,2.0,0.8758647238830646
7,0.0,1.0,3.0,0.5481919808998876
8,0.0,2.0,0.0,2000.0
9,0.0,2.0,1.0,2000.0
10,0.0,2.0,2.0,0.17265500265853606
11,0.0,2.0,3.0,0.20496975638711135
