,round,tube,sp,pop_0,final_pop,st_div_H,auc,fc
0,0.0,0.0,12.0,8.0,261.0,0.39410626177608005,9960.0,32.62495921880098
1,0.0,1.0,12.0,8.0,260.0,0.5159878967418371,14242.0,32.499959375050786
2,0.0,2.0,12.0,8.0,249.0,0.3346825550021975,15607.0,31.124961093798635
