,round,tube,nut,amount
0,0.0,0.0,0.0,0.1801754768052386
1,0.0,0.0,1.0,0.03990269210254094
2,0.0,0.0,2.0,812.7495778163305
3,0.0,0.0,3.0,0.32680137054934066
4,0.0,1.0,0.0,0.4423221401686108
5,0.0,1.0,1.0,0.280682520870013
6,0.0,1.0,2.0,1677.4639438124866
7,0.0,1.0,3.0,1456.7559673185492
8,0.0,2.0,0.0,0.6039531285860846
9,0.0,2.0,1.0,0.11869460494811124
10,0.0,2.0,2.0,1677.4900154893135
11,0.0,2.0,3.0,1456.7998795652004
