,round,tube,sp_div_H,tot_pop_0,tot_final_pop,tot_auc,mean_fc,deg_score,nut_score
0,0.0,0.0,-0.0,11.0,99.0,19264.0,8.999991818189256,0.09777584075700418,0.13397456531646978
1,0.0,1.0,-0.0,11.0,125.0,18792.0,11.363626033067243,0.09827026923176185,0.13397459220141594
2,0.0,2.0,-0.0,11.0,98.0,18784.0,8.909082809924719,0.09902034153080608,0.1339745710309458
