,round,tube,sp,pop_0,final_pop,st_div_H,auc,fc
0,0.0,0.0,3.0,9.0,44.0,-0.0,3457.0,4.888883456796159
1,0.0,1.0,3.0,9.0,59.0,0.5479338056976176,3199.0,6.5555482716130316
2,0.0,2.0,3.0,9.0,50.0,0.6410354778811556,3624.0,5.5555493827229085
