,round,tube,sp_div_H,tot_pop_0,tot_final_pop,tot_auc,mean_fc,deg_score,nut_score
0,0.0,0.0,-0.0,48.0,796.0,81196.0,16.58332987847294,0.18361251471829165,0.4923737790306487
1,0.0,1.0,-0.0,48.0,801.0,79237.0,16.687496523438224,0.18248385842286818,0.49237332854089844
2,0.0,2.0,-0.0,48.0,733.0,76760.0,15.270830151910385,0.18072375654442008,0.4923679903558946
