,round,tube,sp,pop_0,final_pop,st_div_H,auc,fc
0,0.0,0.0,9.0,8.0,109.0,-0.0,9055.0,13.62498296877129
1,0.0,1.0,9.0,8.0,110.0,-0.0,8826.0,13.749982812521486
2,0.0,2.0,9.0,8.0,113.0,-0.0,9430.0,14.124982343772071
