,round,tube,sp,pop_0,final_pop,st_div_H,auc,fc
0,0.0,0.0,0.0,8.0,299.0,0.4293230219306162,31612.0,37.3749532813084
1,0.0,1.0,0.0,8.0,337.0,0.49458912194837645,31190.0,42.12494734381582
2,0.0,2.0,0.0,8.0,311.0,0.3837498940989885,29289.0,38.87495140631074
