,round,tube,sp_div_H,tot_pop_0,tot_final_pop,tot_auc,mean_fc,deg_score,nut_score
0,0.0,0.0,-0.0,6.0,203.0,33718.0,33.833276944538426,0.1904812396855452,0.29289317731506914
1,0.0,1.0,-0.0,6.0,181.0,35344.0,30.166616388972688,0.17695396277733177,0.292893182619718
2,0.0,2.0,-0.0,6.0,181.0,30540.0,30.166616388972688,0.19187901997329226,0.29289318638563266
