,round,tube,nut,amount
0,0.0,0.0,0.0,2000.0
1,0.0,0.0,1.0,0.17242012251512406
2,0.0,0.0,2.0,2000.0
3,0.0,0.0,3.0,0.7655833644603636
4,0.0,1.0,0.0,2000.0
5,0.0,1.0,1.0,0.5337457917608939
6,0.0,1.0,2.0,2000.0
7,0.0,1.0,3.0,0.10676360430963516
8,0.0,2.0,0.0,2000.0
9,0.0,2.0,1.0,0.541961011452573
10,0.0,2.0,2.0,2000.0
11,0.0,2.0,3.0,0.01771210671630774
