,round,tube,sp,pop_0,final_pop,st_div_H,auc,fc
0,0.0,0.0,6.0,14.0,171.0,1.122607732762853,19197.0,12.214276989802151
1,0.0,1.0,6.0,14.0,174.0,1.2447651388705188,21121.0,12.428562551026749
2,0.0,2.0,6.0,14.0,167.0,1.6222362696464763,21492.0,11.928562908169352
