,round,tube,sp_div_H,tot_pop_0,tot_final_pop,tot_auc,mean_fc,deg_score,nut_score
0,0.0,0.0,-0.0,2.0,51.0,15179.0,25.499872500637498,0.08448797252209117,0.13397459427597136
1,0.0,1.0,-0.0,2.0,44.0,15738.0,21.999890000549996,0.08345279348943391,0.13397457576129423
2,0.0,2.0,-0.0,2.0,58.0,15157.0,28.999855000724995,0.08303679713361711,0.13397459237320075
