,round,tube,sp_div_H,tot_pop_0,tot_final_pop,tot_auc,mean_fc,deg_score,nut_score
0,0.0,0.0,-0.0,9.0,7.0,568.0,0.7777769135812072,0.06990606045378966,0.06393936533900257
1,0.0,1.0,-0.0,9.0,2.0,363.0,0.22222197530891633,0.04587468495493441,0.041319238081317544
2,0.0,2.0,-0.0,9.0,11.0,825.0,1.2222208641990397,0.09873779340064515,0.08999217213533173
