,round,tube,sp_div_H,tot_pop_0,tot_final_pop,tot_auc,mean_fc,deg_score,nut_score
0,0.0,0.0,-0.0,3.0,737.0,29911.0,245.6658477805074,0.2942376260406493,0.4999999430741763
1,0.0,1.0,-0.0,3.0,688.0,33508.0,229.33256889143703,0.283263450416952,0.4989294224259958
2,0.0,2.0,-0.0,3.0,715.0,35572.0,238.332538891537,0.29085972624563894,0.49999994034626594
