,round,tube,sp,pop_0,final_pop,st_div_H,auc,fc
0,0.0,0.0,14.0,2.0,534.0,-0.0,10165.0,266.99866500667497
1,0.0,1.0,14.0,2.0,266.0,-0.0,3430.0,132.99933500332497
2,0.0,2.0,14.0,2.0,644.0,-0.0,13447.0,321.99839000804997
