,round,tube,sp,pop_0,final_pop,st_div_H,auc,fc
0,0.0,0.0,3.0,4.0,382.0,-0.0,12963.0,95.49976125059688
1,0.0,1.0,3.0,4.0,438.0,-0.0,15785.0,109.49972625068439
2,0.0,2.0,3.0,4.0,382.0,-0.0,14544.0,95.49976125059688
