,round,tube,sp,pop_0,final_pop,st_div_H,auc,fc
0,0.0,0.0,14.0,2.0,517.0,-0.0,9978.0,258.49870750646244
1,0.0,1.0,14.0,2.0,701.0,-0.0,16965.0,350.49824750876246
2,0.0,2.0,14.0,2.0,471.0,-0.0,7124.0,235.49882250588746
