,round,tube,sp_div_H,tot_pop_0,tot_final_pop,tot_auc,mean_fc,deg_score,nut_score
0,0.0,0.0,-0.0,17.0,569.0,34152.0,33.47056854672439,0.2150300309523625,0.31768528223649983
1,0.0,1.0,-0.0,17.0,573.0,32061.0,33.70586252596322,0.21583208940309195,0.31699112216113723
2,0.0,2.0,-0.0,17.0,504.0,25178.0,29.647041384093303,0.214347249245735,0.3140565905891095
