,round,tube,sp,pop_0,final_pop,st_div_H,auc,fc
0,0.0,0.0,5.0,24.0,406.0,1.2223287720624199,49577.0,16.916659618058492
1,0.0,1.0,5.0,24.0,433.0,0.9106521281101012,50332.0,18.04165914930869
2,0.0,2.0,5.0,24.0,587.0,1.0113434985489305,60251.0,24.45832314236536
