,round,tube,nut,amount
0,0.0,0.0,0.0,0.6777194477448708
1,0.0,0.0,1.0,0.38818695180751067
2,0.0,0.0,2.0,2000.0
3,0.0,0.0,3.0,1336.028693340379
4,0.0,1.0,0.0,0.9358015673926952
5,0.0,1.0,1.0,0.335508334275395
6,0.0,1.0,2.0,2000.0
7,0.0,1.0,3.0,1336.114401944679
8,0.0,2.0,0.0,0.4864374682568292
9,0.0,2.0,1.0,0.4032183604523955
10,0.0,2.0,2.0,2000.0
11,0.0,2.0,3.0,1335.9651689415864
