,round,tube,sp,st,final_pop
0,0,0,1,"(0.0, 0.01819021681934756, 0.0, 0.024584807322582867, 0.0, 0.01498355219082073, 0.0, 0.0, 0.0154164923044359, 0.017587208583899113)",328
1,0,0,1,"(0.0, 0.01819021681934756, 0.0, 0.024584807322582867, 0.0, 0.01498355219082073, 0.0, 0.0, 0.0154164923044359, 0.023187541493778534)",88
2,0,1,1,"(0.0, 0.01819021681934756, 0.0, 0.024584807322582867, 0.0, 0.01498355219082073, 0.0, 0.0, 0.0154164923044359, 0.023187541493778534)",140
3,0,1,1,"(0.0, 0.01819021681934756, 0.0, 0.024584807322582867, 0.0, 0.01498355219082073, 0.0, 0.0, 0.0154164923044359, 0.017587208583899113)",319
4,0,2,1,"(0.0, 0.01819021681934756, 0.0, 0.024584807322582867, 0.0, 0.01498355219082073, 0.0, 0.0, 0.0154164923044359, 0.023187541493778534)",89
5,0,2,1,"(0.0, 0.01819021681934756, 0.0, 0.024584807322582867, 0.0, 0.01498355219082073, 0.0, 0.0, 0.0154164923044359, 0.017587208583899113)",396
