,round,tube,sp_div_H,tot_pop_0,tot_final_pop,tot_auc,mean_fc,deg_score,nut_score
0,0.0,0.0,-0.0,12.0,147.0,17444.0,12.249989791675175,0.10534541780303164,0.1339745735111838
1,0.0,1.0,-0.0,12.0,141.0,18950.0,11.749990208341494,0.1068663977316926,0.13397458954286678
2,0.0,2.0,-0.0,12.0,159.0,18111.0,13.249988958342534,0.10890275758081824,0.13397458227138204
