,round,tube,sp,pop_0,final_pop,st_div_H,auc,fc
0,0.0,0.0,6.0,12.0,147.0,-0.0,17444.0,12.249989791675175
1,0.0,1.0,6.0,12.0,141.0,-0.0,18950.0,11.749990208341494
2,0.0,2.0,6.0,12.0,159.0,-0.0,18111.0,13.249988958342534
