,round,tube,sp,pop_0,final_pop,st_div_H,auc,fc
0,0.0,0.0,4.0,4.0,503.0,0.6930337163952832,29066.0,125.74968562578594
1,0.0,1.0,4.0,4.0,431.0,0.9615027253396312,29539.0,107.74973062567345
2,0.0,2.0,4.0,4.0,500.0,0.8835086595591942,28388.0,124.99968750078126
