,round,tube,nut,amount
0,0.0,0.0,0.0,0.012177212446236041
1,0.0,0.0,1.0,0.13302746975953994
2,0.0,0.0,2.0,812.8452087846797
3,0.0,0.0,3.0,0.4878715886154159
4,0.0,1.0,0.0,0.3986718405267258
5,0.0,1.0,1.0,0.17371985944357426
6,0.0,1.0,2.0,0.8686111532107703
7,0.0,1.0,3.0,0.08596954299637999
8,0.0,2.0,0.0,0.049917983689823586
9,0.0,2.0,1.0,0.07969219097540758
10,0.0,2.0,2.0,812.744393162065
11,0.0,2.0,3.0,0.31806891280209415
