,round,tube,sp,st,final_pop
0,0,0,13,"(0.0, 0.02461978404713738, 0.0196420282820903, 0.0, 0.01810411441758469, 0.022173256981297827, 0.0, 0.0, 0.01089208668844536, 0.00476393156717078)",133
1,0,0,13,"(0.0, 0.02461978404713738, 0.0196420282820903, 0.0, 0.01810411441758469, 0.04674816320367892, 0.0, 0.0, 0.01089208668844536, 0.00476393156717078)",93
2,0,1,13,"(0.0, 0.02461978404713738, 0.0196420282820903, 0.0, 0.01810411441758469, 0.04674816320367892, 0.0, 0.0, 0.01089208668844536, 0.00476393156717078)",137
3,0,1,13,"(0.0, 0.02461978404713738, 0.0196420282820903, 0.0, 0.01810411441758469, 0.022173256981297827, 0.0, 0.0, 0.01089208668844536, 0.00476393156717078)",136
4,0,2,13,"(0.0, 0.02461978404713738, 0.0196420282820903, 0.0, 0.01810411441758469, 0.04674816320367892, 0.0, 0.0, 0.01089208668844536, 0.00476393156717078)",62
5,0,2,13,"(0.0, 0.02461978404713738, 0.0196420282820903, 0.0, 0.01810411441758469, 0.022173256981297827, 0.0, 0.0, 0.01089208668844536, 0.00476393156717078)",244
