,round,tube,nut,amount
0,0.0,0.0,0.0,0.5967616691340449
1,0.0,0.0,1.0,2000.0
2,0.0,0.0,2.0,1.741540316660995
3,0.0,0.0,3.0,2000.0
4,0.0,1.0,0.0,0.6870969794869151
5,0.0,1.0,1.0,2000.0
6,0.0,1.0,2.0,2.6296667260477684
7,0.0,1.0,3.0,2000.0
8,0.0,2.0,0.0,0.39593446447469915
9,0.0,2.0,1.0,2000.0
10,0.0,2.0,2.0,4.224889421509727
11,0.0,2.0,3.0,2000.0
