,round,tube,sp,pop_0,final_pop,st_div_H,auc,fc
0,0.0,0.0,11.0,43.0,640.0,1.7000730467346472,70037.0,14.883717468902914
1,0.0,1.0,11.0,43.0,625.0,1.8756370859012612,66493.0,14.5348803407255
2,0.0,2.0,11.0,43.0,626.0,1.7677593152624596,64035.0,14.558136149270663
