,round,tube,sp,pop_0,final_pop,st_div_H,auc,fc
0,0.0,0.0,6.0,7.0,143.0,-0.0,19475.0,20.428542244939653
1,0.0,1.0,6.0,7.0,186.0,-0.0,19894.0,26.571390612299126
2,0.0,2.0,6.0,7.0,171.0,-0.0,19306.0,24.4285365306621
