,round,tube,sp_div_H,tot_pop_0,tot_final_pop,tot_auc,mean_fc,deg_score,nut_score
0,0.0,0.0,-0.0,23.0,531.0,34026.0,23.086946483936313,0.2102112854535758,0.3537069842284797
1,0.0,1.0,-0.0,23.0,446.0,31817.0,19.39129591682786,0.2100689820335685,0.31817320655016545
2,0.0,2.0,-0.0,23.0,485.0,36258.0,21.086947353501152,0.210289445812068,0.34917139457145663
