,round,tube,nut,amount
0,0.0,0.0,0.0,2000.0
1,0.0,0.0,1.0,2000.0
2,0.0,0.0,2.0,0.47881702498864864
3,0.0,0.0,3.0,1098.7301948294978
4,0.0,1.0,0.0,2000.0
5,0.0,1.0,1.0,2000.0
6,0.0,1.0,2.0,0.6885881023954492
7,0.0,1.0,3.0,1238.7345129369555
8,0.0,2.0,0.0,2000.0
9,0.0,2.0,1.0,2000.0
10,0.0,2.0,2.0,0.4805460260040361
11,0.0,2.0,3.0,1233.0495026223014
