,round,tube,sp,pop_0,final_pop,st_div_H,auc,fc
0,0.0,0.0,9.0,6.0,76.0,-0.0,4335.0,12.666645555590742
1,0.0,1.0,9.0,6.0,93.0,-0.0,4067.0,15.499974166709723
2,0.0,2.0,9.0,6.0,79.0,-0.0,4099.0,13.166644722258797
