,round,tube,nut,amount
0,0.0,0.0,0.0,0.9882818927982918
1,0.0,0.0,1.0,0.5135756143136864
2,0.0,0.0,2.0,2000.0
3,0.0,0.0,3.0,2000.0
4,0.0,1.0,0.0,0.5119135351625324
5,0.0,1.0,1.0,0.1658209184120094
6,0.0,1.0,2.0,2000.0
7,0.0,1.0,3.0,2000.0
8,0.0,2.0,0.0,0.9134327213491369
9,0.0,2.0,1.0,0.4489355611377742
10,0.0,2.0,2.0,2000.0
11,0.0,2.0,3.0,2000.0
