,round,tube,sp_div_H,tot_pop_0,tot_final_pop,tot_auc,mean_fc,deg_score,nut_score
0,0.0,0.0,-0.0,8.0,430.0,19344.0,53.749932812583985,0.14701162740518425,0.272505699123463
1,0.0,1.0,-0.0,8.0,415.0,17636.0,51.874935156331055,0.14557479035350396,0.26404937196316525
2,0.0,2.0,-0.0,8.0,383.0,16459.0,47.874940156324804,0.1446911798816506,0.2488217713084444
