,round,tube,nut,amount
0,0.0,0.0,0.0,2000.0
1,0.0,0.0,1.0,2000.0
2,0.0,0.0,2.0,0.8839581796497447
3,0.0,0.0,3.0,0.5568353077496484
4,0.0,1.0,0.0,2000.0
5,0.0,1.0,1.0,2000.0
6,0.0,1.0,2.0,0.3146709726187463
7,0.0,1.0,3.0,0.25182150364373657
8,0.0,2.0,0.0,2000.0
9,0.0,2.0,1.0,2000.0
10,0.0,2.0,2.0,0.839535156528378
11,0.0,2.0,3.0,0.5698361770260156
