,round,tube,sp_div_H,tot_pop_0,tot_final_pop,tot_auc,mean_fc,deg_score,nut_score
0,0.0,0.0,-0.0,24.0,281.0,53704.0,11.708328454863144,0.15300034799303786,0.9997605254973949
1,0.0,1.0,-0.0,24.0,151.0,39209.0,6.2916640451399815,0.1190814911159701,0.4915363980898787
2,0.0,2.0,-0.0,24.0,255.0,51528.0,10.624995572918511,0.15203789267521906,0.771999024847764
