,round,tube,nut,amount
0,0.0,0.0,0.0,1586.8737784838634
1,0.0,0.0,1.0,2000.0
2,0.0,0.0,2.0,2000.0
3,0.0,0.0,3.0,1817.6354087791456
4,0.0,1.0,0.0,1421.5344907389087
5,0.0,1.0,1.0,2000.0
6,0.0,1.0,2.0,2000.0
7,0.0,1.0,3.0,1744.650374056089
8,0.0,2.0,0.0,1410.0951493466332
9,0.0,2.0,1.0,2000.0
10,0.0,2.0,2.0,2000.0
11,0.0,2.0,3.0,1739.6007531213897
