,round,tube,sp,pop_0,final_pop,st_div_H,auc,fc
0,0.0,0.0,3.0,13.0,50.0,-0.0,4453.0,3.8461508875762402
1,0.0,1.0,3.0,13.0,63.0,-0.0,4719.0,4.846150118346063
2,0.0,2.0,3.0,13.0,61.0,-0.0,4580.0,4.692304082843013
