,round,tube,nut,amount
0,0.0,0.0,0.0,0.41186982351623835
1,0.0,0.0,1.0,0.5440419158803008
2,0.0,0.0,2.0,2000.0
3,0.0,0.0,3.0,2000.0
4,0.0,1.0,0.0,0.3384342778641478
5,0.0,1.0,1.0,0.4006311080037136
6,0.0,1.0,2.0,2000.0
7,0.0,1.0,3.0,2000.0
8,0.0,2.0,0.0,0.7197398679479086
9,0.0,2.0,1.0,0.28577909327236634
10,0.0,2.0,2.0,2000.0
11,0.0,2.0,3.0,2000.0
