,round,tube,sp,pop_0,final_pop,st_div_H,auc,fc
0,0.0,0.0,12.0,11.0,96.0,-0.0,4599.0,8.727264793395642
1,0.0,1.0,12.0,11.0,74.0,-0.0,3442.0,6.727266611575808
2,0.0,2.0,12.0,11.0,91.0,-0.0,5042.0,8.272719752072954
