,round,tube,sp,pop_0,final_pop,st_div_H,auc,fc
0,0.0,0.0,11.0,1.0,196.0,-0.0,4018.0,195.99804001959978
1,0.0,1.0,11.0,1.0,0.0,,10.0,0.0
2,0.0,2.0,11.0,1.0,19.0,-0.0,458.0,18.99981000189998
