,round,tube,sp_div_H,tot_pop_0,tot_final_pop,tot_auc,mean_fc,deg_score,nut_score
0,0.0,0.0,-0.0,11.0,75.0,9350.0,6.818175619840346,0.17412047884326454,0.13397456597983493
1,0.0,1.0,-0.0,11.0,87.0,9633.0,7.909083719014801,0.17607766671659475,0.1339745956351398
2,0.0,2.0,-0.0,11.0,88.0,8563.0,7.999992727279339,0.17700317093537832,0.13397458796533668
