,round,tube,sp,pop_0,final_pop,st_div_H,auc,fc
0,0.0,0.0,8.0,7.0,389.0,-0.0,59564.0,55.571349183786886
1,0.0,1.0,8.0,7.0,319.0,0.5416516718112813,50403.0,45.57136346948076
2,0.0,2.0,8.0,7.0,411.0,0.29119005131684333,55424.0,58.71420183685452
