,round,tube,nut,amount
0,0.0,0.0,0.0,2000.0
1,0.0,0.0,1.0,2000.0
2,0.0,0.0,2.0,0.6380009694570852
3,0.0,0.0,3.0,0.690549866330386
4,0.0,1.0,0.0,2000.0
5,0.0,1.0,1.0,2000.0
6,0.0,1.0,2.0,0.15867775763452885
7,0.0,1.0,3.0,0.46395658283171315
8,0.0,2.0,0.0,2000.0
9,0.0,2.0,1.0,2000.0
10,0.0,2.0,2.0,0.4121478236926581
11,0.0,2.0,3.0,0.45007614420134634
