,round,tube,sp,pop_0,final_pop,st_div_H,auc,fc
0,0.0,0.0,8.0,12.0,317.0,1.2083801907083271,48753.0,26.416644652796123
1,0.0,1.0,8.0,12.0,277.0,1.1092421040545155,46886.0,23.083314097238254
2,0.0,2.0,8.0,12.0,390.0,1.3869476145430575,59403.0,32.49997291668924
