,round,tube,sp,pop_0,final_pop,st_div_H,auc,fc
0,0.0,0.0,8.0,1.0,254.0,-0.0,4237.0,253.99746002539973
1,0.0,1.0,8.0,1.0,304.0,-0.0,6940.0,303.9969600303997
2,0.0,2.0,8.0,1.0,184.0,-0.0,2713.0,183.9981600183998
