,round,tube,sp,pop_0,final_pop,st_div_H,auc,fc
0,0.0,0.0,4.0,15.0,421.0,0.31930378197539666,57096.0,28.06664795556803
1,0.0,1.0,4.0,15.0,379.0,0.3370897286535871,52632.0,25.266649822233454
2,0.0,2.0,4.0,15.0,356.0,0.4624172941375134,52399.0,23.73331751112166
