,round,tube,sp,pop_0,final_pop,st_div_H,auc,fc
0,0.0,0.0,8.0,17.0,410.0,1.5230371344389884,35471.0,24.117632871980664
1,0.0,1.0,8.0,17.0,438.0,1.621024548661326,39210.0,25.764690726652514
2,0.0,2.0,8.0,17.0,493.0,1.678885114157782,40168.0,28.999982941186506
