,round,tube,sp,pop_0,final_pop,st_div_H,auc,fc
0,0.0,0.0,5.0,23.0,429.0,1.2873258731608035,39849.0,18.652165803406174
1,0.0,1.0,5.0,23.0,486.0,1.3124480218331531,43599.0,21.130425595467134
2,0.0,2.0,5.0,23.0,491.0,1.1296862105296506,41213.0,21.347816805297043
