,round,tube,sp,pop_0,final_pop,st_div_H,auc,fc
0,0.0,0.0,4.0,13.0,17.0,-0.0,1068.0,1.3076913017759217
1,0.0,1.0,4.0,13.0,20.0,-0.0,1201.0,1.5384603550304963
2,0.0,2.0,4.0,13.0,14.0,-0.0,963.0,1.0769222485213472
