,round,tube,nut,amount
0,0.0,0.0,0.0,0.3966647496109181
1,0.0,0.0,1.0,0.18085175208460713
2,0.0,0.0,2.0,762.5271230739239
3,0.0,0.0,3.0,316.05548423549396
4,0.0,1.0,0.0,0.3663315946881358
5,0.0,1.0,1.0,0.27125547312144904
6,0.0,1.0,2.0,762.5083511225896
7,0.0,1.0,3.0,316.0299394941983
8,0.0,2.0,0.0,0.3619334702155165
9,0.0,2.0,1.0,0.21820343731480324
10,0.0,2.0,2.0,762.505629302899
11,0.0,2.0,3.0,316.0262356608256
