,round,tube,sp,pop_0,final_pop,st_div_H,auc,fc
0,0.0,0.0,3.0,8.0,266.0,0.6924403601598749,9150.0,33.24995843755195
1,0.0,1.0,3.0,8.0,362.0,0.6753990010414568,12909.0,45.24994343757071
2,0.0,2.0,3.0,8.0,317.0,0.5396191676458175,11084.0,39.62495046881192
