,round,tube,sp_div_H,tot_pop_0,tot_final_pop,tot_auc,mean_fc,deg_score,nut_score
0,0.0,0.0,-0.0,19.0,430.0,56211.0,22.63156703601735,0.12747221981277923,0.49999999063360934
1,0.0,1.0,-0.0,19.0,433.0,58366.0,22.789461689757005,0.12668655699381737,0.49999997662647966
2,0.0,2.0,-0.0,19.0,458.0,58046.0,24.105250470920804,0.12779277776378373,0.4999999759652447
