,round,tube,nut,amount
0,0.0,0.0,0.0,0.4001554635237357
1,0.0,0.0,1.0,2000.0
2,0.0,0.0,2.0,0.6371487566809946
3,0.0,0.0,3.0,2000.0
4,0.0,1.0,0.0,0.2537376507191314
5,0.0,1.0,1.0,2000.0
6,0.0,1.0,2.0,0.7783525449114236
7,0.0,1.0,3.0,2000.0
8,0.0,2.0,0.0,0.4807924369158273
9,0.0,2.0,1.0,2000.0
10,0.0,2.0,2.0,0.3460278891235472
11,0.0,2.0,3.0,2000.0
