,round,tube,nut,amount
0,0.0,0.0,0.0,0.20940158358304387
1,0.0,0.0,1.0,131.08920632499158
2,0.0,0.0,2.0,2000.0
3,0.0,0.0,3.0,0.4987525490492101
4,0.0,1.0,0.0,0.22242899986524534
5,0.0,1.0,1.0,131.0171346749172
6,0.0,1.0,2.0,2000.0
7,0.0,1.0,3.0,0.42164488039187586
8,0.0,2.0,0.0,0.17228156157630858
9,0.0,2.0,1.0,131.04485792666708
10,0.0,2.0,2.0,2000.0
11,0.0,2.0,3.0,0.45130529897766497
