,round,tube,nut,amount
0,0.0,0.0,0.0,2000.0
1,0.0,0.0,1.0,0.8177311095172632
2,0.0,0.0,2.0,2000.0
3,0.0,0.0,3.0,0.23072192248967482
4,0.0,1.0,0.0,2000.0
5,0.0,1.0,1.0,0.1442538093894008
6,0.0,1.0,2.0,2000.0
7,0.0,1.0,3.0,0.2747984368383962
8,0.0,2.0,0.0,2000.0
9,0.0,2.0,1.0,0.6979996229831933
10,0.0,2.0,2.0,2000.0
11,0.0,2.0,3.0,0.3580080331923683
