,round,tube,sp,pop_0,final_pop,st_div_H,auc,fc
0,0.0,0.0,4.0,12.0,454.0,-0.0,21049.0,37.83330180558183
1,0.0,1.0,4.0,12.0,493.0,-0.0,21654.0,41.08329909725075
2,0.0,2.0,4.0,12.0,464.0,-0.0,22674.0,38.6666344444713
