,round,tube,sp_div_H,tot_pop_0,tot_final_pop,tot_auc,mean_fc,deg_score,nut_score
0,0.0,0.0,-0.0,9.0,2.0,399.0,0.22222197530891633,0.04323562212259713,0.043500322930948854
1,0.0,1.0,-0.0,9.0,6.0,569.0,0.666665925926749,0.05931037010509477,0.061343502368797376
2,0.0,2.0,-0.0,9.0,2.0,322.0,0.22222197530891633,0.0353643235584199,0.035287191088619996
