,round,tube,sp_div_H,tot_pop_0,tot_final_pop,tot_auc,mean_fc,deg_score,nut_score
0,0.0,0.0,-0.0,3.0,155.0,13539.0,51.666494445018515,0.07297851951995749,0.13397459431206293
1,0.0,1.0,-0.0,3.0,184.0,14684.0,61.33312888957037,0.07076414647910245,0.1339745669141873
2,0.0,2.0,-0.0,3.0,186.0,14506.0,61.99979333402222,0.07070716489088558,0.13397458610692492
