,round,tube,sp_div_H,tot_pop_0,tot_final_pop,tot_auc,mean_fc,deg_score,nut_score
0,0.0,0.0,-0.0,14.0,3.0,365.0,0.21428556122459913,0.04400695257545495,0.040501247059745005
1,0.0,1.0,-0.0,14.0,1.0,417.0,0.0714285204081997,0.05029458535986042,0.04594618852990018
2,0.0,2.0,-0.0,14.0,1.0,348.0,0.0714285204081997,0.04224707768351221,0.038968505720075264
