,round,tube,sp_div_H,tot_pop_0,tot_final_pop,tot_auc,mean_fc,deg_score,nut_score
0,0.0,0.0,-0.0,8.0,2.0,267.0,0.24999968750039064,0.03546356463686284,0.03135971612876198
1,0.0,1.0,-0.0,8.0,1.0,385.0,0.12499984375019532,0.050754984180371276,0.04521845034126026
2,0.0,2.0,0.0,8.0,0.0,221.0,0.0,0.029707152214943355,0.026337291506802307
