,round,tube,sp,pop_0,final_pop,st_div_H,auc,fc
0,0.0,0.0,10.0,12.0,98.0,-0.0,18068.0,8.166659861116782
1,0.0,1.0,10.0,12.0,98.0,-0.0,18824.0,8.166659861116782
2,0.0,2.0,10.0,12.0,101.0,-0.0,17745.0,8.416659652783624
