,round,tube,sp_div_H,tot_pop_0,tot_final_pop,tot_auc,mean_fc,deg_score,nut_score
0,0.0,0.0,-0.0,8.0,88.0,16352.0,10.999986250017187,0.07466043201797623,0.13397457148313396
1,0.0,1.0,-0.0,8.0,92.0,18033.0,11.499985625017969,0.0727612329978653,0.13397459106366116
2,0.0,2.0,-0.0,8.0,109.0,15958.0,13.62498296877129,0.07427470889009846,0.13397456345256153
