,round,tube,sp_div_H,tot_pop_0,tot_final_pop,tot_auc,mean_fc,deg_score,nut_score
0,0.0,0.0,-0.0,7.0,109.0,7690.0,15.571406326562391,0.19517914838679074,0.2924056816448405
1,0.0,1.0,-0.0,7.0,139.0,6161.0,19.857114489836444,0.19091109203312318,0.2720150910381959
2,0.0,2.0,-0.0,7.0,137.0,7861.0,19.57140061228484,0.1985829398263479,0.2927998947774201
