,round,tube,sp,pop_0,final_pop,st_div_H,auc,fc
0,0.0,0.0,7.0,6.0,567.0,0.5619116497218815,59483.0,94.4998425002625
1,0.0,1.0,7.0,6.0,624.0,0.8703170275269916,59142.0,103.99982666695556
2,0.0,2.0,7.0,6.0,620.0,0.9285535362928139,61039.0,103.33316111139816
