,round,tube,sp_div_H,tot_pop_0,tot_final_pop,tot_auc,mean_fc,deg_score,nut_score
0,0.0,0.0,-0.0,12.0,613.0,38477.0,51.08329076392437,0.2871058517646097,0.49999993548135435
1,0.0,1.0,-0.0,12.0,585.0,41862.0,48.74995937503385,0.28892070181043106,0.49999998148742286
2,0.0,2.0,-0.0,12.0,583.0,43161.0,48.58329284725596,0.2861400117642673,0.49892714591514087
