,round,tube,nut,amount
0,0.0,0.0,0.0,1996.9459022691487
1,0.0,0.0,1.0,2000.0
2,0.0,0.0,2.0,1996.6391427680194
3,0.0,0.0,3.0,2000.0
4,0.0,1.0,0.0,0.7199686704579875
5,0.0,1.0,1.0,2000.0
6,0.0,1.0,2.0,0.028828661623901297
7,0.0,1.0,3.0,2000.0
8,0.0,2.0,0.0,0.8148904906615204
9,0.0,2.0,1.0,2000.0
10,0.0,2.0,2.0,0.199312170165729
11,0.0,2.0,3.0,2000.0
