,round,tube,sp,pop_0,final_pop,st_div_H,auc,fc
0,0.0,0.0,3.0,10.0,49.0,0.6316943984324563,1736.0,4.8999951000049
1,0.0,1.0,3.0,10.0,11.0,-0.0,630.0,1.0999989000011001
2,0.0,2.0,3.0,10.0,44.0,0.6765259604934999,1927.0,4.3999956000044005
