,round,tube,sp,pop_0,final_pop,st_div_H,auc,fc
0,0.0,0.0,13.0,81.0,1067.0,2.0637626517955963,123507.0,13.172837879896557
1,0.0,1.0,13.0,81.0,1093.0,1.9416838458880201,121434.0,13.493825494589444
2,0.0,2.0,13.0,81.0,1068.0,1.8469820715802179,126203.0,13.185183557384745
