,round,tube,sp,pop_0,final_pop,st_div_H,auc,fc
0,0.0,0.0,8.0,13.0,238.0,0.6908857479323564,10088.0,18.307678224862904
1,0.0,1.0,8.0,13.0,249.0,0.6084634895019625,12259.0,19.153831420129677
2,0.0,2.0,8.0,13.0,271.0,0.20337580821296616,12369.0,20.846137810663222
