,round,tube,nut,amount
0,0.0,0.0,0.0,0.17636747618517923
1,0.0,0.0,1.0,2000.0
2,0.0,0.0,2.0,0.3034380716224305
3,0.0,0.0,3.0,2000.0
4,0.0,1.0,0.0,0.5414163702952473
5,0.0,1.0,1.0,2000.0
6,0.0,1.0,2.0,0.05845514669057117
7,0.0,1.0,3.0,2000.0
8,0.0,2.0,0.0,0.43170052193447406
9,0.0,2.0,1.0,2000.0
10,0.0,2.0,2.0,0.5061971618813366
11,0.0,2.0,3.0,2000.0
