,round,tube,sp_div_H,tot_pop_0,tot_final_pop,tot_auc,mean_fc,deg_score,nut_score
0,0.0,0.0,-0.0,8.0,95.0,8046.0,11.874985156268556,0.17667653958496765,0.13397457748264274
1,0.0,1.0,-0.0,8.0,88.0,9761.0,10.999986250017187,0.1757340923041636,0.1339745754148104
2,0.0,2.0,-0.0,8.0,81.0,9356.0,10.12498734376582,0.17621640594902965,0.13397458794081063
