,round,tube,sp_div_H,tot_pop_0,tot_final_pop,tot_auc,mean_fc,deg_score,nut_score
0,0.0,0.0,-0.0,8.0,11.0,803.0,1.3749982812521484,0.03947784240223884,0.04084218952360241
1,0.0,1.0,-0.0,8.0,10.0,869.0,1.2499984375019533,0.04229275446658498,0.04355611683946947
2,0.0,2.0,-0.0,8.0,10.0,669.0,1.2499984375019533,0.033639802984962386,0.034291164010243125
