,round,tube,nut,amount
0,0.0,0.0,0.0,1224.8133475016384
1,0.0,0.0,1.0,2000.0
2,0.0,0.0,2.0,1028.424582883279
3,0.0,0.0,3.0,1250.51691470381
4,0.0,1.0,0.0,1368.8217757723758
5,0.0,1.0,1.0,2000.0
6,0.0,1.0,2.0,1208.916659616699
7,0.0,1.0,3.0,1389.7503248523865
8,0.0,2.0,0.0,1423.979545348591
9,0.0,2.0,1.0,2000.0
10,0.0,2.0,2.0,1278.0483104397981
11,0.0,2.0,3.0,1443.079178215388
