,round,tube,sp,pop_0,final_pop,st_div_H,auc,fc
0,0.0,0.0,8.0,8.0,272.0,-0.0,12917.0,33.99995750005313
1,0.0,1.0,8.0,8.0,305.0,0.6228518256514846,13451.0,38.124952343809575
2,0.0,2.0,8.0,8.0,318.0,0.6918808732435363,10004.0,39.74995031256211
