,round,tube,sp_div_H,tot_pop_0,tot_final_pop,tot_auc,mean_fc,deg_score,nut_score
0,0.0,0.0,-0.0,4.0,280.0,9641.0,69.99982500043751,0.2386767063171893,0.48716012184856705
1,0.0,1.0,-0.0,4.0,214.0,6380.0,53.49986625033438,0.21414829039432326,0.39989388710544616
2,0.0,2.0,-0.0,4.0,194.0,5283.0,48.49987875030313,0.2059170644669066,0.34944011172165546
