,round,tube,sp,pop_0,final_pop,st_div_H,auc,fc
0,0.0,0.0,0.0,6.0,148.0,0.4647725612910351,13496.0,24.666625555624076
1,0.0,1.0,0.0,6.0,151.0,0.6520341187400969,13123.0,25.16662472229213
2,0.0,2.0,0.0,6.0,135.0,0.6312558229907491,12188.0,22.4999625000625
