,round,tube,sp_div_H,tot_pop_0,tot_final_pop,tot_auc,mean_fc,deg_score,nut_score
0,0.0,0.0,-0.0,14.0,151.0,19896.0,10.785706581638156,0.11622890164110933,0.2928931643588205
1,0.0,1.0,-0.0,14.0,149.0,20707.0,10.642849540821757,0.11865963964097825,0.29289316047961567
2,0.0,2.0,-0.0,14.0,151.0,20437.0,10.785706581638156,0.11604603332322538,0.2928931524980839
