,round,tube,sp_div_H,tot_pop_0,tot_final_pop,tot_auc,mean_fc,deg_score,nut_score
0,0.0,0.0,-0.0,2.0,632.0,43379.0,315.99842000789994,0.15687027430557887,0.7719902245294304
1,0.0,1.0,-0.0,2.0,577.0,40913.0,288.49855750721247,0.1566316346212978,0.7719638731468551
2,0.0,2.0,-0.0,2.0,1085.0,28893.0,542.4972875135625,0.15850139069242375,0.7480390630563967
