,round,tube,sp_div_H,tot_pop_0,tot_final_pop,tot_auc,mean_fc,deg_score,nut_score
0,0.0,0.0,-0.0,21.0,404.0,59925.0,19.23808607710187,0.1415937896170364,0.44457270431151497
1,0.0,1.0,-0.0,21.0,699.0,90601.0,33.2856984353817,0.15244250935154335,0.7968087965184206
2,0.0,2.0,-0.0,21.0,739.0,93442.0,35.190459433114555,0.15454854067347912,0.7968376141171454
