,round,tube,sp_div_H,tot_pop_0,tot_final_pop,tot_auc,mean_fc,deg_score,nut_score
0,0.0,0.0,-0.0,4.0,392.0,19187.0,97.99975500061251,0.013578744366116724,0.26318304198938003
1,0.0,1.0,-0.0,4.0,400.0,19786.0,99.99975000062501,0.014071295463923161,0.27079623155718924
2,0.0,2.0,-0.0,4.0,392.0,16494.0,97.99975500061251,0.012481415774721727,0.25336670995174226
