,round,tube,sp_div_H,tot_pop_0,tot_final_pop,tot_auc,mean_fc,deg_score,nut_score
0,0.0,0.0,-0.0,16.0,2.0,582.0,0.12499992187504883,0.0772743913609587,0.06674470231210883
1,0.0,1.0,-0.0,16.0,4.0,567.0,0.24999984375009765,0.07506902946862004,0.06497191338292008
2,0.0,2.0,-0.0,16.0,4.0,666.0,0.24999984375009765,0.08785667410110576,0.07555589621977021
