,round,tube,sp,pop_0,final_pop,st_div_H,auc,fc
0,0.0,0.0,6.0,10.0,158.0,1.0475763234073296,19677.0,15.7999842000158
1,0.0,1.0,6.0,10.0,182.0,0.5218697400849848,21920.0,18.1999818000182
2,0.0,2.0,6.0,10.0,190.0,0.9566181560988029,20831.0,18.999981000019
