,round,tube,sp,pop_0,final_pop,st_div_H,auc,fc
0,0.0,0.0,4.0,26.0,370.0,1.3421818952759559,50538.0,14.230763757398556
1,0.0,1.0,4.0,26.0,423.0,1.732151919961846,56170.0,16.269224511836725
2,0.0,2.0,4.0,26.0,387.0,1.4667732168136296,52819.0,14.884609659765516
