,round,tube,sp_div_H,tot_pop_0,tot_final_pop,tot_auc,mean_fc,deg_score,nut_score
0,0.0,0.0,-0.0,19.0,507.0,50344.0,26.684196482001852,0.2224674727370154,0.29289320860878
1,0.0,1.0,-0.0,19.0,508.0,51289.0,26.736828033248404,0.22031577810724068,0.292893185477456
2,0.0,2.0,-0.0,19.0,532.0,51286.0,27.99998526316565,0.22285476603901433,0.29289317451590147
