,round,tube,nut,amount
0,0.0,0.0,0.0,0.7884801244143659
1,0.0,0.0,1.0,1933.09158223623
2,0.0,0.0,2.0,2000.0
3,0.0,0.0,3.0,0.14825849872826213
4,0.0,1.0,0.0,511.2680646657496
5,0.0,1.0,1.0,1950.1760082525873
6,0.0,1.0,2.0,2000.0
7,0.0,1.0,3.0,0.12021139477202836
8,0.0,2.0,0.0,0.1791248011186673
9,0.0,2.0,1.0,59.036539182274964
10,0.0,2.0,2.0,2000.0
11,0.0,2.0,3.0,0.3055370080078876
