,round,tube,sp,pop_0,final_pop,st_div_H,auc,fc
0,0.0,0.0,9.0,30.0,493.0,0.42985463377522287,32551.0,16.433327855557383
1,0.0,1.0,9.0,30.0,535.0,0.42513308439275516,36429.0,17.833327388890872
2,0.0,2.0,9.0,30.0,503.0,0.5584805560614408,33102.0,16.76666107777964
