,round,tube,sp_div_H,tot_pop_0,tot_final_pop,tot_auc,mean_fc,deg_score,nut_score
0,0.0,0.0,-0.0,8.0,508.0,72214.0,63.49992062509922,0.1376009333315481,0.49999999382413485
1,0.0,1.0,-0.0,8.0,543.0,69855.0,67.87491515635605,0.13861863225689608,0.49999997504135163
2,0.0,2.0,-0.0,8.0,472.0,63222.0,58.99992625009219,0.13111627532455583,0.4603792009134182
