,round,tube,nut,amount
0,0.0,0.0,0.0,0.8886089660677957
1,0.0,0.0,1.0,1933.094933288527
2,0.0,0.0,2.0,2000.0
3,0.0,0.0,3.0,0.08634782220652976
4,0.0,1.0,0.0,0.7665722127758603
5,0.0,1.0,1.0,1933.0908490353181
6,0.0,1.0,2.0,2000.0
7,0.0,1.0,3.0,0.5276742545800064
8,0.0,2.0,0.0,0.8965265242882783
9,0.0,2.0,1.0,1933.0951982686413
10,0.0,2.0,2.0,2000.0
11,0.0,2.0,3.0,0.359275331344355
