,round,tube,sp_div_H,tot_pop_0,tot_final_pop,tot_auc,mean_fc,deg_score,nut_score
0,0.0,0.0,-0.0,10.0,5.0,554.0,0.49999950000050003,0.065270825574825,0.05568203375195835
1,0.0,1.0,-0.0,10.0,5.0,549.0,0.49999950000050003,0.06475800657425734,0.05666096304385149
2,0.0,2.0,-0.0,10.0,3.0,477.0,0.2999997000003,0.057458325913819386,0.04998973038030885
