,round,tube,sp_div_H,tot_pop_0,tot_final_pop,tot_auc,mean_fc,deg_score,nut_score
0,0.0,0.0,-0.0,10.0,64.0,4299.0,6.3999936000064,0.20631047238298583,0.2426462761232423
1,0.0,1.0,-0.0,10.0,78.0,4070.0,7.7999922000078,0.20571745416944354,0.2251260064477455
2,0.0,2.0,-0.0,10.0,87.0,4579.0,8.6999913000087,0.20591130877485342,0.25602745167665764
