,round,tube,sp_div_H,tot_pop_0,tot_final_pop,tot_auc,mean_fc,deg_score,nut_score
0,0.0,0.0,-0.0,1.0,640.0,14102.0,639.9936000639993,0.18048092293069629,0.32353323120120403
1,0.0,1.0,-0.0,1.0,804.0,19901.0,803.9919600803992,0.18439579134362294,0.3881762275073528
2,0.0,2.0,-0.0,1.0,1047.0,27252.0,1046.9895301046988,0.1900511010979007,0.4419380586321964
