,round,tube,sp_div_H,tot_pop_0,tot_final_pop,tot_auc,mean_fc,deg_score,nut_score
0,0.0,0.0,-0.0,14.0,348.0,49732.0,24.857125102053498,0.17331696553866816,0.9997707858189421
1,0.0,1.0,-0.0,14.0,204.0,39308.0,14.57141816327274,0.13480202829702648,0.4915458788248994
2,0.0,2.0,-0.0,14.0,389.0,46746.0,27.785694438789687,0.16660809992539993,0.7719558910146945
