,round,tube,nut,amount
0,0.0,0.0,0.0,1287.7558440173466
1,0.0,0.0,1.0,0.33112102236492985
2,0.0,0.0,2.0,682.0180089822472
3,0.0,0.0,3.0,2000.0
4,0.0,1.0,0.0,1271.6968584674505
5,0.0,1.0,1.0,0.4523998020639792
6,0.0,1.0,2.0,652.3014383779245
7,0.0,1.0,3.0,2000.0
8,0.0,2.0,0.0,1456.84809860882
9,0.0,2.0,1.0,0.7641345815457865
10,0.0,2.0,2.0,994.9170963249521
11,0.0,2.0,3.0,2000.0
