,round,tube,sp,st,final_pop
0,0,0,9,"(0.0, 0.0, 0.26832887547764517, 0.0, 0.05513765495185503, 0.0, 0.11762914378573193, 0.12170838128021508, 0.0, 0.036166156342238694)",68
1,0,0,9,"(0.0, 0.0, 0.26832887547764517, 0.0, 0.05513765495185503, 0.0, 0.17543471630791765, 0.16747238130610526, 0.0, 0.036166156342238694)",142
2,0,1,9,"(0.0, 0.0, 0.26832887547764517, 0.0, 0.05513765495185503, 0.0, 0.11762914378573193, 0.12170838128021508, 0.0, 0.036166156342238694)",95
3,0,1,9,"(0.0, 0.0, 0.26832887547764517, 0.0, 0.05513765495185503, 0.0, 0.17543471630791765, 0.16747238130610526, 0.0, 0.036166156342238694)",129
4,0,2,9,"(0.0, 0.0, 0.26832887547764517, 0.0, 0.05513765495185503, 0.0, 0.11762914378573193, 0.12170838128021508, 0.0, 0.036166156342238694)",22
5,0,2,9,"(0.0, 0.0, 0.26832887547764517, 0.0, 0.05513765495185503, 0.0, 0.17543471630791765, 0.16747238130610526, 0.0, 0.036166156342238694)",153
