,round,tube,sp,st,final_pop
0,0,0,8,"(0.19235562551390653, 0.049361863503786255, 0.0, 0.0, 0.07022106556493442, 0.0, 0.08319516954615302, 0.1116381245929446, 0.0, 0.0)",238
1,0,1,8,"(0.19235562551390653, 0.049361863503786255, 0.0, 0.0, 0.07022106556493442, 0.0, 0.08319516954615302, 0.1116381245929446, 0.0, 0.0)",259
2,0,2,8,"(0.19235562551390653, 0.049361863503786255, 0.0, 0.0, 0.07022106556493442, 0.0, 0.08319516954615302, 0.1116381245929446, 0.0, 0.0)",216
3,0,2,8,"(0.19235562551390653, 0.049361863503786255, 0.0, 0.0, 0.1259133572826072, 0.0, 0.08319516954615302, 0.1116381245929446, 0.0, 0.0)",16
