,round,tube,nut,amount
0,0.0,0.0,0.0,0.5924231614899833
1,0.0,0.0,1.0,0.34295502720431453
2,0.0,0.0,2.0,2000.0
3,0.0,0.0,3.0,2000.0
4,0.0,1.0,0.0,0.9231570737571171
5,0.0,1.0,1.0,0.3064873452494486
6,0.0,1.0,2.0,2000.0
7,0.0,1.0,3.0,2000.0
8,0.0,2.0,0.0,0.9451213766329735
9,0.0,2.0,1.0,0.522158515992859
10,0.0,2.0,2.0,2000.0
11,0.0,2.0,3.0,2000.0
