,round,tube,nut,amount
0,0.0,0.0,0.0,0.5869925820896268
1,0.0,0.0,1.0,1933.0848389714342
2,0.0,0.0,2.0,2000.0
3,0.0,0.0,3.0,0.4625929476537003
4,0.0,1.0,0.0,0.25529754965824225
5,0.0,1.0,1.0,18.45470955629454
6,0.0,1.0,2.0,2000.0
7,0.0,1.0,3.0,0.4757766148470075
8,0.0,2.0,0.0,0.7663800546363901
9,0.0,2.0,1.0,1933.090842604285
10,0.0,2.0,2.0,2000.0
11,0.0,2.0,3.0,0.44999344040289013
