,round,tube,sp,pop_0,final_pop,st_div_H,auc,fc
0,0.0,0.0,0.0,6.0,114.0,0.45056120886630463,9906.0,18.99996833338611
1,0.0,1.0,0.0,6.0,127.0,0.6736450303113333,7392.0,21.166631388947685
2,0.0,2.0,0.0,6.0,101.0,0.6669894666249041,7584.0,16.83330527782454
