,round,tube,sp_div_H,tot_pop_0,tot_final_pop,tot_auc,mean_fc,deg_score,nut_score
0,0.0,0.0,-0.0,8.0,323.0,29879.0,40.374949531313085,0.12894011755036172,0.2928932156229348
1,0.0,1.0,-0.0,8.0,333.0,29907.0,41.62494796881504,0.12240575548755306,0.2928932128974193
2,0.0,2.0,-0.0,8.0,295.0,29308.0,36.87495390630762,0.12443587168751202,0.29289319084872445
