,round,tube,sp,pop_0,final_pop,st_div_H,auc,fc
0,0.0,0.0,7.0,10.0,460.0,0.9930448910049631,44776.0,45.999954000046
1,0.0,1.0,7.0,10.0,441.0,1.2164909917480775,49455.0,44.0999559000441
2,0.0,2.0,7.0,10.0,459.0,1.0431192092982344,46520.0,45.8999541000459
