,round,tube,sp_div_H,tot_pop_0,tot_final_pop,tot_auc,mean_fc,deg_score,nut_score
0,0.0,0.0,-0.0,29.0,565.0,67607.0,19.482751902499345,0.1336845740169773,0.2928932063263351
1,0.0,1.0,-0.0,29.0,529.0,64723.0,18.2413730202162,0.1343086119155309,0.2928932092263762
2,0.0,2.0,-0.0,29.0,539.0,66109.0,18.586200487517072,0.1353038546335451,0.29289321713186145
