,round,tube,sp,pop_0,final_pop,st_div_H,auc,fc
0,0.0,0.0,1.0,43.0,814.0,0.9953352054740989,88881.0,18.930228155760894
1,0.0,1.0,1.0,43.0,801.0,1.3068661023074035,87824.0,18.627902644673803
2,0.0,2.0,1.0,43.0,821.0,1.1605369071589733,88659.0,19.093018815577018
