,round,tube,sp,pop_0,final_pop,st_div_H,auc,fc
0,0.0,0.0,2.0,12.0,5.0,-0.0,473.0,0.4166663194447338
1,0.0,1.0,2.0,12.0,7.0,-0.0,523.0,0.5833328472226273
2,0.0,2.0,2.0,12.0,9.0,-0.0,921.0,0.7499993750005208
