,round,tube,nut,amount
0,0.0,0.0,0.0,0.23095038733729367
1,0.0,0.0,1.0,130.9850074061984
2,0.0,0.0,2.0,2000.0
3,0.0,0.0,3.0,0.38727271339389246
4,0.0,1.0,0.0,0.34837911087005136
5,0.0,1.0,1.0,0.45897134723081867
6,0.0,1.0,2.0,2000.0
7,0.0,1.0,3.0,0.27870815086416645
8,0.0,2.0,0.0,0.25950560233064524
9,0.0,2.0,1.0,131.05276547982223
10,0.0,2.0,2.0,2000.0
11,0.0,2.0,3.0,0.4597653937272064
