,round,tube,nut,amount
0,0.0,0.0,0.0,51.52246239239745
1,0.0,0.0,1.0,2000.0
2,0.0,0.0,2.0,2000.0
3,0.0,0.0,3.0,0.44584681510447455
4,0.0,1.0,0.0,55.193562294687645
5,0.0,1.0,1.0,2000.0
6,0.0,1.0,2.0,2000.0
7,0.0,1.0,3.0,0.4458468151053403
8,0.0,2.0,0.0,35.36962282231869
9,0.0,2.0,1.0,2000.0
10,0.0,2.0,2.0,2000.0
11,0.0,2.0,3.0,0.44584681510441837
