,round,tube,sp,pop_0,final_pop,st_div_H,auc,fc
0,0.0,0.0,1.0,10.0,471.0,-0.0,26519.0,47.0999529000471
1,0.0,1.0,1.0,10.0,438.0,-0.0,29513.0,43.7999562000438
2,0.0,2.0,1.0,10.0,471.0,-0.0,29101.0,47.0999529000471
