,round,tube,sp,pop_0,final_pop,st_div_H,auc,fc
0,0.0,0.0,12.0,17.0,138.0,-0.0,29549.0,8.117642283739833
1,0.0,1.0,12.0,17.0,149.0,-0.0,28844.0,8.764700726646632
2,0.0,2.0,12.0,17.0,167.0,-0.0,33317.0,9.823523633221393
