,round,tube,sp_div_H,tot_pop_0,tot_final_pop,tot_auc,mean_fc,deg_score,nut_score
0,0.0,0.0,-0.0,13.0,79.0,10076.0,6.07691840237046,0.17988130960157567,0.13397456817326092
1,0.0,1.0,-0.0,13.0,89.0,9491.0,6.846148579885708,0.17754630228650614,0.133974562738143
2,0.0,2.0,-0.0,13.0,63.0,8819.0,4.846150118346063,0.176354491038335,0.1339745951722714
