,round,tube,sp_div_H,tot_pop_0,tot_final_pop,tot_auc,mean_fc,deg_score,nut_score
0,0.0,0.0,-0.0,13.0,103.0,18552.0,7.923070828407055,0.09871611196028474,0.1339745611458606
1,0.0,1.0,-0.0,13.0,88.0,17231.0,6.769225562134183,0.1008086059415737,0.13397456480832792
2,0.0,2.0,-0.0,13.0,87.0,17369.0,6.692302544382659,0.09709020699059068,0.13397458900871118
